order_id,customer_id,kategori,kota,metode_pembayaran,pendapatan
O0,17,Makanan,Solo,COD,196650
O1,18,Kesehatan,Magelang,E-Wallet,283512
O2,14,Elektronik,Semarang,COD,108835
O3,13,Kesehatan,Purworejo,Kartu Kredit,390604
O4,2,Fashion,Purworejo,E-Wallet,427224
O5,8,Elektronik,Magelang,Transfer Bank,390878
O6,19,Fashion,Magelang,Kartu Kredit,181060
O7,14,Fashion,Solo,COD,436848
O8,17,Fashion,Semarang,COD,409439
O9,1,Elektronik,Magelang,Transfer Bank,252580
O10,14,Kesehatan,Solo,Kartu Kredit,200631
O11,13,Makanan,Magelang,Transfer Bank,384907
O12,5,Fashion,Purworejo,E-Wallet,258132
O13,3,Kesehatan,Semarang,Transfer Bank,393249
O14,13,Kesehatan,Yogyakarta,COD,179775
O15,2,Rumah Tangga,Yogyakarta,Kartu Kredit,458191
O16,11,Elektronik,Yogyakarta,Transfer Bank,297070
O17,6,Rumah Tangga,Purworejo,Transfer Bank,398881
O18,8,Fashion,Magelang,E-Wallet,251970
O19,18,Fashion,Yogyakarta,COD,122990
O20,18,Rumah Tangga,Purworejo,Transfer Bank,76025
O21,4,Fashion,Magelang,Kartu Kredit,219228
O22,7,Fashion,Magelang,Kartu Kredit,341840
O23,12,Kesehatan,Yogyakarta,Kartu Kredit,416392
O24,19,Rumah Tangga,Semarang,Kartu Kredit,305277
O25,19,Elektronik,Yogyakarta,E-Wallet,400506
O26,1,Elektronik,Semarang,COD,271040
O27,16,Rumah Tangga,Magelang,Kartu Kredit,112809
O28,1,Fashion,Yogyakarta,COD,376067
O29,7,Kesehatan,Yogyakarta,E-Wallet,392429
O30,12,Makanan,Semarang,E-Wallet,97796
O31,11,Makanan,Semarang,Kartu Kredit,168353
O32,13,Kesehatan,Semarang,E-Wallet,328433
O33,15,Elektronik,Semarang,Kartu Kredit,278213
O34,8,Makanan,Purworejo,E-Wallet,402154
O35,16,Makanan,Yogyakarta,Kartu Kredit,214900
O36,1,Kesehatan,Purworejo,E-Wallet,397521
O37,9,Makanan,Magelang,E-Wallet,240688
O38,17,Makanan,Semarang,E-Wallet,219393
O39,6,Kesehatan,Semarang,E-Wallet,135244
O40,8,Rumah Tangga,Semarang,E-Wallet,489380
O41,19,Rumah Tangga,Solo,Kartu Kredit,145383
O42,4,Elektronik,Magelang,E-Wallet,70434
O43,2,Elektronik,Yogyakarta,COD,326604
O44,17,Makanan,Yogyakarta,E-Wallet,475950
O45,4,Fashion,Semarang,COD,385663
O46,9,Kesehatan,Purworejo,Kartu Kredit,364471
O47,18,Rumah Tangga,Yogyakarta,COD,177552
O48,5,Makanan,Magelang,E-Wallet,183907
O49,9,Makanan,Yogyakarta,Kartu Kredit,50151
O50,19,Makanan,Magelang,Transfer Bank,269468
O51,1,Kesehatan,Semarang,COD,275499
O52,15,Elektronik,Yogyakarta,Transfer Bank,97957
O53,20,Elektronik,Yogyakarta,E-Wallet,374080
O54,7,Kesehatan,Solo,Transfer Bank,300743
O55,18,Elektronik,Semarang,E-Wallet,343376
O56,12,Rumah Tangga,Semarang,COD,151884
O57,19,Rumah Tangga,Purworejo,COD,479200
O58,17,Elektronik,Magelang,Transfer Bank,424859
O59,11,Makanan,Magelang,E-Wallet,288455
O60,16,Makanan,Yogyakarta,E-Wallet,454875
O61,15,Fashion,Yogyakarta,COD,439610
O62,1,Fashion,Purworejo,Kartu Kredit,131764
O63,13,Fashion,Semarang,COD,328564
O64,9,Rumah Tangga,Magelang,Transfer Bank,286261
O65,9,Kesehatan,Yogyakarta,Transfer Bank,66427
O66,5,Kesehatan,Purworejo,COD,61407
O67,2,Kesehatan,Magelang,E-Wallet,305813
O68,2,Makanan,Semarang,Transfer Bank,421528
O69,10,Elektronik,Yogyakarta,Kartu Kredit,289700
O70,12,Fashion,Magelang,COD,148894
O71,3,Kesehatan,Semarang,COD,257737
O72,9,Fashion,Solo,COD,260375
O73,20,Kesehatan,Magelang,E-Wallet,156277
O74,1,Fashion,Yogyakarta,Transfer Bank,233207
O75,19,Fashion,Yogyakarta,E-Wallet,193445
O76,19,Rumah Tangga,Solo,COD,413485
O77,14,Makanan,Semarang,Kartu Kredit,253406
O78,9,Kesehatan,Solo,Kartu Kredit,224782
O79,7,Rumah Tangga,Solo,Transfer Bank,208272
O80,8,Makanan,Semarang,Transfer Bank,281687
O81,3,Elektronik,Purworejo,E-Wallet,421222
O82,5,Fashion,Magelang,E-Wallet,120216
O83,5,Fashion,Purworejo,Kartu Kredit,192494
O84,14,Makanan,Solo,COD,65828
O85,2,Rumah Tangga,Yogyakarta,COD,153282
O86,11,Elektronik,Purworejo,COD,200438
O87,18,Rumah Tangga,Solo,COD,292636
O88,16,Makanan,Magelang,Kartu Kredit,295472
O89,18,Makanan,Solo,Transfer Bank,93758
O90,5,Fashion,Yogyakarta,E-Wallet,84575
O91,11,Rumah Tangga,Yogyakarta,COD,159450
O92,15,Fashion,Purworejo,Kartu Kredit,77623
O93,8,Elektronik,Semarang,Transfer Bank,204556
O94,4,Elektronik,Yogyakarta,Transfer Bank,351551
O95,4,Kesehatan,Solo,Kartu Kredit,441316
O96,4,Fashion,Semarang,E-Wallet,155693
O97,18,Kesehatan,Solo,E-Wallet,330179
O98,7,Makanan,Semarang,E-Wallet,259586
O99,9,Makanan,Semarang,E-Wallet,145760
O100,18,Kesehatan,Magelang,Kartu Kredit,139279
O101,2,Fashion,Yogyakarta,E-Wallet,294691
O102,8,Elektronik,Semarang,E-Wallet,411560
O103,5,Kesehatan,Purworejo,COD,377694
O104,9,Rumah Tangga,Purworejo,Kartu Kredit,123337
O105,6,Fashion,Semarang,E-Wallet,97260
O106,6,Kesehatan,Purworejo,Transfer Bank,350601
O107,19,Rumah Tangga,Solo,Transfer Bank,466961
O108,16,Elektronik,Purworejo,E-Wallet,421613
O109,11,Makanan,Semarang,Transfer Bank,415755
O110,1,Elektronik,Solo,Kartu Kredit,152927
O111,18,Rumah Tangga,Yogyakarta,COD,209943
O112,17,Elektronik,Solo,E-Wallet,308381
O113,12,Rumah Tangga,Solo,Transfer Bank,401686
O114,13,Makanan,Magelang,E-Wallet,466128
O115,5,Makanan,Yogyakarta,Kartu Kredit,133123
O116,3,Kesehatan,Solo,Kartu Kredit,186197
O117,5,Elektronik,Purworejo,Transfer Bank,215751
O118,13,Kesehatan,Yogyakarta,E-Wallet,302415
O119,3,Elektronik,Yogyakarta,COD,205267
O120,18,Kesehatan,Solo,Kartu Kredit,460808
O121,18,Makanan,Solo,Kartu Kredit,443018
O122,13,Fashion,Purworejo,E-Wallet,96822
O123,2,Kesehatan,Purworejo,COD,84040
O124,20,Makanan,Purworejo,Kartu Kredit,366241
O125,4,Rumah Tangga,Purworejo,E-Wallet,358829
O126,15,Kesehatan,Yogyakarta,E-Wallet,287338
O127,3,Fashion,Semarang,Transfer Bank,97945
O128,20,Kesehatan,Yogyakarta,E-Wallet,378205
O129,20,Elektronik,Solo,E-Wallet,113195
O130,19,Rumah Tangga,Yogyakarta,COD,386952
O131,17,Elektronik,Yogyakarta,Transfer Bank,152898
O132,12,Fashion,Purworejo,Kartu Kredit,255478
O133,19,Elektronik,Magelang,E-Wallet,300713
O134,20,Fashion,Semarang,E-Wallet,219219
O135,16,Makanan,Magelang,E-Wallet,293084
O136,1,Elektronik,Semarang,COD,158967
O137,12,Elektronik,Magelang,E-Wallet,421797
O138,20,Elektronik,Yogyakarta,E-Wallet,236606
O139,19,Kesehatan,Purworejo,E-Wallet,216483
O140,10,Kesehatan,Semarang,COD,170546
O141,8,Elektronik,Magelang,E-Wallet,409794
O142,14,Fashion,Purworejo,COD,85128
O143,3,Makanan,Yogyakarta,Transfer Bank,194630
O144,13,Kesehatan,Solo,Transfer Bank,432916
O145,14,Elektronik,Purworejo,E-Wallet,163502
O146,19,Elektronik,Magelang,E-Wallet,357046
O147,11,Makanan,Purworejo,COD,296709
O148,11,Rumah Tangga,Solo,Kartu Kredit,492214
O149,18,Rumah Tangga,Magelang,Kartu Kredit,412875
O150,18,Makanan,Purworejo,Transfer Bank,389904
O151,13,Makanan,Purworejo,E-Wallet,240803
O152,12,Kesehatan,Magelang,E-Wallet,378960
O153,12,Fashion,Magelang,E-Wallet,56538
O154,18,Elektronik,Magelang,E-Wallet,196270
O155,18,Makanan,Yogyakarta,Kartu Kredit,289793
O156,7,Makanan,Solo,Transfer Bank,212436
O157,19,Makanan,Solo,Kartu Kredit,283957
O158,2,Rumah Tangga,Purworejo,Kartu Kredit,360347
O159,7,Elektronik,Purworejo,COD,169422
O160,10,Kesehatan,Yogyakarta,COD,404990
O161,19,Fashion,Semarang,Transfer Bank,316311
O162,15,Makanan,Magelang,E-Wallet,431458
O163,16,Fashion,Magelang,E-Wallet,214761
O164,16,Makanan,Purworejo,Transfer Bank,54476
O165,4,Kesehatan,Yogyakarta,Transfer Bank,221490
O166,5,Rumah Tangga,Solo,Transfer Bank,116650
O167,6,Kesehatan,Purworejo,COD,470672
O168,20,Kesehatan,Magelang,Kartu Kredit,398407
O169,2,Makanan,Semarang,Transfer Bank,280095
O170,11,Rumah Tangga,Purworejo,Kartu Kredit,332157
O171,13,Kesehatan,Semarang,COD,202087
O172,3,Kesehatan,Semarang,Kartu Kredit,380211
O173,1,Fashion,Magelang,COD,262022
O174,8,Fashion,Purworejo,E-Wallet,318714
O175,2,Elektronik,Magelang,COD,493296
O176,17,Elektronik,Purworejo,E-Wallet,329806
O177,17,Fashion,Solo,E-Wallet,487120
O178,15,Rumah Tangga,Yogyakarta,COD,424910
O179,18,Rumah Tangga,Solo,Transfer Bank,401028
O180,3,Rumah Tangga,Solo,E-Wallet,261609
O181,3,Kesehatan,Semarang,Kartu Kredit,64639
O182,4,Kesehatan,Semarang,Transfer Bank,331893
O183,2,Fashion,Semarang,COD,342894
O184,12,Kesehatan,Magelang,E-Wallet,158032
O185,11,Fashion,Solo,Kartu Kredit,213978
O186,12,Fashion,Magelang,Transfer Bank,252499
O187,17,Elektronik,Solo,E-Wallet,397130
O188,1,Makanan,Yogyakarta,Kartu Kredit,317161
O189,2,Rumah Tangga,Semarang,Kartu Kredit,185730
O190,12,Makanan,Semarang,Transfer Bank,295969
O191,8,Elektronik,Purworejo,COD,177245
O192,20,Makanan,Purworejo,E-Wallet,365894
O193,14,Rumah Tangga,Semarang,E-Wallet,457058
O194,15,Rumah Tangga,Solo,Transfer Bank,55090
O195,1,Kesehatan,Semarang,Transfer Bank,478817
O196,2,Kesehatan,Yogyakarta,Kartu Kredit,125328
O197,10,Fashion,Purworejo,COD,414764
O198,7,Rumah Tangga,Magelang,E-Wallet,431865
O199,8,Makanan,Magelang,COD,174747
O200,8,Fashion,Purworejo,Transfer Bank,492304
O201,6,Makanan,Magelang,Transfer Bank,444635
O202,17,Kesehatan,Semarang,Transfer Bank,428415
O203,10,Kesehatan,Yogyakarta,E-Wallet,460808
O204,4,Makanan,Solo,E-Wallet,483703
O205,14,Kesehatan,Semarang,Transfer Bank,329463
O206,15,Makanan,Purworejo,E-Wallet,147329
O207,2,Fashion,Semarang,Transfer Bank,118635
O208,5,Rumah Tangga,Magelang,COD,158008
O209,20,Elektronik,Magelang,E-Wallet,337106
O210,12,Rumah Tangga,Solo,Kartu Kredit,111608
O211,12,Kesehatan,Semarang,Kartu Kredit,93038
O212,12,Fashion,Yogyakarta,COD,450038
O213,17,Fashion,Semarang,E-Wallet,375181
O214,4,Fashion,Purworejo,Kartu Kredit,464231
O215,15,Elektronik,Yogyakarta,E-Wallet,130707
O216,17,Makanan,Solo,Transfer Bank,364701
O217,4,Makanan,Purworejo,Transfer Bank,363851
O218,10,Kesehatan,Solo,Kartu Kredit,271622
O219,2,Fashion,Yogyakarta,Transfer Bank,437446
O220,4,Makanan,Purworejo,E-Wallet,162996
O221,6,Rumah Tangga,Semarang,Transfer Bank,359984
O222,16,Kesehatan,Purworejo,Transfer Bank,140887
O223,2,Makanan,Semarang,Kartu Kredit,426657
O224,15,Kesehatan,Semarang,E-Wallet,86116
O225,13,Fashion,Yogyakarta,COD,59771
O226,3,Kesehatan,Solo,E-Wallet,132921
O227,5,Fashion,Magelang,Transfer Bank,366889
O228,14,Makanan,Magelang,Kartu Kredit,299211
O229,13,Makanan,Semarang,COD,319393
O230,17,Makanan,Semarang,Kartu Kredit,484093
O231,16,Kesehatan,Semarang,COD,206154
O232,2,Fashion,Purworejo,Transfer Bank,337738
O233,18,Fashion,Semarang,E-Wallet,75752
O234,6,Rumah Tangga,Purworejo,COD,316480
O235,4,Kesehatan,Yogyakarta,E-Wallet,274615
O236,12,Elektronik,Purworejo,Transfer Bank,130992
O237,9,Rumah Tangga,Magelang,COD,332136
O238,10,Rumah Tangga,Semarang,COD,406312
O239,11,Makanan,Purworejo,E-Wallet,239209
O240,15,Rumah Tangga,Magelang,E-Wallet,488291
O241,5,Fashion,Purworejo,Transfer Bank,186924
O242,19,Makanan,Purworejo,E-Wallet,418030
O243,7,Fashion,Semarang,COD,203474
O244,12,Elektronik,Yogyakarta,COD,336594
O245,1,Rumah Tangga,Solo,E-Wallet,446090
O246,4,Elektronik,Semarang,E-Wallet,393108
O247,15,Elektronik,Magelang,COD,177054
O248,6,Fashion,Solo,Transfer Bank,328284
O249,20,Rumah Tangga,Purworejo,Transfer Bank,457696
O250,12,Makanan,Solo,E-Wallet,308486
O251,18,Elektronik,Yogyakarta,COD,351964
O252,14,Rumah Tangga,Magelang,Transfer Bank,110348
O253,5,Makanan,Semarang,Transfer Bank,375791
O254,3,Makanan,Solo,Transfer Bank,448768
O255,7,Makanan,Semarang,Kartu Kredit,237533
O256,9,Fashion,Magelang,Kartu Kredit,179065
O257,17,Rumah Tangga,Semarang,COD,474768
O258,14,Elektronik,Semarang,Kartu Kredit,145873
O259,18,Rumah Tangga,Purworejo,Kartu Kredit,309528
O260,8,Rumah Tangga,Semarang,E-Wallet,161913
O261,10,Rumah Tangga,Semarang,COD,457531
O262,5,Elektronik,Yogyakarta,Transfer Bank,212689
O263,10,Kesehatan,Yogyakarta,E-Wallet,148241
O264,3,Fashion,Solo,E-Wallet,125606
O265,20,Rumah Tangga,Purworejo,COD,344410
O266,9,Rumah Tangga,Magelang,COD,262856
O267,8,Elektronik,Yogyakarta,Kartu Kredit,92703
O268,12,Makanan,Purworejo,E-Wallet,216258
O269,16,Kesehatan,Purworejo,COD,70203
O270,3,Elektronik,Semarang,Transfer Bank,390116
O271,8,Kesehatan,Solo,Transfer Bank,361051
O272,3,Makanan,Semarang,COD,96431
O273,7,Kesehatan,Semarang,Transfer Bank,124653
O274,19,Fashion,Yogyakarta,E-Wallet,151509
O275,7,Elektronik,Magelang,Transfer Bank,345983
O276,12,Elektronik,Semarang,E-Wallet,436200
O277,2,Fashion,Magelang,Transfer Bank,428787
O278,3,Makanan,Semarang,Transfer Bank,61966
O279,3,Makanan,Magelang,Kartu Kredit,414837
O280,11,Fashion,Semarang,COD,311146
O281,2,Elektronik,Solo,Kartu Kredit,83711
O282,5,Elektronik,Yogyakarta,E-Wallet,376528
O283,7,Elektronik,Magelang,COD,390781
O284,19,Kesehatan,Purworejo,Transfer Bank,155384
O285,14,Rumah Tangga,Solo,Kartu Kredit,393114
O286,7,Elektronik,Semarang,E-Wallet,395936
O287,17,Elektronik,Purworejo,Transfer Bank,379914
O288,1,Kesehatan,Magelang,Transfer Bank,381738
O289,16,Kesehatan,Yogyakarta,COD,237140
O290,11,Fashion,Magelang,E-Wallet,60226
O291,13,Kesehatan,Solo,Kartu Kredit,482283
O292,13,Elektronik,Purworejo,COD,336967
O293,8,Elektronik,Yogyakarta,COD,165601
O294,5,Fashion,Solo,COD,275859
O295,3,Makanan,Semarang,Transfer Bank,492717
O296,12,Fashion,Semarang,COD,206875
O297,20,Fashion,Semarang,COD,448833
O298,17,Makanan,Solo,E-Wallet,85777
O299,20,Fashion,Magelang,E-Wallet,103302
O300,18,Kesehatan,Yogyakarta,Kartu Kredit,317322
O301,13,Rumah Tangga,Yogyakarta,Transfer Bank,156408
O302,18,Rumah Tangga,Yogyakarta,E-Wallet,64114
O303,1,Elektronik,Purworejo,Kartu Kredit,191658
O304,16,Makanan,Semarang,Kartu Kredit,288247
O305,19,Makanan,Yogyakarta,Transfer Bank,410732
O306,17,Rumah Tangga,Magelang,Kartu Kredit,366769
O307,20,Rumah Tangga,Solo,Kartu Kredit,386832
O308,2,Rumah Tangga,Magelang,Kartu Kredit,421584
O309,5,Elektronik,Purworejo,Kartu Kredit,136524
O310,7,Elektronik,Yogyakarta,Transfer Bank,392492
O311,2,Kesehatan,Purworejo,Kartu Kredit,329693
O312,14,Rumah Tangga,Solo,E-Wallet,486426
O313,12,Fashion,Solo,Transfer Bank,383529
O314,16,Fashion,Semarang,Kartu Kredit,383916
O315,19,Kesehatan,Purworejo,COD,124000
O316,17,Makanan,Magelang,E-Wallet,438778
O317,10,Elektronik,Semarang,Transfer Bank,270607
O318,5,Kesehatan,Yogyakarta,E-Wallet,340833
O319,6,Makanan,Magelang,Kartu Kredit,306145
O320,10,Fashion,Solo,COD,119732
O321,7,Elektronik,Solo,Transfer Bank,492489
O322,6,Rumah Tangga,Magelang,Kartu Kredit,489822
O323,15,Kesehatan,Solo,COD,479895
O324,18,Makanan,Semarang,E-Wallet,102383
O325,18,Fashion,Purworejo,Transfer Bank,248091
O326,20,Makanan,Magelang,E-Wallet,214886
O327,15,Rumah Tangga,Semarang,E-Wallet,413809
O328,13,Rumah Tangga,Yogyakarta,COD,105180
O329,18,Rumah Tangga,Yogyakarta,COD,337852
O330,8,Elektronik,Magelang,Transfer Bank,368869
O331,13,Elektronik,Solo,COD,475113
O332,12,Rumah Tangga,Purworejo,COD,473392
O333,8,Makanan,Solo,Transfer Bank,347892
O334,9,Elektronik,Purworejo,COD,439317
O335,6,Elektronik,Purworejo,E-Wallet,278654
O336,6,Elektronik,Magelang,COD,390498
O337,6,Elektronik,Purworejo,Transfer Bank,323150
O338,12,Fashion,Semarang,Transfer Bank,170807
O339,11,Rumah Tangga,Yogyakarta,Transfer Bank,111691
O340,6,Makanan,Purworejo,Kartu Kredit,449006
O341,1,Makanan,Magelang,E-Wallet,434347
O342,1,Elektronik,Purworejo,Transfer Bank,230206
O343,16,Fashion,Semarang,Kartu Kredit,455652
O344,18,Elektronik,Semarang,Kartu Kredit,103533
O345,11,Fashion,Solo,E-Wallet,338264
O346,14,Fashion,Purworejo,E-Wallet,342321
O347,11,Kesehatan,Semarang,Transfer Bank,493701
O348,9,Makanan,Purworejo,Kartu Kredit,323168
O349,3,Makanan,Semarang,Kartu Kredit,457008
O350,17,Kesehatan,Yogyakarta,Kartu Kredit,105327
O351,14,Fashion,Purworejo,Kartu Kredit,148925
O352,8,Kesehatan,Semarang,Kartu Kredit,68482
O353,15,Kesehatan,Yogyakarta,Transfer Bank,470435
O354,9,Kesehatan,Magelang,E-Wallet,376271
O355,3,Fashion,Semarang,Transfer Bank,191410
O356,6,Rumah Tangga,Yogyakarta,Transfer Bank,316994
O357,20,Kesehatan,Magelang,E-Wallet,257657
O358,5,Kesehatan,Purworejo,Transfer Bank,350975
O359,8,Kesehatan,Magelang,Transfer Bank,143387
O360,17,Makanan,Semarang,E-Wallet,314700
O361,3,Makanan,Solo,E-Wallet,64695
O362,13,Rumah Tangga,Magelang,COD,419696
O363,6,Kesehatan,Magelang,Kartu Kredit,366156
O364,14,Makanan,Solo,Transfer Bank,454777
O365,6,Fashion,Yogyakarta,E-Wallet,150416
O366,9,Makanan,Magelang,E-Wallet,454242
O367,10,Kesehatan,Solo,E-Wallet,72070
O368,11,Fashion,Purworejo,COD,296669
O369,16,Fashion,Magelang,Transfer Bank,71200
O370,2,Makanan,Purworejo,E-Wallet,487215
O371,15,Makanan,Purworejo,COD,282136
O372,6,Rumah Tangga,Semarang,Kartu Kredit,469733
O373,12,Rumah Tangga,Semarang,Transfer Bank,442774
O374,6,Makanan,Solo,Transfer Bank,205939
O375,14,Fashion,Purworejo,Transfer Bank,83220
O376,19,Makanan,Purworejo,Kartu Kredit,425477
O377,11,Fashion,Magelang,E-Wallet,268149
O378,13,Makanan,Magelang,E-Wallet,325646
O379,7,Rumah Tangga,Semarang,COD,326845
O380,14,Makanan,Solo,Kartu Kredit,311825
O381,13,Fashion,Purworejo,Kartu Kredit,336149
O382,4,Kesehatan,Semarang,Kartu Kredit,335905
O383,11,Rumah Tangga,Magelang,Transfer Bank,310811
O384,15,Kesehatan,Solo,Kartu Kredit,329883
O385,8,Makanan,Semarang,COD,141706
O386,18,Fashion,Magelang,Transfer Bank,168626
O387,20,Fashion,Magelang,Transfer Bank,117694
O388,5,Makanan,Magelang,Kartu Kredit,175995
O389,17,Kesehatan,Magelang,Transfer Bank,99930
O390,9,Makanan,Magelang,E-Wallet,77401
O391,6,Makanan,Semarang,COD,205490
O392,3,Fashion,Solo,Transfer Bank,428937
O393,17,Rumah Tangga,Purworejo,Kartu Kredit,164419
O394,5,Rumah Tangga,Magelang,COD,463467
O395,7,Elektronik,Purworejo,Transfer Bank,346603
O396,13,Elektronik,Purworejo,Kartu Kredit,365091
O397,19,Makanan,Magelang,Kartu Kredit,288679
O398,5,Fashion,Yogyakarta,COD,203741
O399,4,Kesehatan,Purworejo,COD,411861
O400,3,Elektronik,Yogyakarta,COD,414511
O401,19,Kesehatan,Purworejo,Kartu Kredit,313613
O402,5,Makanan,Magelang,Transfer Bank,470904
O403,7,Elektronik,Yogyakarta,COD,119902
O404,14,Fashion,Solo,Kartu Kredit,330754
O405,2,Kesehatan,Semarang,Kartu Kredit,403393
O406,4,Rumah Tangga,Semarang,Kartu Kredit,309161
O407,8,Makanan,Solo,Transfer Bank,71324
O408,18,Rumah Tangga,Purworejo,COD,96726
O409,17,Kesehatan,Magelang,COD,356322
O410,1,Kesehatan,Semarang,E-Wallet,104674
O411,1,Kesehatan,Solo,COD,148136
O412,20,Fashion,Yogyakarta,Kartu Kredit,227111
O413,9,Fashion,Yogyakarta,E-Wallet,146356
O414,11,Rumah Tangga,Magelang,Transfer Bank,357269
O415,3,Kesehatan,Magelang,COD,153176
O416,2,Kesehatan,Semarang,COD,150191
O417,7,Kesehatan,Solo,E-Wallet,338545
O418,8,Makanan,Purworejo,Kartu Kredit,249982
O419,15,Rumah Tangga,Solo,E-Wallet,494760
O420,17,Fashion,Semarang,Transfer Bank,427117
O421,16,Rumah Tangga,Semarang,Transfer Bank,118716
O422,4,Rumah Tangga,Solo,E-Wallet,308165
O423,14,Kesehatan,Magelang,Kartu Kredit,310536
O424,4,Rumah Tangga,Semarang,Kartu Kredit,379152
O425,8,Elektronik,Solo,COD,370154
O426,20,Makanan,Purworejo,Kartu Kredit,161225
O427,6,Kesehatan,Purworejo,Transfer Bank,369573
O428,7,Fashion,Solo,E-Wallet,418080
O429,4,Fashion,Purworejo,Kartu Kredit,427531
O430,15,Elektronik,Solo,E-Wallet,430310
O431,5,Fashion,Purworejo,Kartu Kredit,198897
O432,15,Elektronik,Semarang,E-Wallet,185812
O433,7,Makanan,Magelang,Kartu Kredit,355489
O434,5,Rumah Tangga,Solo,E-Wallet,490373
O435,5,Kesehatan,Magelang,Transfer Bank,137038
O436,5,Makanan,Purworejo,COD,462071
O437,10,Rumah Tangga,Purworejo,COD,95267
O438,12,Rumah Tangga,Magelang,Transfer Bank,172686
O439,7,Kesehatan,Solo,Transfer Bank,329733
O440,12,Makanan,Purworejo,Kartu Kredit,361345
O441,19,Fashion,Solo,Kartu Kredit,291596
O442,1,Kesehatan,Purworejo,E-Wallet,351528
O443,3,Fashion,Magelang,Transfer Bank,136255
O444,3,Elektronik,Purworejo,COD,227163
O445,12,Kesehatan,Purworejo,E-Wallet,440678
O446,17,Makanan,Semarang,Kartu Kredit,84339
O447,16,Rumah Tangga,Yogyakarta,Transfer Bank,488849
O448,14,Kesehatan,Semarang,COD,172236
O449,15,Fashion,Yogyakarta,Transfer Bank,165536
O450,13,Makanan,Solo,Transfer Bank,339252
O451,16,Makanan,Magelang,Transfer Bank,296377
O452,9,Elektronik,Yogyakarta,Transfer Bank,117019
O453,8,Makanan,Semarang,Kartu Kredit,343413
O454,17,Kesehatan,Purworejo,E-Wallet,201094
O455,19,Makanan,Purworejo,COD,73118
O456,13,Elektronik,Magelang,COD,381225
O457,7,Makanan,Purworejo,E-Wallet,126126
O458,9,Fashion,Purworejo,E-Wallet,121691
O459,9,Kesehatan,Yogyakarta,COD,439158
O460,11,Fashion,Solo,Kartu Kredit,399434
O461,2,Kesehatan,Magelang,Transfer Bank,186635
O462,20,Makanan,Solo,E-Wallet,162019
O463,2,Fashion,Yogyakarta,Kartu Kredit,199208
O464,14,Fashion,Magelang,Transfer Bank,112850
O465,15,Fashion,Semarang,E-Wallet,387413
O466,13,Rumah Tangga,Magelang,E-Wallet,488795
O467,10,Fashion,Semarang,E-Wallet,134173
O468,3,Kesehatan,Semarang,E-Wallet,484618
O469,16,Rumah Tangga,Solo,E-Wallet,337736
O470,14,Elektronik,Magelang,E-Wallet,151534
O471,4,Makanan,Semarang,Transfer Bank,285505
O472,7,Elektronik,Semarang,Kartu Kredit,109557
O473,9,Elektronik,Yogyakarta,Transfer Bank,133288
O474,20,Kesehatan,Yogyakarta,E-Wallet,417750
O475,8,Makanan,Solo,Transfer Bank,139607
O476,11,Elektronik,Yogyakarta,Transfer Bank,284262
O477,3,Fashion,Yogyakarta,E-Wallet,439927
O478,20,Rumah Tangga,Semarang,Kartu Kredit,229690
O479,1,Elektronik,Semarang,Kartu Kredit,376780
O480,16,Elektronik,Magelang,E-Wallet,142945
O481,11,Kesehatan,Yogyakarta,Kartu Kredit,271069
O482,7,Makanan,Magelang,Kartu Kredit,267752
O483,5,Makanan,Semarang,COD,173100
O484,2,Fashion,Purworejo,E-Wallet,340415
O485,11,Makanan,Semarang,Kartu Kredit,171096
O486,20,Elektronik,Magelang,E-Wallet,382686
O487,12,Fashion,Solo,Kartu Kredit,391560
O488,12,Rumah Tangga,Semarang,E-Wallet,293305
O489,6,Kesehatan,Yogyakarta,Kartu Kredit,419980
O490,11,Fashion,Solo,COD,320980
O491,3,Elektronik,Magelang,E-Wallet,284578
O492,14,Elektronik,Solo,Transfer Bank,67459
O493,8,Fashion,Semarang,Kartu Kredit,63890
O494,12,Elektronik,Purworejo,E-Wallet,213501
O495,20,Kesehatan,Solo,COD,54977
O496,16,Elektronik,Purworejo,COD,443175
O497,20,Makanan,Solo,Kartu Kredit,73783
O498,5,Kesehatan,Magelang,Transfer Bank,419327
O499,18,Fashion,Purworejo,E-Wallet,304070
O500,15,Rumah Tangga,Purworejo,E-Wallet,66753
O501,9,Kesehatan,Yogyakarta,COD,101967
O502,16,Kesehatan,Purworejo,COD,89120
O503,6,Rumah Tangga,Yogyakarta,Kartu Kredit,453521
O504,13,Elektronik,Purworejo,Kartu Kredit,214768
O505,4,Rumah Tangga,Purworejo,COD,90318
O506,17,Fashion,Purworejo,Transfer Bank,71556
O507,14,Elektronik,Yogyakarta,Kartu Kredit,90880
O508,12,Elektronik,Yogyakarta,COD,73312
O509,5,Fashion,Purworejo,COD,179723
O510,11,Rumah Tangga,Magelang,Kartu Kredit,321110
O511,1,Elektronik,Semarang,E-Wallet,469716
O512,19,Kesehatan,Yogyakarta,COD,465175
O513,14,Kesehatan,Purworejo,COD,90962
O514,13,Rumah Tangga,Solo,COD,395771
O515,10,Kesehatan,Semarang,Transfer Bank,121211
O516,9,Rumah Tangga,Magelang,Transfer Bank,309537
O517,12,Kesehatan,Purworejo,COD,374114
O518,12,Elektronik,Semarang,Kartu Kredit,304779
O519,12,Fashion,Magelang,E-Wallet,162380
O520,5,Elektronik,Magelang,Transfer Bank,276299
O521,13,Fashion,Magelang,Kartu Kredit,109545
O522,6,Rumah Tangga,Purworejo,Transfer Bank,104704
O523,11,Rumah Tangga,Solo,Transfer Bank,308917
O524,9,Makanan,Solo,Kartu Kredit,308834
O525,16,Kesehatan,Semarang,Kartu Kredit,305807
O526,4,Kesehatan,Purworejo,Transfer Bank,334566
O527,9,Kesehatan,Semarang,Transfer Bank,368719
O528,10,Makanan,Magelang,E-Wallet,181635
O529,8,Kesehatan,Semarang,Kartu Kredit,332099
O530,18,Makanan,Purworejo,Kartu Kredit,340042
O531,16,Elektronik,Yogyakarta,COD,454919
O532,1,Rumah Tangga,Semarang,E-Wallet,110196
O533,14,Rumah Tangga,Semarang,Kartu Kredit,224499
O534,18,Makanan,Solo,Transfer Bank,66916
O535,15,Rumah Tangga,Solo,Kartu Kredit,362286
O536,3,Makanan,Magelang,COD,455183
O537,13,Fashion,Purworejo,Transfer Bank,495260
O538,10,Rumah Tangga,Purworejo,E-Wallet,313042
O539,2,Elektronik,Solo,Transfer Bank,227522
O540,15,Makanan,Purworejo,COD,351299
O541,18,Kesehatan,Solo,E-Wallet,50121
O542,13,Fashion,Purworejo,COD,276235
O543,19,Fashion,Semarang,E-Wallet,204546
O544,5,Rumah Tangga,Purworejo,Kartu Kredit,257530
O545,2,Makanan,Yogyakarta,E-Wallet,314004
O546,4,Fashion,Yogyakarta,Transfer Bank,95557
O547,17,Fashion,Semarang,E-Wallet,253445
O548,2,Rumah Tangga,Magelang,Kartu Kredit,335181
O549,9,Elektronik,Semarang,Kartu Kredit,361595
O550,2,Rumah Tangga,Purworejo,Kartu Kredit,289384
O551,11,Kesehatan,Yogyakarta,COD,334623
O552,2,Elektronik,Solo,Kartu Kredit,482754
O553,15,Elektronik,Solo,Kartu Kredit,484470
O554,1,Elektronik,Yogyakarta,Kartu Kredit,329001
O555,1,Makanan,Solo,Kartu Kredit,141426
O556,13,Kesehatan,Semarang,Transfer Bank,447024
O557,8,Makanan,Purworejo,COD,110169
O558,4,Makanan,Semarang,Kartu Kredit,228996
O559,19,Makanan,Yogyakarta,Transfer Bank,365189
O560,17,Elektronik,Semarang,Kartu Kredit,122889
O561,15,Rumah Tangga,Semarang,E-Wallet,489675
O562,6,Fashion,Solo,COD,426143
O563,6,Elektronik,Yogyakarta,Transfer Bank,373962
O564,11,Elektronik,Yogyakarta,Transfer Bank,256430
O565,16,Fashion,Solo,Kartu Kredit,161034
O566,14,Makanan,Yogyakarta,Transfer Bank,409672
O567,11,Elektronik,Magelang,Transfer Bank,386483
O568,19,Makanan,Purworejo,E-Wallet,218544
O569,10,Kesehatan,Semarang,Transfer Bank,204024
O570,17,Fashion,Semarang,Kartu Kredit,332324
O571,11,Elektronik,Purworejo,Transfer Bank,104467
O572,9,Fashion,Purworejo,E-Wallet,474998
O573,11,Kesehatan,Purworejo,Kartu Kredit,108295
O574,8,Elektronik,Yogyakarta,Kartu Kredit,99706
O575,17,Makanan,Purworejo,Transfer Bank,416372
O576,17,Kesehatan,Purworejo,Kartu Kredit,484435
O577,15,Fashion,Purworejo,Kartu Kredit,63187
O578,18,Kesehatan,Purworejo,Transfer Bank,101578
O579,18,Makanan,Solo,Transfer Bank,168977
O580,16,Makanan,Yogyakarta,Transfer Bank,244241
O581,15,Kesehatan,Semarang,E-Wallet,443010
O582,16,Elektronik,Yogyakarta,COD,269341
O583,7,Makanan,Magelang,Kartu Kredit,225682
O584,7,Makanan,Yogyakarta,Transfer Bank,108039
O585,15,Fashion,Solo,COD,340322
O586,2,Kesehatan,Magelang,E-Wallet,380427
O587,8,Rumah Tangga,Magelang,E-Wallet,407120
O588,8,Makanan,Magelang,E-Wallet,433985
O589,10,Fashion,Semarang,E-Wallet,61957
O590,19,Elektronik,Magelang,E-Wallet,108370
O591,14,Kesehatan,Purworejo,Transfer Bank,184785
O592,13,Fashion,Magelang,Kartu Kredit,84746
O593,12,Elektronik,Solo,COD,130494
O594,2,Rumah Tangga,Yogyakarta,Kartu Kredit,336226
O595,12,Fashion,Yogyakarta,Transfer Bank,382433
O596,3,Fashion,Semarang,Kartu Kredit,465434
O597,15,Kesehatan,Magelang,Kartu Kredit,234450
O598,13,Kesehatan,Purworejo,E-Wallet,97560
O599,1,Rumah Tangga,Semarang,Kartu Kredit,179282
O600,13,Rumah Tangga,Yogyakarta,Kartu Kredit,199583
O601,4,Fashion,Magelang,Kartu Kredit,181355
O602,18,Kesehatan,Magelang,Transfer Bank,384473
O603,12,Fashion,Yogyakarta,E-Wallet,248429
O604,3,Elektronik,Magelang,Kartu Kredit,497337
O605,13,Makanan,Semarang,Kartu Kredit,389290
O606,11,Rumah Tangga,Magelang,E-Wallet,271053
O607,6,Elektronik,Semarang,COD,265159
O608,15,Rumah Tangga,Purworejo,Transfer Bank,495673
O609,10,Elektronik,Yogyakarta,Kartu Kredit,464838
O610,11,Fashion,Purworejo,Transfer Bank,182312
O611,1,Kesehatan,Magelang,Kartu Kredit,429188
O612,11,Fashion,Semarang,Transfer Bank,324288
O613,1,Rumah Tangga,Magelang,Kartu Kredit,110202
O614,2,Elektronik,Magelang,E-Wallet,69195
O615,7,Elektronik,Semarang,Kartu Kredit,287766
O616,8,Kesehatan,Purworejo,E-Wallet,112457
O617,1,Kesehatan,Semarang,E-Wallet,323069
O618,19,Fashion,Solo,COD,418272
O619,12,Makanan,Purworejo,Transfer Bank,422827
O620,9,Kesehatan,Solo,Kartu Kredit,117525
O621,14,Rumah Tangga,Semarang,Kartu Kredit,52504
O622,2,Rumah Tangga,Purworejo,E-Wallet,290834
O623,6,Makanan,Semarang,E-Wallet,202134
O624,4,Elektronik,Purworejo,E-Wallet,418791
O625,2,Kesehatan,Yogyakarta,Transfer Bank,245117
O626,10,Makanan,Purworejo,COD,413328
O627,9,Fashion,Solo,Transfer Bank,106688
O628,16,Fashion,Magelang,E-Wallet,74781
O629,14,Fashion,Solo,E-Wallet,246202
O630,12,Fashion,Solo,Kartu Kredit,85900
O631,8,Kesehatan,Solo,COD,236752
O632,17,Rumah Tangga,Magelang,E-Wallet,190545
O633,3,Rumah Tangga,Yogyakarta,COD,231921
O634,10,Fashion,Magelang,E-Wallet,268173
O635,12,Elektronik,Purworejo,Transfer Bank,473155
O636,15,Fashion,Magelang,Kartu Kredit,261280
O637,10,Fashion,Semarang,COD,389664
O638,20,Kesehatan,Yogyakarta,E-Wallet,121974
O639,1,Makanan,Magelang,Kartu Kredit,86404
O640,13,Fashion,Magelang,E-Wallet,299344
O641,15,Makanan,Magelang,E-Wallet,343899
O642,15,Makanan,Magelang,COD,87015
O643,8,Kesehatan,Purworejo,E-Wallet,109699
O644,15,Rumah Tangga,Solo,Transfer Bank,256088
O645,13,Rumah Tangga,Purworejo,Kartu Kredit,67583
O646,13,Elektronik,Magelang,E-Wallet,299040
O647,12,Makanan,Purworejo,COD,71234
O648,16,Kesehatan,Yogyakarta,COD,425129
O649,10,Rumah Tangga,Solo,Kartu Kredit,396378
O650,11,Elektronik,Purworejo,E-Wallet,60522
O651,9,Fashion,Solo,COD,202999
O652,2,Rumah Tangga,Semarang,E-Wallet,317296
O653,3,Elektronik,Yogyakarta,Kartu Kredit,270936
O654,1,Makanan,Magelang,E-Wallet,111170
O655,15,Fashion,Magelang,Kartu Kredit,241260
O656,4,Rumah Tangga,Solo,COD,326234
O657,10,Rumah Tangga,Yogyakarta,COD,498702
O658,8,Makanan,Semarang,Kartu Kredit,106721
O659,13,Kesehatan,Yogyakarta,COD,433313
O660,4,Rumah Tangga,Magelang,Kartu Kredit,483973
O661,15,Kesehatan,Magelang,Kartu Kredit,388609
O662,14,Fashion,Purworejo,E-Wallet,205207
O663,10,Elektronik,Purworejo,E-Wallet,486973
O664,18,Rumah Tangga,Semarang,COD,374220
O665,9,Fashion,Magelang,COD,255244
O666,1,Rumah Tangga,Magelang,Transfer Bank,92338
O667,14,Fashion,Semarang,E-Wallet,253489
O668,18,Fashion,Purworejo,COD,377154
O669,19,Fashion,Magelang,Kartu Kredit,369593
O670,8,Elektronik,Semarang,E-Wallet,409036
O671,11,Rumah Tangga,Magelang,E-Wallet,379832
O672,9,Rumah Tangga,Semarang,Transfer Bank,57900
O673,4,Kesehatan,Solo,Transfer Bank,101715
O674,12,Fashion,Purworejo,E-Wallet,361285
O675,9,Rumah Tangga,Semarang,Transfer Bank,346879
O676,3,Elektronik,Solo,Kartu Kredit,389042
O677,15,Kesehatan,Semarang,E-Wallet,50915
O678,10,Fashion,Solo,COD,309626
O679,11,Kesehatan,Semarang,COD,254491
O680,15,Kesehatan,Semarang,Kartu Kredit,453764
O681,15,Makanan,Yogyakarta,COD,107420
O682,12,Elektronik,Semarang,E-Wallet,326705
O683,3,Kesehatan,Solo,COD,444022
O684,6,Makanan,Solo,E-Wallet,331791
O685,8,Kesehatan,Solo,COD,251356
O686,12,Rumah Tangga,Yogyakarta,E-Wallet,183094
O687,12,Makanan,Purworejo,Kartu Kredit,74330
O688,1,Kesehatan,Semarang,Kartu Kredit,192702
O689,11,Makanan,Yogyakarta,COD,373963
O690,12,Fashion,Yogyakarta,Kartu Kredit,50726
O691,13,Makanan,Semarang,Transfer Bank,147978
O692,13,Fashion,Purworejo,COD,398277
O693,13,Kesehatan,Purworejo,Transfer Bank,477111
O694,12,Rumah Tangga,Semarang,COD,375320
O695,10,Rumah Tangga,Purworejo,Transfer Bank,195490
O696,14,Rumah Tangga,Yogyakarta,COD,427028
O697,1,Kesehatan,Solo,COD,460742
O698,3,Kesehatan,Purworejo,E-Wallet,311309
O699,17,Elektronik,Yogyakarta,Kartu Kredit,112268
O700,20,Rumah Tangga,Purworejo,Kartu Kredit,450641
O701,6,Fashion,Solo,Transfer Bank,226647
O702,6,Kesehatan,Magelang,COD,362442
O703,17,Rumah Tangga,Magelang,COD,82687
O704,7,Makanan,Solo,COD,431347
O705,3,Kesehatan,Purworejo,Transfer Bank,192199
O706,18,Fashion,Purworejo,COD,341518
O707,4,Elektronik,Solo,Transfer Bank,401655
O708,19,Makanan,Yogyakarta,Transfer Bank,282994
O709,19,Elektronik,Purworejo,E-Wallet,274573
O710,2,Fashion,Purworejo,Kartu Kredit,326679
O711,9,Rumah Tangga,Yogyakarta,Transfer Bank,172316
O712,17,Rumah Tangga,Purworejo,E-Wallet,471854
O713,9,Makanan,Yogyakarta,COD,225763
O714,16,Rumah Tangga,Yogyakarta,COD,203803
O715,10,Rumah Tangga,Magelang,Transfer Bank,456678
O716,9,Makanan,Magelang,Transfer Bank,224565
O717,7,Makanan,Yogyakarta,E-Wallet,357209
O718,19,Elektronik,Purworejo,Kartu Kredit,417698
O719,7,Kesehatan,Semarang,COD,200358
O720,16,Kesehatan,Semarang,Kartu Kredit,331545
O721,1,Elektronik,Purworejo,Kartu Kredit,324363
O722,11,Elektronik,Purworejo,COD,453841
O723,6,Kesehatan,Solo,Kartu Kredit,254507
O724,14,Kesehatan,Solo,COD,78651
O725,6,Rumah Tangga,Magelang,E-Wallet,284081
O726,2,Elektronik,Yogyakarta,COD,234467
O727,20,Elektronik,Magelang,E-Wallet,224968
O728,17,Elektronik,Yogyakarta,E-Wallet,421594
O729,8,Elektronik,Semarang,Transfer Bank,303830
O730,4,Rumah Tangga,Yogyakarta,E-Wallet,188301
O731,14,Fashion,Semarang,E-Wallet,273036
O732,4,Elektronik,Purworejo,Transfer Bank,213618
O733,5,Kesehatan,Purworejo,COD,235731
O734,2,Rumah Tangga,Solo,E-Wallet,480705
O735,16,Kesehatan,Solo,Transfer Bank,273631
O736,8,Elektronik,Solo,E-Wallet,377108
O737,5,Elektronik,Solo,COD,180000
O738,14,Rumah Tangga,Solo,Transfer Bank,144465
O739,7,Fashion,Magelang,E-Wallet,116682
O740,12,Makanan,Semarang,COD,170066
O741,20,Makanan,Yogyakarta,E-Wallet,216312
O742,6,Kesehatan,Yogyakarta,Kartu Kredit,240517
O743,4,Makanan,Semarang,Transfer Bank,376689
O744,14,Fashion,Magelang,Kartu Kredit,138474
O745,12,Kesehatan,Solo,COD,62084
O746,5,Rumah Tangga,Purworejo,Transfer Bank,50246
O747,15,Rumah Tangga,Purworejo,E-Wallet,391642
O748,7,Kesehatan,Semarang,E-Wallet,133669
O749,13,Fashion,Solo,Kartu Kredit,92650
O750,8,Makanan,Magelang,E-Wallet,297561
O751,9,Rumah Tangga,Purworejo,Kartu Kredit,267777
O752,13,Makanan,Semarang,COD,58828
O753,2,Fashion,Magelang,E-Wallet,280448
O754,17,Fashion,Yogyakarta,COD,260197
O755,12,Kesehatan,Solo,E-Wallet,367531
O756,18,Fashion,Solo,Transfer Bank,276457
O757,1,Rumah Tangga,Semarang,Transfer Bank,370785
O758,8,Fashion,Solo,COD,469160
O759,20,Kesehatan,Magelang,COD,119467
O760,4,Elektronik,Semarang,E-Wallet,144790
O761,8,Fashion,Yogyakarta,Kartu Kredit,305965
O762,9,Makanan,Yogyakarta,Kartu Kredit,362624
O763,8,Elektronik,Magelang,Transfer Bank,319955
O764,1,Kesehatan,Purworejo,Transfer Bank,168835
O765,18,Makanan,Semarang,E-Wallet,497408
O766,2,Kesehatan,Yogyakarta,COD,192329
O767,18,Fashion,Purworejo,COD,303232
O768,8,Makanan,Magelang,E-Wallet,250976
O769,6,Kesehatan,Semarang,Transfer Bank,67307
O770,10,Elektronik,Semarang,E-Wallet,146883
O771,15,Makanan,Solo,Transfer Bank,408343
O772,5,Rumah Tangga,Semarang,E-Wallet,131917
O773,6,Kesehatan,Magelang,Kartu Kredit,275173
O774,7,Elektronik,Purworejo,Kartu Kredit,414796
O775,9,Kesehatan,Solo,Kartu Kredit,74723
O776,6,Kesehatan,Semarang,E-Wallet,410713
O777,18,Elektronik,Magelang,E-Wallet,476184
O778,15,Fashion,Yogyakarta,COD,229030
O779,16,Kesehatan,Semarang,COD,166217
O780,17,Elektronik,Purworejo,COD,366364
O781,7,Kesehatan,Solo,E-Wallet,393450
O782,16,Elektronik,Magelang,Transfer Bank,381270
O783,16,Rumah Tangga,Yogyakarta,COD,195896
O784,11,Fashion,Semarang,E-Wallet,474473
O785,4,Elektronik,Yogyakarta,Kartu Kredit,137107
O786,19,Elektronik,Semarang,E-Wallet,71022
O787,10,Rumah Tangga,Magelang,COD,369922
O788,6,Fashion,Magelang,COD,411448
O789,6,Kesehatan,Semarang,COD,59429
O790,18,Fashion,Purworejo,COD,55422
O791,16,Rumah Tangga,Semarang,E-Wallet,61681
O792,17,Kesehatan,Solo,E-Wallet,124431
O793,14,Kesehatan,Purworejo,Kartu Kredit,57239
O794,9,Kesehatan,Purworejo,Transfer Bank,413369
O795,9,Rumah Tangga,Purworejo,E-Wallet,122215
O796,16,Kesehatan,Yogyakarta,E-Wallet,317772
O797,19,Fashion,Magelang,E-Wallet,89256
O798,10,Fashion,Purworejo,Kartu Kredit,149762
O799,8,Makanan,Semarang,Transfer Bank,324249
O800,20,Elektronik,Purworejo,E-Wallet,255388
O801,17,Elektronik,Solo,E-Wallet,349109
O802,3,Elektronik,Purworejo,Transfer Bank,205377
O803,3,Makanan,Solo,Kartu Kredit,491261
O804,8,Elektronik,Semarang,Kartu Kredit,188083
O805,18,Rumah Tangga,Solo,Transfer Bank,242326
O806,8,Elektronik,Semarang,Transfer Bank,50533
O807,19,Elektronik,Semarang,Kartu Kredit,432935
O808,4,Fashion,Semarang,E-Wallet,458879
O809,12,Makanan,Semarang,COD,325789
O810,4,Rumah Tangga,Semarang,Kartu Kredit,485816
O811,2,Kesehatan,Semarang,Transfer Bank,488501
O812,9,Kesehatan,Yogyakarta,E-Wallet,86011
O813,14,Elektronik,Magelang,Transfer Bank,343028
O814,12,Elektronik,Solo,Kartu Kredit,196341
O815,17,Makanan,Purworejo,E-Wallet,330854
O816,15,Elektronik,Magelang,E-Wallet,90275
O817,2,Elektronik,Purworejo,Transfer Bank,392035
O818,14,Makanan,Magelang,COD,465364
O819,16,Makanan,Magelang,Kartu Kredit,444487
O820,17,Rumah Tangga,Yogyakarta,Transfer Bank,201487
O821,3,Kesehatan,Semarang,Transfer Bank,498446
O822,16,Rumah Tangga,Purworejo,COD,210737
O823,3,Fashion,Purworejo,Kartu Kredit,139511
O824,4,Fashion,Yogyakarta,Kartu Kredit,291217
O825,12,Kesehatan,Yogyakarta,E-Wallet,347949
O826,15,Elektronik,Yogyakarta,Kartu Kredit,457002
O827,13,Elektronik,Semarang,Kartu Kredit,392011
O828,9,Makanan,Purworejo,COD,88899
O829,19,Fashion,Purworejo,Transfer Bank,325203
O830,16,Fashion,Purworejo,E-Wallet,64886
O831,2,Fashion,Semarang,Kartu Kredit,150876
O832,3,Kesehatan,Purworejo,E-Wallet,370411
O833,15,Makanan,Magelang,Kartu Kredit,343849
O834,6,Fashion,Solo,COD,329284
O835,2,Kesehatan,Semarang,COD,431696
O836,19,Rumah Tangga,Semarang,E-Wallet,336951
O837,13,Kesehatan,Solo,Kartu Kredit,382181
O838,6,Kesehatan,Semarang,E-Wallet,126535
O839,3,Makanan,Yogyakarta,Transfer Bank,348257
O840,5,Kesehatan,Yogyakarta,COD,225375
O841,8,Rumah Tangga,Magelang,Kartu Kredit,292382
O842,20,Fashion,Solo,Kartu Kredit,384257
O843,17,Elektronik,Semarang,Kartu Kredit,273446
O844,3,Makanan,Semarang,COD,438988
O845,9,Rumah Tangga,Solo,E-Wallet,412045
O846,11,Elektronik,Solo,Transfer Bank,149178
O847,13,Elektronik,Semarang,COD,356345
O848,16,Kesehatan,Semarang,E-Wallet,363266
O849,19,Rumah Tangga,Semarang,E-Wallet,226075
O850,6,Makanan,Semarang,Kartu Kredit,114278
O851,2,Fashion,Purworejo,Transfer Bank,472746
O852,18,Kesehatan,Purworejo,Transfer Bank,108960
O853,4,Rumah Tangga,Magelang,COD,438500
O854,9,Makanan,Semarang,Transfer Bank,449286
O855,11,Fashion,Semarang,Transfer Bank,419300
O856,10,Rumah Tangga,Solo,COD,250785
O857,20,Kesehatan,Solo,Transfer Bank,87782
O858,12,Kesehatan,Purworejo,COD,458620
O859,14,Fashion,Purworejo,E-Wallet,239154
O860,18,Rumah Tangga,Semarang,Transfer Bank,474897
O861,6,Makanan,Semarang,Kartu Kredit,408179
O862,18,Fashion,Solo,Kartu Kredit,217992
O863,20,Makanan,Semarang,E-Wallet,82157
O864,4,Fashion,Yogyakarta,Transfer Bank,343010
O865,15,Elektronik,Solo,E-Wallet,239727
O866,7,Elektronik,Magelang,Transfer Bank,142367
O867,7,Fashion,Solo,E-Wallet,220162
O868,8,Elektronik,Magelang,COD,351627
O869,7,Kesehatan,Purworejo,E-Wallet,366838
O870,10,Elektronik,Yogyakarta,Transfer Bank,459314
O871,11,Kesehatan,Solo,COD,103873
O872,20,Elektronik,Magelang,Transfer Bank,428356
O873,15,Elektronik,Semarang,COD,214162
O874,9,Makanan,Solo,COD,388596
O875,5,Rumah Tangga,Solo,Transfer Bank,499388
O876,20,Makanan,Magelang,Transfer Bank,298171
O877,17,Rumah Tangga,Yogyakarta,Transfer Bank,143582
O878,14,Fashion,Purworejo,Kartu Kredit,441738
O879,3,Fashion,Solo,COD,205295
O880,19,Makanan,Yogyakarta,Transfer Bank,167198
O881,13,Makanan,Purworejo,Kartu Kredit,304845
O882,16,Elektronik,Purworejo,COD,94744
O883,15,Fashion,Purworejo,Transfer Bank,365319
O884,12,Makanan,Purworejo,E-Wallet,241960
O885,19,Elektronik,Purworejo,COD,212514
O886,1,Kesehatan,Purworejo,Kartu Kredit,99675
O887,18,Elektronik,Magelang,Transfer Bank,153449
O888,12,Makanan,Purworejo,Transfer Bank,199707
O889,18,Kesehatan,Magelang,COD,368908
O890,8,Kesehatan,Semarang,E-Wallet,66134
O891,16,Elektronik,Yogyakarta,COD,330141
O892,20,Elektronik,Purworejo,E-Wallet,331088
O893,13,Kesehatan,Magelang,Kartu Kredit,478584
O894,14,Kesehatan,Yogyakarta,COD,73531
O895,20,Fashion,Magelang,Transfer Bank,85679
O896,13,Makanan,Magelang,Transfer Bank,184626
O897,8,Elektronik,Magelang,E-Wallet,302764
O898,20,Kesehatan,Magelang,E-Wallet,212596
O899,19,Elektronik,Magelang,COD,304639
O900,19,Makanan,Solo,Kartu Kredit,88559
O901,2,Fashion,Magelang,Kartu Kredit,143212
O902,3,Elektronik,Yogyakarta,COD,212486
O903,13,Rumah Tangga,Semarang,Kartu Kredit,360805
O904,18,Rumah Tangga,Semarang,Kartu Kredit,279142
O905,14,Makanan,Purworejo,E-Wallet,205116
O906,10,Makanan,Solo,Transfer Bank,299855
O907,15,Elektronik,Semarang,Transfer Bank,321973
O908,17,Elektronik,Solo,COD,313617
O909,6,Kesehatan,Magelang,E-Wallet,455365
O910,4,Rumah Tangga,Solo,Transfer Bank,211520
O911,13,Kesehatan,Yogyakarta,COD,207514
O912,3,Fashion,Yogyakarta,COD,408040
O913,2,Fashion,Semarang,E-Wallet,95723
O914,7,Fashion,Yogyakarta,Transfer Bank,329958
O915,20,Makanan,Yogyakarta,COD,163453
O916,15,Elektronik,Magelang,Kartu Kredit,116212
O917,9,Rumah Tangga,Purworejo,Transfer Bank,393257
O918,17,Kesehatan,Yogyakarta,Kartu Kredit,216678
O919,3,Rumah Tangga,Magelang,E-Wallet,96673
O920,11,Elektronik,Magelang,Kartu Kredit,315275
O921,8,Elektronik,Purworejo,E-Wallet,353940
O922,11,Kesehatan,Magelang,Transfer Bank,463855
O923,12,Elektronik,Magelang,E-Wallet,379865
O924,12,Rumah Tangga,Magelang,E-Wallet,366635
O925,18,Kesehatan,Solo,Transfer Bank,238832
O926,13,Makanan,Solo,COD,276710
O927,6,Fashion,Purworejo,E-Wallet,453727
O928,16,Kesehatan,Solo,E-Wallet,401083
O929,14,Makanan,Purworejo,Kartu Kredit,494239
O930,12,Elektronik,Yogyakarta,Kartu Kredit,453906
O931,16,Rumah Tangga,Purworejo,Kartu Kredit,433279
O932,7,Makanan,Purworejo,E-Wallet,484557
O933,12,Makanan,Solo,Transfer Bank,154166
O934,18,Fashion,Solo,COD,312900
O935,15,Makanan,Semarang,Kartu Kredit,377086
O936,15,Makanan,Solo,COD,479690
O937,2,Elektronik,Magelang,Kartu Kredit,110009
O938,11,Kesehatan,Semarang,Kartu Kredit,369449
O939,9,Elektronik,Yogyakarta,Transfer Bank,105212
O940,20,Rumah Tangga,Magelang,Kartu Kredit,296806
O941,11,Rumah Tangga,Semarang,Transfer Bank,302397
O942,19,Elektronik,Solo,E-Wallet,312587
O943,4,Kesehatan,Magelang,E-Wallet,311433
O944,1,Makanan,Yogyakarta,Transfer Bank,360480
O945,4,Rumah Tangga,Yogyakarta,COD,146160
O946,13,Elektronik,Semarang,COD,320965
O947,10,Kesehatan,Yogyakarta,COD,342028
O948,15,Makanan,Yogyakarta,COD,274497
O949,9,Rumah Tangga,Purworejo,COD,169522
O950,18,Kesehatan,Semarang,E-Wallet,322079
O951,12,Fashion,Yogyakarta,Kartu Kredit,220958
O952,19,Elektronik,Yogyakarta,Kartu Kredit,438908
O953,8,Rumah Tangga,Magelang,Transfer Bank,141400
O954,5,Rumah Tangga,Yogyakarta,Kartu Kredit,444182
O955,19,Rumah Tangga,Purworejo,E-Wallet,381541
O956,17,Rumah Tangga,Purworejo,E-Wallet,490727
O957,18,Kesehatan,Yogyakarta,COD,373177
O958,4,Kesehatan,Magelang,E-Wallet,136500
O959,8,Rumah Tangga,Magelang,E-Wallet,429504
O960,9,Kesehatan,Yogyakarta,Transfer Bank,380140
O961,1,Rumah Tangga,Solo,E-Wallet,158742
O962,20,Makanan,Solo,E-Wallet,154832
O963,17,Makanan,Semarang,Kartu Kredit,55760
O964,2,Makanan,Semarang,E-Wallet,387752
O965,14,Fashion,Semarang,Transfer Bank,322289
O966,11,Makanan,Solo,E-Wallet,314350
O967,5,Fashion,Yogyakarta,Kartu Kredit,249028
O968,15,Kesehatan,Solo,Kartu Kredit,265925
O969,1,Elektronik,Purworejo,COD,212353
O970,15,Elektronik,Yogyakarta,COD,418178
O971,16,Makanan,Magelang,COD,497692
O972,11,Rumah Tangga,Yogyakarta,Transfer Bank,339216
O973,1,Kesehatan,Yogyakarta,Kartu Kredit,359401
O974,14,Rumah Tangga,Purworejo,Kartu Kredit,91744
O975,11,Makanan,Purworejo,Transfer Bank,131303
O976,6,Fashion,Yogyakarta,E-Wallet,348440
O977,16,Elektronik,Yogyakarta,Kartu Kredit,144168
O978,2,Makanan,Semarang,COD,153899
O979,13,Kesehatan,Yogyakarta,Transfer Bank,51373
O980,6,Rumah Tangga,Magelang,COD,100180
O981,15,Elektronik,Magelang,COD,312015
O982,15,Kesehatan,Solo,E-Wallet,153153
O983,11,Elektronik,Semarang,E-Wallet,353260
O984,14,Elektronik,Purworejo,COD,141440
O985,17,Rumah Tangga,Semarang,E-Wallet,319074
O986,14,Elektronik,Magelang,COD,460441
O987,6,Kesehatan,Solo,COD,182684
O988,7,Makanan,Magelang,COD,441144
O989,4,Rumah Tangga,Solo,COD,50002
O990,18,Kesehatan,Yogyakarta,E-Wallet,298979
O991,7,Rumah Tangga,Yogyakarta,Transfer Bank,158733
O992,6,Fashion,Magelang,Kartu Kredit,162356
O993,20,Rumah Tangga,Magelang,Kartu Kredit,175090
O994,12,Kesehatan,Solo,Transfer Bank,385254
O995,4,Fashion,Yogyakarta,E-Wallet,112758
O996,17,Kesehatan,Magelang,E-Wallet,365114
O997,11,Elektronik,Semarang,E-Wallet,447646
O998,11,Fashion,Semarang,Transfer Bank,250798
O999,4,Elektronik,Semarang,Transfer Bank,285242
O1000,18,Elektronik,Yogyakarta,Kartu Kredit,140103
O1001,13,Fashion,Semarang,E-Wallet,178175
O1002,9,Elektronik,Yogyakarta,Kartu Kredit,418305
O1003,19,Fashion,Semarang,E-Wallet,159532
O1004,5,Makanan,Yogyakarta,E-Wallet,474528
O1005,5,Kesehatan,Solo,Transfer Bank,75014
O1006,3,Kesehatan,Purworejo,COD,81728
O1007,19,Fashion,Magelang,Transfer Bank,111936
O1008,10,Kesehatan,Semarang,E-Wallet,130702
O1009,3,Fashion,Yogyakarta,Transfer Bank,343220
O1010,3,Rumah Tangga,Yogyakarta,COD,353008
O1011,9,Rumah Tangga,Yogyakarta,Transfer Bank,247195
O1012,20,Elektronik,Yogyakarta,Kartu Kredit,419417
O1013,16,Fashion,Magelang,COD,492880
O1014,4,Fashion,Magelang,Kartu Kredit,483956
O1015,9,Elektronik,Magelang,Transfer Bank,72336
O1016,10,Makanan,Semarang,Kartu Kredit,77825
O1017,9,Fashion,Purworejo,E-Wallet,212076
O1018,11,Kesehatan,Semarang,E-Wallet,253277
O1019,20,Makanan,Semarang,COD,321711
O1020,8,Rumah Tangga,Purworejo,E-Wallet,233340
O1021,4,Elektronik,Purworejo,Transfer Bank,225678
O1022,7,Makanan,Purworejo,E-Wallet,301496
O1023,4,Elektronik,Semarang,E-Wallet,199992
O1024,17,Fashion,Semarang,Kartu Kredit,309964
O1025,9,Kesehatan,Purworejo,E-Wallet,196797
O1026,12,Rumah Tangga,Yogyakarta,E-Wallet,305021
O1027,14,Elektronik,Yogyakarta,Kartu Kredit,236806
O1028,12,Kesehatan,Purworejo,COD,486969
O1029,8,Rumah Tangga,Semarang,E-Wallet,151384
O1030,8,Makanan,Solo,COD,276956
O1031,2,Fashion,Purworejo,E-Wallet,487409
O1032,16,Kesehatan,Magelang,E-Wallet,194744
O1033,3,Makanan,Purworejo,COD,216627
O1034,8,Rumah Tangga,Yogyakarta,E-Wallet,172234
O1035,8,Kesehatan,Purworejo,E-Wallet,224138
O1036,7,Makanan,Magelang,COD,83789
O1037,6,Rumah Tangga,Purworejo,E-Wallet,398934
O1038,17,Fashion,Purworejo,COD,482009
O1039,18,Elektronik,Solo,COD,449248
O1040,18,Fashion,Yogyakarta,Transfer Bank,150007
O1041,10,Fashion,Solo,E-Wallet,433148
O1042,20,Fashion,Yogyakarta,COD,124579
O1043,9,Kesehatan,Magelang,Transfer Bank,469826
O1044,2,Elektronik,Magelang,COD,88365
O1045,16,Fashion,Purworejo,Transfer Bank,350783
O1046,17,Elektronik,Yogyakarta,E-Wallet,263778
O1047,16,Kesehatan,Purworejo,Transfer Bank,357649
O1048,6,Elektronik,Solo,Transfer Bank,403357
O1049,18,Rumah Tangga,Magelang,Kartu Kredit,320969
O1050,14,Makanan,Solo,E-Wallet,430990
O1051,1,Makanan,Semarang,Transfer Bank,213394
O1052,1,Elektronik,Magelang,COD,94729
O1053,8,Rumah Tangga,Yogyakarta,E-Wallet,393720
O1054,16,Kesehatan,Magelang,E-Wallet,392369
O1055,20,Kesehatan,Yogyakarta,E-Wallet,155122
O1056,11,Makanan,Purworejo,Transfer Bank,452972
O1057,9,Rumah Tangga,Magelang,Kartu Kredit,441724
O1058,6,Makanan,Solo,Transfer Bank,347890
O1059,7,Kesehatan,Magelang,Kartu Kredit,126285
O1060,12,Elektronik,Magelang,E-Wallet,263607
O1061,9,Makanan,Magelang,Transfer Bank,140324
O1062,16,Fashion,Magelang,E-Wallet,471808
O1063,3,Makanan,Yogyakarta,E-Wallet,374245
O1064,19,Elektronik,Semarang,COD,246249
O1065,6,Makanan,Magelang,COD,315535
O1066,9,Fashion,Magelang,E-Wallet,58869
O1067,13,Fashion,Semarang,Kartu Kredit,295179
O1068,3,Fashion,Magelang,COD,279723
O1069,8,Kesehatan,Magelang,E-Wallet,160423
O1070,1,Kesehatan,Semarang,Transfer Bank,176802
O1071,14,Makanan,Yogyakarta,E-Wallet,293116
O1072,4,Elektronik,Semarang,COD,186580
O1073,14,Fashion,Solo,E-Wallet,208142
O1074,6,Fashion,Solo,E-Wallet,180749
O1075,7,Makanan,Yogyakarta,COD,120943
O1076,20,Fashion,Semarang,E-Wallet,277682
O1077,5,Makanan,Semarang,E-Wallet,274313
O1078,13,Elektronik,Purworejo,Kartu Kredit,69752
O1079,12,Fashion,Magelang,Transfer Bank,247364
O1080,7,Makanan,Solo,Kartu Kredit,85147
O1081,13,Makanan,Purworejo,E-Wallet,300625
O1082,11,Kesehatan,Semarang,Transfer Bank,115659
O1083,9,Makanan,Purworejo,Kartu Kredit,191372
O1084,11,Kesehatan,Magelang,COD,227829
O1085,19,Fashion,Magelang,Kartu Kredit,154982
O1086,4,Kesehatan,Solo,Transfer Bank,280311
O1087,14,Fashion,Solo,COD,341571
O1088,2,Makanan,Semarang,Transfer Bank,408852
O1089,6,Rumah Tangga,Purworejo,COD,337998
O1090,9,Makanan,Semarang,Kartu Kredit,201571
O1091,2,Fashion,Yogyakarta,Kartu Kredit,60108
O1092,8,Elektronik,Yogyakarta,COD,336395
O1093,4,Makanan,Yogyakarta,Kartu Kredit,283868
O1094,13,Elektronik,Magelang,Transfer Bank,123056
O1095,3,Elektronik,Solo,Transfer Bank,225275
O1096,5,Fashion,Yogyakarta,Kartu Kredit,389591
O1097,11,Rumah Tangga,Solo,Kartu Kredit,226779
O1098,10,Rumah Tangga,Solo,E-Wallet,131053
O1099,10,Makanan,Solo,E-Wallet,310862
O1100,7,Rumah Tangga,Yogyakarta,Kartu Kredit,94318
O1101,17,Rumah Tangga,Semarang,Transfer Bank,412399
O1102,2,Kesehatan,Magelang,Transfer Bank,293153
O1103,4,Elektronik,Purworejo,Transfer Bank,495390
O1104,6,Fashion,Solo,Kartu Kredit,428049
O1105,15,Makanan,Purworejo,COD,461769
O1106,5,Kesehatan,Yogyakarta,Kartu Kredit,230351
O1107,15,Elektronik,Yogyakarta,Transfer Bank,224586
O1108,4,Makanan,Purworejo,E-Wallet,344482
O1109,3,Fashion,Solo,Transfer Bank,98479
O1110,3,Elektronik,Yogyakarta,E-Wallet,314628
O1111,14,Kesehatan,Yogyakarta,COD,318815
O1112,4,Kesehatan,Yogyakarta,Kartu Kredit,254185
O1113,18,Rumah Tangga,Purworejo,Kartu Kredit,431125
O1114,20,Rumah Tangga,Purworejo,Kartu Kredit,86574
O1115,13,Makanan,Semarang,E-Wallet,330876
O1116,14,Fashion,Solo,Transfer Bank,153695
O1117,4,Fashion,Semarang,E-Wallet,85422
O1118,18,Makanan,Solo,COD,78063
O1119,19,Rumah Tangga,Solo,Kartu Kredit,141861
O1120,20,Fashion,Solo,Transfer Bank,253974
O1121,20,Kesehatan,Solo,Kartu Kredit,212389
O1122,13,Fashion,Yogyakarta,COD,422531
O1123,6,Rumah Tangga,Magelang,COD,435289
O1124,13,Fashion,Solo,Kartu Kredit,77093
O1125,20,Rumah Tangga,Semarang,Kartu Kredit,61627
O1126,10,Kesehatan,Purworejo,Kartu Kredit,185828
O1127,6,Rumah Tangga,Purworejo,E-Wallet,58387
O1128,13,Kesehatan,Yogyakarta,COD,303663
O1129,5,Kesehatan,Purworejo,Transfer Bank,77093
O1130,15,Elektronik,Semarang,Kartu Kredit,389851
O1131,1,Kesehatan,Magelang,COD,260780
O1132,19,Rumah Tangga,Solo,COD,286509
O1133,13,Kesehatan,Solo,Kartu Kredit,241034
O1134,16,Rumah Tangga,Magelang,Kartu Kredit,374835
O1135,15,Fashion,Magelang,COD,307680
O1136,8,Makanan,Purworejo,Kartu Kredit,260826
O1137,3,Kesehatan,Magelang,Kartu Kredit,224148
O1138,2,Rumah Tangga,Semarang,COD,270241
O1139,14,Elektronik,Yogyakarta,Kartu Kredit,394708
O1140,1,Rumah Tangga,Purworejo,Kartu Kredit,119197
O1141,9,Elektronik,Magelang,Kartu Kredit,172074
O1142,11,Kesehatan,Yogyakarta,COD,182724
O1143,15,Fashion,Semarang,E-Wallet,387334
O1144,13,Fashion,Semarang,E-Wallet,478296
O1145,14,Elektronik,Purworejo,Kartu Kredit,499268
O1146,4,Fashion,Magelang,COD,445433
O1147,14,Rumah Tangga,Semarang,Kartu Kredit,344158
O1148,12,Makanan,Yogyakarta,Kartu Kredit,497888
O1149,20,Makanan,Purworejo,E-Wallet,57566
O1150,1,Elektronik,Purworejo,E-Wallet,373702
O1151,8,Fashion,Solo,E-Wallet,399707
O1152,4,Fashion,Semarang,COD,145087
O1153,16,Kesehatan,Semarang,Kartu Kredit,122279
O1154,15,Fashion,Semarang,Transfer Bank,388064
O1155,15,Kesehatan,Purworejo,Transfer Bank,239091
O1156,15,Fashion,Purworejo,COD,171370
O1157,9,Kesehatan,Magelang,Kartu Kredit,389835
O1158,11,Makanan,Solo,Kartu Kredit,155862
O1159,18,Kesehatan,Semarang,Transfer Bank,226621
O1160,10,Rumah Tangga,Solo,Transfer Bank,227517
O1161,9,Elektronik,Semarang,COD,403244
O1162,3,Rumah Tangga,Purworejo,E-Wallet,73123
O1163,12,Kesehatan,Purworejo,Transfer Bank,371202
O1164,8,Fashion,Yogyakarta,Transfer Bank,224896
O1165,3,Rumah Tangga,Purworejo,Transfer Bank,499776
O1166,8,Rumah Tangga,Semarang,COD,84238
O1167,4,Fashion,Solo,E-Wallet,387335
O1168,13,Fashion,Purworejo,Kartu Kredit,51308
O1169,9,Kesehatan,Magelang,Transfer Bank,144972
O1170,4,Makanan,Purworejo,Kartu Kredit,57606
O1171,1,Rumah Tangga,Purworejo,E-Wallet,291954
O1172,3,Kesehatan,Yogyakarta,Kartu Kredit,237863
O1173,16,Kesehatan,Magelang,E-Wallet,425404
O1174,6,Rumah Tangga,Yogyakarta,E-Wallet,223722
O1175,20,Kesehatan,Solo,E-Wallet,420975
O1176,2,Elektronik,Purworejo,COD,58018
O1177,16,Makanan,Purworejo,E-Wallet,380109
O1178,18,Elektronik,Semarang,Transfer Bank,312169
O1179,10,Rumah Tangga,Semarang,COD,54882
O1180,20,Rumah Tangga,Magelang,E-Wallet,191956
O1181,4,Makanan,Magelang,Transfer Bank,256025
O1182,19,Kesehatan,Yogyakarta,E-Wallet,113497
O1183,18,Rumah Tangga,Semarang,Kartu Kredit,232219
O1184,3,Kesehatan,Magelang,E-Wallet,448360
O1185,16,Kesehatan,Semarang,Transfer Bank,488162
O1186,3,Rumah Tangga,Solo,Kartu Kredit,288005
O1187,9,Kesehatan,Yogyakarta,Kartu Kredit,285098
O1188,17,Elektronik,Yogyakarta,E-Wallet,390148
O1189,17,Makanan,Purworejo,Transfer Bank,180389
O1190,9,Elektronik,Yogyakarta,COD,323238
O1191,9,Rumah Tangga,Magelang,Transfer Bank,136111
O1192,9,Rumah Tangga,Semarang,Transfer Bank,158040
O1193,5,Makanan,Purworejo,COD,127647
O1194,3,Elektronik,Purworejo,E-Wallet,196397
O1195,16,Makanan,Magelang,E-Wallet,191183
O1196,10,Makanan,Solo,COD,371320
O1197,8,Elektronik,Purworejo,E-Wallet,84733
O1198,17,Rumah Tangga,Solo,E-Wallet,307591
O1199,10,Fashion,Yogyakarta,COD,357616
O1200,5,Elektronik,Purworejo,Kartu Kredit,225526
O1201,4,Kesehatan,Purworejo,Kartu Kredit,435883
O1202,14,Makanan,Yogyakarta,Kartu Kredit,433158
O1203,16,Kesehatan,Solo,E-Wallet,454907
O1204,1,Kesehatan,Magelang,Transfer Bank,84332
O1205,20,Makanan,Solo,E-Wallet,147710
O1206,18,Makanan,Semarang,COD,474108
O1207,11,Rumah Tangga,Solo,E-Wallet,148503
O1208,12,Elektronik,Semarang,Transfer Bank,427775
O1209,4,Elektronik,Solo,COD,97464
O1210,11,Makanan,Purworejo,Kartu Kredit,129006
O1211,17,Rumah Tangga,Solo,Kartu Kredit,466140
O1212,15,Fashion,Yogyakarta,Kartu Kredit,275750
O1213,18,Kesehatan,Solo,E-Wallet,110985
O1214,20,Elektronik,Semarang,E-Wallet,292716
O1215,17,Rumah Tangga,Magelang,Transfer Bank,142880
O1216,2,Elektronik,Solo,COD,186400
O1217,12,Rumah Tangga,Purworejo,Kartu Kredit,363685
O1218,16,Makanan,Purworejo,COD,488841
O1219,10,Rumah Tangga,Purworejo,COD,92019
O1220,12,Fashion,Solo,E-Wallet,320465
O1221,8,Makanan,Semarang,Transfer Bank,271563
O1222,20,Kesehatan,Magelang,E-Wallet,104662
O1223,18,Fashion,Yogyakarta,Kartu Kredit,213984
O1224,12,Elektronik,Semarang,E-Wallet,437508
O1225,14,Makanan,Purworejo,COD,263393
O1226,17,Rumah Tangga,Purworejo,Kartu Kredit,196939
O1227,12,Elektronik,Purworejo,Kartu Kredit,226697
O1228,3,Makanan,Semarang,E-Wallet,299480
O1229,4,Rumah Tangga,Yogyakarta,Kartu Kredit,383485
O1230,17,Makanan,Yogyakarta,E-Wallet,132154
O1231,12,Kesehatan,Semarang,COD,393202
O1232,17,Makanan,Purworejo,COD,362602
O1233,5,Kesehatan,Purworejo,Transfer Bank,267252
O1234,2,Rumah Tangga,Magelang,E-Wallet,230407
O1235,1,Makanan,Semarang,COD,358107
O1236,4,Fashion,Solo,Kartu Kredit,464008
O1237,9,Makanan,Purworejo,E-Wallet,74034
O1238,16,Rumah Tangga,Purworejo,E-Wallet,198195
O1239,13,Makanan,Semarang,COD,294535
O1240,11,Rumah Tangga,Purworejo,COD,417812
O1241,12,Kesehatan,Solo,Transfer Bank,480404
O1242,8,Fashion,Magelang,Transfer Bank,320117
O1243,15,Rumah Tangga,Solo,E-Wallet,244068
O1244,10,Rumah Tangga,Solo,E-Wallet,227890
O1245,5,Elektronik,Purworejo,Transfer Bank,491037
O1246,12,Makanan,Purworejo,Kartu Kredit,70589
O1247,15,Kesehatan,Purworejo,E-Wallet,349520
O1248,19,Makanan,Purworejo,Kartu Kredit,78092
O1249,18,Elektronik,Semarang,COD,437640
O1250,4,Makanan,Solo,E-Wallet,361155
O1251,9,Fashion,Yogyakarta,E-Wallet,124830
O1252,17,Rumah Tangga,Solo,COD,111018
O1253,9,Kesehatan,Purworejo,COD,414362
O1254,4,Rumah Tangga,Semarang,Transfer Bank,493559
O1255,6,Elektronik,Purworejo,COD,455338
O1256,5,Kesehatan,Magelang,E-Wallet,212338
O1257,11,Makanan,Semarang,Transfer Bank,455664
O1258,17,Kesehatan,Yogyakarta,Kartu Kredit,406515
O1259,1,Makanan,Purworejo,Transfer Bank,292434
O1260,18,Makanan,Purworejo,Transfer Bank,135227
O1261,19,Makanan,Solo,Kartu Kredit,336952
O1262,19,Kesehatan,Magelang,Kartu Kredit,311515
O1263,16,Kesehatan,Magelang,E-Wallet,326251
O1264,15,Rumah Tangga,Purworejo,E-Wallet,174654
O1265,3,Kesehatan,Yogyakarta,Kartu Kredit,402160
O1266,1,Kesehatan,Semarang,Kartu Kredit,444759
O1267,8,Makanan,Semarang,E-Wallet,325856
O1268,17,Makanan,Yogyakarta,E-Wallet,70389
O1269,17,Makanan,Yogyakarta,E-Wallet,306969
O1270,14,Kesehatan,Magelang,Kartu Kredit,426361
O1271,12,Rumah Tangga,Yogyakarta,Transfer Bank,103358
O1272,17,Elektronik,Purworejo,Transfer Bank,184812
O1273,7,Rumah Tangga,Solo,Transfer Bank,264900
O1274,8,Kesehatan,Solo,Kartu Kredit,385424
O1275,20,Kesehatan,Purworejo,Kartu Kredit,225670
O1276,15,Kesehatan,Purworejo,COD,81277
O1277,20,Fashion,Solo,E-Wallet,79952
O1278,15,Elektronik,Magelang,Kartu Kredit,99974
O1279,9,Fashion,Magelang,E-Wallet,153189
O1280,11,Makanan,Yogyakarta,E-Wallet,237961
O1281,2,Fashion,Yogyakarta,Kartu Kredit,403770
O1282,14,Makanan,Solo,Transfer Bank,238547
O1283,16,Kesehatan,Yogyakarta,Kartu Kredit,96430
O1284,18,Rumah Tangga,Yogyakarta,Transfer Bank,314616
O1285,3,Makanan,Semarang,E-Wallet,259506
O1286,17,Fashion,Magelang,Kartu Kredit,131179
O1287,12,Kesehatan,Purworejo,COD,365351
O1288,1,Fashion,Solo,Transfer Bank,233440
O1289,1,Fashion,Purworejo,Kartu Kredit,143221
O1290,16,Kesehatan,Purworejo,E-Wallet,229304
O1291,11,Elektronik,Magelang,Transfer Bank,165357
O1292,18,Kesehatan,Magelang,Transfer Bank,126524
O1293,18,Makanan,Semarang,Transfer Bank,62996
O1294,19,Fashion,Magelang,Transfer Bank,115177
O1295,6,Fashion,Purworejo,COD,172055
O1296,9,Makanan,Magelang,Kartu Kredit,422086
O1297,5,Kesehatan,Solo,COD,60051
O1298,8,Makanan,Semarang,Kartu Kredit,302284
O1299,13,Elektronik,Magelang,E-Wallet,355101
O1300,7,Elektronik,Semarang,E-Wallet,366656
O1301,2,Rumah Tangga,Yogyakarta,COD,404430
O1302,5,Rumah Tangga,Yogyakarta,E-Wallet,286636
O1303,15,Fashion,Purworejo,E-Wallet,158501
O1304,1,Rumah Tangga,Solo,E-Wallet,396166
O1305,18,Kesehatan,Solo,COD,257635
O1306,9,Kesehatan,Purworejo,Kartu Kredit,397804
O1307,7,Kesehatan,Magelang,E-Wallet,185515
O1308,20,Rumah Tangga,Magelang,Kartu Kredit,55375
O1309,10,Fashion,Yogyakarta,COD,400863
O1310,19,Kesehatan,Semarang,Transfer Bank,265343
O1311,20,Makanan,Magelang,Transfer Bank,238852
O1312,13,Makanan,Yogyakarta,COD,357441
O1313,13,Rumah Tangga,Solo,E-Wallet,215834
O1314,11,Kesehatan,Purworejo,E-Wallet,438235
O1315,8,Kesehatan,Solo,Kartu Kredit,127799
O1316,4,Fashion,Yogyakarta,E-Wallet,399923
O1317,10,Makanan,Yogyakarta,E-Wallet,322116
O1318,4,Makanan,Solo,COD,361944
O1319,8,Makanan,Magelang,Transfer Bank,470688
O1320,5,Rumah Tangga,Semarang,COD,167335
O1321,19,Fashion,Yogyakarta,COD,258832
O1322,20,Fashion,Purworejo,E-Wallet,344733
O1323,3,Fashion,Magelang,Transfer Bank,184755
O1324,2,Kesehatan,Semarang,Transfer Bank,160279
O1325,14,Fashion,Solo,Kartu Kredit,167308
O1326,4,Makanan,Semarang,Transfer Bank,489315
O1327,5,Rumah Tangga,Purworejo,Transfer Bank,307657
O1328,11,Fashion,Solo,E-Wallet,366058
O1329,10,Makanan,Semarang,COD,323891
O1330,14,Kesehatan,Semarang,COD,150158
O1331,3,Elektronik,Yogyakarta,Transfer Bank,358385
O1332,3,Rumah Tangga,Solo,E-Wallet,389095
O1333,11,Rumah Tangga,Yogyakarta,Transfer Bank,53403
O1334,9,Makanan,Yogyakarta,Transfer Bank,196369
O1335,1,Fashion,Solo,Transfer Bank,471206
O1336,3,Rumah Tangga,Yogyakarta,COD,131760
O1337,8,Makanan,Magelang,COD,320250
O1338,9,Kesehatan,Yogyakarta,Kartu Kredit,353184
O1339,16,Makanan,Yogyakarta,Kartu Kredit,98643
O1340,16,Kesehatan,Semarang,Transfer Bank,61834
O1341,8,Fashion,Magelang,E-Wallet,460075
O1342,20,Kesehatan,Solo,E-Wallet,357307
O1343,19,Fashion,Yogyakarta,Transfer Bank,211820
O1344,9,Fashion,Yogyakarta,Transfer Bank,426403
O1345,12,Rumah Tangga,Magelang,Kartu Kredit,488864
O1346,1,Rumah Tangga,Magelang,Kartu Kredit,230958
O1347,11,Kesehatan,Solo,COD,237773
O1348,1,Fashion,Purworejo,COD,184604
O1349,4,Kesehatan,Yogyakarta,E-Wallet,335982
O1350,13,Makanan,Magelang,E-Wallet,114718
O1351,14,Elektronik,Solo,COD,329028
O1352,5,Elektronik,Yogyakarta,Kartu Kredit,190780
O1353,11,Rumah Tangga,Solo,COD,397627
O1354,9,Elektronik,Solo,E-Wallet,185512
O1355,6,Fashion,Magelang,Kartu Kredit,265514
O1356,14,Elektronik,Purworejo,E-Wallet,327819
O1357,17,Fashion,Solo,Transfer Bank,92997
O1358,8,Makanan,Semarang,COD,91326
O1359,1,Kesehatan,Purworejo,COD,56072
O1360,17,Elektronik,Semarang,E-Wallet,495234
O1361,13,Rumah Tangga,Yogyakarta,COD,393975
O1362,3,Elektronik,Semarang,Transfer Bank,365337
O1363,14,Kesehatan,Solo,COD,370589
O1364,12,Rumah Tangga,Solo,E-Wallet,235194
O1365,2,Kesehatan,Magelang,Kartu Kredit,82122
O1366,15,Kesehatan,Solo,E-Wallet,346008
O1367,5,Fashion,Solo,Kartu Kredit,331068
O1368,3,Rumah Tangga,Semarang,Kartu Kredit,460528
O1369,9,Makanan,Solo,E-Wallet,174157
O1370,18,Elektronik,Yogyakarta,Transfer Bank,264616
O1371,10,Rumah Tangga,Purworejo,COD,96545
O1372,17,Fashion,Purworejo,Transfer Bank,86848
O1373,12,Kesehatan,Magelang,COD,495106
O1374,14,Kesehatan,Yogyakarta,COD,174948
O1375,10,Elektronik,Yogyakarta,Kartu Kredit,489722
O1376,8,Rumah Tangga,Yogyakarta,Kartu Kredit,216524
O1377,18,Elektronik,Purworejo,E-Wallet,125202
O1378,5,Rumah Tangga,Solo,E-Wallet,59543
O1379,8,Makanan,Magelang,Transfer Bank,133705
O1380,10,Kesehatan,Semarang,E-Wallet,317721
O1381,16,Elektronik,Semarang,COD,174097
O1382,20,Makanan,Solo,E-Wallet,58156
O1383,20,Elektronik,Purworejo,Transfer Bank,113881
O1384,13,Kesehatan,Purworejo,COD,263491
O1385,9,Makanan,Solo,COD,471370
O1386,20,Elektronik,Yogyakarta,Kartu Kredit,214115
O1387,7,Makanan,Semarang,Transfer Bank,408024
O1388,15,Makanan,Purworejo,Kartu Kredit,126631
O1389,11,Elektronik,Yogyakarta,Kartu Kredit,426339
O1390,11,Kesehatan,Yogyakarta,Transfer Bank,217352
O1391,17,Rumah Tangga,Solo,Transfer Bank,456883
O1392,8,Fashion,Magelang,Transfer Bank,64806
O1393,15,Elektronik,Magelang,E-Wallet,104846
O1394,7,Makanan,Yogyakarta,COD,102077
O1395,10,Rumah Tangga,Solo,COD,428889
O1396,19,Makanan,Yogyakarta,E-Wallet,59972
O1397,9,Elektronik,Solo,COD,472341
O1398,18,Fashion,Magelang,Kartu Kredit,78560
O1399,10,Makanan,Yogyakarta,Transfer Bank,368847
O1400,10,Kesehatan,Semarang,Kartu Kredit,250874
O1401,9,Makanan,Magelang,COD,486992
O1402,13,Makanan,Purworejo,Kartu Kredit,443006
O1403,11,Kesehatan,Semarang,E-Wallet,151410
O1404,20,Kesehatan,Solo,Kartu Kredit,355011
O1405,16,Elektronik,Yogyakarta,E-Wallet,193310
O1406,12,Elektronik,Purworejo,E-Wallet,292935
O1407,4,Kesehatan,Purworejo,E-Wallet,285274
O1408,18,Makanan,Purworejo,Kartu Kredit,189766
O1409,15,Kesehatan,Purworejo,E-Wallet,476143
O1410,12,Kesehatan,Semarang,E-Wallet,366816
O1411,7,Rumah Tangga,Magelang,Transfer Bank,460098
O1412,11,Rumah Tangga,Yogyakarta,E-Wallet,101750
O1413,2,Fashion,Semarang,Transfer Bank,437668
O1414,13,Makanan,Purworejo,COD,232582
O1415,19,Fashion,Semarang,E-Wallet,272187
O1416,6,Elektronik,Solo,E-Wallet,258461
O1417,5,Elektronik,Semarang,COD,188795
O1418,5,Rumah Tangga,Yogyakarta,Kartu Kredit,369507
O1419,5,Makanan,Magelang,E-Wallet,371072
O1420,11,Elektronik,Solo,COD,116344
O1421,18,Fashion,Purworejo,Transfer Bank,310989
O1422,5,Kesehatan,Solo,Transfer Bank,246073
O1423,16,Fashion,Semarang,E-Wallet,262209
O1424,15,Rumah Tangga,Magelang,E-Wallet,419317
O1425,12,Fashion,Solo,E-Wallet,167229
O1426,10,Kesehatan,Solo,Transfer Bank,421064
O1427,11,Makanan,Solo,E-Wallet,493632
O1428,2,Kesehatan,Yogyakarta,E-Wallet,116235
O1429,14,Fashion,Magelang,Kartu Kredit,54069
O1430,14,Elektronik,Yogyakarta,Kartu Kredit,128630
O1431,13,Elektronik,Purworejo,Transfer Bank,403870
O1432,5,Elektronik,Semarang,Transfer Bank,403211
O1433,11,Rumah Tangga,Solo,COD,499038
O1434,3,Elektronik,Yogyakarta,Transfer Bank,473207
O1435,4,Kesehatan,Semarang,COD,461734
O1436,9,Elektronik,Purworejo,Transfer Bank,296909
O1437,7,Elektronik,Yogyakarta,E-Wallet,302547
O1438,17,Fashion,Solo,E-Wallet,127744
O1439,3,Kesehatan,Yogyakarta,Transfer Bank,344016
O1440,9,Fashion,Solo,Transfer Bank,205476
O1441,4,Makanan,Magelang,Transfer Bank,163761
O1442,8,Elektronik,Solo,Transfer Bank,110318
O1443,6,Kesehatan,Semarang,Kartu Kredit,169370
O1444,15,Rumah Tangga,Solo,Transfer Bank,212112
O1445,18,Rumah Tangga,Solo,COD,443945
O1446,17,Kesehatan,Magelang,Transfer Bank,319043
O1447,2,Elektronik,Purworejo,Transfer Bank,216256
O1448,4,Elektronik,Semarang,Kartu Kredit,364626
O1449,7,Kesehatan,Solo,E-Wallet,398062
O1450,17,Kesehatan,Semarang,COD,195605
O1451,4,Makanan,Yogyakarta,Transfer Bank,431437
O1452,9,Kesehatan,Magelang,Kartu Kredit,423302
O1453,14,Fashion,Purworejo,Transfer Bank,89871
O1454,17,Rumah Tangga,Magelang,COD,316783
O1455,9,Fashion,Magelang,Transfer Bank,417087
O1456,7,Elektronik,Magelang,Transfer Bank,333968
O1457,5,Elektronik,Solo,E-Wallet,440023
O1458,6,Rumah Tangga,Solo,E-Wallet,219221
O1459,4,Elektronik,Yogyakarta,Kartu Kredit,352252
O1460,15,Rumah Tangga,Purworejo,Transfer Bank,381291
O1461,9,Rumah Tangga,Semarang,E-Wallet,473990
O1462,5,Fashion,Solo,E-Wallet,241614
O1463,19,Elektronik,Solo,Kartu Kredit,332066
O1464,18,Elektronik,Magelang,Kartu Kredit,365144
O1465,4,Makanan,Solo,Kartu Kredit,245779
O1466,19,Kesehatan,Magelang,Kartu Kredit,445287
O1467,15,Elektronik,Semarang,Kartu Kredit,132701
O1468,6,Kesehatan,Semarang,COD,57423
O1469,11,Rumah Tangga,Yogyakarta,COD,328787
O1470,7,Elektronik,Purworejo,E-Wallet,421611
O1471,13,Kesehatan,Purworejo,COD,305855
O1472,2,Makanan,Solo,COD,391734
O1473,2,Elektronik,Purworejo,E-Wallet,300914
O1474,1,Elektronik,Yogyakarta,E-Wallet,155380
O1475,17,Fashion,Semarang,COD,444828
O1476,15,Rumah Tangga,Magelang,Transfer Bank,364661
O1477,15,Makanan,Purworejo,Transfer Bank,311509
O1478,2,Rumah Tangga,Magelang,E-Wallet,276935
O1479,18,Rumah Tangga,Solo,Kartu Kredit,291761
O1480,12,Fashion,Magelang,Transfer Bank,457313
O1481,8,Kesehatan,Purworejo,COD,384579
O1482,14,Makanan,Semarang,E-Wallet,331081
O1483,18,Kesehatan,Magelang,E-Wallet,78827
O1484,3,Makanan,Solo,Transfer Bank,376424
O1485,1,Fashion,Yogyakarta,Transfer Bank,213312
O1486,5,Rumah Tangga,Semarang,COD,468607
O1487,5,Fashion,Yogyakarta,COD,318470
O1488,4,Rumah Tangga,Solo,E-Wallet,347909
O1489,10,Fashion,Yogyakarta,E-Wallet,228844
O1490,19,Makanan,Semarang,COD,289836
O1491,6,Fashion,Semarang,Transfer Bank,493520
O1492,17,Elektronik,Yogyakarta,E-Wallet,52399
O1493,19,Fashion,Solo,COD,425494
O1494,1,Fashion,Yogyakarta,Transfer Bank,220710
O1495,19,Makanan,Purworejo,COD,71044
O1496,17,Makanan,Magelang,Transfer Bank,457861
O1497,13,Makanan,Solo,COD,135660
O1498,16,Makanan,Solo,COD,385237
O1499,11,Rumah Tangga,Magelang,E-Wallet,276138
O1500,15,Makanan,Semarang,Transfer Bank,108598
O1501,15,Kesehatan,Semarang,E-Wallet,264449
O1502,11,Kesehatan,Solo,Kartu Kredit,241486
O1503,18,Rumah Tangga,Magelang,Transfer Bank,401085
O1504,4,Kesehatan,Magelang,Transfer Bank,340961
O1505,14,Elektronik,Solo,Transfer Bank,344412
O1506,1,Makanan,Yogyakarta,E-Wallet,145437
O1507,6,Makanan,Solo,E-Wallet,337533
O1508,10,Elektronik,Semarang,Transfer Bank,484918
O1509,10,Rumah Tangga,Purworejo,Transfer Bank,90174
O1510,15,Fashion,Semarang,E-Wallet,378261
O1511,19,Makanan,Semarang,COD,339960
O1512,1,Fashion,Semarang,COD,397296
O1513,15,Makanan,Magelang,COD,373497
O1514,20,Rumah Tangga,Solo,Kartu Kredit,251582
O1515,20,Rumah Tangga,Yogyakarta,E-Wallet,155005
O1516,2,Fashion,Semarang,COD,382828
O1517,1,Makanan,Semarang,COD,71960
O1518,4,Kesehatan,Yogyakarta,Kartu Kredit,296769
O1519,14,Makanan,Purworejo,Kartu Kredit,165993
O1520,18,Makanan,Semarang,Transfer Bank,361487
O1521,4,Makanan,Solo,Transfer Bank,72209
O1522,13,Rumah Tangga,Solo,Transfer Bank,196450
O1523,1,Makanan,Magelang,Kartu Kredit,472464
O1524,15,Fashion,Purworejo,E-Wallet,282096
O1525,6,Makanan,Yogyakarta,Kartu Kredit,314457
O1526,6,Rumah Tangga,Magelang,Transfer Bank,94923
O1527,2,Makanan,Purworejo,COD,215409
O1528,5,Rumah Tangga,Magelang,Kartu Kredit,95789
O1529,18,Rumah Tangga,Purworejo,COD,138783
O1530,6,Fashion,Semarang,Transfer Bank,91991
O1531,1,Makanan,Semarang,Transfer Bank,153727
O1532,5,Rumah Tangga,Solo,Transfer Bank,50631
O1533,2,Kesehatan,Semarang,E-Wallet,255359
O1534,14,Fashion,Yogyakarta,Kartu Kredit,392510
O1535,19,Rumah Tangga,Magelang,Transfer Bank,334071
O1536,19,Rumah Tangga,Semarang,E-Wallet,158652
O1537,18,Makanan,Purworejo,E-Wallet,206174
O1538,4,Rumah Tangga,Solo,COD,325709
O1539,6,Fashion,Purworejo,E-Wallet,320491
O1540,10,Elektronik,Magelang,Transfer Bank,265949
O1541,10,Elektronik,Solo,COD,182434
O1542,12,Kesehatan,Purworejo,Transfer Bank,348375
O1543,1,Makanan,Yogyakarta,E-Wallet,169950
O1544,19,Rumah Tangga,Magelang,Kartu Kredit,126678
O1545,17,Makanan,Yogyakarta,Kartu Kredit,92227
O1546,11,Fashion,Yogyakarta,Transfer Bank,406599
O1547,12,Fashion,Magelang,Kartu Kredit,97369
O1548,13,Kesehatan,Yogyakarta,COD,167030
O1549,5,Elektronik,Solo,E-Wallet,107927
O1550,20,Fashion,Yogyakarta,E-Wallet,498149
O1551,9,Rumah Tangga,Purworejo,Transfer Bank,313588
O1552,11,Kesehatan,Yogyakarta,Kartu Kredit,323581
O1553,20,Kesehatan,Semarang,Transfer Bank,160429
O1554,4,Fashion,Magelang,COD,368909
O1555,10,Kesehatan,Solo,Transfer Bank,215018
O1556,19,Kesehatan,Solo,Kartu Kredit,237566
O1557,3,Kesehatan,Semarang,Transfer Bank,157291
O1558,12,Rumah Tangga,Magelang,Kartu Kredit,151950
O1559,16,Fashion,Magelang,COD,473669
O1560,9,Elektronik,Yogyakarta,COD,391153
O1561,20,Fashion,Solo,Kartu Kredit,489548
O1562,1,Rumah Tangga,Solo,COD,304959
O1563,9,Kesehatan,Semarang,Kartu Kredit,349730
O1564,3,Rumah Tangga,Solo,Transfer Bank,104745
O1565,10,Fashion,Semarang,E-Wallet,467219
O1566,5,Rumah Tangga,Purworejo,E-Wallet,224698
O1567,7,Rumah Tangga,Yogyakarta,Kartu Kredit,136089
O1568,16,Rumah Tangga,Yogyakarta,E-Wallet,183097
O1569,5,Elektronik,Semarang,Transfer Bank,349255
O1570,18,Fashion,Yogyakarta,COD,62136
O1571,14,Rumah Tangga,Magelang,Transfer Bank,483680
O1572,9,Rumah Tangga,Purworejo,E-Wallet,182417
O1573,14,Fashion,Purworejo,Transfer Bank,147708
O1574,13,Kesehatan,Purworejo,E-Wallet,201569
O1575,17,Elektronik,Magelang,E-Wallet,58196
O1576,18,Elektronik,Solo,E-Wallet,201882
O1577,1,Makanan,Yogyakarta,E-Wallet,352590
O1578,14,Kesehatan,Semarang,COD,197288
O1579,3,Kesehatan,Purworejo,Kartu Kredit,99812
O1580,15,Kesehatan,Magelang,E-Wallet,324129
O1581,15,Makanan,Semarang,Transfer Bank,162573
O1582,18,Rumah Tangga,Yogyakarta,E-Wallet,269644
O1583,6,Makanan,Magelang,Kartu Kredit,341936
O1584,13,Rumah Tangga,Yogyakarta,Transfer Bank,454795
O1585,15,Kesehatan,Purworejo,Kartu Kredit,333968
O1586,16,Makanan,Magelang,COD,361378
O1587,8,Rumah Tangga,Solo,COD,431266
O1588,20,Elektronik,Purworejo,E-Wallet,130675
O1589,6,Rumah Tangga,Semarang,Kartu Kredit,296407
O1590,6,Makanan,Yogyakarta,Kartu Kredit,287631
O1591,3,Kesehatan,Purworejo,COD,171187
O1592,13,Makanan,Magelang,COD,92030
O1593,7,Elektronik,Purworejo,COD,125418
O1594,20,Rumah Tangga,Purworejo,Kartu Kredit,393294
O1595,6,Makanan,Magelang,Kartu Kredit,329121
O1596,19,Rumah Tangga,Purworejo,Kartu Kredit,398513
O1597,20,Fashion,Solo,COD,414754
O1598,13,Fashion,Semarang,COD,142444
O1599,1,Makanan,Magelang,E-Wallet,451267
O1600,16,Makanan,Semarang,Kartu Kredit,441818
O1601,7,Elektronik,Semarang,Transfer Bank,128382
O1602,19,Kesehatan,Magelang,COD,124233
O1603,18,Rumah Tangga,Purworejo,Kartu Kredit,78558
O1604,3,Rumah Tangga,Magelang,Kartu Kredit,431964
O1605,16,Makanan,Solo,Transfer Bank,312129
O1606,7,Kesehatan,Semarang,E-Wallet,422822
O1607,14,Elektronik,Yogyakarta,Transfer Bank,154384
O1608,18,Kesehatan,Purworejo,Kartu Kredit,228714
O1609,4,Fashion,Solo,E-Wallet,145556
O1610,12,Elektronik,Semarang,E-Wallet,179076
O1611,16,Rumah Tangga,Purworejo,Transfer Bank,239771
O1612,9,Makanan,Semarang,Transfer Bank,375951
O1613,17,Makanan,Solo,E-Wallet,289355
O1614,13,Fashion,Yogyakarta,Transfer Bank,389160
O1615,2,Fashion,Magelang,Kartu Kredit,67557
O1616,5,Fashion,Magelang,Kartu Kredit,59218
O1617,18,Makanan,Purworejo,E-Wallet,360624
O1618,14,Fashion,Solo,E-Wallet,61033
O1619,18,Makanan,Solo,Kartu Kredit,364760
O1620,7,Makanan,Yogyakarta,Transfer Bank,491527
O1621,4,Rumah Tangga,Yogyakarta,Transfer Bank,212565
O1622,4,Fashion,Magelang,Transfer Bank,331332
O1623,6,Rumah Tangga,Yogyakarta,COD,68862
O1624,1,Rumah Tangga,Magelang,Kartu Kredit,53816
O1625,18,Kesehatan,Yogyakarta,COD,217968
O1626,19,Elektronik,Magelang,Kartu Kredit,152043
O1627,20,Rumah Tangga,Solo,Kartu Kredit,186709
O1628,3,Elektronik,Magelang,E-Wallet,213805
O1629,3,Kesehatan,Yogyakarta,Transfer Bank,409181
O1630,12,Rumah Tangga,Purworejo,COD,352442
O1631,1,Elektronik,Purworejo,Kartu Kredit,474383
O1632,20,Rumah Tangga,Magelang,Kartu Kredit,225697
O1633,17,Rumah Tangga,Magelang,E-Wallet,404938
O1634,4,Kesehatan,Magelang,Transfer Bank,222116
O1635,17,Rumah Tangga,Semarang,Kartu Kredit,238595
O1636,13,Elektronik,Solo,COD,299384
O1637,10,Fashion,Magelang,Transfer Bank,418023
O1638,7,Elektronik,Purworejo,E-Wallet,66576
O1639,12,Fashion,Semarang,E-Wallet,190856
O1640,8,Elektronik,Magelang,Kartu Kredit,94497
O1641,10,Rumah Tangga,Yogyakarta,Transfer Bank,352808
O1642,6,Makanan,Yogyakarta,E-Wallet,476676
O1643,4,Rumah Tangga,Purworejo,E-Wallet,432007
O1644,13,Rumah Tangga,Magelang,E-Wallet,271771
O1645,20,Fashion,Magelang,COD,79030
O1646,11,Kesehatan,Semarang,COD,116631
O1647,4,Makanan,Magelang,E-Wallet,400347
O1648,12,Makanan,Purworejo,Transfer Bank,311306
O1649,7,Makanan,Solo,Kartu Kredit,219479
O1650,16,Kesehatan,Solo,COD,356777
O1651,15,Rumah Tangga,Magelang,E-Wallet,226946
O1652,7,Kesehatan,Semarang,Kartu Kredit,169445
O1653,9,Kesehatan,Magelang,COD,476026
O1654,1,Rumah Tangga,Purworejo,COD,222629
O1655,7,Elektronik,Magelang,Kartu Kredit,86860
O1656,20,Rumah Tangga,Yogyakarta,E-Wallet,396113
O1657,14,Elektronik,Purworejo,Transfer Bank,400735
O1658,3,Fashion,Magelang,E-Wallet,94579
O1659,11,Fashion,Semarang,Transfer Bank,308282
O1660,9,Rumah Tangga,Semarang,COD,298310
O1661,11,Fashion,Purworejo,Kartu Kredit,110451
O1662,14,Fashion,Semarang,Kartu Kredit,285062
O1663,19,Fashion,Purworejo,Transfer Bank,118171
O1664,19,Rumah Tangga,Magelang,COD,284515
O1665,6,Kesehatan,Purworejo,COD,299298
O1666,4,Elektronik,Semarang,E-Wallet,383387
O1667,20,Kesehatan,Purworejo,COD,320947
O1668,16,Kesehatan,Solo,COD,300364
O1669,15,Elektronik,Magelang,Kartu Kredit,270645
O1670,10,Fashion,Yogyakarta,COD,401633
O1671,8,Elektronik,Purworejo,Transfer Bank,312486
O1672,7,Rumah Tangga,Solo,E-Wallet,158380
O1673,6,Rumah Tangga,Purworejo,Transfer Bank,216339
O1674,15,Makanan,Semarang,Transfer Bank,317431
O1675,5,Elektronik,Magelang,E-Wallet,456537
O1676,15,Makanan,Solo,Transfer Bank,412554
O1677,6,Makanan,Purworejo,COD,172702
O1678,4,Kesehatan,Yogyakarta,Kartu Kredit,136981
O1679,13,Kesehatan,Semarang,Transfer Bank,298629
O1680,14,Makanan,Magelang,COD,372051
O1681,4,Elektronik,Magelang,COD,329376
O1682,19,Rumah Tangga,Solo,COD,103447
O1683,20,Kesehatan,Yogyakarta,Transfer Bank,498541
O1684,15,Makanan,Semarang,Transfer Bank,388449
O1685,9,Kesehatan,Yogyakarta,Transfer Bank,282785
O1686,3,Elektronik,Semarang,COD,411333
O1687,18,Elektronik,Solo,Kartu Kredit,246426
O1688,2,Elektronik,Semarang,Kartu Kredit,253184
O1689,20,Elektronik,Yogyakarta,Kartu Kredit,464311
O1690,1,Fashion,Semarang,COD,309376
O1691,4,Elektronik,Solo,E-Wallet,176032
O1692,3,Kesehatan,Solo,Kartu Kredit,341783
O1693,1,Elektronik,Magelang,E-Wallet,330617
O1694,16,Elektronik,Semarang,COD,333082
O1695,12,Rumah Tangga,Semarang,Transfer Bank,264998
O1696,12,Kesehatan,Solo,E-Wallet,193215
O1697,4,Elektronik,Yogyakarta,E-Wallet,470086
O1698,4,Rumah Tangga,Magelang,E-Wallet,212919
O1699,3,Kesehatan,Semarang,COD,111840
O1700,16,Kesehatan,Magelang,Transfer Bank,121005
O1701,20,Rumah Tangga,Purworejo,COD,169439
O1702,19,Fashion,Yogyakarta,Transfer Bank,461091
O1703,13,Rumah Tangga,Purworejo,Transfer Bank,189083
O1704,3,Rumah Tangga,Magelang,Kartu Kredit,313703
O1705,5,Elektronik,Solo,Kartu Kredit,176947
O1706,16,Fashion,Yogyakarta,Kartu Kredit,271114
O1707,12,Rumah Tangga,Solo,Transfer Bank,93582
O1708,16,Kesehatan,Magelang,Transfer Bank,54982
O1709,17,Elektronik,Yogyakarta,Kartu Kredit,389296
O1710,4,Elektronik,Semarang,E-Wallet,158740
O1711,13,Kesehatan,Semarang,Kartu Kredit,428080
O1712,1,Rumah Tangga,Magelang,Transfer Bank,451282
O1713,20,Makanan,Yogyakarta,E-Wallet,172798
O1714,3,Elektronik,Yogyakarta,Kartu Kredit,287890
O1715,3,Makanan,Solo,Kartu Kredit,328857
O1716,16,Kesehatan,Purworejo,E-Wallet,476047
O1717,20,Makanan,Yogyakarta,COD,330039
O1718,6,Elektronik,Magelang,Transfer Bank,403330
O1719,5,Rumah Tangga,Solo,Kartu Kredit,54940
O1720,9,Rumah Tangga,Magelang,COD,323269
O1721,16,Rumah Tangga,Purworejo,Transfer Bank,459808
O1722,13,Fashion,Purworejo,COD,431657
O1723,6,Kesehatan,Yogyakarta,Transfer Bank,79073
O1724,8,Kesehatan,Solo,E-Wallet,207507
O1725,15,Kesehatan,Semarang,E-Wallet,453351
O1726,1,Kesehatan,Magelang,Kartu Kredit,371419
O1727,17,Fashion,Magelang,COD,108435
O1728,7,Makanan,Semarang,COD,338460
O1729,5,Elektronik,Purworejo,E-Wallet,164483
O1730,15,Kesehatan,Solo,Transfer Bank,262354
O1731,3,Elektronik,Purworejo,COD,160935
O1732,14,Elektronik,Magelang,Kartu Kredit,90789
O1733,13,Makanan,Purworejo,Transfer Bank,259658
O1734,8,Makanan,Yogyakarta,Kartu Kredit,337374
O1735,2,Fashion,Magelang,COD,116701
O1736,7,Rumah Tangga,Magelang,Kartu Kredit,289954
O1737,14,Makanan,Semarang,E-Wallet,221252
O1738,8,Makanan,Semarang,Kartu Kredit,278637
O1739,1,Fashion,Solo,Kartu Kredit,355567
O1740,18,Kesehatan,Semarang,Kartu Kredit,362633
O1741,3,Rumah Tangga,Magelang,Transfer Bank,316509
O1742,15,Makanan,Magelang,E-Wallet,397568
O1743,2,Rumah Tangga,Magelang,Transfer Bank,110113
O1744,4,Makanan,Semarang,E-Wallet,110324
O1745,14,Elektronik,Yogyakarta,E-Wallet,55945
O1746,14,Kesehatan,Magelang,Transfer Bank,313034
O1747,14,Kesehatan,Solo,Transfer Bank,470295
O1748,5,Fashion,Solo,COD,406883
O1749,14,Rumah Tangga,Semarang,COD,296187
O1750,9,Kesehatan,Purworejo,COD,146257
O1751,15,Fashion,Semarang,Kartu Kredit,299161
O1752,7,Makanan,Magelang,E-Wallet,396068
O1753,17,Fashion,Magelang,Transfer Bank,60399
O1754,16,Rumah Tangga,Solo,COD,351327
O1755,9,Elektronik,Magelang,Kartu Kredit,482108
O1756,6,Fashion,Semarang,Transfer Bank,456960
O1757,1,Kesehatan,Magelang,Kartu Kredit,445380
O1758,12,Fashion,Solo,Kartu Kredit,423988
O1759,15,Kesehatan,Solo,Kartu Kredit,207433
O1760,16,Elektronik,Yogyakarta,Transfer Bank,87024
O1761,2,Rumah Tangga,Yogyakarta,Transfer Bank,412436
O1762,19,Elektronik,Solo,E-Wallet,465270
O1763,5,Kesehatan,Magelang,Transfer Bank,418483
O1764,16,Kesehatan,Semarang,E-Wallet,419287
O1765,15,Kesehatan,Yogyakarta,Transfer Bank,472376
O1766,4,Fashion,Magelang,Transfer Bank,397772
O1767,4,Rumah Tangga,Yogyakarta,Transfer Bank,379081
O1768,4,Rumah Tangga,Solo,Kartu Kredit,342078
O1769,3,Makanan,Semarang,E-Wallet,205525
O1770,17,Makanan,Purworejo,Transfer Bank,389264
O1771,14,Fashion,Solo,E-Wallet,119911
O1772,3,Fashion,Magelang,E-Wallet,378350
O1773,7,Rumah Tangga,Yogyakarta,Kartu Kredit,467945
O1774,10,Rumah Tangga,Magelang,Transfer Bank,422192
O1775,9,Rumah Tangga,Semarang,E-Wallet,270173
O1776,13,Elektronik,Magelang,Kartu Kredit,390840
O1777,4,Makanan,Solo,COD,344092
O1778,18,Elektronik,Semarang,Kartu Kredit,393286
O1779,17,Elektronik,Semarang,Kartu Kredit,267694
O1780,18,Fashion,Yogyakarta,E-Wallet,70753
O1781,20,Kesehatan,Magelang,Transfer Bank,317159
O1782,8,Rumah Tangga,Semarang,E-Wallet,80525
O1783,14,Elektronik,Solo,Kartu Kredit,465679
O1784,4,Elektronik,Yogyakarta,E-Wallet,72682
O1785,13,Fashion,Solo,Kartu Kredit,280703
O1786,19,Elektronik,Magelang,COD,360433
O1787,14,Rumah Tangga,Magelang,E-Wallet,401546
O1788,14,Kesehatan,Yogyakarta,Transfer Bank,63237
O1789,13,Makanan,Yogyakarta,COD,337558
O1790,11,Rumah Tangga,Magelang,COD,154231
O1791,8,Fashion,Purworejo,Transfer Bank,347025
O1792,12,Kesehatan,Solo,COD,365391
O1793,18,Makanan,Semarang,Kartu Kredit,496542
O1794,20,Fashion,Semarang,Kartu Kredit,458405
O1795,19,Kesehatan,Solo,E-Wallet,83100
O1796,10,Kesehatan,Semarang,Kartu Kredit,443308
O1797,20,Fashion,Purworejo,E-Wallet,111804
O1798,18,Fashion,Magelang,E-Wallet,64356
O1799,8,Fashion,Magelang,Kartu Kredit,84281
O1800,7,Kesehatan,Semarang,COD,212298
O1801,1,Fashion,Yogyakarta,E-Wallet,261389
O1802,7,Elektronik,Magelang,Kartu Kredit,392293
O1803,8,Makanan,Yogyakarta,E-Wallet,439861
O1804,8,Fashion,Magelang,COD,324395
O1805,6,Makanan,Yogyakarta,E-Wallet,494528
O1806,6,Elektronik,Purworejo,COD,242421
O1807,9,Kesehatan,Purworejo,Kartu Kredit,440224
O1808,20,Makanan,Semarang,E-Wallet,369043
O1809,20,Elektronik,Purworejo,E-Wallet,90770
O1810,15,Makanan,Magelang,E-Wallet,264566
O1811,14,Makanan,Yogyakarta,Kartu Kredit,105066
O1812,12,Rumah Tangga,Solo,E-Wallet,124202
O1813,15,Kesehatan,Magelang,E-Wallet,214172
O1814,19,Kesehatan,Yogyakarta,E-Wallet,236220
O1815,5,Makanan,Purworejo,COD,277827
O1816,4,Kesehatan,Magelang,Kartu Kredit,173901
O1817,5,Rumah Tangga,Semarang,Kartu Kredit,333619
O1818,17,Elektronik,Semarang,COD,438572
O1819,15,Fashion,Magelang,Kartu Kredit,252094
O1820,2,Makanan,Magelang,Transfer Bank,407571
O1821,19,Makanan,Yogyakarta,Transfer Bank,472531
O1822,15,Fashion,Solo,E-Wallet,319141
O1823,4,Fashion,Purworejo,Transfer Bank,104285
O1824,14,Makanan,Yogyakarta,E-Wallet,496169
O1825,19,Fashion,Solo,E-Wallet,420885
O1826,9,Fashion,Yogyakarta,E-Wallet,111918
O1827,8,Fashion,Semarang,E-Wallet,50346
O1828,6,Makanan,Semarang,E-Wallet,348357
O1829,17,Fashion,Magelang,Transfer Bank,304041
O1830,9,Kesehatan,Magelang,Kartu Kredit,257451
O1831,7,Kesehatan,Purworejo,Transfer Bank,217120
O1832,7,Rumah Tangga,Semarang,COD,182210
O1833,14,Fashion,Yogyakarta,COD,486393
O1834,4,Makanan,Semarang,COD,61361
O1835,7,Makanan,Purworejo,COD,223236
O1836,17,Rumah Tangga,Semarang,Kartu Kredit,168172
O1837,6,Fashion,Solo,Transfer Bank,237559
O1838,11,Elektronik,Magelang,Kartu Kredit,322831
O1839,9,Kesehatan,Yogyakarta,Kartu Kredit,253982
O1840,8,Fashion,Yogyakarta,Kartu Kredit,254288
O1841,11,Kesehatan,Magelang,Transfer Bank,364638
O1842,5,Rumah Tangga,Magelang,E-Wallet,306267
O1843,6,Fashion,Purworejo,COD,339900
O1844,12,Elektronik,Semarang,Transfer Bank,114709
O1845,14,Kesehatan,Solo,Kartu Kredit,245937
O1846,17,Elektronik,Solo,COD,412076
O1847,10,Fashion,Magelang,Kartu Kredit,233786
O1848,16,Elektronik,Magelang,Kartu Kredit,405011
O1849,13,Elektronik,Magelang,COD,277183
O1850,15,Makanan,Semarang,Kartu Kredit,106116
O1851,2,Makanan,Yogyakarta,Kartu Kredit,417309
O1852,16,Rumah Tangga,Solo,COD,305420
O1853,14,Elektronik,Semarang,Transfer Bank,76694
O1854,3,Elektronik,Semarang,E-Wallet,342632
O1855,16,Kesehatan,Semarang,Kartu Kredit,423204
O1856,15,Elektronik,Yogyakarta,COD,469230
O1857,6,Makanan,Magelang,COD,128890
O1858,14,Rumah Tangga,Magelang,Transfer Bank,483105
O1859,19,Elektronik,Magelang,Transfer Bank,99660
O1860,7,Fashion,Solo,E-Wallet,378084
O1861,6,Rumah Tangga,Solo,Transfer Bank,486213
O1862,1,Elektronik,Yogyakarta,Kartu Kredit,319705
O1863,19,Fashion,Magelang,COD,133892
O1864,8,Rumah Tangga,Solo,COD,268012
O1865,6,Fashion,Yogyakarta,COD,444628
O1866,15,Fashion,Solo,E-Wallet,299555
O1867,18,Makanan,Magelang,E-Wallet,477517
O1868,4,Rumah Tangga,Solo,COD,200303
O1869,7,Makanan,Solo,E-Wallet,400570
O1870,7,Kesehatan,Solo,E-Wallet,197032
O1871,20,Kesehatan,Semarang,Transfer Bank,385307
O1872,6,Fashion,Solo,COD,171209
O1873,9,Kesehatan,Purworejo,Transfer Bank,438436
O1874,10,Fashion,Magelang,E-Wallet,292475
O1875,16,Rumah Tangga,Semarang,Kartu Kredit,95383
O1876,6,Rumah Tangga,Yogyakarta,COD,287071
O1877,15,Kesehatan,Semarang,COD,177796
O1878,15,Elektronik,Semarang,E-Wallet,302242
O1879,7,Fashion,Semarang,COD,490921
O1880,5,Rumah Tangga,Solo,COD,361115
O1881,18,Makanan,Semarang,Kartu Kredit,322734
O1882,4,Rumah Tangga,Semarang,E-Wallet,144802
O1883,18,Kesehatan,Semarang,COD,318313
O1884,11,Makanan,Purworejo,COD,407420
O1885,6,Rumah Tangga,Magelang,Transfer Bank,209236
O1886,6,Fashion,Magelang,E-Wallet,368992
O1887,14,Kesehatan,Magelang,E-Wallet,159834
O1888,6,Elektronik,Yogyakarta,Kartu Kredit,468792
O1889,5,Elektronik,Semarang,COD,226360
O1890,15,Makanan,Semarang,Kartu Kredit,227343
O1891,17,Elektronik,Yogyakarta,E-Wallet,464904
O1892,7,Makanan,Magelang,E-Wallet,301416
O1893,6,Kesehatan,Purworejo,E-Wallet,197995
O1894,8,Kesehatan,Solo,Transfer Bank,147197
O1895,17,Fashion,Semarang,E-Wallet,404058
O1896,18,Elektronik,Magelang,E-Wallet,446366
O1897,9,Rumah Tangga,Semarang,Kartu Kredit,221745
O1898,18,Rumah Tangga,Yogyakarta,E-Wallet,276400
O1899,20,Makanan,Purworejo,E-Wallet,188972
O1900,9,Fashion,Semarang,E-Wallet,144885
O1901,17,Elektronik,Yogyakarta,Kartu Kredit,176608
O1902,10,Fashion,Solo,Kartu Kredit,465707
O1903,19,Rumah Tangga,Semarang,Transfer Bank,352803
O1904,2,Elektronik,Solo,Kartu Kredit,185920
O1905,8,Makanan,Purworejo,Transfer Bank,466921
O1906,4,Elektronik,Yogyakarta,Transfer Bank,109240
O1907,17,Rumah Tangga,Semarang,Kartu Kredit,458181
O1908,5,Fashion,Yogyakarta,Kartu Kredit,159557
O1909,4,Kesehatan,Purworejo,Transfer Bank,297898
O1910,20,Elektronik,Magelang,Kartu Kredit,239765
O1911,16,Elektronik,Magelang,Kartu Kredit,112232
O1912,12,Fashion,Semarang,E-Wallet,495621
O1913,2,Kesehatan,Solo,Transfer Bank,107994
O1914,2,Fashion,Yogyakarta,Transfer Bank,206214
O1915,17,Elektronik,Yogyakarta,E-Wallet,472832
O1916,12,Rumah Tangga,Yogyakarta,Kartu Kredit,191882
O1917,16,Kesehatan,Magelang,Transfer Bank,436566
O1918,7,Kesehatan,Solo,Transfer Bank,352475
O1919,14,Rumah Tangga,Purworejo,Kartu Kredit,345558
O1920,15,Elektronik,Yogyakarta,E-Wallet,296715
O1921,16,Fashion,Purworejo,Transfer Bank,139828
O1922,20,Fashion,Purworejo,COD,229396
O1923,14,Kesehatan,Semarang,E-Wallet,426714
O1924,1,Fashion,Semarang,Transfer Bank,139506
O1925,1,Makanan,Yogyakarta,COD,54973
O1926,4,Rumah Tangga,Yogyakarta,COD,63374
O1927,14,Rumah Tangga,Semarang,COD,112043
O1928,15,Fashion,Yogyakarta,Kartu Kredit,388913
O1929,1,Kesehatan,Semarang,COD,347568
O1930,18,Fashion,Semarang,Kartu Kredit,175550
O1931,9,Rumah Tangga,Yogyakarta,E-Wallet,427229
O1932,15,Makanan,Magelang,Kartu Kredit,436776
O1933,15,Elektronik,Magelang,E-Wallet,192850
O1934,19,Elektronik,Solo,E-Wallet,131801
O1935,15,Rumah Tangga,Purworejo,COD,358130
O1936,10,Kesehatan,Yogyakarta,COD,140451
O1937,9,Fashion,Yogyakarta,COD,215273
O1938,3,Kesehatan,Magelang,Transfer Bank,463929
O1939,15,Kesehatan,Purworejo,Kartu Kredit,351293
O1940,1,Fashion,Purworejo,COD,171680
O1941,19,Fashion,Yogyakarta,COD,379996
O1942,20,Rumah Tangga,Solo,E-Wallet,385638
O1943,14,Makanan,Purworejo,E-Wallet,425253
O1944,6,Fashion,Semarang,Kartu Kredit,273755
O1945,12,Kesehatan,Purworejo,COD,245264
O1946,10,Makanan,Purworejo,Kartu Kredit,138768
O1947,5,Elektronik,Solo,COD,463160
O1948,11,Makanan,Magelang,Transfer Bank,185911
O1949,17,Elektronik,Semarang,E-Wallet,154099
O1950,12,Rumah Tangga,Magelang,Kartu Kredit,121389
O1951,10,Kesehatan,Magelang,COD,441147
O1952,16,Kesehatan,Yogyakarta,E-Wallet,236870
O1953,9,Elektronik,Magelang,Kartu Kredit,194978
O1954,15,Elektronik,Yogyakarta,E-Wallet,306207
O1955,7,Makanan,Magelang,COD,271198
O1956,19,Makanan,Semarang,Kartu Kredit,211733
O1957,7,Fashion,Yogyakarta,E-Wallet,103903
O1958,13,Kesehatan,Semarang,COD,373201
O1959,2,Kesehatan,Solo,Kartu Kredit,192226
O1960,11,Fashion,Purworejo,Kartu Kredit,280985
O1961,1,Kesehatan,Magelang,Kartu Kredit,467828
O1962,16,Rumah Tangga,Purworejo,COD,151173
O1963,2,Rumah Tangga,Yogyakarta,Kartu Kredit,304533
O1964,4,Kesehatan,Purworejo,E-Wallet,299700
O1965,14,Makanan,Magelang,Kartu Kredit,305329
O1966,19,Kesehatan,Solo,Transfer Bank,121366
O1967,19,Kesehatan,Purworejo,E-Wallet,180247
O1968,19,Makanan,Magelang,Transfer Bank,363488
O1969,14,Elektronik,Solo,COD,235039
O1970,9,Fashion,Semarang,Transfer Bank,144881
O1971,7,Kesehatan,Solo,Transfer Bank,55643
O1972,12,Fashion,Solo,Kartu Kredit,265268
O1973,6,Elektronik,Magelang,Transfer Bank,80182
O1974,16,Rumah Tangga,Solo,Kartu Kredit,140728
O1975,12,Rumah Tangga,Semarang,E-Wallet,442604
O1976,10,Fashion,Yogyakarta,COD,76511
O1977,13,Elektronik,Magelang,Transfer Bank,107956
O1978,7,Elektronik,Semarang,Kartu Kredit,220532
O1979,13,Fashion,Purworejo,E-Wallet,166899
O1980,13,Elektronik,Purworejo,Kartu Kredit,435462
O1981,19,Makanan,Purworejo,COD,270185
O1982,20,Elektronik,Semarang,COD,176856
O1983,4,Fashion,Semarang,Kartu Kredit,387917
O1984,19,Elektronik,Semarang,COD,496322
O1985,20,Kesehatan,Yogyakarta,Transfer Bank,77389
O1986,9,Kesehatan,Purworejo,Kartu Kredit,255105
O1987,19,Elektronik,Yogyakarta,COD,475269
O1988,7,Rumah Tangga,Solo,COD,152157
O1989,14,Kesehatan,Semarang,Kartu Kredit,376582
O1990,10,Elektronik,Purworejo,E-Wallet,51737
O1991,18,Elektronik,Solo,Kartu Kredit,134738
O1992,19,Rumah Tangga,Magelang,COD,402067
O1993,12,Rumah Tangga,Semarang,Kartu Kredit,287594
O1994,1,Elektronik,Solo,E-Wallet,280215
O1995,2,Rumah Tangga,Solo,E-Wallet,77655
O1996,16,Fashion,Semarang,COD,160890
O1997,10,Makanan,Yogyakarta,COD,444586
O1998,9,Elektronik,Magelang,Transfer Bank,300653
O1999,1,Kesehatan,Semarang,E-Wallet,423307
O2000,13,Kesehatan,Solo,E-Wallet,195735
O2001,6,Fashion,Magelang,COD,277164
O2002,11,Kesehatan,Semarang,COD,364582
O2003,6,Makanan,Semarang,COD,450484
O2004,3,Fashion,Semarang,Transfer Bank,322093
O2005,11,Makanan,Semarang,COD,102408
O2006,9,Fashion,Solo,Transfer Bank,210272
O2007,4,Rumah Tangga,Purworejo,COD,304988
O2008,2,Rumah Tangga,Magelang,COD,283035
O2009,18,Rumah Tangga,Solo,Kartu Kredit,51464
O2010,16,Makanan,Yogyakarta,E-Wallet,113954
O2011,15,Kesehatan,Purworejo,E-Wallet,133170
O2012,14,Elektronik,Semarang,COD,134151
O2013,10,Fashion,Solo,Transfer Bank,473327
O2014,10,Rumah Tangga,Yogyakarta,Transfer Bank,376357
O2015,8,Rumah Tangga,Solo,Transfer Bank,317347
O2016,14,Kesehatan,Magelang,COD,137465
O2017,6,Fashion,Purworejo,COD,197673
O2018,6,Kesehatan,Yogyakarta,COD,387294
O2019,10,Fashion,Solo,Kartu Kredit,178506
O2020,8,Rumah Tangga,Magelang,COD,96865
O2021,1,Makanan,Yogyakarta,E-Wallet,157447
O2022,4,Elektronik,Solo,E-Wallet,383618
O2023,9,Makanan,Solo,Kartu Kredit,231433
O2024,7,Elektronik,Solo,COD,64050
O2025,20,Fashion,Solo,COD,109729
O2026,16,Rumah Tangga,Yogyakarta,COD,447900
O2027,15,Kesehatan,Magelang,E-Wallet,199432
O2028,8,Kesehatan,Purworejo,E-Wallet,181860
O2029,8,Rumah Tangga,Semarang,E-Wallet,316072
O2030,14,Elektronik,Yogyakarta,COD,479168
O2031,5,Kesehatan,Semarang,E-Wallet,370337
O2032,9,Rumah Tangga,Solo,Transfer Bank,366799
O2033,13,Fashion,Solo,Kartu Kredit,322774
O2034,7,Elektronik,Purworejo,Kartu Kredit,325271
O2035,3,Elektronik,Solo,COD,409088
O2036,20,Makanan,Semarang,E-Wallet,324013
O2037,19,Kesehatan,Solo,Kartu Kredit,388306
O2038,15,Elektronik,Purworejo,Kartu Kredit,397536
O2039,1,Rumah Tangga,Semarang,E-Wallet,343794
O2040,12,Elektronik,Purworejo,Transfer Bank,307118
O2041,20,Elektronik,Purworejo,E-Wallet,447944
O2042,11,Kesehatan,Yogyakarta,COD,241900
O2043,4,Makanan,Yogyakarta,Transfer Bank,247784
O2044,12,Fashion,Purworejo,E-Wallet,137947
O2045,8,Elektronik,Solo,COD,311582
O2046,15,Elektronik,Yogyakarta,Transfer Bank,51380
O2047,17,Fashion,Solo,Kartu Kredit,280231
O2048,19,Kesehatan,Semarang,Kartu Kredit,319050
O2049,9,Rumah Tangga,Magelang,Transfer Bank,391920
O2050,9,Rumah Tangga,Semarang,Transfer Bank,51460
O2051,2,Elektronik,Purworejo,COD,88603
O2052,8,Rumah Tangga,Magelang,COD,249725
O2053,3,Fashion,Semarang,Transfer Bank,248204
O2054,14,Fashion,Semarang,Transfer Bank,112957
O2055,8,Kesehatan,Semarang,Transfer Bank,299945
O2056,20,Elektronik,Yogyakarta,E-Wallet,313369
O2057,8,Kesehatan,Semarang,Transfer Bank,208218
O2058,4,Fashion,Purworejo,COD,477675
O2059,6,Elektronik,Purworejo,COD,305305
O2060,3,Rumah Tangga,Purworejo,E-Wallet,247779
O2061,11,Elektronik,Magelang,Transfer Bank,254453
O2062,7,Fashion,Magelang,Kartu Kredit,414876
O2063,11,Fashion,Semarang,COD,146521
O2064,7,Fashion,Semarang,E-Wallet,314247
O2065,4,Rumah Tangga,Semarang,Transfer Bank,247269
O2066,4,Makanan,Yogyakarta,Kartu Kredit,272387
O2067,20,Elektronik,Purworejo,COD,346717
O2068,5,Rumah Tangga,Magelang,Kartu Kredit,287861
O2069,15,Kesehatan,Solo,COD,426118
O2070,12,Kesehatan,Magelang,E-Wallet,287130
O2071,7,Kesehatan,Solo,Transfer Bank,357124
O2072,4,Rumah Tangga,Magelang,E-Wallet,78869
O2073,5,Kesehatan,Yogyakarta,E-Wallet,387361
O2074,13,Rumah Tangga,Semarang,Transfer Bank,210584
O2075,14,Rumah Tangga,Magelang,COD,464523
O2076,4,Makanan,Purworejo,Transfer Bank,177172
O2077,10,Fashion,Purworejo,E-Wallet,122703
O2078,17,Elektronik,Magelang,Transfer Bank,190722
O2079,9,Kesehatan,Purworejo,COD,409450
O2080,5,Makanan,Magelang,Transfer Bank,462702
O2081,4,Makanan,Solo,Transfer Bank,71868
O2082,20,Elektronik,Yogyakarta,Transfer Bank,292535
O2083,6,Makanan,Semarang,Transfer Bank,235109
O2084,2,Elektronik,Semarang,E-Wallet,278801
O2085,19,Fashion,Magelang,Transfer Bank,175660
O2086,20,Kesehatan,Purworejo,E-Wallet,77684
O2087,10,Elektronik,Yogyakarta,Transfer Bank,134976
O2088,3,Makanan,Solo,COD,221560
O2089,11,Makanan,Yogyakarta,COD,223213
O2090,9,Elektronik,Yogyakarta,Kartu Kredit,130696
O2091,12,Rumah Tangga,Solo,COD,133280
O2092,3,Kesehatan,Solo,COD,307653
O2093,2,Makanan,Semarang,E-Wallet,221947
O2094,3,Elektronik,Solo,Transfer Bank,345012
O2095,5,Fashion,Purworejo,COD,384564
O2096,16,Rumah Tangga,Semarang,Transfer Bank,236865
O2097,9,Elektronik,Yogyakarta,COD,365901
O2098,17,Makanan,Magelang,Transfer Bank,476533
O2099,3,Makanan,Yogyakarta,E-Wallet,324011
O2100,13,Fashion,Purworejo,E-Wallet,130219
O2101,17,Rumah Tangga,Purworejo,COD,150337
O2102,20,Elektronik,Solo,Transfer Bank,214052
O2103,14,Rumah Tangga,Solo,Kartu Kredit,211641
O2104,17,Fashion,Purworejo,Kartu Kredit,314050
O2105,9,Fashion,Semarang,Kartu Kredit,279980
O2106,9,Rumah Tangga,Magelang,COD,294488
O2107,12,Kesehatan,Purworejo,Kartu Kredit,160637
O2108,13,Fashion,Yogyakarta,Kartu Kredit,374149
O2109,18,Kesehatan,Semarang,COD,281294
O2110,7,Fashion,Solo,Kartu Kredit,93774
O2111,5,Rumah Tangga,Purworejo,Kartu Kredit,218104
O2112,15,Elektronik,Yogyakarta,Kartu Kredit,349855
O2113,11,Fashion,Magelang,Transfer Bank,214162
O2114,5,Makanan,Semarang,E-Wallet,363160
O2115,19,Makanan,Yogyakarta,Kartu Kredit,388036
O2116,18,Elektronik,Solo,Transfer Bank,377860
O2117,20,Makanan,Semarang,Transfer Bank,428089
O2118,6,Makanan,Solo,COD,59915
O2119,8,Rumah Tangga,Purworejo,Kartu Kredit,326462
O2120,2,Kesehatan,Magelang,Transfer Bank,445923
O2121,16,Fashion,Yogyakarta,COD,107822
O2122,5,Elektronik,Magelang,E-Wallet,378049
O2123,19,Kesehatan,Solo,Kartu Kredit,111365
O2124,9,Makanan,Solo,E-Wallet,306212
O2125,18,Makanan,Semarang,Kartu Kredit,206846
O2126,20,Elektronik,Semarang,Kartu Kredit,274043
O2127,14,Kesehatan,Semarang,E-Wallet,217046
O2128,18,Rumah Tangga,Yogyakarta,Transfer Bank,160108
O2129,11,Rumah Tangga,Yogyakarta,Kartu Kredit,283820
O2130,7,Makanan,Yogyakarta,Kartu Kredit,373013
O2131,10,Elektronik,Purworejo,E-Wallet,75667
O2132,11,Rumah Tangga,Solo,COD,216675
O2133,17,Kesehatan,Semarang,Kartu Kredit,159273
O2134,8,Elektronik,Magelang,E-Wallet,427094
O2135,9,Elektronik,Solo,Kartu Kredit,319783
O2136,6,Kesehatan,Semarang,COD,236192
O2137,15,Rumah Tangga,Semarang,Kartu Kredit,389154
O2138,18,Rumah Tangga,Yogyakarta,Kartu Kredit,314643
O2139,2,Rumah Tangga,Magelang,COD,270274
O2140,17,Kesehatan,Semarang,Transfer Bank,477869
O2141,18,Kesehatan,Magelang,E-Wallet,90112
O2142,7,Rumah Tangga,Purworejo,Kartu Kredit,192808
O2143,14,Fashion,Purworejo,COD,220453
O2144,6,Fashion,Semarang,Kartu Kredit,128228
O2145,16,Fashion,Magelang,Kartu Kredit,190177
O2146,10,Rumah Tangga,Solo,Transfer Bank,365838
O2147,8,Fashion,Purworejo,COD,363608
O2148,19,Elektronik,Purworejo,Kartu Kredit,370433
O2149,14,Elektronik,Semarang,COD,147920
O2150,7,Kesehatan,Magelang,COD,308522
O2151,17,Makanan,Yogyakarta,E-Wallet,391937
O2152,11,Makanan,Magelang,Transfer Bank,353550
O2153,5,Rumah Tangga,Yogyakarta,Transfer Bank,303005
O2154,19,Makanan,Purworejo,E-Wallet,114019
O2155,13,Fashion,Purworejo,Kartu Kredit,105344
O2156,1,Elektronik,Magelang,E-Wallet,162629
O2157,14,Makanan,Purworejo,Transfer Bank,245410
O2158,2,Rumah Tangga,Solo,E-Wallet,294586
O2159,20,Kesehatan,Magelang,COD,436599
O2160,7,Elektronik,Purworejo,COD,219042
O2161,2,Rumah Tangga,Yogyakarta,COD,96119
O2162,5,Makanan,Purworejo,E-Wallet,168664
O2163,3,Elektronik,Solo,Kartu Kredit,426192
O2164,8,Kesehatan,Purworejo,Kartu Kredit,160744
O2165,13,Fashion,Magelang,Transfer Bank,472944
O2166,3,Makanan,Yogyakarta,Kartu Kredit,296751
O2167,2,Fashion,Solo,COD,231560
O2168,2,Kesehatan,Magelang,COD,397250
O2169,19,Fashion,Purworejo,Transfer Bank,243787
O2170,20,Kesehatan,Yogyakarta,Transfer Bank,177149
O2171,1,Elektronik,Yogyakarta,Transfer Bank,467799
O2172,10,Fashion,Yogyakarta,E-Wallet,272167
O2173,8,Rumah Tangga,Solo,Transfer Bank,347852
O2174,19,Rumah Tangga,Magelang,E-Wallet,234994
O2175,5,Fashion,Magelang,Kartu Kredit,264270
O2176,20,Fashion,Magelang,Kartu Kredit,269640
O2177,13,Kesehatan,Purworejo,Transfer Bank,401677
O2178,4,Makanan,Semarang,Kartu Kredit,391689
O2179,11,Makanan,Purworejo,Kartu Kredit,458732
O2180,14,Rumah Tangga,Yogyakarta,Kartu Kredit,406000
O2181,16,Fashion,Purworejo,Transfer Bank,123299
O2182,7,Elektronik,Purworejo,Kartu Kredit,433097
O2183,13,Makanan,Semarang,COD,282030
O2184,3,Rumah Tangga,Solo,COD,414270
O2185,14,Makanan,Solo,E-Wallet,357998
O2186,2,Rumah Tangga,Semarang,Kartu Kredit,449058
O2187,14,Fashion,Solo,Transfer Bank,152975
O2188,1,Fashion,Yogyakarta,Transfer Bank,419409
O2189,3,Rumah Tangga,Purworejo,Kartu Kredit,89396
O2190,2,Rumah Tangga,Semarang,E-Wallet,440224
O2191,13,Fashion,Yogyakarta,Kartu Kredit,485120
O2192,4,Kesehatan,Magelang,Kartu Kredit,465372
O2193,4,Elektronik,Purworejo,COD,316812
O2194,20,Rumah Tangga,Purworejo,Kartu Kredit,407443
O2195,8,Fashion,Yogyakarta,Kartu Kredit,79780
O2196,10,Fashion,Purworejo,COD,475939
O2197,4,Kesehatan,Magelang,Kartu Kredit,473390
O2198,10,Makanan,Yogyakarta,COD,433685
O2199,10,Makanan,Yogyakarta,Transfer Bank,175122
O2200,8,Fashion,Magelang,Kartu Kredit,146202
O2201,9,Elektronik,Magelang,COD,214241
O2202,14,Rumah Tangga,Magelang,E-Wallet,180778
O2203,5,Fashion,Yogyakarta,E-Wallet,355638
O2204,6,Elektronik,Semarang,Transfer Bank,344336
O2205,17,Fashion,Yogyakarta,Kartu Kredit,401912
O2206,8,Rumah Tangga,Magelang,Kartu Kredit,287170
O2207,10,Fashion,Semarang,E-Wallet,289947
O2208,16,Rumah Tangga,Yogyakarta,Transfer Bank,321506
O2209,2,Rumah Tangga,Semarang,COD,210725
O2210,17,Elektronik,Purworejo,COD,112522
O2211,20,Rumah Tangga,Yogyakarta,Kartu Kredit,350526
O2212,20,Rumah Tangga,Semarang,E-Wallet,392928
O2213,10,Kesehatan,Yogyakarta,COD,127875
O2214,1,Fashion,Purworejo,COD,337752
O2215,1,Fashion,Magelang,E-Wallet,454697
O2216,2,Kesehatan,Yogyakarta,Kartu Kredit,249589
O2217,10,Rumah Tangga,Magelang,Kartu Kredit,209023
O2218,16,Fashion,Magelang,Transfer Bank,383252
O2219,9,Makanan,Semarang,Transfer Bank,335272
O2220,6,Kesehatan,Yogyakarta,E-Wallet,486036
O2221,9,Elektronik,Solo,Kartu Kredit,123739
O2222,1,Elektronik,Semarang,Transfer Bank,262298
O2223,8,Kesehatan,Magelang,COD,498667
O2224,14,Makanan,Semarang,COD,137135
O2225,19,Fashion,Magelang,Kartu Kredit,454255
O2226,11,Makanan,Magelang,E-Wallet,268637
O2227,1,Fashion,Purworejo,Transfer Bank,135816
O2228,7,Kesehatan,Magelang,E-Wallet,378629
O2229,10,Kesehatan,Magelang,COD,219489
O2230,20,Elektronik,Semarang,COD,197941
O2231,3,Elektronik,Semarang,Kartu Kredit,346991
O2232,7,Makanan,Magelang,Transfer Bank,255739
O2233,10,Elektronik,Yogyakarta,Kartu Kredit,209646
O2234,11,Rumah Tangga,Magelang,E-Wallet,410908
O2235,6,Rumah Tangga,Purworejo,E-Wallet,62101
O2236,19,Kesehatan,Magelang,Transfer Bank,169055
O2237,8,Rumah Tangga,Yogyakarta,E-Wallet,128989
O2238,14,Fashion,Yogyakarta,Transfer Bank,85400
O2239,2,Fashion,Solo,Transfer Bank,324040
O2240,3,Fashion,Solo,E-Wallet,226525
O2241,5,Elektronik,Semarang,E-Wallet,218019
O2242,20,Fashion,Semarang,COD,149240
O2243,17,Elektronik,Solo,COD,126633
O2244,10,Fashion,Solo,E-Wallet,436918
O2245,1,Kesehatan,Yogyakarta,E-Wallet,399628
O2246,8,Kesehatan,Purworejo,Kartu Kredit,220706
O2247,5,Elektronik,Yogyakarta,COD,177388
O2248,14,Makanan,Semarang,COD,466104
O2249,1,Kesehatan,Solo,E-Wallet,273514
O2250,15,Fashion,Purworejo,Kartu Kredit,314490
O2251,7,Makanan,Semarang,E-Wallet,481438
O2252,13,Elektronik,Magelang,Transfer Bank,485263
O2253,3,Elektronik,Purworejo,Kartu Kredit,221441
O2254,2,Rumah Tangga,Magelang,COD,219654
O2255,7,Elektronik,Solo,COD,191432
O2256,12,Rumah Tangga,Magelang,Kartu Kredit,106992
O2257,10,Kesehatan,Purworejo,Transfer Bank,95443
O2258,9,Elektronik,Magelang,Kartu Kredit,198661
O2259,2,Rumah Tangga,Yogyakarta,Transfer Bank,66130
O2260,6,Makanan,Yogyakarta,E-Wallet,346675
O2261,12,Elektronik,Yogyakarta,Kartu Kredit,460172
O2262,11,Fashion,Purworejo,Kartu Kredit,211691
O2263,16,Rumah Tangga,Purworejo,Transfer Bank,357262
O2264,7,Makanan,Magelang,E-Wallet,244182
O2265,2,Makanan,Magelang,Kartu Kredit,432487
O2266,5,Elektronik,Purworejo,Kartu Kredit,382598
O2267,17,Kesehatan,Magelang,E-Wallet,144942
O2268,6,Makanan,Magelang,Transfer Bank,124818
O2269,14,Fashion,Semarang,Transfer Bank,246751
O2270,18,Kesehatan,Semarang,COD,475246
O2271,14,Elektronik,Purworejo,COD,150011
O2272,6,Kesehatan,Magelang,COD,252756
O2273,2,Elektronik,Yogyakarta,COD,488088
O2274,3,Kesehatan,Semarang,E-Wallet,321307
O2275,14,Makanan,Yogyakarta,COD,400896
O2276,1,Elektronik,Semarang,Transfer Bank,199676
O2277,18,Fashion,Magelang,Transfer Bank,444972
O2278,13,Rumah Tangga,Magelang,Kartu Kredit,247934
O2279,5,Kesehatan,Solo,E-Wallet,332290
O2280,9,Kesehatan,Semarang,E-Wallet,369406
O2281,13,Rumah Tangga,Yogyakarta,Transfer Bank,429382
O2282,16,Makanan,Semarang,Kartu Kredit,77441
O2283,20,Kesehatan,Solo,E-Wallet,254204
O2284,18,Kesehatan,Semarang,COD,143184
O2285,1,Rumah Tangga,Purworejo,Kartu Kredit,477857
O2286,7,Rumah Tangga,Magelang,E-Wallet,50827
O2287,14,Kesehatan,Semarang,Kartu Kredit,269787
O2288,11,Rumah Tangga,Magelang,Kartu Kredit,440364
O2289,8,Elektronik,Semarang,COD,94616
O2290,17,Rumah Tangga,Solo,Kartu Kredit,141438
O2291,1,Elektronik,Magelang,Transfer Bank,422517
O2292,19,Elektronik,Semarang,E-Wallet,450037
O2293,16,Rumah Tangga,Purworejo,E-Wallet,281248
O2294,9,Rumah Tangga,Solo,Kartu Kredit,310242
O2295,13,Fashion,Yogyakarta,COD,270223
O2296,18,Makanan,Purworejo,Kartu Kredit,88173
O2297,20,Makanan,Magelang,Transfer Bank,294212
O2298,3,Rumah Tangga,Purworejo,E-Wallet,256331
O2299,18,Fashion,Purworejo,Kartu Kredit,290302
O2300,2,Fashion,Yogyakarta,Transfer Bank,85099
O2301,4,Elektronik,Purworejo,COD,474458
O2302,13,Rumah Tangga,Purworejo,Kartu Kredit,299609
O2303,4,Fashion,Semarang,E-Wallet,472306
O2304,4,Elektronik,Semarang,Kartu Kredit,144541
O2305,17,Elektronik,Semarang,E-Wallet,372600
O2306,2,Kesehatan,Semarang,Transfer Bank,480608
O2307,17,Elektronik,Semarang,Transfer Bank,335636
O2308,7,Elektronik,Magelang,COD,377857
O2309,11,Kesehatan,Purworejo,Transfer Bank,96181
O2310,3,Elektronik,Solo,E-Wallet,464028
O2311,20,Elektronik,Purworejo,Kartu Kredit,217421
O2312,20,Makanan,Magelang,COD,68781
O2313,14,Elektronik,Magelang,COD,214217
O2314,7,Makanan,Magelang,COD,323012
O2315,9,Makanan,Purworejo,Transfer Bank,357750
O2316,13,Rumah Tangga,Semarang,Kartu Kredit,403768
O2317,13,Fashion,Solo,Transfer Bank,491687
O2318,16,Fashion,Solo,COD,259487
O2319,3,Elektronik,Purworejo,COD,244581
O2320,3,Rumah Tangga,Semarang,Kartu Kredit,464947
O2321,16,Makanan,Purworejo,Kartu Kredit,65459
O2322,12,Rumah Tangga,Magelang,Transfer Bank,306678
O2323,10,Fashion,Purworejo,E-Wallet,461603
O2324,8,Elektronik,Yogyakarta,E-Wallet,271535
O2325,17,Makanan,Magelang,E-Wallet,485723
O2326,4,Fashion,Magelang,Kartu Kredit,396039
O2327,10,Makanan,Purworejo,E-Wallet,321596
O2328,3,Rumah Tangga,Magelang,COD,319436
O2329,20,Elektronik,Solo,COD,87481
O2330,11,Kesehatan,Magelang,E-Wallet,328724
O2331,17,Rumah Tangga,Yogyakarta,E-Wallet,192002
O2332,15,Makanan,Purworejo,Kartu Kredit,85706
O2333,5,Makanan,Magelang,E-Wallet,325118
O2334,2,Kesehatan,Purworejo,E-Wallet,138653
O2335,11,Elektronik,Semarang,Kartu Kredit,201944
O2336,16,Makanan,Semarang,E-Wallet,277936
O2337,13,Rumah Tangga,Semarang,COD,290220
O2338,8,Elektronik,Purworejo,Transfer Bank,329904
O2339,8,Kesehatan,Solo,Kartu Kredit,403396
O2340,5,Elektronik,Purworejo,E-Wallet,186402
O2341,7,Rumah Tangga,Yogyakarta,COD,159421
O2342,16,Makanan,Magelang,COD,470611
O2343,7,Rumah Tangga,Yogyakarta,E-Wallet,215865
O2344,2,Makanan,Semarang,COD,125528
O2345,7,Elektronik,Magelang,Transfer Bank,79478
O2346,3,Rumah Tangga,Magelang,E-Wallet,53539
O2347,12,Fashion,Yogyakarta,Transfer Bank,110259
O2348,16,Fashion,Solo,Transfer Bank,330461
O2349,2,Elektronik,Semarang,Kartu Kredit,385394
O2350,20,Fashion,Solo,COD,410211
O2351,13,Makanan,Magelang,Transfer Bank,403873
O2352,17,Elektronik,Purworejo,Transfer Bank,136562
O2353,15,Rumah Tangga,Solo,E-Wallet,282373
O2354,13,Kesehatan,Semarang,Transfer Bank,109842
O2355,11,Kesehatan,Solo,Transfer Bank,417143
O2356,10,Kesehatan,Semarang,COD,325060
O2357,13,Kesehatan,Solo,Transfer Bank,125845
O2358,10,Kesehatan,Solo,E-Wallet,199800
O2359,7,Rumah Tangga,Semarang,COD,396228
O2360,10,Kesehatan,Semarang,E-Wallet,187172
O2361,5,Fashion,Solo,E-Wallet,152376
O2362,14,Fashion,Solo,Kartu Kredit,457235
O2363,18,Kesehatan,Purworejo,COD,314416
O2364,17,Kesehatan,Magelang,COD,342022
O2365,12,Makanan,Purworejo,E-Wallet,211145
O2366,2,Fashion,Purworejo,Transfer Bank,158766
O2367,2,Kesehatan,Purworejo,COD,420179
O2368,10,Elektronik,Semarang,Transfer Bank,439789
O2369,18,Makanan,Yogyakarta,COD,497054
O2370,3,Rumah Tangga,Purworejo,Transfer Bank,60614
O2371,1,Elektronik,Purworejo,Transfer Bank,68309
O2372,6,Elektronik,Magelang,E-Wallet,316180
O2373,6,Rumah Tangga,Semarang,Kartu Kredit,51091
O2374,3,Fashion,Semarang,COD,237498
O2375,6,Rumah Tangga,Semarang,Transfer Bank,463637
O2376,5,Kesehatan,Magelang,COD,344503
O2377,1,Fashion,Solo,COD,66437
O2378,19,Makanan,Magelang,COD,222866
O2379,8,Kesehatan,Solo,E-Wallet,188701
O2380,1,Makanan,Magelang,COD,90346
O2381,8,Fashion,Purworejo,Kartu Kredit,457971
O2382,9,Elektronik,Magelang,Kartu Kredit,461949
O2383,2,Kesehatan,Purworejo,COD,436627
O2384,8,Elektronik,Solo,COD,251090
O2385,11,Rumah Tangga,Semarang,Transfer Bank,413264
O2386,1,Kesehatan,Solo,E-Wallet,73485
O2387,10,Kesehatan,Yogyakarta,Kartu Kredit,306845
O2388,10,Fashion,Semarang,COD,286223
O2389,7,Makanan,Solo,Kartu Kredit,182650
O2390,6,Elektronik,Semarang,Kartu Kredit,84375
O2391,4,Kesehatan,Solo,Kartu Kredit,327732
O2392,2,Kesehatan,Purworejo,E-Wallet,277667
O2393,4,Rumah Tangga,Magelang,Kartu Kredit,467823
O2394,4,Makanan,Yogyakarta,Transfer Bank,261670
O2395,4,Makanan,Purworejo,COD,180762
O2396,11,Rumah Tangga,Semarang,COD,295442
O2397,17,Kesehatan,Purworejo,COD,185713
O2398,17,Makanan,Magelang,Kartu Kredit,366420
O2399,10,Kesehatan,Solo,Transfer Bank,230043
O2400,3,Makanan,Solo,E-Wallet,352921
O2401,8,Rumah Tangga,Purworejo,E-Wallet,112616
O2402,10,Fashion,Yogyakarta,Kartu Kredit,424598
O2403,5,Rumah Tangga,Magelang,COD,115792
O2404,18,Rumah Tangga,Yogyakarta,COD,205772
O2405,19,Kesehatan,Solo,E-Wallet,350156
O2406,7,Kesehatan,Semarang,Kartu Kredit,223929
O2407,17,Fashion,Solo,Kartu Kredit,409819
O2408,8,Kesehatan,Semarang,E-Wallet,204553
O2409,19,Fashion,Yogyakarta,Transfer Bank,129665
O2410,6,Kesehatan,Solo,Transfer Bank,111456
O2411,8,Elektronik,Purworejo,COD,111685
O2412,1,Makanan,Semarang,Kartu Kredit,374828
O2413,12,Fashion,Purworejo,Kartu Kredit,251830
O2414,5,Elektronik,Magelang,COD,292959
O2415,4,Rumah Tangga,Purworejo,Transfer Bank,373973
O2416,16,Elektronik,Purworejo,E-Wallet,292465
O2417,19,Kesehatan,Yogyakarta,E-Wallet,378459
O2418,15,Elektronik,Purworejo,COD,377862
O2419,7,Elektronik,Purworejo,COD,81429
O2420,10,Rumah Tangga,Magelang,Kartu Kredit,321700
O2421,16,Elektronik,Yogyakarta,Transfer Bank,322765
O2422,3,Makanan,Magelang,Transfer Bank,76272
O2423,2,Makanan,Purworejo,Transfer Bank,203868
O2424,17,Fashion,Magelang,E-Wallet,401843
O2425,20,Rumah Tangga,Yogyakarta,Transfer Bank,125667
O2426,6,Kesehatan,Yogyakarta,COD,168509
O2427,6,Makanan,Solo,Kartu Kredit,228843
O2428,4,Kesehatan,Yogyakarta,COD,382853
O2429,19,Fashion,Solo,Transfer Bank,385560
O2430,8,Rumah Tangga,Semarang,COD,446489
O2431,19,Rumah Tangga,Purworejo,COD,422382
O2432,20,Rumah Tangga,Purworejo,E-Wallet,349582
O2433,8,Kesehatan,Solo,COD,253480
O2434,15,Kesehatan,Yogyakarta,Kartu Kredit,425676
O2435,16,Rumah Tangga,Solo,E-Wallet,132471
O2436,3,Fashion,Solo,COD,102385
O2437,6,Kesehatan,Purworejo,COD,94593
O2438,17,Makanan,Semarang,COD,372982
O2439,3,Elektronik,Solo,Kartu Kredit,378828
O2440,11,Elektronik,Yogyakarta,E-Wallet,448130
O2441,7,Fashion,Semarang,E-Wallet,168262
O2442,5,Makanan,Yogyakarta,Transfer Bank,177470
O2443,10,Fashion,Purworejo,Transfer Bank,480021
O2444,10,Rumah Tangga,Yogyakarta,Transfer Bank,188290
O2445,2,Fashion,Purworejo,Kartu Kredit,377657
O2446,7,Elektronik,Purworejo,Transfer Bank,136019
O2447,5,Kesehatan,Solo,Transfer Bank,271190
O2448,1,Elektronik,Semarang,Kartu Kredit,398797
O2449,10,Fashion,Yogyakarta,Kartu Kredit,465893
O2450,16,Kesehatan,Solo,COD,105751
O2451,9,Makanan,Yogyakarta,E-Wallet,183220
O2452,2,Rumah Tangga,Semarang,COD,302664
O2453,7,Fashion,Magelang,E-Wallet,347874
O2454,7,Elektronik,Magelang,Transfer Bank,424371
O2455,13,Elektronik,Semarang,Transfer Bank,60400
O2456,13,Elektronik,Magelang,Kartu Kredit,302942
O2457,17,Kesehatan,Purworejo,Kartu Kredit,397203
O2458,14,Kesehatan,Magelang,E-Wallet,356239
O2459,8,Kesehatan,Purworejo,E-Wallet,493055
O2460,15,Makanan,Yogyakarta,COD,392734
O2461,3,Makanan,Yogyakarta,E-Wallet,474771
O2462,1,Elektronik,Magelang,Transfer Bank,491544
O2463,5,Makanan,Solo,E-Wallet,74189
O2464,7,Elektronik,Purworejo,COD,416253
O2465,20,Elektronik,Semarang,COD,435098
O2466,18,Elektronik,Magelang,Kartu Kredit,329447
O2467,11,Fashion,Purworejo,COD,382832
O2468,12,Elektronik,Semarang,E-Wallet,325852
O2469,19,Makanan,Magelang,Kartu Kredit,493162
O2470,4,Rumah Tangga,Yogyakarta,COD,191788
O2471,16,Fashion,Magelang,COD,341729
O2472,16,Fashion,Purworejo,Kartu Kredit,144320
O2473,4,Kesehatan,Magelang,E-Wallet,54862
O2474,6,Fashion,Magelang,Kartu Kredit,182521
O2475,10,Makanan,Semarang,E-Wallet,404563
O2476,17,Makanan,Yogyakarta,Kartu Kredit,236477
O2477,11,Rumah Tangga,Yogyakarta,Transfer Bank,320775
O2478,1,Makanan,Semarang,E-Wallet,328459
O2479,9,Makanan,Purworejo,Kartu Kredit,388415
O2480,8,Makanan,Yogyakarta,Kartu Kredit,359526
O2481,11,Rumah Tangga,Purworejo,Transfer Bank,156718
O2482,15,Makanan,Purworejo,E-Wallet,401107
O2483,14,Kesehatan,Solo,Transfer Bank,51804
O2484,15,Rumah Tangga,Solo,COD,210557
O2485,1,Kesehatan,Magelang,COD,369960
O2486,18,Fashion,Solo,Transfer Bank,299363
O2487,6,Elektronik,Magelang,Kartu Kredit,305382
O2488,17,Makanan,Magelang,COD,114340
O2489,1,Rumah Tangga,Magelang,Kartu Kredit,96777
O2490,6,Makanan,Magelang,E-Wallet,130526
O2491,9,Makanan,Purworejo,COD,69098
O2492,11,Rumah Tangga,Yogyakarta,Kartu Kredit,340769
O2493,18,Kesehatan,Semarang,COD,113967
O2494,11,Elektronik,Purworejo,COD,223535
O2495,13,Rumah Tangga,Solo,Kartu Kredit,68849
O2496,5,Elektronik,Magelang,Kartu Kredit,383853
O2497,11,Rumah Tangga,Semarang,Kartu Kredit,53099
O2498,14,Makanan,Purworejo,Transfer Bank,353068
O2499,7,Fashion,Solo,Kartu Kredit,361085
O2500,20,Makanan,Yogyakarta,E-Wallet,295951
O2501,13,Fashion,Purworejo,Kartu Kredit,358778
O2502,16,Fashion,Yogyakarta,Kartu Kredit,163702
O2503,15,Fashion,Solo,Transfer Bank,445503
O2504,18,Fashion,Magelang,E-Wallet,328752
O2505,3,Makanan,Purworejo,COD,171422
O2506,14,Makanan,Solo,COD,437834
O2507,1,Elektronik,Semarang,COD,328684
O2508,18,Makanan,Magelang,E-Wallet,474125
O2509,18,Elektronik,Solo,COD,460310
O2510,11,Fashion,Yogyakarta,E-Wallet,182286
O2511,6,Fashion,Magelang,E-Wallet,80485
O2512,16,Makanan,Solo,COD,300989
O2513,18,Elektronik,Magelang,Kartu Kredit,371556
O2514,18,Makanan,Yogyakarta,Kartu Kredit,289614
O2515,18,Elektronik,Purworejo,Transfer Bank,446061
O2516,15,Elektronik,Semarang,Kartu Kredit,96594
O2517,2,Makanan,Magelang,COD,364223
O2518,8,Rumah Tangga,Magelang,Transfer Bank,110098
O2519,9,Elektronik,Magelang,COD,407010
O2520,1,Elektronik,Purworejo,COD,92049
O2521,17,Fashion,Solo,E-Wallet,330758
O2522,1,Rumah Tangga,Semarang,E-Wallet,240309
O2523,18,Kesehatan,Magelang,Kartu Kredit,120339
O2524,6,Kesehatan,Yogyakarta,Kartu Kredit,436120
O2525,18,Elektronik,Yogyakarta,COD,192680
O2526,12,Fashion,Purworejo,COD,379531
O2527,14,Elektronik,Semarang,Kartu Kredit,480193
O2528,10,Kesehatan,Solo,Kartu Kredit,354393
O2529,12,Fashion,Semarang,Kartu Kredit,433024
O2530,4,Fashion,Purworejo,E-Wallet,271554
O2531,19,Elektronik,Yogyakarta,Kartu Kredit,148247
O2532,15,Kesehatan,Magelang,Transfer Bank,320585
O2533,13,Kesehatan,Semarang,E-Wallet,262641
O2534,17,Kesehatan,Magelang,E-Wallet,215586
O2535,11,Makanan,Semarang,E-Wallet,80092
O2536,13,Rumah Tangga,Semarang,COD,476568
O2537,18,Makanan,Yogyakarta,E-Wallet,380923
O2538,2,Kesehatan,Purworejo,E-Wallet,182085
O2539,5,Elektronik,Solo,COD,394155
O2540,4,Rumah Tangga,Yogyakarta,E-Wallet,262329
O2541,3,Rumah Tangga,Yogyakarta,COD,338896
O2542,6,Makanan,Semarang,Kartu Kredit,258449
O2543,15,Rumah Tangga,Solo,Transfer Bank,231886
O2544,7,Elektronik,Magelang,E-Wallet,114937
O2545,12,Elektronik,Yogyakarta,Transfer Bank,221543
O2546,10,Fashion,Solo,E-Wallet,449726
O2547,8,Rumah Tangga,Purworejo,Kartu Kredit,317540
O2548,7,Makanan,Semarang,Transfer Bank,317799
O2549,1,Rumah Tangga,Purworejo,Transfer Bank,249505
O2550,17,Kesehatan,Magelang,E-Wallet,391929
O2551,13,Rumah Tangga,Solo,Transfer Bank,401545
O2552,12,Kesehatan,Yogyakarta,Kartu Kredit,491599
O2553,18,Elektronik,Semarang,E-Wallet,487945
O2554,3,Makanan,Magelang,COD,485391
O2555,19,Rumah Tangga,Semarang,Transfer Bank,485057
O2556,6,Fashion,Purworejo,E-Wallet,442916
O2557,11,Elektronik,Semarang,COD,75739
O2558,17,Makanan,Solo,Kartu Kredit,97662
O2559,2,Kesehatan,Magelang,E-Wallet,381444
O2560,15,Rumah Tangga,Yogyakarta,COD,389353
O2561,14,Makanan,Magelang,Transfer Bank,367248
O2562,11,Elektronik,Magelang,Transfer Bank,109400
O2563,11,Fashion,Semarang,E-Wallet,446321
O2564,1,Rumah Tangga,Solo,E-Wallet,272679
O2565,7,Fashion,Solo,Kartu Kredit,347827
O2566,12,Fashion,Semarang,COD,242620
O2567,5,Kesehatan,Purworejo,Transfer Bank,235334
O2568,14,Makanan,Magelang,COD,466099
O2569,7,Rumah Tangga,Solo,COD,448780
O2570,18,Elektronik,Solo,Transfer Bank,452342
O2571,17,Makanan,Purworejo,E-Wallet,72298
O2572,1,Makanan,Solo,E-Wallet,440387
O2573,8,Makanan,Semarang,COD,284974
O2574,4,Fashion,Purworejo,Kartu Kredit,264379
O2575,20,Kesehatan,Solo,Transfer Bank,56582
O2576,1,Kesehatan,Magelang,Kartu Kredit,244168
O2577,12,Elektronik,Solo,E-Wallet,349296
O2578,10,Makanan,Purworejo,COD,464567
O2579,18,Fashion,Purworejo,Transfer Bank,441177
O2580,14,Fashion,Semarang,Kartu Kredit,484957
O2581,6,Elektronik,Yogyakarta,Kartu Kredit,145206
O2582,15,Fashion,Yogyakarta,Transfer Bank,285138
O2583,6,Fashion,Semarang,Transfer Bank,484314
O2584,9,Elektronik,Yogyakarta,Kartu Kredit,65299
O2585,15,Kesehatan,Magelang,COD,305336
O2586,20,Kesehatan,Semarang,COD,357507
O2587,9,Elektronik,Semarang,Transfer Bank,228539
O2588,16,Makanan,Magelang,COD,162369
O2589,10,Elektronik,Magelang,COD,175249
O2590,11,Kesehatan,Semarang,Transfer Bank,168287
O2591,15,Rumah Tangga,Solo,Kartu Kredit,95952
O2592,17,Makanan,Semarang,E-Wallet,104129
O2593,11,Fashion,Purworejo,COD,52296
O2594,12,Elektronik,Solo,Transfer Bank,306701
O2595,13,Kesehatan,Yogyakarta,Kartu Kredit,359464
O2596,14,Fashion,Purworejo,Transfer Bank,322391
O2597,4,Kesehatan,Purworejo,Transfer Bank,88369
O2598,10,Kesehatan,Purworejo,COD,457244
O2599,8,Rumah Tangga,Solo,Kartu Kredit,271754
O2600,19,Rumah Tangga,Yogyakarta,Kartu Kredit,470987
O2601,20,Kesehatan,Semarang,Kartu Kredit,438821
O2602,3,Kesehatan,Magelang,COD,324360
O2603,4,Kesehatan,Yogyakarta,COD,370937
O2604,7,Fashion,Purworejo,COD,270264
O2605,20,Makanan,Solo,COD,107337
O2606,3,Fashion,Yogyakarta,COD,80099
O2607,5,Rumah Tangga,Magelang,Kartu Kredit,385450
O2608,8,Rumah Tangga,Yogyakarta,Transfer Bank,413684
O2609,1,Kesehatan,Magelang,Kartu Kredit,183848
O2610,10,Elektronik,Yogyakarta,Kartu Kredit,352325
O2611,19,Fashion,Purworejo,Kartu Kredit,52882
O2612,7,Fashion,Yogyakarta,E-Wallet,145874
O2613,10,Makanan,Yogyakarta,COD,145167
O2614,13,Elektronik,Solo,Kartu Kredit,225793
O2615,11,Elektronik,Semarang,COD,386268
O2616,1,Makanan,Purworejo,E-Wallet,314117
O2617,5,Fashion,Solo,Transfer Bank,55063
O2618,3,Rumah Tangga,Semarang,COD,357272
O2619,9,Fashion,Magelang,COD,209823
O2620,12,Fashion,Yogyakarta,Transfer Bank,348658
O2621,14,Rumah Tangga,Semarang,COD,125274
O2622,4,Rumah Tangga,Yogyakarta,COD,386657
O2623,17,Fashion,Purworejo,COD,383590
O2624,14,Makanan,Yogyakarta,E-Wallet,241336
O2625,19,Elektronik,Solo,Kartu Kredit,472596
O2626,16,Fashion,Purworejo,COD,464266
O2627,11,Makanan,Solo,E-Wallet,67827
O2628,17,Fashion,Yogyakarta,Kartu Kredit,260445
O2629,15,Rumah Tangga,Magelang,Kartu Kredit,65666
O2630,20,Rumah Tangga,Purworejo,E-Wallet,384057
O2631,9,Fashion,Magelang,E-Wallet,255707
O2632,19,Elektronik,Magelang,Transfer Bank,327532
O2633,1,Makanan,Purworejo,E-Wallet,86791
O2634,6,Fashion,Yogyakarta,E-Wallet,472039
O2635,14,Rumah Tangga,Yogyakarta,E-Wallet,76863
O2636,5,Fashion,Semarang,E-Wallet,155748
O2637,5,Fashion,Magelang,Kartu Kredit,359721
O2638,14,Kesehatan,Magelang,Kartu Kredit,451548
O2639,6,Kesehatan,Yogyakarta,E-Wallet,126965
O2640,20,Rumah Tangga,Purworejo,Kartu Kredit,250430
O2641,11,Rumah Tangga,Purworejo,E-Wallet,248156
O2642,16,Elektronik,Yogyakarta,Kartu Kredit,296024
O2643,15,Rumah Tangga,Purworejo,COD,93114
O2644,5,Elektronik,Semarang,E-Wallet,147061
O2645,3,Elektronik,Purworejo,Transfer Bank,165022
O2646,12,Fashion,Yogyakarta,COD,356771
O2647,10,Kesehatan,Semarang,Transfer Bank,418354
O2648,11,Rumah Tangga,Yogyakarta,Transfer Bank,299278
O2649,1,Elektronik,Magelang,Kartu Kredit,477318
O2650,11,Kesehatan,Magelang,Kartu Kredit,231259
O2651,7,Rumah Tangga,Semarang,E-Wallet,368463
O2652,15,Kesehatan,Purworejo,COD,465690
O2653,5,Fashion,Semarang,Kartu Kredit,160195
O2654,16,Makanan,Magelang,Transfer Bank,450404
O2655,5,Kesehatan,Semarang,Kartu Kredit,152949
O2656,19,Kesehatan,Semarang,Kartu Kredit,484257
O2657,12,Makanan,Yogyakarta,Transfer Bank,120566
O2658,17,Rumah Tangga,Purworejo,COD,221229
O2659,12,Rumah Tangga,Purworejo,Kartu Kredit,450323
O2660,5,Makanan,Solo,COD,414552
O2661,16,Rumah Tangga,Yogyakarta,Transfer Bank,362027
O2662,13,Elektronik,Purworejo,COD,170169
O2663,11,Fashion,Yogyakarta,Kartu Kredit,261742
O2664,5,Kesehatan,Semarang,Kartu Kredit,455708
O2665,13,Rumah Tangga,Yogyakarta,COD,129759
O2666,12,Rumah Tangga,Magelang,E-Wallet,492149
O2667,4,Kesehatan,Semarang,Kartu Kredit,130273
O2668,13,Rumah Tangga,Solo,E-Wallet,410789
O2669,3,Makanan,Magelang,Transfer Bank,269933
O2670,11,Makanan,Purworejo,Kartu Kredit,379545
O2671,16,Fashion,Solo,COD,444993
O2672,10,Fashion,Semarang,Transfer Bank,422097
O2673,8,Fashion,Purworejo,COD,497886
O2674,6,Elektronik,Semarang,COD,343182
O2675,8,Kesehatan,Solo,COD,166827
O2676,8,Makanan,Solo,Transfer Bank,269938
O2677,15,Kesehatan,Semarang,Kartu Kredit,318592
O2678,10,Elektronik,Magelang,Transfer Bank,458570
O2679,5,Fashion,Semarang,E-Wallet,370386
O2680,9,Rumah Tangga,Yogyakarta,Transfer Bank,426570
O2681,16,Rumah Tangga,Solo,Transfer Bank,173378
O2682,17,Makanan,Yogyakarta,E-Wallet,68080
O2683,7,Makanan,Semarang,Transfer Bank,215180
O2684,3,Fashion,Solo,Kartu Kredit,430137
O2685,12,Rumah Tangga,Semarang,COD,114011
O2686,9,Elektronik,Magelang,Kartu Kredit,350516
O2687,5,Makanan,Magelang,Kartu Kredit,431873
O2688,12,Makanan,Magelang,COD,279979
O2689,12,Kesehatan,Magelang,Transfer Bank,177408
O2690,20,Rumah Tangga,Yogyakarta,E-Wallet,241506
O2691,7,Makanan,Solo,Transfer Bank,381278
O2692,11,Fashion,Solo,Transfer Bank,245005
O2693,10,Kesehatan,Semarang,Transfer Bank,425812
O2694,15,Elektronik,Semarang,COD,411200
O2695,20,Kesehatan,Purworejo,Transfer Bank,159105
O2696,9,Fashion,Semarang,COD,132699
O2697,11,Elektronik,Semarang,Transfer Bank,151875
O2698,6,Rumah Tangga,Solo,E-Wallet,333034
O2699,11,Kesehatan,Magelang,E-Wallet,373163
O2700,8,Elektronik,Semarang,COD,378468
O2701,14,Kesehatan,Semarang,COD,455305
O2702,8,Makanan,Solo,Kartu Kredit,151064
O2703,1,Fashion,Yogyakarta,E-Wallet,119446
O2704,11,Fashion,Magelang,Transfer Bank,308452
O2705,11,Fashion,Solo,Transfer Bank,391784
O2706,11,Rumah Tangga,Purworejo,Kartu Kredit,221195
O2707,5,Kesehatan,Magelang,Kartu Kredit,353772
O2708,17,Elektronik,Purworejo,COD,390618
O2709,2,Makanan,Solo,E-Wallet,65378
O2710,20,Kesehatan,Magelang,Transfer Bank,434039
O2711,2,Fashion,Semarang,E-Wallet,222769
O2712,7,Makanan,Semarang,Transfer Bank,172242
O2713,20,Elektronik,Semarang,Transfer Bank,56632
O2714,12,Elektronik,Purworejo,E-Wallet,73259
O2715,5,Fashion,Magelang,E-Wallet,486902
O2716,10,Rumah Tangga,Semarang,Transfer Bank,118280
O2717,2,Elektronik,Semarang,Kartu Kredit,296264
O2718,13,Fashion,Solo,Transfer Bank,397423
O2719,9,Fashion,Purworejo,COD,431677
O2720,13,Elektronik,Yogyakarta,E-Wallet,388260
O2721,18,Makanan,Magelang,Transfer Bank,70485
O2722,17,Fashion,Purworejo,Kartu Kredit,382757
O2723,17,Elektronik,Solo,COD,195698
O2724,9,Elektronik,Magelang,E-Wallet,409836
O2725,12,Fashion,Purworejo,E-Wallet,390025
O2726,1,Rumah Tangga,Yogyakarta,Transfer Bank,284274
O2727,16,Makanan,Magelang,Kartu Kredit,159101
O2728,10,Kesehatan,Purworejo,E-Wallet,108081
O2729,17,Kesehatan,Purworejo,Transfer Bank,411282
O2730,11,Kesehatan,Solo,COD,298992
O2731,12,Makanan,Yogyakarta,Kartu Kredit,492252
O2732,7,Kesehatan,Solo,E-Wallet,464966
O2733,4,Rumah Tangga,Purworejo,COD,497959
O2734,1,Rumah Tangga,Semarang,E-Wallet,142168
O2735,20,Elektronik,Solo,E-Wallet,126405
O2736,3,Fashion,Yogyakarta,Transfer Bank,53828
O2737,17,Elektronik,Magelang,Transfer Bank,159791
O2738,11,Elektronik,Yogyakarta,COD,317128
O2739,12,Kesehatan,Magelang,E-Wallet,406575
O2740,13,Fashion,Semarang,Kartu Kredit,91663
O2741,20,Makanan,Yogyakarta,Transfer Bank,110689
O2742,15,Fashion,Semarang,Transfer Bank,227616
O2743,19,Kesehatan,Yogyakarta,E-Wallet,402514
O2744,12,Makanan,Semarang,E-Wallet,419002
O2745,18,Makanan,Magelang,Transfer Bank,221982
O2746,6,Kesehatan,Solo,COD,356500
O2747,13,Kesehatan,Solo,E-Wallet,93170
O2748,16,Makanan,Yogyakarta,Transfer Bank,418102
O2749,11,Fashion,Magelang,Transfer Bank,265610
O2750,16,Kesehatan,Semarang,COD,99326
O2751,8,Rumah Tangga,Semarang,Kartu Kredit,378502
O2752,11,Elektronik,Magelang,COD,334526
O2753,19,Kesehatan,Yogyakarta,Transfer Bank,240148
O2754,6,Makanan,Solo,E-Wallet,480658
O2755,5,Kesehatan,Semarang,Transfer Bank,408823
O2756,5,Fashion,Yogyakarta,Kartu Kredit,326916
O2757,10,Rumah Tangga,Solo,COD,264716
O2758,2,Rumah Tangga,Yogyakarta,COD,159814
O2759,16,Elektronik,Magelang,COD,332366
O2760,4,Rumah Tangga,Magelang,Kartu Kredit,113034
O2761,9,Kesehatan,Yogyakarta,Kartu Kredit,300740
O2762,2,Fashion,Yogyakarta,Transfer Bank,53732
O2763,13,Rumah Tangga,Magelang,E-Wallet,316239
O2764,4,Fashion,Magelang,Kartu Kredit,173522
O2765,16,Kesehatan,Yogyakarta,COD,155686
O2766,3,Kesehatan,Yogyakarta,Transfer Bank,275078
O2767,4,Rumah Tangga,Purworejo,COD,199315
O2768,6,Rumah Tangga,Semarang,Transfer Bank,79894
O2769,3,Kesehatan,Semarang,E-Wallet,160350
O2770,11,Makanan,Semarang,Transfer Bank,135608
O2771,14,Fashion,Magelang,Kartu Kredit,344371
O2772,8,Makanan,Magelang,Kartu Kredit,262138
O2773,14,Rumah Tangga,Magelang,Transfer Bank,190512
O2774,19,Elektronik,Yogyakarta,COD,436160
O2775,11,Elektronik,Yogyakarta,E-Wallet,463481
O2776,16,Makanan,Purworejo,COD,152672
O2777,20,Makanan,Yogyakarta,Transfer Bank,344337
O2778,3,Rumah Tangga,Purworejo,E-Wallet,415749
O2779,6,Elektronik,Solo,Kartu Kredit,198993
O2780,10,Elektronik,Magelang,COD,310131
O2781,8,Makanan,Yogyakarta,Kartu Kredit,57483
O2782,17,Fashion,Yogyakarta,Transfer Bank,74523
O2783,11,Elektronik,Yogyakarta,Kartu Kredit,310489
O2784,20,Rumah Tangga,Purworejo,E-Wallet,113024
O2785,8,Elektronik,Semarang,E-Wallet,478927
O2786,14,Elektronik,Solo,E-Wallet,486507
O2787,10,Kesehatan,Magelang,Transfer Bank,424637
O2788,1,Elektronik,Solo,E-Wallet,208367
O2789,20,Makanan,Purworejo,COD,248699
O2790,20,Fashion,Solo,COD,191043
O2791,2,Makanan,Purworejo,E-Wallet,353160
O2792,6,Elektronik,Yogyakarta,Kartu Kredit,285352
O2793,11,Makanan,Purworejo,Transfer Bank,369658
O2794,5,Rumah Tangga,Semarang,COD,221842
O2795,6,Makanan,Semarang,E-Wallet,129441
O2796,14,Rumah Tangga,Purworejo,Transfer Bank,343881
O2797,13,Fashion,Magelang,COD,371078
O2798,4,Elektronik,Purworejo,COD,186129
O2799,14,Fashion,Yogyakarta,COD,231235
O2800,14,Fashion,Magelang,COD,69441
O2801,15,Elektronik,Yogyakarta,Kartu Kredit,424286
O2802,10,Fashion,Magelang,E-Wallet,456065
O2803,18,Makanan,Solo,Kartu Kredit,455508
O2804,14,Makanan,Solo,Transfer Bank,79335
O2805,4,Fashion,Yogyakarta,E-Wallet,90344
O2806,1,Makanan,Solo,E-Wallet,102009
O2807,5,Fashion,Yogyakarta,Transfer Bank,212313
O2808,1,Makanan,Magelang,Transfer Bank,145262
O2809,10,Elektronik,Solo,COD,343936
O2810,4,Fashion,Purworejo,E-Wallet,478746
O2811,16,Elektronik,Magelang,COD,154721
O2812,3,Elektronik,Solo,COD,148132
O2813,9,Makanan,Yogyakarta,COD,167834
O2814,12,Kesehatan,Yogyakarta,Transfer Bank,388712
O2815,1,Fashion,Yogyakarta,Transfer Bank,346900
O2816,3,Kesehatan,Solo,Kartu Kredit,300164
O2817,20,Elektronik,Semarang,COD,405494
O2818,2,Rumah Tangga,Magelang,Kartu Kredit,396296
O2819,20,Kesehatan,Magelang,Kartu Kredit,443528
O2820,7,Kesehatan,Purworejo,Kartu Kredit,421732
O2821,20,Kesehatan,Purworejo,Kartu Kredit,168514
O2822,5,Elektronik,Solo,Kartu Kredit,492892
O2823,5,Kesehatan,Purworejo,Kartu Kredit,456906
O2824,2,Elektronik,Magelang,Kartu Kredit,109439
O2825,13,Makanan,Semarang,E-Wallet,405408
O2826,3,Elektronik,Solo,COD,208905
O2827,16,Fashion,Solo,Transfer Bank,188240
O2828,12,Rumah Tangga,Magelang,Transfer Bank,50875
O2829,11,Elektronik,Magelang,E-Wallet,428061
O2830,4,Elektronik,Semarang,COD,302489
O2831,7,Rumah Tangga,Purworejo,Transfer Bank,120210
O2832,2,Kesehatan,Semarang,Kartu Kredit,252240
O2833,2,Rumah Tangga,Magelang,E-Wallet,339044
O2834,1,Elektronik,Magelang,COD,52164
O2835,17,Rumah Tangga,Purworejo,COD,485372
O2836,8,Makanan,Yogyakarta,COD,424694
O2837,16,Fashion,Semarang,Transfer Bank,221076
O2838,18,Elektronik,Semarang,Kartu Kredit,123155
O2839,18,Elektronik,Purworejo,E-Wallet,192158
O2840,9,Kesehatan,Semarang,COD,323323
O2841,2,Fashion,Purworejo,E-Wallet,312153
O2842,8,Elektronik,Magelang,E-Wallet,262624
O2843,9,Fashion,Solo,Transfer Bank,57117
O2844,11,Rumah Tangga,Semarang,COD,126547
O2845,10,Fashion,Yogyakarta,Kartu Kredit,133836
O2846,6,Elektronik,Yogyakarta,COD,96649
O2847,1,Rumah Tangga,Magelang,Kartu Kredit,228459
O2848,6,Rumah Tangga,Purworejo,E-Wallet,97801
O2849,4,Makanan,Solo,E-Wallet,257339
O2850,11,Kesehatan,Semarang,Transfer Bank,406669
O2851,16,Elektronik,Magelang,E-Wallet,375441
O2852,2,Makanan,Magelang,Transfer Bank,496530
O2853,9,Makanan,Solo,Kartu Kredit,351911
O2854,16,Elektronik,Purworejo,E-Wallet,337516
O2855,4,Rumah Tangga,Purworejo,Kartu Kredit,81228
O2856,16,Kesehatan,Solo,E-Wallet,151927
O2857,8,Fashion,Solo,Transfer Bank,167541
O2858,8,Elektronik,Semarang,COD,357287
O2859,7,Makanan,Yogyakarta,COD,308699
O2860,7,Makanan,Magelang,COD,479531
O2861,13,Elektronik,Solo,Kartu Kredit,268848
O2862,20,Fashion,Semarang,COD,201309
O2863,7,Kesehatan,Purworejo,E-Wallet,328327
O2864,19,Makanan,Solo,E-Wallet,206663
O2865,15,Fashion,Semarang,Transfer Bank,388303
O2866,11,Elektronik,Purworejo,COD,242563
O2867,18,Makanan,Purworejo,COD,342152
O2868,13,Makanan,Solo,E-Wallet,332145
O2869,20,Elektronik,Yogyakarta,COD,118987
O2870,16,Rumah Tangga,Purworejo,Transfer Bank,421521
O2871,9,Makanan,Solo,Kartu Kredit,323000
O2872,3,Makanan,Solo,COD,148570
O2873,9,Makanan,Yogyakarta,Transfer Bank,470023
O2874,7,Rumah Tangga,Solo,Kartu Kredit,287097
O2875,7,Rumah Tangga,Yogyakarta,E-Wallet,367206
O2876,7,Kesehatan,Solo,Kartu Kredit,95683
O2877,6,Makanan,Purworejo,Kartu Kredit,266853
O2878,15,Rumah Tangga,Purworejo,Transfer Bank,296228
O2879,11,Fashion,Semarang,E-Wallet,52954
O2880,8,Fashion,Yogyakarta,COD,355133
O2881,1,Elektronik,Solo,COD,94065
O2882,13,Rumah Tangga,Purworejo,Transfer Bank,320252
O2883,14,Elektronik,Semarang,Kartu Kredit,331386
O2884,1,Fashion,Yogyakarta,E-Wallet,56625
O2885,17,Rumah Tangga,Yogyakarta,Transfer Bank,123139
O2886,7,Kesehatan,Magelang,Transfer Bank,417339
O2887,13,Rumah Tangga,Purworejo,E-Wallet,446371
O2888,8,Fashion,Purworejo,Kartu Kredit,222256
O2889,4,Makanan,Purworejo,Transfer Bank,119335
O2890,20,Elektronik,Yogyakarta,COD,319203
O2891,18,Kesehatan,Solo,Transfer Bank,426493
O2892,4,Elektronik,Purworejo,Transfer Bank,395652
O2893,4,Elektronik,Solo,Transfer Bank,347344
O2894,19,Kesehatan,Semarang,Kartu Kredit,86054
O2895,9,Kesehatan,Semarang,Kartu Kredit,135368
O2896,2,Makanan,Magelang,Kartu Kredit,157143
O2897,16,Rumah Tangga,Semarang,Transfer Bank,465409
O2898,17,Fashion,Solo,Transfer Bank,112055
O2899,10,Fashion,Semarang,Transfer Bank,179693
O2900,13,Makanan,Solo,Kartu Kredit,414250
O2901,6,Makanan,Magelang,E-Wallet,422206
O2902,15,Fashion,Magelang,E-Wallet,379276
O2903,10,Elektronik,Yogyakarta,Transfer Bank,328461
O2904,12,Makanan,Yogyakarta,COD,389194
O2905,4,Makanan,Purworejo,Kartu Kredit,177169
O2906,15,Fashion,Solo,E-Wallet,233880
O2907,19,Elektronik,Solo,Transfer Bank,92512
O2908,18,Makanan,Solo,COD,73426
O2909,7,Kesehatan,Purworejo,E-Wallet,234807
O2910,12,Rumah Tangga,Yogyakarta,COD,59655
O2911,18,Fashion,Semarang,E-Wallet,72640
O2912,2,Fashion,Solo,E-Wallet,380722
O2913,2,Rumah Tangga,Semarang,Transfer Bank,199735
O2914,13,Rumah Tangga,Magelang,COD,288936
O2915,5,Kesehatan,Purworejo,COD,297759
O2916,6,Makanan,Yogyakarta,COD,223446
O2917,18,Makanan,Magelang,Kartu Kredit,296287
O2918,3,Rumah Tangga,Magelang,Kartu Kredit,379464
O2919,18,Fashion,Purworejo,E-Wallet,235640
O2920,1,Rumah Tangga,Magelang,Transfer Bank,272299
O2921,8,Kesehatan,Semarang,E-Wallet,348983
O2922,17,Makanan,Purworejo,Transfer Bank,279094
O2923,9,Makanan,Purworejo,Transfer Bank,434254
O2924,1,Kesehatan,Magelang,Transfer Bank,111284
O2925,13,Kesehatan,Semarang,Transfer Bank,100524
O2926,17,Rumah Tangga,Semarang,Transfer Bank,79552
O2927,5,Elektronik,Solo,COD,385719
O2928,1,Rumah Tangga,Purworejo,Kartu Kredit,270025
O2929,13,Makanan,Magelang,Kartu Kredit,156702
O2930,7,Fashion,Purworejo,Transfer Bank,415989
O2931,3,Fashion,Purworejo,Kartu Kredit,282756
O2932,14,Fashion,Purworejo,Kartu Kredit,369697
O2933,9,Rumah Tangga,Purworejo,E-Wallet,408364
O2934,18,Makanan,Solo,Kartu Kredit,50197
O2935,16,Rumah Tangga,Magelang,Kartu Kredit,325951
O2936,7,Rumah Tangga,Magelang,Transfer Bank,78652
O2937,17,Rumah Tangga,Yogyakarta,Kartu Kredit,357726
O2938,18,Kesehatan,Solo,COD,455245
O2939,1,Elektronik,Semarang,E-Wallet,446610
O2940,8,Makanan,Magelang,Kartu Kredit,171402
O2941,10,Fashion,Solo,E-Wallet,109141
O2942,9,Kesehatan,Yogyakarta,E-Wallet,249452
O2943,12,Kesehatan,Solo,Kartu Kredit,71022
O2944,3,Kesehatan,Solo,E-Wallet,215687
O2945,16,Fashion,Magelang,Transfer Bank,93133
O2946,8,Rumah Tangga,Purworejo,COD,432147
O2947,16,Makanan,Magelang,E-Wallet,247038
O2948,12,Makanan,Solo,COD,201883
O2949,3,Elektronik,Yogyakarta,Transfer Bank,258879
O2950,2,Rumah Tangga,Semarang,E-Wallet,60342
O2951,20,Fashion,Semarang,Transfer Bank,333845
O2952,6,Fashion,Purworejo,Transfer Bank,350267
O2953,13,Elektronik,Magelang,Kartu Kredit,178242
O2954,3,Elektronik,Semarang,E-Wallet,305495
O2955,17,Makanan,Yogyakarta,Transfer Bank,438814
O2956,10,Kesehatan,Semarang,Transfer Bank,188918
O2957,1,Kesehatan,Magelang,Kartu Kredit,492243
O2958,15,Rumah Tangga,Solo,COD,286137
O2959,15,Elektronik,Purworejo,Transfer Bank,487001
O2960,16,Makanan,Magelang,E-Wallet,440455
O2961,5,Fashion,Semarang,Transfer Bank,243284
O2962,15,Elektronik,Semarang,COD,103954
O2963,15,Elektronik,Solo,E-Wallet,432339
O2964,6,Rumah Tangga,Solo,Transfer Bank,339333
O2965,2,Kesehatan,Yogyakarta,COD,498683
O2966,13,Fashion,Semarang,Transfer Bank,313284
O2967,1,Makanan,Purworejo,COD,158270
O2968,10,Fashion,Solo,Transfer Bank,407593
O2969,7,Rumah Tangga,Magelang,COD,124720
O2970,19,Makanan,Solo,E-Wallet,130728
O2971,13,Rumah Tangga,Solo,Transfer Bank,129005
O2972,3,Kesehatan,Purworejo,Transfer Bank,340291
O2973,10,Rumah Tangga,Magelang,E-Wallet,176024
O2974,13,Rumah Tangga,Yogyakarta,E-Wallet,499291
O2975,6,Fashion,Purworejo,Kartu Kredit,172446
O2976,18,Fashion,Purworejo,COD,244085
O2977,10,Rumah Tangga,Semarang,E-Wallet,369850
O2978,2,Fashion,Magelang,COD,245142
O2979,13,Kesehatan,Semarang,COD,271576
O2980,4,Fashion,Semarang,Kartu Kredit,79590
O2981,6,Fashion,Yogyakarta,Transfer Bank,434111
O2982,15,Makanan,Yogyakarta,E-Wallet,92300
O2983,17,Fashion,Solo,E-Wallet,322448
O2984,8,Makanan,Solo,E-Wallet,292002
O2985,20,Makanan,Purworejo,E-Wallet,369188
O2986,7,Elektronik,Solo,Transfer Bank,221551
O2987,8,Makanan,Semarang,Kartu Kredit,375801
O2988,10,Fashion,Yogyakarta,E-Wallet,351527
O2989,7,Fashion,Yogyakarta,COD,388381
O2990,11,Makanan,Solo,COD,462568
O2991,6,Fashion,Yogyakarta,E-Wallet,165199
O2992,2,Rumah Tangga,Purworejo,Kartu Kredit,244155
O2993,10,Makanan,Yogyakarta,COD,336159
O2994,4,Kesehatan,Purworejo,Kartu Kredit,405709
O2995,4,Rumah Tangga,Solo,E-Wallet,136012
O2996,10,Fashion,Semarang,COD,213225
O2997,1,Makanan,Semarang,COD,392838
O2998,11,Makanan,Purworejo,COD,486390
O2999,4,Makanan,Yogyakarta,Transfer Bank,52283
O3000,3,Makanan,Solo,Kartu Kredit,364424
O3001,19,Kesehatan,Magelang,Kartu Kredit,203779
O3002,15,Elektronik,Magelang,E-Wallet,277216
O3003,13,Fashion,Semarang,E-Wallet,238362
O3004,8,Fashion,Solo,Kartu Kredit,191610
O3005,3,Elektronik,Purworejo,Transfer Bank,387803
O3006,9,Makanan,Semarang,E-Wallet,179794
O3007,8,Fashion,Purworejo,COD,78243
O3008,18,Rumah Tangga,Yogyakarta,Transfer Bank,166878
O3009,20,Kesehatan,Yogyakarta,Transfer Bank,64369
O3010,11,Elektronik,Semarang,E-Wallet,394319
O3011,13,Makanan,Yogyakarta,E-Wallet,68191
O3012,14,Makanan,Semarang,Transfer Bank,336145
O3013,10,Rumah Tangga,Solo,COD,283223
O3014,15,Fashion,Solo,COD,385492
O3015,12,Elektronik,Yogyakarta,Kartu Kredit,261001
O3016,17,Makanan,Magelang,Transfer Bank,63556
O3017,20,Fashion,Yogyakarta,COD,243877
O3018,8,Makanan,Solo,Kartu Kredit,486010
O3019,15,Makanan,Semarang,E-Wallet,319641
O3020,14,Elektronik,Solo,Transfer Bank,125484
O3021,10,Fashion,Purworejo,Transfer Bank,476765
O3022,13,Rumah Tangga,Yogyakarta,Transfer Bank,355870
O3023,10,Rumah Tangga,Semarang,Kartu Kredit,299321
O3024,7,Fashion,Semarang,Transfer Bank,444514
O3025,10,Makanan,Yogyakarta,COD,165017
O3026,11,Rumah Tangga,Purworejo,Transfer Bank,140982
O3027,13,Kesehatan,Solo,Kartu Kredit,356790
O3028,13,Makanan,Semarang,Kartu Kredit,465106
O3029,20,Fashion,Yogyakarta,E-Wallet,170132
O3030,13,Rumah Tangga,Purworejo,COD,198849
O3031,2,Makanan,Semarang,COD,263154
O3032,16,Kesehatan,Solo,Transfer Bank,92427
O3033,20,Elektronik,Yogyakarta,COD,159583
O3034,15,Rumah Tangga,Semarang,Kartu Kredit,414360
O3035,9,Kesehatan,Solo,Transfer Bank,424066
O3036,2,Fashion,Yogyakarta,Transfer Bank,223200
O3037,11,Makanan,Purworejo,E-Wallet,483481
O3038,16,Elektronik,Solo,Transfer Bank,146822
O3039,4,Kesehatan,Yogyakarta,Kartu Kredit,432906
O3040,13,Makanan,Magelang,E-Wallet,314472
O3041,17,Kesehatan,Purworejo,Transfer Bank,252890
O3042,10,Rumah Tangga,Yogyakarta,COD,387152
O3043,12,Rumah Tangga,Magelang,COD,112830
O3044,13,Rumah Tangga,Semarang,COD,480031
O3045,16,Rumah Tangga,Solo,COD,455608
O3046,1,Elektronik,Semarang,E-Wallet,73700
O3047,19,Elektronik,Yogyakarta,Kartu Kredit,295638
O3048,5,Fashion,Purworejo,Transfer Bank,263842
O3049,13,Elektronik,Semarang,Transfer Bank,478772
O3050,10,Kesehatan,Magelang,COD,448252
O3051,18,Makanan,Yogyakarta,Transfer Bank,187032
O3052,7,Elektronik,Yogyakarta,COD,386426
O3053,8,Fashion,Semarang,Transfer Bank,328112
O3054,15,Makanan,Magelang,Kartu Kredit,130790
O3055,12,Elektronik,Yogyakarta,E-Wallet,218153
O3056,12,Rumah Tangga,Purworejo,Transfer Bank,356146
O3057,10,Rumah Tangga,Purworejo,E-Wallet,300340
O3058,1,Rumah Tangga,Yogyakarta,COD,325668
O3059,4,Rumah Tangga,Magelang,Transfer Bank,205756
O3060,2,Rumah Tangga,Purworejo,Kartu Kredit,270048
O3061,19,Makanan,Magelang,COD,245897
O3062,9,Fashion,Purworejo,E-Wallet,124641
O3063,15,Rumah Tangga,Purworejo,E-Wallet,185277
O3064,2,Fashion,Magelang,COD,264108
O3065,18,Kesehatan,Magelang,COD,372144
O3066,11,Makanan,Magelang,Transfer Bank,137397
O3067,18,Kesehatan,Purworejo,E-Wallet,418800
O3068,3,Rumah Tangga,Magelang,E-Wallet,443791
O3069,7,Elektronik,Purworejo,COD,379979
O3070,6,Fashion,Purworejo,Transfer Bank,171493
O3071,17,Fashion,Semarang,E-Wallet,407728
O3072,7,Rumah Tangga,Purworejo,Transfer Bank,169620
O3073,5,Kesehatan,Magelang,Transfer Bank,497902
O3074,18,Makanan,Semarang,Transfer Bank,412886
O3075,11,Fashion,Purworejo,COD,323617
O3076,20,Rumah Tangga,Yogyakarta,COD,172065
O3077,5,Fashion,Semarang,Kartu Kredit,67615
O3078,5,Elektronik,Yogyakarta,Transfer Bank,66760
O3079,12,Elektronik,Purworejo,COD,459815
O3080,6,Kesehatan,Purworejo,Transfer Bank,359207
O3081,9,Kesehatan,Solo,COD,394816
O3082,8,Elektronik,Semarang,E-Wallet,312469
O3083,12,Kesehatan,Solo,E-Wallet,359318
O3084,11,Rumah Tangga,Yogyakarta,E-Wallet,215703
O3085,18,Fashion,Purworejo,E-Wallet,464645
O3086,16,Elektronik,Purworejo,Kartu Kredit,70011
O3087,11,Fashion,Yogyakarta,Kartu Kredit,497575
O3088,12,Makanan,Semarang,Transfer Bank,373159
O3089,17,Rumah Tangga,Purworejo,COD,403252
O3090,20,Rumah Tangga,Magelang,Kartu Kredit,218275
O3091,14,Makanan,Purworejo,COD,82786
O3092,3,Kesehatan,Yogyakarta,Transfer Bank,162651
O3093,11,Fashion,Purworejo,Transfer Bank,284341
O3094,13,Kesehatan,Magelang,Kartu Kredit,104526
O3095,16,Elektronik,Semarang,Kartu Kredit,243347
O3096,2,Rumah Tangga,Solo,COD,491035
O3097,1,Rumah Tangga,Purworejo,Transfer Bank,55568
O3098,16,Rumah Tangga,Purworejo,Kartu Kredit,341957
O3099,19,Elektronik,Yogyakarta,COD,216551
O3100,8,Rumah Tangga,Semarang,E-Wallet,58508
O3101,5,Kesehatan,Solo,Transfer Bank,306829
O3102,10,Kesehatan,Magelang,COD,73014
O3103,19,Elektronik,Yogyakarta,E-Wallet,77158
O3104,4,Kesehatan,Solo,Kartu Kredit,404483
O3105,11,Makanan,Solo,COD,365828
O3106,1,Kesehatan,Yogyakarta,Kartu Kredit,324696
O3107,7,Kesehatan,Yogyakarta,COD,445507
O3108,14,Rumah Tangga,Yogyakarta,COD,144267
O3109,7,Elektronik,Solo,Transfer Bank,188457
O3110,14,Rumah Tangga,Purworejo,Transfer Bank,213561
O3111,1,Elektronik,Yogyakarta,Transfer Bank,64847
O3112,1,Makanan,Purworejo,COD,196750
O3113,13,Fashion,Magelang,Transfer Bank,241234
O3114,4,Kesehatan,Magelang,Transfer Bank,240271
O3115,20,Kesehatan,Yogyakarta,Transfer Bank,304937
O3116,11,Rumah Tangga,Magelang,Transfer Bank,227156
O3117,9,Fashion,Magelang,Transfer Bank,401646
O3118,11,Kesehatan,Purworejo,COD,364205
O3119,17,Fashion,Yogyakarta,Kartu Kredit,52463
O3120,19,Rumah Tangga,Magelang,E-Wallet,366959
O3121,4,Makanan,Purworejo,Transfer Bank,211852
O3122,12,Rumah Tangga,Magelang,E-Wallet,263568
O3123,16,Elektronik,Purworejo,Kartu Kredit,136803
O3124,8,Makanan,Solo,Kartu Kredit,194780
O3125,19,Kesehatan,Solo,COD,430251
O3126,15,Fashion,Purworejo,Transfer Bank,415337
O3127,15,Makanan,Magelang,COD,343256
O3128,3,Elektronik,Magelang,Kartu Kredit,396657
O3129,8,Rumah Tangga,Solo,E-Wallet,444083
O3130,2,Fashion,Magelang,Kartu Kredit,123794
O3131,4,Elektronik,Yogyakarta,E-Wallet,445995
O3132,1,Makanan,Semarang,E-Wallet,417085
O3133,12,Makanan,Semarang,Kartu Kredit,469113
O3134,4,Rumah Tangga,Yogyakarta,COD,112849
O3135,13,Makanan,Semarang,E-Wallet,245475
O3136,7,Kesehatan,Solo,COD,112910
O3137,16,Fashion,Purworejo,Kartu Kredit,210741
O3138,4,Fashion,Magelang,Transfer Bank,480100
O3139,7,Elektronik,Solo,Transfer Bank,442425
O3140,20,Makanan,Solo,COD,336586
O3141,5,Makanan,Magelang,E-Wallet,181555
O3142,10,Elektronik,Yogyakarta,Transfer Bank,326826
O3143,7,Elektronik,Magelang,Kartu Kredit,310453
O3144,6,Fashion,Semarang,COD,178696
O3145,9,Fashion,Semarang,COD,90640
O3146,16,Makanan,Solo,E-Wallet,453012
O3147,12,Elektronik,Magelang,Transfer Bank,410416
O3148,7,Rumah Tangga,Purworejo,E-Wallet,440236
O3149,7,Makanan,Yogyakarta,Kartu Kredit,131761
O3150,7,Fashion,Yogyakarta,COD,371136
O3151,12,Fashion,Yogyakarta,Kartu Kredit,218934
O3152,16,Elektronik,Magelang,COD,367706
O3153,3,Makanan,Magelang,COD,56455
O3154,6,Kesehatan,Solo,Transfer Bank,86096
O3155,14,Fashion,Semarang,Kartu Kredit,278031
O3156,15,Makanan,Magelang,E-Wallet,70399
O3157,12,Rumah Tangga,Purworejo,Kartu Kredit,173168
O3158,3,Elektronik,Semarang,Transfer Bank,159709
O3159,8,Elektronik,Yogyakarta,Kartu Kredit,149918
O3160,12,Kesehatan,Yogyakarta,Kartu Kredit,255138
O3161,4,Elektronik,Magelang,Kartu Kredit,238465
O3162,7,Kesehatan,Solo,COD,109871
O3163,14,Rumah Tangga,Solo,COD,238996
O3164,4,Rumah Tangga,Yogyakarta,COD,71612
O3165,16,Fashion,Semarang,Transfer Bank,74339
O3166,14,Kesehatan,Purworejo,Transfer Bank,223931
O3167,17,Makanan,Semarang,Kartu Kredit,232374
O3168,2,Fashion,Purworejo,COD,225310
O3169,19,Elektronik,Yogyakarta,Kartu Kredit,202201
O3170,4,Fashion,Yogyakarta,Transfer Bank,130499
O3171,13,Rumah Tangga,Purworejo,COD,480188
O3172,14,Kesehatan,Purworejo,Transfer Bank,310464
O3173,20,Fashion,Purworejo,COD,66622
O3174,19,Kesehatan,Purworejo,Kartu Kredit,468156
O3175,5,Rumah Tangga,Purworejo,E-Wallet,182502
O3176,10,Rumah Tangga,Semarang,COD,187025
O3177,16,Kesehatan,Yogyakarta,Kartu Kredit,133023
O3178,16,Makanan,Semarang,E-Wallet,165145
O3179,7,Fashion,Purworejo,Kartu Kredit,495654
O3180,10,Fashion,Solo,Kartu Kredit,64543
O3181,1,Rumah Tangga,Purworejo,E-Wallet,242363
O3182,15,Rumah Tangga,Yogyakarta,E-Wallet,390828
O3183,16,Makanan,Magelang,COD,376147
O3184,16,Rumah Tangga,Semarang,Kartu Kredit,160988
O3185,11,Rumah Tangga,Purworejo,COD,385441
O3186,9,Elektronik,Magelang,COD,298860
O3187,18,Kesehatan,Magelang,Transfer Bank,100717
O3188,6,Kesehatan,Solo,Kartu Kredit,365432
O3189,18,Elektronik,Magelang,COD,389579
O3190,3,Fashion,Purworejo,Kartu Kredit,193177
O3191,10,Makanan,Yogyakarta,Transfer Bank,149531
O3192,1,Rumah Tangga,Yogyakarta,Transfer Bank,467268
O3193,16,Elektronik,Yogyakarta,Transfer Bank,98863
O3194,7,Rumah Tangga,Magelang,Kartu Kredit,491672
O3195,11,Kesehatan,Semarang,E-Wallet,162188
O3196,6,Fashion,Semarang,Transfer Bank,57312
O3197,15,Rumah Tangga,Semarang,Transfer Bank,88761
O3198,16,Elektronik,Semarang,Kartu Kredit,242226
O3199,4,Kesehatan,Yogyakarta,COD,307626
O3200,18,Kesehatan,Semarang,E-Wallet,249785
O3201,5,Fashion,Purworejo,E-Wallet,176648
O3202,12,Rumah Tangga,Magelang,Transfer Bank,109870
O3203,8,Makanan,Semarang,E-Wallet,61104
O3204,1,Elektronik,Purworejo,Kartu Kredit,289416
O3205,9,Rumah Tangga,Magelang,Transfer Bank,176683
O3206,20,Fashion,Magelang,Kartu Kredit,273109
O3207,7,Fashion,Yogyakarta,Transfer Bank,349993
O3208,13,Kesehatan,Magelang,Kartu Kredit,313172
O3209,5,Fashion,Purworejo,Transfer Bank,281162
O3210,12,Elektronik,Solo,Transfer Bank,328995
O3211,12,Kesehatan,Purworejo,Kartu Kredit,382412
O3212,13,Fashion,Magelang,COD,377669
O3213,3,Elektronik,Purworejo,COD,105915
O3214,10,Kesehatan,Purworejo,Kartu Kredit,150868
O3215,10,Fashion,Solo,COD,114882
O3216,15,Makanan,Solo,Kartu Kredit,191632
O3217,17,Rumah Tangga,Solo,Kartu Kredit,424797
O3218,18,Elektronik,Solo,Transfer Bank,461632
O3219,14,Kesehatan,Semarang,Kartu Kredit,94307
O3220,9,Elektronik,Yogyakarta,Kartu Kredit,198042
O3221,20,Rumah Tangga,Magelang,E-Wallet,181142
O3222,6,Kesehatan,Yogyakarta,E-Wallet,310706
O3223,13,Rumah Tangga,Semarang,Kartu Kredit,240753
O3224,2,Rumah Tangga,Purworejo,COD,191337
O3225,16,Rumah Tangga,Solo,E-Wallet,54196
O3226,8,Elektronik,Purworejo,Transfer Bank,474182
O3227,9,Makanan,Magelang,E-Wallet,412004
O3228,20,Makanan,Purworejo,Kartu Kredit,300145
O3229,17,Kesehatan,Solo,Kartu Kredit,364591
O3230,1,Kesehatan,Yogyakarta,Transfer Bank,467490
O3231,1,Elektronik,Purworejo,E-Wallet,374707
O3232,16,Elektronik,Solo,Transfer Bank,80378
O3233,5,Makanan,Magelang,E-Wallet,346323
O3234,10,Kesehatan,Purworejo,Kartu Kredit,124772
O3235,9,Elektronik,Magelang,Kartu Kredit,226434
O3236,18,Kesehatan,Solo,Transfer Bank,60805
O3237,9,Elektronik,Solo,COD,470334
O3238,13,Makanan,Solo,E-Wallet,117932
O3239,13,Makanan,Purworejo,Transfer Bank,192811
O3240,4,Elektronik,Semarang,Kartu Kredit,269690
O3241,9,Kesehatan,Semarang,E-Wallet,468820
O3242,8,Elektronik,Solo,Transfer Bank,264164
O3243,6,Makanan,Yogyakarta,Transfer Bank,264492
O3244,13,Kesehatan,Purworejo,Transfer Bank,94372
O3245,1,Elektronik,Yogyakarta,Transfer Bank,496995
O3246,10,Fashion,Purworejo,Transfer Bank,276861
O3247,17,Rumah Tangga,Solo,Kartu Kredit,191717
O3248,20,Elektronik,Purworejo,Kartu Kredit,126033
O3249,6,Makanan,Yogyakarta,E-Wallet,462805
O3250,15,Rumah Tangga,Semarang,Transfer Bank,157625
O3251,4,Fashion,Semarang,E-Wallet,362381
O3252,9,Kesehatan,Yogyakarta,Kartu Kredit,389637
O3253,12,Rumah Tangga,Purworejo,COD,92149
O3254,19,Rumah Tangga,Magelang,COD,187847
O3255,14,Rumah Tangga,Purworejo,Transfer Bank,498488
O3256,12,Fashion,Solo,E-Wallet,62617
O3257,13,Rumah Tangga,Magelang,E-Wallet,75782
O3258,3,Makanan,Semarang,COD,299404
O3259,17,Rumah Tangga,Semarang,E-Wallet,288964
O3260,7,Fashion,Solo,E-Wallet,460123
O3261,13,Rumah Tangga,Semarang,E-Wallet,161081
O3262,9,Elektronik,Magelang,E-Wallet,104355
O3263,11,Elektronik,Purworejo,COD,352640
O3264,13,Rumah Tangga,Purworejo,COD,174245
O3265,3,Kesehatan,Yogyakarta,COD,173240
O3266,7,Rumah Tangga,Semarang,COD,268154
O3267,17,Fashion,Magelang,Transfer Bank,135954
O3268,15,Fashion,Yogyakarta,Kartu Kredit,120095
O3269,10,Rumah Tangga,Magelang,Transfer Bank,283454
O3270,4,Makanan,Yogyakarta,E-Wallet,191379
O3271,15,Kesehatan,Purworejo,E-Wallet,196493
O3272,8,Fashion,Yogyakarta,COD,69879
O3273,5,Rumah Tangga,Magelang,COD,447961
O3274,16,Fashion,Yogyakarta,COD,172083
O3275,14,Makanan,Solo,COD,131207
O3276,17,Elektronik,Purworejo,E-Wallet,152411
O3277,16,Elektronik,Solo,E-Wallet,116312
O3278,15,Elektronik,Yogyakarta,COD,187292
O3279,8,Kesehatan,Magelang,COD,294065
O3280,3,Kesehatan,Semarang,Kartu Kredit,206765
O3281,16,Makanan,Solo,E-Wallet,84011
O3282,13,Kesehatan,Purworejo,Kartu Kredit,259326
O3283,3,Fashion,Purworejo,Kartu Kredit,85960
O3284,9,Elektronik,Yogyakarta,Transfer Bank,398695
O3285,6,Fashion,Yogyakarta,Transfer Bank,110644
O3286,16,Elektronik,Yogyakarta,Kartu Kredit,125326
O3287,12,Kesehatan,Yogyakarta,Transfer Bank,450069
O3288,2,Fashion,Magelang,Kartu Kredit,153032
O3289,10,Elektronik,Solo,E-Wallet,434515
O3290,5,Fashion,Purworejo,COD,104212
O3291,11,Fashion,Yogyakarta,Transfer Bank,218983
O3292,20,Makanan,Purworejo,E-Wallet,351652
O3293,6,Elektronik,Yogyakarta,Transfer Bank,245047
O3294,8,Kesehatan,Solo,COD,210225
O3295,2,Elektronik,Purworejo,Kartu Kredit,316108
O3296,13,Makanan,Solo,Transfer Bank,257104
O3297,5,Kesehatan,Solo,COD,436281
O3298,2,Kesehatan,Yogyakarta,E-Wallet,397546
O3299,19,Fashion,Solo,Kartu Kredit,74269
O3300,19,Rumah Tangga,Yogyakarta,Kartu Kredit,148674
O3301,6,Fashion,Purworejo,E-Wallet,382219
O3302,15,Fashion,Magelang,COD,395937
O3303,2,Makanan,Solo,E-Wallet,80552
O3304,16,Elektronik,Magelang,E-Wallet,162952
O3305,3,Makanan,Yogyakarta,E-Wallet,233466
O3306,5,Rumah Tangga,Semarang,Transfer Bank,381921
O3307,7,Fashion,Yogyakarta,Transfer Bank,382199
O3308,12,Makanan,Yogyakarta,Transfer Bank,448839
O3309,10,Kesehatan,Semarang,E-Wallet,315416
O3310,8,Fashion,Magelang,Kartu Kredit,228325
O3311,8,Rumah Tangga,Purworejo,COD,214559
O3312,16,Kesehatan,Semarang,COD,279621
O3313,9,Elektronik,Semarang,Transfer Bank,317196
O3314,19,Kesehatan,Purworejo,Transfer Bank,83986
O3315,8,Elektronik,Semarang,Transfer Bank,328954
O3316,10,Kesehatan,Purworejo,Transfer Bank,472917
O3317,5,Rumah Tangga,Semarang,COD,95405
O3318,14,Rumah Tangga,Purworejo,E-Wallet,340317
O3319,12,Kesehatan,Purworejo,Transfer Bank,282352
O3320,16,Rumah Tangga,Purworejo,Kartu Kredit,196643
O3321,18,Elektronik,Solo,COD,364312
O3322,3,Fashion,Semarang,E-Wallet,86609
O3323,13,Fashion,Purworejo,E-Wallet,298513
O3324,8,Fashion,Solo,E-Wallet,371375
O3325,20,Fashion,Solo,Transfer Bank,351778
O3326,11,Rumah Tangga,Semarang,E-Wallet,347106
O3327,9,Kesehatan,Purworejo,E-Wallet,475068
O3328,9,Kesehatan,Yogyakarta,Transfer Bank,323301
O3329,1,Fashion,Solo,Kartu Kredit,125087
O3330,1,Makanan,Purworejo,COD,100548
O3331,10,Elektronik,Purworejo,COD,444611
O3332,7,Makanan,Solo,Transfer Bank,475299
O3333,20,Elektronik,Solo,E-Wallet,408290
O3334,1,Makanan,Solo,Transfer Bank,297538
O3335,1,Rumah Tangga,Solo,Kartu Kredit,238374
O3336,11,Fashion,Purworejo,COD,145681
O3337,13,Fashion,Semarang,Kartu Kredit,383813
O3338,10,Elektronik,Magelang,COD,478266
O3339,6,Elektronik,Semarang,Transfer Bank,342402
O3340,11,Makanan,Yogyakarta,Transfer Bank,342240
O3341,10,Elektronik,Solo,COD,255528
O3342,17,Rumah Tangga,Semarang,Kartu Kredit,79921
O3343,17,Makanan,Purworejo,E-Wallet,313947
O3344,3,Fashion,Semarang,COD,142130
O3345,12,Elektronik,Magelang,Kartu Kredit,410070
O3346,9,Fashion,Magelang,COD,403190
O3347,6,Fashion,Yogyakarta,E-Wallet,191434
O3348,2,Fashion,Purworejo,E-Wallet,112077
O3349,5,Elektronik,Magelang,Transfer Bank,98480
O3350,1,Makanan,Purworejo,E-Wallet,372367
O3351,5,Rumah Tangga,Yogyakarta,E-Wallet,477348
O3352,1,Rumah Tangga,Solo,Transfer Bank,277829
O3353,17,Makanan,Purworejo,Transfer Bank,77568
O3354,18,Kesehatan,Solo,E-Wallet,189897
O3355,16,Makanan,Magelang,Transfer Bank,420197
O3356,4,Makanan,Yogyakarta,COD,367788
O3357,8,Elektronik,Semarang,COD,225027
O3358,8,Elektronik,Yogyakarta,Kartu Kredit,120744
O3359,17,Makanan,Magelang,E-Wallet,407336
O3360,12,Fashion,Purworejo,COD,427271
O3361,15,Makanan,Semarang,Kartu Kredit,109757
O3362,3,Rumah Tangga,Solo,Transfer Bank,318069
O3363,20,Elektronik,Magelang,E-Wallet,234715
O3364,5,Kesehatan,Semarang,E-Wallet,305254
O3365,16,Makanan,Magelang,Kartu Kredit,377496
O3366,13,Kesehatan,Purworejo,COD,134940
O3367,1,Kesehatan,Semarang,COD,126129
O3368,12,Elektronik,Solo,COD,76787
O3369,15,Rumah Tangga,Purworejo,Kartu Kredit,488323
O3370,5,Rumah Tangga,Yogyakarta,Transfer Bank,417716
O3371,5,Rumah Tangga,Yogyakarta,COD,138346
O3372,8,Elektronik,Magelang,COD,217561
O3373,18,Fashion,Purworejo,Kartu Kredit,486848
O3374,17,Kesehatan,Purworejo,Transfer Bank,410394
O3375,16,Kesehatan,Yogyakarta,Kartu Kredit,452640
O3376,18,Kesehatan,Magelang,COD,108162
O3377,10,Elektronik,Purworejo,E-Wallet,320932
O3378,18,Fashion,Purworejo,COD,322630
O3379,5,Fashion,Yogyakarta,Transfer Bank,52701
O3380,8,Kesehatan,Magelang,Kartu Kredit,81671
O3381,14,Kesehatan,Semarang,COD,409549
O3382,3,Kesehatan,Semarang,Kartu Kredit,395860
O3383,5,Elektronik,Yogyakarta,E-Wallet,242710
O3384,8,Rumah Tangga,Yogyakarta,Transfer Bank,495044
O3385,19,Makanan,Magelang,E-Wallet,182363
O3386,14,Makanan,Yogyakarta,COD,65768
O3387,4,Elektronik,Solo,COD,89333
O3388,18,Elektronik,Magelang,E-Wallet,375565
O3389,9,Elektronik,Yogyakarta,Transfer Bank,267501
O3390,19,Kesehatan,Solo,Transfer Bank,288439
O3391,18,Fashion,Yogyakarta,Kartu Kredit,497398
O3392,7,Elektronik,Purworejo,Kartu Kredit,386556
O3393,3,Fashion,Yogyakarta,E-Wallet,108653
O3394,19,Rumah Tangga,Yogyakarta,Transfer Bank,249550
O3395,20,Kesehatan,Purworejo,Transfer Bank,374529
O3396,14,Makanan,Yogyakarta,COD,335083
O3397,20,Makanan,Semarang,COD,160468
O3398,6,Fashion,Solo,E-Wallet,265102
O3399,12,Elektronik,Yogyakarta,Transfer Bank,265317
O3400,17,Fashion,Magelang,COD,457804
O3401,9,Kesehatan,Yogyakarta,COD,135522
O3402,9,Fashion,Purworejo,COD,184734
O3403,20,Makanan,Solo,E-Wallet,119954
O3404,5,Fashion,Magelang,COD,443647
O3405,6,Elektronik,Solo,Kartu Kredit,393839
O3406,3,Kesehatan,Semarang,Kartu Kredit,284562
O3407,10,Rumah Tangga,Magelang,E-Wallet,182792
O3408,17,Makanan,Semarang,Transfer Bank,339700
O3409,16,Elektronik,Semarang,E-Wallet,359401
O3410,10,Kesehatan,Magelang,Kartu Kredit,397163
O3411,12,Rumah Tangga,Semarang,Transfer Bank,337862
O3412,18,Elektronik,Solo,Transfer Bank,365557
O3413,11,Rumah Tangga,Semarang,E-Wallet,227724
O3414,20,Elektronik,Purworejo,E-Wallet,220159
O3415,12,Elektronik,Solo,COD,298993
O3416,9,Makanan,Semarang,E-Wallet,105945
O3417,15,Elektronik,Semarang,COD,327399
O3418,2,Makanan,Solo,Kartu Kredit,116209
O3419,17,Kesehatan,Semarang,E-Wallet,69438
O3420,14,Kesehatan,Purworejo,Kartu Kredit,292016
O3421,7,Rumah Tangga,Solo,COD,314077
O3422,18,Rumah Tangga,Purworejo,Kartu Kredit,294312
O3423,18,Rumah Tangga,Yogyakarta,Transfer Bank,425078
O3424,6,Fashion,Purworejo,Kartu Kredit,124689
O3425,9,Elektronik,Purworejo,E-Wallet,109477
O3426,18,Makanan,Semarang,Transfer Bank,202775
O3427,3,Fashion,Solo,E-Wallet,352617
O3428,8,Kesehatan,Solo,Kartu Kredit,201048
O3429,20,Rumah Tangga,Purworejo,Transfer Bank,408368
O3430,18,Makanan,Solo,E-Wallet,394896
O3431,8,Fashion,Magelang,E-Wallet,486747
O3432,3,Elektronik,Magelang,Transfer Bank,372823
O3433,16,Elektronik,Magelang,E-Wallet,351854
O3434,6,Makanan,Semarang,COD,275132
O3435,7,Kesehatan,Yogyakarta,Transfer Bank,202505
O3436,14,Elektronik,Purworejo,E-Wallet,323384
O3437,1,Rumah Tangga,Semarang,Transfer Bank,349772
O3438,10,Kesehatan,Semarang,E-Wallet,287010
O3439,6,Elektronik,Yogyakarta,E-Wallet,54745
O3440,12,Kesehatan,Magelang,COD,188693
O3441,19,Rumah Tangga,Magelang,Transfer Bank,439585
O3442,13,Makanan,Semarang,COD,158957
O3443,3,Rumah Tangga,Solo,Transfer Bank,239042
O3444,16,Makanan,Semarang,E-Wallet,137628
O3445,3,Fashion,Semarang,E-Wallet,367139
O3446,19,Rumah Tangga,Purworejo,Transfer Bank,68633
O3447,17,Rumah Tangga,Yogyakarta,Transfer Bank,263309
O3448,8,Kesehatan,Magelang,E-Wallet,457366
O3449,7,Rumah Tangga,Magelang,E-Wallet,328049
O3450,15,Rumah Tangga,Magelang,E-Wallet,185097
O3451,6,Kesehatan,Magelang,COD,106494
O3452,15,Kesehatan,Yogyakarta,E-Wallet,449981
O3453,6,Elektronik,Solo,E-Wallet,206750
O3454,6,Makanan,Semarang,E-Wallet,97452
O3455,12,Fashion,Semarang,E-Wallet,258849
O3456,14,Kesehatan,Solo,Transfer Bank,397247
O3457,5,Makanan,Yogyakarta,Transfer Bank,225553
O3458,8,Elektronik,Magelang,Kartu Kredit,87511
O3459,10,Makanan,Magelang,Transfer Bank,495572
O3460,17,Kesehatan,Purworejo,Kartu Kredit,54921
O3461,2,Fashion,Magelang,Transfer Bank,312797
O3462,2,Fashion,Purworejo,Transfer Bank,461921
O3463,1,Elektronik,Purworejo,Kartu Kredit,217084
O3464,20,Fashion,Purworejo,Transfer Bank,407607
O3465,19,Rumah Tangga,Purworejo,E-Wallet,159411
O3466,15,Fashion,Semarang,Kartu Kredit,416362
O3467,14,Makanan,Solo,Transfer Bank,271365
O3468,18,Fashion,Yogyakarta,Kartu Kredit,51819
O3469,20,Rumah Tangga,Magelang,COD,174122
O3470,10,Makanan,Yogyakarta,Transfer Bank,212240
O3471,3,Kesehatan,Magelang,Transfer Bank,127069
O3472,13,Elektronik,Yogyakarta,Kartu Kredit,449062
O3473,4,Kesehatan,Solo,Kartu Kredit,209559
O3474,14,Kesehatan,Purworejo,E-Wallet,277551
O3475,4,Rumah Tangga,Purworejo,E-Wallet,410180
O3476,5,Rumah Tangga,Purworejo,Kartu Kredit,304755
O3477,3,Makanan,Semarang,COD,117870
O3478,15,Rumah Tangga,Yogyakarta,Transfer Bank,240028
O3479,5,Kesehatan,Semarang,COD,346506
O3480,9,Fashion,Yogyakarta,Transfer Bank,63298
O3481,14,Elektronik,Solo,Kartu Kredit,346386
O3482,10,Makanan,Semarang,E-Wallet,100354
O3483,13,Kesehatan,Magelang,Kartu Kredit,340576
O3484,4,Kesehatan,Purworejo,COD,55543
O3485,4,Rumah Tangga,Magelang,Kartu Kredit,468779
O3486,12,Makanan,Magelang,Transfer Bank,94187
O3487,8,Kesehatan,Semarang,Kartu Kredit,485563
O3488,3,Kesehatan,Semarang,Kartu Kredit,300870
O3489,4,Fashion,Purworejo,E-Wallet,305438
O3490,5,Makanan,Solo,Kartu Kredit,428170
O3491,7,Fashion,Semarang,COD,499159
O3492,10,Makanan,Solo,Transfer Bank,440789
O3493,10,Kesehatan,Magelang,E-Wallet,279831
O3494,1,Rumah Tangga,Yogyakarta,Transfer Bank,183101
O3495,20,Fashion,Purworejo,COD,456568
O3496,8,Rumah Tangga,Semarang,Kartu Kredit,290309
O3497,17,Kesehatan,Magelang,Kartu Kredit,98680
O3498,2,Elektronik,Purworejo,Kartu Kredit,441609
O3499,14,Kesehatan,Semarang,E-Wallet,390040
O3500,7,Makanan,Semarang,Transfer Bank,225882
O3501,7,Makanan,Magelang,COD,154942
O3502,4,Kesehatan,Semarang,Transfer Bank,58202
O3503,16,Rumah Tangga,Purworejo,COD,180711
O3504,7,Makanan,Yogyakarta,COD,52199
O3505,10,Rumah Tangga,Purworejo,Transfer Bank,133966
O3506,13,Elektronik,Magelang,COD,413882
O3507,10,Fashion,Purworejo,E-Wallet,472186
O3508,16,Kesehatan,Solo,E-Wallet,300211
O3509,16,Elektronik,Magelang,Transfer Bank,238653
O3510,9,Fashion,Purworejo,COD,212087
O3511,10,Fashion,Solo,E-Wallet,143274
O3512,15,Fashion,Yogyakarta,COD,288727
O3513,2,Makanan,Semarang,E-Wallet,406964
O3514,10,Elektronik,Purworejo,E-Wallet,255791
O3515,11,Rumah Tangga,Magelang,COD,353293
O3516,8,Elektronik,Semarang,Transfer Bank,284965
O3517,3,Makanan,Purworejo,E-Wallet,99130
O3518,3,Rumah Tangga,Solo,COD,206301
O3519,2,Rumah Tangga,Solo,E-Wallet,51826
O3520,17,Kesehatan,Magelang,Transfer Bank,56548
O3521,19,Elektronik,Purworejo,Transfer Bank,352212
O3522,1,Elektronik,Magelang,E-Wallet,434352
O3523,1,Makanan,Yogyakarta,COD,220010
O3524,8,Elektronik,Magelang,COD,189196
O3525,12,Rumah Tangga,Semarang,Transfer Bank,125534
O3526,13,Kesehatan,Solo,Transfer Bank,160328
O3527,8,Fashion,Yogyakarta,COD,172949
O3528,18,Rumah Tangga,Magelang,Transfer Bank,271348
O3529,11,Fashion,Yogyakarta,COD,116834
O3530,18,Kesehatan,Magelang,Kartu Kredit,129225
O3531,10,Makanan,Solo,COD,86544
O3532,1,Rumah Tangga,Magelang,Kartu Kredit,164998
O3533,10,Elektronik,Magelang,COD,281171
O3534,13,Kesehatan,Purworejo,COD,196651
O3535,3,Elektronik,Purworejo,COD,291830
O3536,16,Elektronik,Semarang,Kartu Kredit,112179
O3537,7,Elektronik,Magelang,COD,276557
O3538,9,Makanan,Yogyakarta,E-Wallet,279695
O3539,20,Kesehatan,Magelang,Kartu Kredit,489709
O3540,7,Rumah Tangga,Solo,Transfer Bank,435226
O3541,18,Rumah Tangga,Semarang,COD,188231
O3542,20,Kesehatan,Semarang,COD,295619
O3543,17,Kesehatan,Purworejo,COD,255652
O3544,12,Elektronik,Yogyakarta,Kartu Kredit,159791
O3545,6,Elektronik,Semarang,COD,494627
O3546,17,Rumah Tangga,Solo,Transfer Bank,429545
O3547,7,Elektronik,Semarang,E-Wallet,156391
O3548,13,Kesehatan,Purworejo,Transfer Bank,204846
O3549,2,Fashion,Solo,E-Wallet,348334
O3550,20,Kesehatan,Magelang,E-Wallet,470701
O3551,13,Elektronik,Purworejo,COD,153785
O3552,10,Fashion,Semarang,Transfer Bank,416584
O3553,4,Fashion,Solo,Transfer Bank,198940
O3554,7,Rumah Tangga,Magelang,Kartu Kredit,184235
O3555,15,Elektronik,Solo,COD,144003
O3556,1,Elektronik,Yogyakarta,Transfer Bank,430664
O3557,20,Rumah Tangga,Purworejo,Transfer Bank,86755
O3558,20,Rumah Tangga,Solo,Transfer Bank,288440
O3559,7,Elektronik,Yogyakarta,Transfer Bank,62348
O3560,5,Kesehatan,Solo,COD,240970
O3561,9,Fashion,Semarang,Transfer Bank,294383
O3562,14,Kesehatan,Yogyakarta,Kartu Kredit,291570
O3563,10,Rumah Tangga,Yogyakarta,Transfer Bank,103289
O3564,8,Elektronik,Solo,Kartu Kredit,305871
O3565,18,Elektronik,Semarang,COD,284174
O3566,16,Fashion,Magelang,Kartu Kredit,394161
O3567,14,Rumah Tangga,Magelang,Kartu Kredit,311839
O3568,7,Makanan,Magelang,Kartu Kredit,201286
O3569,7,Rumah Tangga,Magelang,COD,461099
O3570,7,Makanan,Magelang,Transfer Bank,360886
O3571,12,Fashion,Yogyakarta,E-Wallet,143371
O3572,10,Fashion,Semarang,Kartu Kredit,220374
O3573,5,Elektronik,Solo,E-Wallet,298210
O3574,8,Elektronik,Purworejo,Kartu Kredit,257726
O3575,6,Rumah Tangga,Yogyakarta,Transfer Bank,128507
O3576,13,Fashion,Solo,Kartu Kredit,304331
O3577,12,Makanan,Magelang,Kartu Kredit,364644
O3578,18,Elektronik,Solo,E-Wallet,302064
O3579,8,Fashion,Semarang,Transfer Bank,104752
O3580,18,Makanan,Yogyakarta,COD,294552
O3581,10,Fashion,Purworejo,Transfer Bank,396022
O3582,6,Elektronik,Solo,Transfer Bank,371285
O3583,17,Makanan,Semarang,COD,333647
O3584,19,Elektronik,Solo,Transfer Bank,177290
O3585,15,Rumah Tangga,Purworejo,Kartu Kredit,391660
O3586,13,Rumah Tangga,Magelang,Transfer Bank,66380
O3587,8,Kesehatan,Solo,COD,275076
O3588,9,Kesehatan,Yogyakarta,Transfer Bank,457233
O3589,3,Fashion,Purworejo,E-Wallet,131415
O3590,17,Rumah Tangga,Purworejo,Kartu Kredit,120726
O3591,11,Makanan,Semarang,Transfer Bank,94229
O3592,15,Fashion,Magelang,Kartu Kredit,264274
O3593,17,Kesehatan,Solo,Kartu Kredit,339532
O3594,13,Kesehatan,Yogyakarta,Transfer Bank,144573
O3595,20,Rumah Tangga,Solo,E-Wallet,287565
O3596,6,Kesehatan,Semarang,COD,466147
O3597,14,Fashion,Magelang,Kartu Kredit,181516
O3598,4,Elektronik,Semarang,E-Wallet,115092
O3599,16,Fashion,Semarang,E-Wallet,234018
O3600,10,Fashion,Yogyakarta,COD,399037
O3601,11,Elektronik,Solo,E-Wallet,211580
O3602,5,Rumah Tangga,Magelang,COD,438195
O3603,16,Fashion,Solo,Transfer Bank,196354
O3604,9,Kesehatan,Solo,E-Wallet,261485
O3605,6,Elektronik,Purworejo,Transfer Bank,314651
O3606,5,Elektronik,Semarang,Transfer Bank,70827
O3607,13,Rumah Tangga,Semarang,Transfer Bank,99227
O3608,1,Fashion,Solo,Transfer Bank,476605
O3609,20,Rumah Tangga,Purworejo,Transfer Bank,422864
O3610,16,Elektronik,Solo,COD,373082
O3611,9,Rumah Tangga,Magelang,Transfer Bank,171557
O3612,17,Makanan,Solo,Kartu Kredit,149106
O3613,15,Kesehatan,Solo,Kartu Kredit,204730
O3614,1,Kesehatan,Purworejo,Transfer Bank,114595
O3615,10,Elektronik,Semarang,E-Wallet,374586
O3616,7,Rumah Tangga,Yogyakarta,Transfer Bank,427366
O3617,19,Kesehatan,Solo,Transfer Bank,51304
O3618,10,Rumah Tangga,Purworejo,E-Wallet,434033
O3619,12,Elektronik,Purworejo,Kartu Kredit,200390
O3620,7,Fashion,Solo,Transfer Bank,279005
O3621,9,Makanan,Semarang,Kartu Kredit,276560
O3622,17,Kesehatan,Semarang,Kartu Kredit,163312
O3623,17,Makanan,Magelang,Transfer Bank,81068
O3624,5,Kesehatan,Yogyakarta,COD,452328
O3625,5,Fashion,Purworejo,E-Wallet,208197
O3626,9,Kesehatan,Solo,Transfer Bank,382908
O3627,14,Elektronik,Solo,COD,93792
O3628,1,Kesehatan,Solo,Kartu Kredit,472866
O3629,20,Makanan,Magelang,E-Wallet,422426
O3630,2,Kesehatan,Yogyakarta,Transfer Bank,431453
O3631,11,Fashion,Semarang,E-Wallet,356242
O3632,4,Makanan,Yogyakarta,COD,457166
O3633,20,Elektronik,Semarang,COD,132021
O3634,19,Kesehatan,Semarang,E-Wallet,474378
O3635,8,Makanan,Purworejo,Transfer Bank,184879
O3636,11,Kesehatan,Magelang,Transfer Bank,483497
O3637,10,Rumah Tangga,Purworejo,Transfer Bank,420159
O3638,7,Makanan,Magelang,E-Wallet,400526
O3639,12,Elektronik,Semarang,COD,315964
O3640,9,Kesehatan,Semarang,E-Wallet,298651
O3641,5,Fashion,Magelang,Kartu Kredit,163573
O3642,11,Fashion,Semarang,E-Wallet,269304
O3643,3,Elektronik,Purworejo,E-Wallet,495535
O3644,18,Kesehatan,Solo,COD,222818
O3645,16,Kesehatan,Magelang,Kartu Kredit,81812
O3646,20,Makanan,Magelang,E-Wallet,397841
O3647,8,Rumah Tangga,Magelang,Transfer Bank,355602
O3648,15,Rumah Tangga,Magelang,Kartu Kredit,212683
O3649,9,Kesehatan,Purworejo,COD,143358
O3650,4,Rumah Tangga,Magelang,Kartu Kredit,192073
O3651,6,Fashion,Semarang,Transfer Bank,73384
O3652,19,Fashion,Yogyakarta,E-Wallet,136201
O3653,3,Fashion,Semarang,Transfer Bank,342691
O3654,9,Fashion,Yogyakarta,Kartu Kredit,367119
O3655,17,Kesehatan,Solo,E-Wallet,435039
O3656,5,Makanan,Yogyakarta,E-Wallet,302844
O3657,19,Elektronik,Purworejo,Kartu Kredit,164283
O3658,14,Rumah Tangga,Purworejo,Transfer Bank,446813
O3659,8,Makanan,Purworejo,Kartu Kredit,194508
O3660,4,Elektronik,Magelang,COD,247193
O3661,17,Makanan,Purworejo,Kartu Kredit,290787
O3662,7,Fashion,Purworejo,Kartu Kredit,176447
O3663,4,Makanan,Yogyakarta,Transfer Bank,85377
O3664,1,Rumah Tangga,Purworejo,E-Wallet,333550
O3665,17,Rumah Tangga,Purworejo,Transfer Bank,123054
O3666,9,Elektronik,Solo,E-Wallet,420131
O3667,3,Rumah Tangga,Semarang,E-Wallet,369943
O3668,11,Kesehatan,Solo,COD,137120
O3669,6,Fashion,Solo,Kartu Kredit,83972
O3670,12,Elektronik,Purworejo,COD,58282
O3671,7,Rumah Tangga,Semarang,Transfer Bank,463400
O3672,5,Rumah Tangga,Yogyakarta,COD,260944
O3673,1,Rumah Tangga,Yogyakarta,E-Wallet,87579
O3674,10,Elektronik,Solo,E-Wallet,327717
O3675,9,Fashion,Solo,COD,407058
O3676,17,Elektronik,Magelang,Transfer Bank,64681
O3677,1,Elektronik,Semarang,Kartu Kredit,485919
O3678,15,Makanan,Purworejo,COD,306674
O3679,16,Elektronik,Purworejo,COD,53880
O3680,14,Kesehatan,Magelang,E-Wallet,333581
O3681,18,Elektronik,Yogyakarta,E-Wallet,120329
O3682,15,Fashion,Magelang,Transfer Bank,212621
O3683,17,Elektronik,Solo,Transfer Bank,400936
O3684,8,Fashion,Solo,E-Wallet,196082
O3685,1,Rumah Tangga,Magelang,E-Wallet,442506
O3686,7,Kesehatan,Semarang,E-Wallet,182346
O3687,19,Rumah Tangga,Purworejo,E-Wallet,481277
O3688,14,Kesehatan,Magelang,Kartu Kredit,322363
O3689,6,Kesehatan,Yogyakarta,Kartu Kredit,208886
O3690,4,Rumah Tangga,Semarang,Transfer Bank,243536
O3691,15,Makanan,Solo,Kartu Kredit,417944
O3692,17,Makanan,Magelang,E-Wallet,312802
O3693,1,Kesehatan,Semarang,Transfer Bank,131431
O3694,20,Elektronik,Magelang,E-Wallet,389514
O3695,8,Fashion,Solo,Kartu Kredit,160815
O3696,11,Fashion,Magelang,E-Wallet,192818
O3697,7,Makanan,Semarang,Kartu Kredit,149468
O3698,16,Kesehatan,Semarang,Kartu Kredit,417873
O3699,10,Makanan,Solo,Kartu Kredit,131002
O3700,2,Rumah Tangga,Solo,COD,294876
O3701,12,Rumah Tangga,Semarang,E-Wallet,325410
O3702,13,Fashion,Semarang,Kartu Kredit,444346
O3703,19,Elektronik,Solo,Transfer Bank,362094
O3704,18,Rumah Tangga,Purworejo,E-Wallet,426057
O3705,6,Rumah Tangga,Semarang,COD,481780
O3706,18,Kesehatan,Magelang,E-Wallet,449706
O3707,13,Makanan,Yogyakarta,COD,85574
O3708,5,Rumah Tangga,Purworejo,Kartu Kredit,430130
O3709,16,Elektronik,Semarang,Kartu Kredit,191579
O3710,14,Kesehatan,Purworejo,COD,253176
O3711,11,Makanan,Semarang,COD,69992
O3712,8,Kesehatan,Semarang,COD,204380
O3713,16,Kesehatan,Solo,Kartu Kredit,396088
O3714,17,Fashion,Magelang,COD,333462
O3715,5,Kesehatan,Yogyakarta,COD,104870
O3716,4,Makanan,Purworejo,Transfer Bank,171445
O3717,20,Elektronik,Semarang,COD,171557
O3718,9,Makanan,Magelang,Transfer Bank,231004
O3719,15,Kesehatan,Magelang,COD,204284
O3720,14,Fashion,Semarang,E-Wallet,416653
O3721,7,Rumah Tangga,Purworejo,Kartu Kredit,329718
O3722,4,Kesehatan,Yogyakarta,Transfer Bank,283633
O3723,3,Rumah Tangga,Purworejo,Transfer Bank,312424
O3724,19,Rumah Tangga,Magelang,E-Wallet,490849
O3725,1,Rumah Tangga,Yogyakarta,E-Wallet,95774
O3726,5,Elektronik,Yogyakarta,Transfer Bank,219651
O3727,8,Rumah Tangga,Purworejo,Kartu Kredit,448697
O3728,15,Fashion,Yogyakarta,Transfer Bank,141417
O3729,7,Fashion,Purworejo,Transfer Bank,397698
O3730,5,Elektronik,Semarang,Kartu Kredit,442094
O3731,14,Elektronik,Magelang,COD,344462
O3732,19,Elektronik,Solo,COD,64291
O3733,12,Elektronik,Solo,COD,80896
O3734,18,Makanan,Solo,COD,470954
O3735,15,Fashion,Purworejo,Kartu Kredit,306552
O3736,2,Fashion,Yogyakarta,E-Wallet,410055
O3737,13,Kesehatan,Semarang,COD,450953
O3738,7,Elektronik,Semarang,Transfer Bank,477075
O3739,3,Kesehatan,Magelang,Transfer Bank,266740
O3740,4,Kesehatan,Purworejo,COD,464593
O3741,8,Elektronik,Solo,Transfer Bank,318272
O3742,17,Elektronik,Semarang,E-Wallet,448558
O3743,6,Kesehatan,Purworejo,Kartu Kredit,265485
O3744,5,Makanan,Magelang,Transfer Bank,387163
O3745,10,Rumah Tangga,Magelang,Transfer Bank,290306
O3746,9,Elektronik,Purworejo,Kartu Kredit,210217
O3747,4,Makanan,Semarang,Kartu Kredit,81129
O3748,8,Rumah Tangga,Semarang,E-Wallet,387572
O3749,17,Makanan,Magelang,E-Wallet,367435
O3750,20,Makanan,Yogyakarta,Transfer Bank,102411
O3751,16,Fashion,Semarang,Kartu Kredit,433324
O3752,5,Fashion,Yogyakarta,COD,211162
O3753,12,Rumah Tangga,Solo,Kartu Kredit,370785
O3754,8,Kesehatan,Semarang,Kartu Kredit,259280
O3755,7,Kesehatan,Magelang,COD,417728
O3756,7,Makanan,Yogyakarta,Kartu Kredit,342408
O3757,5,Kesehatan,Semarang,E-Wallet,100096
O3758,15,Kesehatan,Solo,Kartu Kredit,293228
O3759,9,Makanan,Purworejo,Transfer Bank,287816
O3760,10,Elektronik,Purworejo,Transfer Bank,199346
O3761,13,Elektronik,Solo,E-Wallet,66370
O3762,3,Kesehatan,Purworejo,COD,156127
O3763,1,Makanan,Solo,COD,393635
O3764,7,Kesehatan,Yogyakarta,COD,439174
O3765,18,Kesehatan,Semarang,COD,104849
O3766,2,Fashion,Semarang,E-Wallet,132641
O3767,18,Kesehatan,Solo,Transfer Bank,283922
O3768,18,Elektronik,Purworejo,Kartu Kredit,166761
O3769,7,Kesehatan,Magelang,COD,80189
O3770,17,Rumah Tangga,Semarang,Transfer Bank,202061
O3771,4,Elektronik,Semarang,Kartu Kredit,61644
O3772,7,Rumah Tangga,Purworejo,COD,390974
O3773,16,Makanan,Magelang,Kartu Kredit,398583
O3774,17,Elektronik,Purworejo,Kartu Kredit,369531
O3775,9,Makanan,Magelang,Kartu Kredit,237430
O3776,11,Kesehatan,Solo,Transfer Bank,459445
O3777,14,Kesehatan,Semarang,E-Wallet,405807
O3778,2,Rumah Tangga,Semarang,Transfer Bank,404106
O3779,5,Kesehatan,Yogyakarta,Kartu Kredit,230993
O3780,7,Fashion,Magelang,COD,187134
O3781,10,Elektronik,Magelang,Transfer Bank,95628
O3782,8,Kesehatan,Purworejo,Kartu Kredit,198023
O3783,1,Rumah Tangga,Yogyakarta,E-Wallet,493277
O3784,15,Fashion,Magelang,Transfer Bank,410645
O3785,18,Kesehatan,Yogyakarta,E-Wallet,479362
O3786,3,Elektronik,Magelang,Kartu Kredit,466857
O3787,15,Fashion,Magelang,COD,287851
O3788,12,Kesehatan,Magelang,Kartu Kredit,319789
O3789,14,Makanan,Semarang,COD,465443
O3790,1,Elektronik,Semarang,Transfer Bank,478235
O3791,8,Makanan,Solo,Kartu Kredit,210060
O3792,3,Makanan,Magelang,E-Wallet,143134
O3793,19,Makanan,Yogyakarta,COD,411102
O3794,3,Kesehatan,Semarang,E-Wallet,196702
O3795,18,Fashion,Purworejo,E-Wallet,414828
O3796,11,Rumah Tangga,Solo,COD,437917
O3797,11,Kesehatan,Purworejo,Kartu Kredit,136137
O3798,6,Fashion,Yogyakarta,COD,80816
O3799,8,Makanan,Magelang,Transfer Bank,379554
O3800,12,Fashion,Magelang,COD,397533
O3801,20,Makanan,Magelang,COD,54213
O3802,10,Kesehatan,Semarang,COD,304604
O3803,16,Fashion,Magelang,Kartu Kredit,494356
O3804,3,Elektronik,Purworejo,COD,414290
O3805,15,Kesehatan,Solo,Kartu Kredit,338642
O3806,6,Makanan,Solo,COD,324878
O3807,1,Kesehatan,Magelang,COD,191505
O3808,10,Makanan,Solo,E-Wallet,493847
O3809,1,Kesehatan,Solo,Transfer Bank,54680
O3810,11,Makanan,Solo,Transfer Bank,50304
O3811,9,Fashion,Yogyakarta,Kartu Kredit,412124
O3812,9,Kesehatan,Solo,E-Wallet,102651
O3813,10,Elektronik,Purworejo,E-Wallet,112442
O3814,6,Fashion,Magelang,COD,199249
O3815,3,Kesehatan,Semarang,COD,169451
O3816,16,Fashion,Purworejo,Transfer Bank,487116
O3817,14,Makanan,Yogyakarta,E-Wallet,369312
O3818,6,Kesehatan,Magelang,Transfer Bank,129052
O3819,6,Fashion,Solo,Kartu Kredit,424756
O3820,7,Elektronik,Yogyakarta,COD,190803
O3821,20,Elektronik,Solo,E-Wallet,164673
O3822,19,Elektronik,Purworejo,Transfer Bank,488548
O3823,6,Kesehatan,Magelang,E-Wallet,452054
O3824,10,Fashion,Purworejo,Kartu Kredit,167376
O3825,16,Rumah Tangga,Yogyakarta,COD,71447
O3826,13,Kesehatan,Yogyakarta,Kartu Kredit,284605
O3827,1,Makanan,Semarang,Transfer Bank,229873
O3828,19,Kesehatan,Semarang,Kartu Kredit,119120
O3829,6,Fashion,Semarang,COD,495413
O3830,1,Kesehatan,Purworejo,COD,298071
O3831,14,Rumah Tangga,Yogyakarta,Kartu Kredit,488839
O3832,3,Fashion,Semarang,COD,414257
O3833,10,Fashion,Yogyakarta,Kartu Kredit,431837
O3834,11,Makanan,Magelang,E-Wallet,65442
O3835,19,Elektronik,Semarang,E-Wallet,131255
O3836,1,Makanan,Semarang,COD,245098
O3837,20,Elektronik,Solo,Transfer Bank,445123
O3838,18,Rumah Tangga,Magelang,E-Wallet,136345
O3839,20,Makanan,Magelang,E-Wallet,199917
O3840,20,Kesehatan,Semarang,E-Wallet,111487
O3841,6,Elektronik,Solo,E-Wallet,69111
O3842,3,Fashion,Magelang,Kartu Kredit,464326
O3843,15,Elektronik,Purworejo,Kartu Kredit,499803
O3844,18,Fashion,Magelang,Transfer Bank,288836
O3845,18,Makanan,Yogyakarta,E-Wallet,88803
O3846,17,Elektronik,Solo,E-Wallet,384455
O3847,2,Kesehatan,Solo,Kartu Kredit,194716
O3848,6,Fashion,Solo,Transfer Bank,174992
O3849,14,Rumah Tangga,Purworejo,Transfer Bank,396268
O3850,20,Kesehatan,Yogyakarta,Kartu Kredit,50638
O3851,7,Rumah Tangga,Semarang,E-Wallet,217555
O3852,5,Fashion,Semarang,E-Wallet,323828
O3853,5,Fashion,Purworejo,COD,352507
O3854,11,Makanan,Solo,Kartu Kredit,252710
O3855,19,Kesehatan,Yogyakarta,COD,114728
O3856,4,Makanan,Yogyakarta,E-Wallet,469921
O3857,6,Kesehatan,Yogyakarta,E-Wallet,257224
O3858,14,Kesehatan,Magelang,Kartu Kredit,52191
O3859,4,Makanan,Purworejo,Transfer Bank,416083
O3860,5,Rumah Tangga,Magelang,Transfer Bank,185120
O3861,8,Rumah Tangga,Semarang,Transfer Bank,177262
O3862,12,Rumah Tangga,Semarang,Kartu Kredit,244874
O3863,12,Makanan,Semarang,COD,339474
O3864,3,Rumah Tangga,Solo,COD,284512
O3865,10,Elektronik,Yogyakarta,E-Wallet,403358
O3866,6,Fashion,Solo,Transfer Bank,252507
O3867,2,Fashion,Semarang,E-Wallet,428473
O3868,5,Elektronik,Yogyakarta,COD,202613
O3869,2,Rumah Tangga,Solo,Kartu Kredit,194479
O3870,4,Elektronik,Yogyakarta,Kartu Kredit,399537
O3871,17,Fashion,Semarang,Kartu Kredit,60702
O3872,11,Rumah Tangga,Yogyakarta,Kartu Kredit,289745
O3873,4,Makanan,Yogyakarta,Transfer Bank,182174
O3874,5,Fashion,Purworejo,Kartu Kredit,177271
O3875,1,Fashion,Yogyakarta,COD,490187
O3876,4,Kesehatan,Solo,COD,81003
O3877,20,Makanan,Solo,Kartu Kredit,100869
O3878,14,Makanan,Solo,Transfer Bank,316131
O3879,4,Kesehatan,Semarang,Transfer Bank,462606
O3880,5,Kesehatan,Yogyakarta,E-Wallet,212673
O3881,12,Kesehatan,Solo,Transfer Bank,194363
O3882,20,Kesehatan,Yogyakarta,COD,92097
O3883,17,Kesehatan,Purworejo,E-Wallet,487640
O3884,20,Fashion,Magelang,Transfer Bank,468836
O3885,14,Kesehatan,Purworejo,E-Wallet,364279
O3886,17,Elektronik,Magelang,COD,134532
O3887,7,Kesehatan,Purworejo,Kartu Kredit,52571
O3888,17,Fashion,Semarang,E-Wallet,73491
O3889,12,Elektronik,Semarang,Kartu Kredit,371287
O3890,10,Elektronik,Purworejo,Transfer Bank,351445
O3891,4,Makanan,Purworejo,Kartu Kredit,154972
O3892,8,Kesehatan,Magelang,Transfer Bank,97965
O3893,9,Rumah Tangga,Magelang,Transfer Bank,360670
O3894,14,Rumah Tangga,Solo,E-Wallet,341572
O3895,13,Rumah Tangga,Yogyakarta,COD,347358
O3896,4,Rumah Tangga,Semarang,COD,451948
O3897,8,Rumah Tangga,Solo,Kartu Kredit,300245
O3898,13,Elektronik,Yogyakarta,COD,423567
O3899,1,Fashion,Solo,E-Wallet,268713
O3900,7,Fashion,Magelang,Kartu Kredit,329194
O3901,8,Elektronik,Purworejo,Kartu Kredit,171979
O3902,11,Fashion,Magelang,Kartu Kredit,184614
O3903,5,Elektronik,Semarang,Transfer Bank,446333
O3904,19,Kesehatan,Purworejo,Transfer Bank,496108
O3905,15,Rumah Tangga,Solo,Kartu Kredit,390617
O3906,20,Makanan,Purworejo,E-Wallet,318244
O3907,12,Elektronik,Magelang,Kartu Kredit,170062
O3908,1,Elektronik,Purworejo,COD,490910
O3909,3,Fashion,Purworejo,Kartu Kredit,405243
O3910,18,Kesehatan,Solo,COD,403017
O3911,4,Fashion,Solo,Transfer Bank,204008
O3912,11,Elektronik,Semarang,Kartu Kredit,147150
O3913,20,Fashion,Yogyakarta,E-Wallet,301588
O3914,18,Kesehatan,Solo,E-Wallet,65383
O3915,20,Fashion,Solo,E-Wallet,190411
O3916,13,Makanan,Yogyakarta,Kartu Kredit,193485
O3917,14,Kesehatan,Purworejo,COD,346756
O3918,19,Fashion,Semarang,Kartu Kredit,338647
O3919,7,Kesehatan,Purworejo,Transfer Bank,123189
O3920,5,Elektronik,Semarang,Kartu Kredit,374882
O3921,5,Rumah Tangga,Magelang,E-Wallet,466074
O3922,4,Elektronik,Semarang,E-Wallet,409320
O3923,10,Makanan,Yogyakarta,COD,232724
O3924,9,Rumah Tangga,Semarang,Kartu Kredit,254071
O3925,2,Elektronik,Yogyakarta,E-Wallet,189649
O3926,7,Fashion,Semarang,Kartu Kredit,70590
O3927,4,Kesehatan,Yogyakarta,Kartu Kredit,477460
O3928,20,Rumah Tangga,Yogyakarta,Transfer Bank,452763
O3929,16,Elektronik,Solo,COD,363044
O3930,7,Makanan,Purworejo,Kartu Kredit,216955
O3931,17,Elektronik,Yogyakarta,Transfer Bank,205257
O3932,17,Kesehatan,Yogyakarta,E-Wallet,150242
O3933,12,Elektronik,Semarang,COD,65509
O3934,2,Elektronik,Solo,E-Wallet,289430
O3935,6,Fashion,Magelang,E-Wallet,87983
O3936,12,Elektronik,Purworejo,COD,370863
O3937,13,Fashion,Semarang,E-Wallet,488088
O3938,12,Fashion,Solo,Kartu Kredit,112104
O3939,14,Makanan,Purworejo,Kartu Kredit,112890
O3940,12,Elektronik,Semarang,COD,346057
O3941,5,Kesehatan,Yogyakarta,COD,208860
O3942,14,Rumah Tangga,Magelang,Transfer Bank,450717
O3943,5,Elektronik,Semarang,Kartu Kredit,195411
O3944,3,Rumah Tangga,Yogyakarta,E-Wallet,109625
O3945,5,Kesehatan,Yogyakarta,COD,309856
O3946,4,Elektronik,Solo,E-Wallet,461387
O3947,9,Fashion,Solo,Kartu Kredit,156099
O3948,6,Makanan,Semarang,Transfer Bank,430702
O3949,5,Makanan,Purworejo,Kartu Kredit,54875
O3950,5,Rumah Tangga,Semarang,COD,321897
O3951,7,Kesehatan,Magelang,COD,233069
O3952,12,Makanan,Semarang,Transfer Bank,166582
O3953,17,Elektronik,Semarang,Transfer Bank,353922
O3954,9,Elektronik,Magelang,E-Wallet,432489
O3955,5,Fashion,Solo,COD,297872
O3956,8,Rumah Tangga,Magelang,E-Wallet,393643
O3957,8,Fashion,Solo,COD,418165
O3958,4,Elektronik,Solo,E-Wallet,315919
O3959,9,Elektronik,Magelang,E-Wallet,351587
O3960,17,Elektronik,Semarang,Kartu Kredit,255892
O3961,2,Elektronik,Purworejo,COD,95560
O3962,8,Fashion,Yogyakarta,E-Wallet,360560
O3963,2,Kesehatan,Purworejo,E-Wallet,221770
O3964,17,Makanan,Yogyakarta,COD,450343
O3965,15,Rumah Tangga,Purworejo,Transfer Bank,443479
O3966,9,Makanan,Purworejo,Transfer Bank,133081
O3967,17,Kesehatan,Magelang,COD,218470
O3968,5,Kesehatan,Purworejo,Transfer Bank,186198
O3969,5,Makanan,Magelang,COD,415795
O3970,19,Rumah Tangga,Magelang,E-Wallet,328574
O3971,20,Fashion,Semarang,Kartu Kredit,467318
O3972,10,Makanan,Magelang,E-Wallet,113757
O3973,6,Makanan,Yogyakarta,COD,136489
O3974,17,Rumah Tangga,Purworejo,Kartu Kredit,142547
O3975,5,Makanan,Solo,COD,190172
O3976,1,Fashion,Magelang,COD,468576
O3977,8,Kesehatan,Magelang,Transfer Bank,91394
O3978,18,Makanan,Semarang,Transfer Bank,482409
O3979,7,Fashion,Solo,Kartu Kredit,481998
O3980,13,Rumah Tangga,Semarang,E-Wallet,149702
O3981,6,Makanan,Semarang,Kartu Kredit,185214
O3982,5,Elektronik,Purworejo,Transfer Bank,219016
O3983,10,Rumah Tangga,Magelang,Kartu Kredit,193504
O3984,4,Kesehatan,Solo,Transfer Bank,437693
O3985,20,Kesehatan,Purworejo,E-Wallet,210345
O3986,15,Elektronik,Semarang,Transfer Bank,135668
O3987,10,Rumah Tangga,Semarang,Kartu Kredit,308146
O3988,17,Fashion,Solo,E-Wallet,375045
O3989,2,Makanan,Yogyakarta,E-Wallet,295209
O3990,3,Rumah Tangga,Yogyakarta,COD,99204
O3991,16,Makanan,Solo,COD,87001
O3992,3,Rumah Tangga,Purworejo,Kartu Kredit,130284
O3993,15,Fashion,Purworejo,E-Wallet,113209
O3994,17,Makanan,Solo,E-Wallet,349332
O3995,12,Kesehatan,Magelang,Kartu Kredit,342848
O3996,20,Elektronik,Solo,COD,214355
O3997,8,Makanan,Yogyakarta,E-Wallet,321807
O3998,9,Fashion,Magelang,E-Wallet,213984
O3999,5,Fashion,Purworejo,COD,255694
O4000,15,Elektronik,Solo,Kartu Kredit,393273
O4001,6,Fashion,Yogyakarta,Kartu Kredit,348060
O4002,9,Makanan,Magelang,E-Wallet,292496
O4003,13,Rumah Tangga,Semarang,Kartu Kredit,178572
O4004,12,Elektronik,Solo,COD,497947
O4005,5,Fashion,Yogyakarta,Kartu Kredit,361156
O4006,8,Rumah Tangga,Purworejo,E-Wallet,140774
O4007,18,Fashion,Yogyakarta,Transfer Bank,65375
O4008,20,Fashion,Solo,Transfer Bank,171628
O4009,8,Elektronik,Yogyakarta,Kartu Kredit,298058
O4010,10,Makanan,Semarang,COD,229566
O4011,18,Rumah Tangga,Purworejo,COD,59745
O4012,2,Elektronik,Magelang,Kartu Kredit,114689
O4013,5,Kesehatan,Solo,COD,72801
O4014,19,Elektronik,Solo,Kartu Kredit,265062
O4015,6,Makanan,Solo,E-Wallet,254381
O4016,2,Makanan,Semarang,Kartu Kredit,139375
O4017,4,Makanan,Semarang,Kartu Kredit,324539
O4018,17,Kesehatan,Solo,Transfer Bank,448965
O4019,5,Fashion,Yogyakarta,E-Wallet,340696
O4020,3,Fashion,Semarang,E-Wallet,181160
O4021,19,Makanan,Purworejo,Transfer Bank,438520
O4022,14,Kesehatan,Purworejo,E-Wallet,460449
O4023,6,Fashion,Magelang,Kartu Kredit,140931
O4024,8,Fashion,Semarang,E-Wallet,175342
O4025,2,Fashion,Semarang,Kartu Kredit,301410
O4026,10,Makanan,Yogyakarta,COD,113547
O4027,2,Fashion,Purworejo,Transfer Bank,182567
O4028,14,Makanan,Yogyakarta,E-Wallet,119587
O4029,7,Makanan,Semarang,COD,102192
O4030,2,Elektronik,Semarang,COD,330752
O4031,2,Makanan,Semarang,Transfer Bank,441589
O4032,15,Makanan,Yogyakarta,E-Wallet,352418
O4033,7,Fashion,Yogyakarta,COD,295686
O4034,12,Kesehatan,Yogyakarta,E-Wallet,461056
O4035,6,Kesehatan,Semarang,Transfer Bank,473333
O4036,8,Fashion,Yogyakarta,Kartu Kredit,384548
O4037,1,Rumah Tangga,Yogyakarta,E-Wallet,444444
O4038,4,Kesehatan,Solo,COD,327787
O4039,2,Makanan,Solo,COD,272138
O4040,18,Elektronik,Semarang,Kartu Kredit,232719
O4041,4,Fashion,Yogyakarta,Kartu Kredit,366114
O4042,20,Elektronik,Purworejo,E-Wallet,271687
O4043,20,Rumah Tangga,Purworejo,E-Wallet,493009
O4044,7,Makanan,Semarang,Kartu Kredit,84515
O4045,12,Makanan,Solo,COD,222447
O4046,6,Rumah Tangga,Magelang,Kartu Kredit,316675
O4047,4,Makanan,Yogyakarta,Transfer Bank,253719
O4048,16,Rumah Tangga,Semarang,Transfer Bank,195165
O4049,9,Fashion,Yogyakarta,COD,293553
O4050,19,Rumah Tangga,Semarang,COD,243649
O4051,3,Makanan,Magelang,COD,289791
O4052,5,Makanan,Magelang,Transfer Bank,66386
O4053,8,Kesehatan,Purworejo,Kartu Kredit,225742
O4054,12,Fashion,Solo,E-Wallet,119408
O4055,5,Kesehatan,Solo,COD,249199
O4056,12,Kesehatan,Magelang,COD,446399
O4057,17,Kesehatan,Semarang,E-Wallet,360428
O4058,9,Makanan,Solo,E-Wallet,87351
O4059,18,Fashion,Semarang,Transfer Bank,114185
O4060,2,Rumah Tangga,Magelang,COD,466434
O4061,13,Fashion,Yogyakarta,Transfer Bank,476640
O4062,12,Makanan,Purworejo,Kartu Kredit,284921
O4063,10,Rumah Tangga,Yogyakarta,Transfer Bank,387778
O4064,12,Elektronik,Yogyakarta,Kartu Kredit,139685
O4065,15,Fashion,Solo,Kartu Kredit,90335
O4066,4,Rumah Tangga,Purworejo,Kartu Kredit,408906
O4067,14,Fashion,Semarang,E-Wallet,134650
O4068,4,Makanan,Magelang,E-Wallet,391133
O4069,15,Makanan,Semarang,Kartu Kredit,98038
O4070,7,Elektronik,Solo,COD,357711
O4071,20,Makanan,Solo,E-Wallet,238354
O4072,15,Rumah Tangga,Solo,COD,375553
O4073,6,Rumah Tangga,Yogyakarta,E-Wallet,176863
O4074,13,Makanan,Solo,COD,209720
O4075,11,Makanan,Yogyakarta,E-Wallet,486616
O4076,11,Elektronik,Solo,E-Wallet,185581
O4077,20,Kesehatan,Magelang,E-Wallet,164198
O4078,8,Rumah Tangga,Purworejo,E-Wallet,129146
O4079,1,Fashion,Purworejo,E-Wallet,175773
O4080,7,Rumah Tangga,Solo,Transfer Bank,179065
O4081,14,Kesehatan,Yogyakarta,Transfer Bank,288667
O4082,17,Elektronik,Yogyakarta,COD,76866
O4083,20,Elektronik,Purworejo,COD,123581
O4084,5,Fashion,Purworejo,Kartu Kredit,488644
O4085,20,Kesehatan,Magelang,E-Wallet,292531
O4086,15,Makanan,Purworejo,Kartu Kredit,335422
O4087,2,Elektronik,Semarang,Kartu Kredit,396420
O4088,9,Makanan,Magelang,E-Wallet,363853
O4089,12,Fashion,Magelang,Transfer Bank,430667
O4090,17,Makanan,Semarang,E-Wallet,365099
O4091,10,Fashion,Magelang,COD,227204
O4092,18,Fashion,Purworejo,Transfer Bank,277474
O4093,10,Makanan,Solo,E-Wallet,355307
O4094,13,Kesehatan,Semarang,COD,422766
O4095,11,Rumah Tangga,Purworejo,COD,491747
O4096,17,Rumah Tangga,Yogyakarta,COD,424666
O4097,7,Makanan,Purworejo,COD,470114
O4098,15,Fashion,Magelang,Kartu Kredit,290605
O4099,19,Makanan,Magelang,COD,203091
O4100,18,Rumah Tangga,Magelang,Kartu Kredit,487784
O4101,9,Rumah Tangga,Yogyakarta,Transfer Bank,424991
O4102,13,Rumah Tangga,Semarang,Kartu Kredit,122940
O4103,1,Rumah Tangga,Magelang,E-Wallet,109944
O4104,15,Rumah Tangga,Semarang,Kartu Kredit,258456
O4105,11,Fashion,Yogyakarta,Transfer Bank,334292
O4106,18,Elektronik,Purworejo,Kartu Kredit,53707
O4107,9,Fashion,Magelang,E-Wallet,192890
O4108,13,Fashion,Semarang,Transfer Bank,110062
O4109,7,Makanan,Semarang,Kartu Kredit,348201
O4110,8,Fashion,Yogyakarta,E-Wallet,238477
O4111,14,Kesehatan,Semarang,Kartu Kredit,442381
O4112,10,Elektronik,Semarang,COD,89268
O4113,12,Kesehatan,Purworejo,Kartu Kredit,116609
O4114,10,Rumah Tangga,Semarang,E-Wallet,417204
O4115,14,Elektronik,Purworejo,COD,96154
O4116,13,Rumah Tangga,Semarang,Transfer Bank,446575
O4117,20,Rumah Tangga,Solo,E-Wallet,373930
O4118,9,Makanan,Yogyakarta,Kartu Kredit,89552
O4119,6,Fashion,Yogyakarta,COD,278312
O4120,19,Rumah Tangga,Semarang,E-Wallet,89508
O4121,18,Rumah Tangga,Semarang,Kartu Kredit,282858
O4122,4,Kesehatan,Solo,Kartu Kredit,71181
O4123,3,Fashion,Semarang,Kartu Kredit,53443
O4124,9,Rumah Tangga,Semarang,Kartu Kredit,239790
O4125,10,Makanan,Yogyakarta,E-Wallet,111747
O4126,14,Makanan,Purworejo,Transfer Bank,363941
O4127,12,Elektronik,Solo,Transfer Bank,56900
O4128,14,Elektronik,Purworejo,COD,86442
O4129,10,Makanan,Semarang,Transfer Bank,446131
O4130,11,Elektronik,Purworejo,COD,276935
O4131,20,Rumah Tangga,Magelang,COD,360333
O4132,17,Makanan,Purworejo,E-Wallet,107261
O4133,8,Kesehatan,Yogyakarta,COD,60428
O4134,1,Makanan,Semarang,Kartu Kredit,475674
O4135,17,Kesehatan,Magelang,Kartu Kredit,429681
O4136,11,Elektronik,Purworejo,Transfer Bank,261895
O4137,18,Makanan,Solo,E-Wallet,273127
O4138,15,Kesehatan,Magelang,COD,340851
O4139,1,Elektronik,Purworejo,Transfer Bank,161070
O4140,4,Makanan,Magelang,COD,391558
O4141,10,Rumah Tangga,Semarang,E-Wallet,368276
O4142,14,Kesehatan,Magelang,Transfer Bank,485696
O4143,8,Kesehatan,Solo,COD,492559
O4144,11,Rumah Tangga,Magelang,Kartu Kredit,260082
O4145,14,Makanan,Purworejo,Transfer Bank,449169
O4146,17,Makanan,Semarang,Transfer Bank,130570
O4147,9,Rumah Tangga,Purworejo,E-Wallet,273009
O4148,17,Rumah Tangga,Yogyakarta,Transfer Bank,495957
O4149,10,Fashion,Magelang,Transfer Bank,267294
O4150,7,Elektronik,Yogyakarta,COD,67556
O4151,7,Elektronik,Semarang,COD,473586
O4152,14,Kesehatan,Magelang,Transfer Bank,364934
O4153,13,Fashion,Semarang,COD,383066
O4154,5,Makanan,Magelang,Transfer Bank,454640
O4155,19,Kesehatan,Magelang,E-Wallet,215716
O4156,12,Makanan,Semarang,COD,245654
O4157,10,Fashion,Magelang,Kartu Kredit,230992
O4158,12,Makanan,Magelang,COD,496454
O4159,14,Elektronik,Solo,COD,303061
O4160,13,Fashion,Yogyakarta,COD,79832
O4161,3,Rumah Tangga,Yogyakarta,E-Wallet,385807
O4162,14,Elektronik,Yogyakarta,Transfer Bank,96444
O4163,19,Rumah Tangga,Magelang,COD,135379
O4164,19,Kesehatan,Purworejo,Transfer Bank,496752
O4165,2,Elektronik,Magelang,E-Wallet,246924
O4166,17,Kesehatan,Solo,Transfer Bank,81946
O4167,2,Kesehatan,Purworejo,E-Wallet,461871
O4168,13,Rumah Tangga,Purworejo,Kartu Kredit,58527
O4169,13,Fashion,Yogyakarta,E-Wallet,64759
O4170,10,Rumah Tangga,Yogyakarta,Transfer Bank,249961
O4171,9,Makanan,Magelang,Kartu Kredit,388203
O4172,7,Fashion,Semarang,COD,75334
O4173,15,Elektronik,Purworejo,Transfer Bank,436701
O4174,2,Kesehatan,Yogyakarta,E-Wallet,168321
O4175,18,Kesehatan,Magelang,E-Wallet,295327
O4176,18,Fashion,Purworejo,Kartu Kredit,194662
O4177,18,Rumah Tangga,Purworejo,Transfer Bank,442191
O4178,13,Elektronik,Semarang,COD,178486
O4179,18,Makanan,Magelang,Transfer Bank,153289
O4180,13,Kesehatan,Yogyakarta,Transfer Bank,236643
O4181,2,Rumah Tangga,Purworejo,Transfer Bank,229860
O4182,8,Makanan,Semarang,E-Wallet,293044
O4183,18,Fashion,Purworejo,Transfer Bank,217309
O4184,14,Rumah Tangga,Yogyakarta,Transfer Bank,156491
O4185,8,Kesehatan,Semarang,COD,218872
O4186,1,Fashion,Solo,Kartu Kredit,479604
O4187,20,Makanan,Solo,COD,313980
O4188,3,Kesehatan,Purworejo,COD,51918
O4189,18,Makanan,Magelang,COD,380703
O4190,18,Elektronik,Solo,Kartu Kredit,114895
O4191,10,Fashion,Yogyakarta,Transfer Bank,100610
O4192,4,Makanan,Solo,COD,263155
O4193,17,Kesehatan,Semarang,E-Wallet,202453
O4194,19,Makanan,Solo,COD,289471
O4195,14,Kesehatan,Semarang,E-Wallet,134496
O4196,4,Makanan,Solo,Kartu Kredit,336248
O4197,11,Kesehatan,Purworejo,Kartu Kredit,496324
O4198,10,Makanan,Solo,Kartu Kredit,427797
O4199,14,Fashion,Magelang,E-Wallet,141801
O4200,19,Elektronik,Semarang,Kartu Kredit,166861
O4201,4,Kesehatan,Yogyakarta,Transfer Bank,125274
O4202,14,Elektronik,Magelang,COD,361146
O4203,6,Elektronik,Purworejo,Transfer Bank,451161
O4204,4,Makanan,Magelang,Kartu Kredit,356401
O4205,6,Kesehatan,Yogyakarta,Transfer Bank,363199
O4206,4,Elektronik,Purworejo,Kartu Kredit,77679
O4207,16,Makanan,Yogyakarta,E-Wallet,57129
O4208,7,Elektronik,Purworejo,COD,444292
O4209,3,Rumah Tangga,Semarang,E-Wallet,448060
O4210,10,Elektronik,Yogyakarta,COD,212696
O4211,7,Elektronik,Purworejo,Transfer Bank,147260
O4212,5,Kesehatan,Solo,Kartu Kredit,399485
O4213,10,Elektronik,Magelang,E-Wallet,51739
O4214,3,Fashion,Solo,COD,200017
O4215,10,Kesehatan,Purworejo,COD,340331
O4216,15,Makanan,Yogyakarta,E-Wallet,472747
O4217,6,Fashion,Yogyakarta,Kartu Kredit,127727
O4218,19,Rumah Tangga,Solo,Kartu Kredit,441792
O4219,14,Kesehatan,Solo,Kartu Kredit,164366
O4220,20,Kesehatan,Semarang,Kartu Kredit,394216
O4221,12,Makanan,Yogyakarta,COD,393747
O4222,7,Makanan,Solo,Kartu Kredit,205519
O4223,19,Makanan,Magelang,COD,460248
O4224,17,Fashion,Solo,Transfer Bank,78055
O4225,9,Rumah Tangga,Solo,E-Wallet,292336
O4226,7,Makanan,Semarang,Kartu Kredit,156943
O4227,18,Rumah Tangga,Yogyakarta,E-Wallet,383991
O4228,11,Kesehatan,Yogyakarta,COD,222912
O4229,5,Fashion,Magelang,COD,155226
O4230,6,Kesehatan,Purworejo,E-Wallet,69699
O4231,12,Fashion,Solo,E-Wallet,457995
O4232,3,Fashion,Semarang,Kartu Kredit,446816
O4233,1,Makanan,Solo,Transfer Bank,441206
O4234,15,Fashion,Magelang,Kartu Kredit,351978
O4235,14,Fashion,Semarang,E-Wallet,234513
O4236,10,Kesehatan,Solo,E-Wallet,353848
O4237,3,Rumah Tangga,Semarang,Kartu Kredit,152505
O4238,4,Elektronik,Yogyakarta,COD,138755
O4239,5,Elektronik,Yogyakarta,E-Wallet,282671
O4240,19,Rumah Tangga,Semarang,Transfer Bank,246409
O4241,19,Makanan,Purworejo,Kartu Kredit,111615
O4242,19,Fashion,Purworejo,E-Wallet,141722
O4243,18,Elektronik,Semarang,COD,333503
O4244,9,Elektronik,Yogyakarta,Transfer Bank,347171
O4245,20,Rumah Tangga,Semarang,COD,355670
O4246,17,Kesehatan,Semarang,Transfer Bank,388669
O4247,11,Fashion,Semarang,COD,279090
O4248,4,Fashion,Purworejo,Kartu Kredit,406563
O4249,15,Fashion,Semarang,Transfer Bank,86766
O4250,13,Makanan,Yogyakarta,Kartu Kredit,425941
O4251,4,Rumah Tangga,Magelang,E-Wallet,282860
O4252,4,Rumah Tangga,Magelang,COD,95264
O4253,5,Makanan,Solo,COD,435955
O4254,17,Elektronik,Yogyakarta,COD,422307
O4255,2,Kesehatan,Magelang,E-Wallet,366739
O4256,5,Fashion,Magelang,COD,168424
O4257,14,Elektronik,Magelang,Kartu Kredit,360992
O4258,18,Fashion,Yogyakarta,Kartu Kredit,309597
O4259,2,Elektronik,Solo,E-Wallet,471162
O4260,9,Fashion,Solo,COD,168813
O4261,15,Fashion,Purworejo,COD,410841
O4262,15,Makanan,Magelang,E-Wallet,143744
O4263,4,Makanan,Semarang,Kartu Kredit,424703
O4264,9,Kesehatan,Purworejo,Transfer Bank,290750
O4265,15,Kesehatan,Purworejo,COD,167451
O4266,16,Fashion,Magelang,Kartu Kredit,354576
O4267,20,Kesehatan,Purworejo,Transfer Bank,239680
O4268,18,Fashion,Yogyakarta,Kartu Kredit,490345
O4269,19,Makanan,Semarang,E-Wallet,137659
O4270,15,Fashion,Magelang,Kartu Kredit,64973
O4271,18,Makanan,Solo,Kartu Kredit,306534
O4272,17,Elektronik,Semarang,Kartu Kredit,281097
O4273,11,Kesehatan,Solo,E-Wallet,323335
O4274,2,Fashion,Solo,COD,231983
O4275,20,Fashion,Yogyakarta,Kartu Kredit,191664
O4276,8,Rumah Tangga,Yogyakarta,E-Wallet,406560
O4277,18,Fashion,Purworejo,Transfer Bank,165595
O4278,3,Rumah Tangga,Solo,E-Wallet,217018
O4279,5,Fashion,Magelang,Transfer Bank,362814
O4280,19,Elektronik,Yogyakarta,COD,52843
O4281,2,Elektronik,Solo,Transfer Bank,165874
O4282,12,Fashion,Magelang,Transfer Bank,160351
O4283,6,Rumah Tangga,Yogyakarta,E-Wallet,162670
O4284,20,Kesehatan,Purworejo,Kartu Kredit,89443
O4285,8,Makanan,Magelang,Kartu Kredit,468021
O4286,17,Fashion,Purworejo,E-Wallet,200461
O4287,3,Fashion,Purworejo,E-Wallet,213387
O4288,2,Kesehatan,Purworejo,Kartu Kredit,395258
O4289,11,Kesehatan,Solo,Transfer Bank,174587
O4290,7,Elektronik,Magelang,Transfer Bank,90732
O4291,20,Rumah Tangga,Magelang,Kartu Kredit,116312
O4292,8,Fashion,Yogyakarta,Kartu Kredit,129347
O4293,20,Kesehatan,Solo,E-Wallet,427003
O4294,18,Fashion,Magelang,E-Wallet,264183
O4295,6,Kesehatan,Semarang,Kartu Kredit,382897
O4296,2,Rumah Tangga,Semarang,Kartu Kredit,330895
O4297,3,Makanan,Semarang,Kartu Kredit,205292
O4298,17,Fashion,Yogyakarta,Kartu Kredit,448469
O4299,2,Makanan,Yogyakarta,Transfer Bank,408211
O4300,12,Kesehatan,Semarang,Transfer Bank,465275
O4301,1,Elektronik,Magelang,Kartu Kredit,495389
O4302,3,Kesehatan,Yogyakarta,Kartu Kredit,240925
O4303,17,Makanan,Magelang,COD,313648
O4304,19,Makanan,Purworejo,Kartu Kredit,74831
O4305,11,Fashion,Semarang,COD,51228
O4306,9,Kesehatan,Solo,COD,325606
O4307,13,Fashion,Yogyakarta,Transfer Bank,283048
O4308,9,Makanan,Yogyakarta,Kartu Kredit,105320
O4309,13,Elektronik,Solo,E-Wallet,167768
O4310,6,Rumah Tangga,Semarang,Kartu Kredit,209836
O4311,1,Kesehatan,Yogyakarta,Kartu Kredit,215629
O4312,15,Elektronik,Yogyakarta,Kartu Kredit,203635
O4313,11,Kesehatan,Purworejo,Transfer Bank,307444
O4314,9,Kesehatan,Semarang,E-Wallet,190870
O4315,9,Rumah Tangga,Yogyakarta,COD,212170
O4316,9,Elektronik,Magelang,COD,369370
O4317,12,Elektronik,Magelang,Kartu Kredit,488417
O4318,14,Rumah Tangga,Yogyakarta,Kartu Kredit,196691
O4319,9,Fashion,Purworejo,E-Wallet,369926
O4320,5,Makanan,Solo,Transfer Bank,164117
O4321,20,Elektronik,Solo,COD,186841
O4322,16,Rumah Tangga,Purworejo,E-Wallet,198399
O4323,11,Elektronik,Semarang,Kartu Kredit,367564
O4324,13,Makanan,Purworejo,E-Wallet,438464
O4325,3,Kesehatan,Solo,COD,332266
O4326,19,Elektronik,Solo,Transfer Bank,155379
O4327,19,Elektronik,Solo,E-Wallet,330576
O4328,5,Makanan,Solo,COD,443643
O4329,12,Fashion,Purworejo,Transfer Bank,423951
O4330,1,Fashion,Solo,Kartu Kredit,301417
O4331,19,Elektronik,Purworejo,E-Wallet,271541
O4332,10,Makanan,Yogyakarta,Transfer Bank,343305
O4333,16,Rumah Tangga,Magelang,Transfer Bank,410180
O4334,18,Kesehatan,Magelang,COD,443148
O4335,11,Makanan,Semarang,Transfer Bank,232800
O4336,15,Fashion,Yogyakarta,COD,121905
O4337,18,Fashion,Semarang,Kartu Kredit,185697
O4338,9,Elektronik,Solo,COD,334340
O4339,4,Rumah Tangga,Purworejo,COD,192094
O4340,20,Makanan,Semarang,Kartu Kredit,439380
O4341,8,Makanan,Semarang,COD,461187
O4342,14,Fashion,Solo,E-Wallet,483388
O4343,8,Kesehatan,Yogyakarta,Kartu Kredit,76824
O4344,16,Elektronik,Semarang,COD,154900
O4345,18,Kesehatan,Yogyakarta,E-Wallet,481617
O4346,5,Kesehatan,Magelang,E-Wallet,155398
O4347,6,Fashion,Semarang,Transfer Bank,277538
O4348,4,Elektronik,Yogyakarta,Transfer Bank,73878
O4349,2,Kesehatan,Solo,Kartu Kredit,133850
O4350,16,Elektronik,Purworejo,COD,270060
O4351,3,Rumah Tangga,Semarang,Kartu Kredit,139918
O4352,11,Kesehatan,Magelang,COD,498754
O4353,11,Fashion,Semarang,Transfer Bank,289637
O4354,1,Fashion,Solo,Transfer Bank,187308
O4355,5,Fashion,Purworejo,E-Wallet,196212
O4356,3,Elektronik,Purworejo,Transfer Bank,304024
O4357,12,Elektronik,Solo,Kartu Kredit,273666
O4358,4,Rumah Tangga,Magelang,Kartu Kredit,204740
O4359,10,Kesehatan,Yogyakarta,E-Wallet,146405
O4360,4,Makanan,Yogyakarta,Kartu Kredit,214998
O4361,12,Makanan,Magelang,E-Wallet,233209
O4362,8,Makanan,Magelang,E-Wallet,396028
O4363,3,Kesehatan,Semarang,E-Wallet,90157
O4364,20,Fashion,Magelang,E-Wallet,233925
O4365,19,Elektronik,Semarang,Kartu Kredit,449282
O4366,1,Elektronik,Magelang,Transfer Bank,409736
O4367,20,Fashion,Semarang,E-Wallet,121423
O4368,13,Rumah Tangga,Purworejo,COD,87511
O4369,13,Elektronik,Magelang,Transfer Bank,331344
O4370,7,Kesehatan,Semarang,Kartu Kredit,428825
O4371,9,Elektronik,Purworejo,Kartu Kredit,181961
O4372,5,Fashion,Semarang,Transfer Bank,111836
O4373,17,Elektronik,Purworejo,Kartu Kredit,68663
O4374,6,Rumah Tangga,Yogyakarta,Transfer Bank,453170
O4375,3,Rumah Tangga,Semarang,Transfer Bank,446308
O4376,11,Rumah Tangga,Semarang,E-Wallet,286907
O4377,5,Kesehatan,Purworejo,E-Wallet,289954
O4378,6,Kesehatan,Solo,E-Wallet,405753
O4379,7,Makanan,Purworejo,Transfer Bank,434327
O4380,15,Rumah Tangga,Magelang,COD,272295
O4381,11,Kesehatan,Yogyakarta,COD,477308
O4382,6,Rumah Tangga,Solo,COD,259918
O4383,14,Fashion,Magelang,Kartu Kredit,72730
O4384,16,Fashion,Magelang,COD,333832
O4385,11,Makanan,Solo,Kartu Kredit,297326
O4386,6,Elektronik,Purworejo,Transfer Bank,274680
O4387,2,Rumah Tangga,Solo,Transfer Bank,96172
O4388,9,Rumah Tangga,Solo,COD,146583
O4389,10,Rumah Tangga,Purworejo,Kartu Kredit,360884
O4390,3,Kesehatan,Yogyakarta,E-Wallet,402674
O4391,17,Fashion,Magelang,Transfer Bank,73703
O4392,12,Elektronik,Solo,Transfer Bank,77794
O4393,6,Rumah Tangga,Semarang,E-Wallet,81705
O4394,4,Kesehatan,Yogyakarta,COD,356827
O4395,11,Kesehatan,Yogyakarta,Transfer Bank,436527
O4396,9,Kesehatan,Magelang,Kartu Kredit,163891
O4397,9,Rumah Tangga,Magelang,Kartu Kredit,243594
O4398,20,Elektronik,Semarang,Kartu Kredit,157424
O4399,3,Kesehatan,Yogyakarta,Transfer Bank,376811
O4400,4,Fashion,Purworejo,Kartu Kredit,302402
O4401,2,Fashion,Magelang,COD,50340
O4402,19,Elektronik,Yogyakarta,E-Wallet,480037
O4403,9,Kesehatan,Yogyakarta,Kartu Kredit,378193
O4404,12,Rumah Tangga,Magelang,E-Wallet,170842
O4405,1,Kesehatan,Purworejo,COD,285373
O4406,3,Elektronik,Magelang,Kartu Kredit,118132
O4407,9,Makanan,Semarang,COD,263489
O4408,12,Fashion,Purworejo,Kartu Kredit,342857
O4409,9,Makanan,Solo,COD,73264
O4410,20,Rumah Tangga,Purworejo,COD,491275
O4411,12,Makanan,Semarang,E-Wallet,464536
O4412,8,Fashion,Semarang,E-Wallet,350036
O4413,20,Fashion,Purworejo,COD,479728
O4414,11,Elektronik,Purworejo,E-Wallet,229993
O4415,13,Rumah Tangga,Magelang,Transfer Bank,440170
O4416,19,Fashion,Magelang,COD,213079
O4417,4,Fashion,Magelang,E-Wallet,115426
O4418,19,Makanan,Solo,Kartu Kredit,235085
O4419,5,Elektronik,Yogyakarta,Kartu Kredit,202019
O4420,14,Elektronik,Purworejo,Kartu Kredit,87072
O4421,3,Elektronik,Semarang,COD,216767
O4422,11,Makanan,Purworejo,Transfer Bank,88572
O4423,15,Fashion,Solo,Kartu Kredit,230351
O4424,18,Makanan,Magelang,COD,302994
O4425,9,Fashion,Purworejo,Kartu Kredit,436343
O4426,10,Elektronik,Solo,Transfer Bank,268916
O4427,11,Elektronik,Yogyakarta,E-Wallet,158911
O4428,19,Elektronik,Yogyakarta,Kartu Kredit,340420
O4429,11,Makanan,Solo,Kartu Kredit,375920
O4430,2,Kesehatan,Solo,COD,402292
O4431,13,Elektronik,Solo,Kartu Kredit,157709
O4432,3,Makanan,Purworejo,COD,54149
O4433,8,Elektronik,Magelang,COD,98478
O4434,4,Rumah Tangga,Semarang,Kartu Kredit,202743
O4435,7,Kesehatan,Yogyakarta,Transfer Bank,214524
O4436,1,Makanan,Solo,Kartu Kredit,378685
O4437,1,Elektronik,Yogyakarta,Transfer Bank,234827
O4438,3,Rumah Tangga,Solo,Transfer Bank,175400
O4439,8,Makanan,Purworejo,Transfer Bank,98875
O4440,4,Kesehatan,Yogyakarta,COD,436816
O4441,14,Rumah Tangga,Solo,E-Wallet,230229
O4442,8,Fashion,Yogyakarta,E-Wallet,72103
O4443,5,Kesehatan,Yogyakarta,Kartu Kredit,357150
O4444,11,Kesehatan,Yogyakarta,COD,362522
O4445,9,Makanan,Purworejo,COD,277879
O4446,11,Elektronik,Semarang,Transfer Bank,70609
O4447,19,Elektronik,Solo,E-Wallet,335217
O4448,5,Rumah Tangga,Magelang,COD,487850
O4449,10,Makanan,Purworejo,E-Wallet,112154
O4450,15,Kesehatan,Purworejo,Kartu Kredit,395144
O4451,8,Kesehatan,Solo,Transfer Bank,283105
O4452,18,Makanan,Semarang,Transfer Bank,235240
O4453,16,Makanan,Purworejo,COD,237543
O4454,20,Elektronik,Purworejo,Kartu Kredit,190882
O4455,10,Fashion,Solo,Transfer Bank,162533
O4456,6,Fashion,Solo,E-Wallet,482439
O4457,2,Rumah Tangga,Magelang,Transfer Bank,384928
O4458,10,Fashion,Solo,Transfer Bank,346630
O4459,3,Kesehatan,Magelang,Transfer Bank,482973
O4460,11,Fashion,Purworejo,COD,225530
O4461,4,Makanan,Yogyakarta,E-Wallet,338035
O4462,6,Makanan,Solo,E-Wallet,206467
O4463,12,Fashion,Semarang,Transfer Bank,221915
O4464,11,Makanan,Semarang,COD,159001
O4465,16,Rumah Tangga,Semarang,E-Wallet,261981
O4466,10,Makanan,Purworejo,COD,269366
O4467,5,Rumah Tangga,Magelang,COD,240897
O4468,1,Makanan,Solo,COD,456827
O4469,15,Fashion,Semarang,E-Wallet,172299
O4470,15,Rumah Tangga,Solo,COD,423067
O4471,4,Elektronik,Semarang,Kartu Kredit,340201
O4472,18,Kesehatan,Magelang,Transfer Bank,314119
O4473,17,Elektronik,Solo,COD,475788
O4474,14,Kesehatan,Yogyakarta,E-Wallet,342379
O4475,15,Rumah Tangga,Yogyakarta,Transfer Bank,353920
O4476,11,Fashion,Semarang,Kartu Kredit,181371
O4477,6,Kesehatan,Purworejo,Transfer Bank,496135
O4478,1,Rumah Tangga,Magelang,E-Wallet,497389
O4479,17,Kesehatan,Semarang,Transfer Bank,104788
O4480,19,Elektronik,Purworejo,COD,276168
O4481,13,Fashion,Solo,Kartu Kredit,351848
O4482,11,Makanan,Magelang,Kartu Kredit,61998
O4483,1,Rumah Tangga,Semarang,Kartu Kredit,371055
O4484,13,Kesehatan,Solo,Transfer Bank,309734
O4485,5,Fashion,Semarang,COD,455423
O4486,3,Kesehatan,Magelang,Kartu Kredit,263090
O4487,1,Makanan,Purworejo,COD,56465
O4488,3,Kesehatan,Magelang,Kartu Kredit,280271
O4489,14,Kesehatan,Solo,Kartu Kredit,160729
O4490,9,Fashion,Magelang,Kartu Kredit,256118
O4491,9,Fashion,Magelang,E-Wallet,495604
O4492,4,Rumah Tangga,Yogyakarta,COD,260633
O4493,1,Makanan,Semarang,E-Wallet,387931
O4494,17,Makanan,Semarang,E-Wallet,420946
O4495,2,Makanan,Solo,E-Wallet,358109
O4496,7,Makanan,Solo,Kartu Kredit,136415
O4497,9,Makanan,Purworejo,COD,102937
O4498,16,Kesehatan,Yogyakarta,COD,419282
O4499,2,Fashion,Yogyakarta,Transfer Bank,181098
O4500,1,Elektronik,Purworejo,Transfer Bank,217398
O4501,1,Rumah Tangga,Magelang,E-Wallet,386413
O4502,4,Rumah Tangga,Solo,COD,373965
O4503,14,Rumah Tangga,Magelang,Transfer Bank,149029
O4504,9,Rumah Tangga,Solo,Transfer Bank,393144
O4505,12,Makanan,Semarang,Transfer Bank,199852
O4506,12,Kesehatan,Semarang,COD,483956
O4507,2,Kesehatan,Purworejo,E-Wallet,285016
O4508,16,Rumah Tangga,Purworejo,E-Wallet,292037
O4509,6,Elektronik,Magelang,Kartu Kredit,190647
O4510,13,Fashion,Magelang,COD,461882
O4511,3,Makanan,Purworejo,Transfer Bank,112743
O4512,3,Kesehatan,Purworejo,COD,292194
O4513,13,Fashion,Magelang,E-Wallet,274446
O4514,1,Fashion,Purworejo,E-Wallet,481143
O4515,17,Kesehatan,Semarang,Kartu Kredit,134922
O4516,12,Rumah Tangga,Yogyakarta,COD,223548
O4517,14,Fashion,Magelang,COD,376428
O4518,6,Elektronik,Solo,Transfer Bank,355030
O4519,12,Kesehatan,Semarang,Kartu Kredit,494380
O4520,12,Elektronik,Yogyakarta,E-Wallet,449046
O4521,16,Elektronik,Solo,E-Wallet,367724
O4522,1,Kesehatan,Solo,E-Wallet,457931
O4523,7,Kesehatan,Yogyakarta,COD,116031
O4524,20,Kesehatan,Magelang,COD,117713
O4525,17,Rumah Tangga,Magelang,COD,158687
O4526,12,Elektronik,Solo,COD,209587
O4527,20,Makanan,Magelang,E-Wallet,325669
O4528,4,Elektronik,Purworejo,E-Wallet,465644
O4529,2,Elektronik,Yogyakarta,Transfer Bank,263520
O4530,17,Elektronik,Solo,E-Wallet,447105
O4531,17,Elektronik,Yogyakarta,Kartu Kredit,355233
O4532,7,Fashion,Magelang,E-Wallet,179923
O4533,12,Fashion,Semarang,Transfer Bank,154979
O4534,2,Rumah Tangga,Solo,COD,233172
O4535,17,Makanan,Solo,Kartu Kredit,221087
O4536,19,Kesehatan,Magelang,COD,306869
O4537,19,Elektronik,Yogyakarta,COD,482092
O4538,2,Rumah Tangga,Purworejo,COD,376052
O4539,5,Makanan,Magelang,Kartu Kredit,126560
O4540,13,Makanan,Semarang,Transfer Bank,125866
O4541,9,Elektronik,Yogyakarta,COD,218864
O4542,4,Elektronik,Magelang,COD,201450
O4543,12,Rumah Tangga,Solo,E-Wallet,402362
O4544,19,Fashion,Semarang,Kartu Kredit,306373
O4545,10,Elektronik,Magelang,Kartu Kredit,55296
O4546,3,Rumah Tangga,Magelang,Transfer Bank,226860
O4547,20,Elektronik,Solo,Kartu Kredit,300554
O4548,20,Elektronik,Semarang,COD,318231
O4549,14,Fashion,Solo,E-Wallet,233059
O4550,4,Fashion,Magelang,COD,406224
O4551,16,Makanan,Yogyakarta,Transfer Bank,292682
O4552,15,Kesehatan,Semarang,Transfer Bank,430197
O4553,1,Fashion,Yogyakarta,E-Wallet,362481
O4554,10,Kesehatan,Purworejo,COD,375297
O4555,2,Rumah Tangga,Purworejo,Kartu Kredit,221984
O4556,17,Rumah Tangga,Purworejo,E-Wallet,181301
O4557,17,Kesehatan,Semarang,COD,287866
O4558,19,Fashion,Solo,E-Wallet,408311
O4559,15,Makanan,Yogyakarta,E-Wallet,72111
O4560,3,Elektronik,Solo,Transfer Bank,114327
O4561,11,Kesehatan,Magelang,COD,384376
O4562,5,Makanan,Yogyakarta,E-Wallet,373372
O4563,3,Kesehatan,Yogyakarta,E-Wallet,111426
O4564,10,Elektronik,Purworejo,E-Wallet,355713
O4565,13,Fashion,Yogyakarta,Kartu Kredit,153072
O4566,14,Makanan,Semarang,COD,220769
O4567,20,Elektronik,Semarang,E-Wallet,199327
O4568,10,Kesehatan,Magelang,COD,468187
O4569,1,Elektronik,Magelang,COD,341636
O4570,3,Fashion,Solo,E-Wallet,299577
O4571,14,Makanan,Purworejo,COD,169863
O4572,13,Fashion,Solo,E-Wallet,270405
O4573,11,Makanan,Purworejo,Transfer Bank,95492
O4574,10,Fashion,Solo,COD,86007
O4575,1,Makanan,Yogyakarta,Kartu Kredit,120979
O4576,5,Rumah Tangga,Purworejo,Kartu Kredit,62264
O4577,7,Kesehatan,Solo,COD,227578
O4578,10,Kesehatan,Semarang,COD,249476
O4579,5,Kesehatan,Semarang,COD,422316
O4580,6,Makanan,Purworejo,E-Wallet,448936
O4581,16,Kesehatan,Magelang,Kartu Kredit,262619
O4582,14,Rumah Tangga,Magelang,Transfer Bank,53755
O4583,9,Elektronik,Magelang,COD,247923
O4584,20,Kesehatan,Purworejo,Transfer Bank,329436
O4585,6,Elektronik,Solo,COD,139657
O4586,6,Makanan,Semarang,Kartu Kredit,216870
O4587,1,Makanan,Semarang,COD,274298
O4588,10,Makanan,Yogyakarta,E-Wallet,372868
O4589,2,Makanan,Yogyakarta,E-Wallet,150695
O4590,10,Kesehatan,Yogyakarta,Transfer Bank,276718
O4591,17,Elektronik,Semarang,COD,54427
O4592,7,Fashion,Semarang,Kartu Kredit,282322
O4593,1,Makanan,Solo,COD,114328
O4594,1,Kesehatan,Magelang,COD,177043
O4595,10,Rumah Tangga,Solo,E-Wallet,234230
O4596,12,Fashion,Yogyakarta,E-Wallet,73627
O4597,13,Makanan,Yogyakarta,Transfer Bank,303491
O4598,18,Fashion,Semarang,E-Wallet,417108
O4599,9,Makanan,Magelang,Kartu Kredit,397555
O4600,18,Makanan,Solo,COD,279047
O4601,10,Rumah Tangga,Solo,Kartu Kredit,261550
O4602,18,Kesehatan,Magelang,COD,401295
O4603,17,Fashion,Magelang,COD,136431
O4604,8,Makanan,Yogyakarta,Transfer Bank,50191
O4605,17,Fashion,Semarang,E-Wallet,269313
O4606,4,Rumah Tangga,Purworejo,Kartu Kredit,61064
O4607,15,Fashion,Yogyakarta,Transfer Bank,357154
O4608,8,Makanan,Semarang,E-Wallet,248121
O4609,10,Rumah Tangga,Semarang,COD,440148
O4610,5,Rumah Tangga,Purworejo,Kartu Kredit,132978
O4611,4,Fashion,Solo,Kartu Kredit,136869
O4612,20,Fashion,Purworejo,Kartu Kredit,103598
O4613,7,Rumah Tangga,Purworejo,COD,421715
O4614,19,Kesehatan,Purworejo,COD,338121
O4615,11,Kesehatan,Solo,Transfer Bank,472156
O4616,3,Kesehatan,Purworejo,E-Wallet,265891
O4617,2,Elektronik,Yogyakarta,Transfer Bank,479559
O4618,10,Rumah Tangga,Purworejo,E-Wallet,144925
O4619,20,Makanan,Purworejo,COD,280919
O4620,10,Elektronik,Solo,E-Wallet,364357
O4621,10,Rumah Tangga,Solo,E-Wallet,196190
O4622,10,Elektronik,Solo,Transfer Bank,132580
O4623,14,Makanan,Yogyakarta,COD,176247
O4624,12,Makanan,Magelang,Transfer Bank,427793
O4625,5,Rumah Tangga,Semarang,Transfer Bank,276213
O4626,6,Elektronik,Solo,Transfer Bank,391462
O4627,3,Fashion,Solo,Transfer Bank,246806
O4628,6,Makanan,Yogyakarta,COD,497651
O4629,7,Kesehatan,Magelang,COD,260339
O4630,5,Kesehatan,Semarang,E-Wallet,269205
O4631,18,Elektronik,Semarang,Transfer Bank,141934
O4632,1,Rumah Tangga,Magelang,Kartu Kredit,208407
O4633,19,Makanan,Purworejo,COD,428433
O4634,8,Elektronik,Purworejo,COD,68858
O4635,14,Kesehatan,Semarang,E-Wallet,482755
O4636,12,Fashion,Solo,E-Wallet,224003
O4637,13,Elektronik,Solo,E-Wallet,88953
O4638,8,Elektronik,Purworejo,E-Wallet,241914
O4639,16,Elektronik,Semarang,E-Wallet,236336
O4640,6,Elektronik,Purworejo,COD,128920
O4641,17,Elektronik,Semarang,Kartu Kredit,122480
O4642,2,Elektronik,Solo,Transfer Bank,436097
O4643,16,Fashion,Semarang,Transfer Bank,441602
O4644,14,Rumah Tangga,Purworejo,COD,355544
O4645,14,Fashion,Solo,COD,349938
O4646,1,Makanan,Magelang,COD,336365
O4647,5,Makanan,Solo,Transfer Bank,285438
O4648,16,Rumah Tangga,Solo,Kartu Kredit,212854
O4649,3,Rumah Tangga,Semarang,E-Wallet,270818
O4650,3,Fashion,Semarang,Kartu Kredit,186093
O4651,7,Makanan,Yogyakarta,COD,81704
O4652,12,Rumah Tangga,Magelang,E-Wallet,446155
O4653,6,Rumah Tangga,Magelang,E-Wallet,405950
O4654,15,Fashion,Solo,E-Wallet,378482
O4655,10,Kesehatan,Solo,Transfer Bank,213071
O4656,11,Kesehatan,Semarang,E-Wallet,69625
O4657,19,Makanan,Solo,Transfer Bank,147064
O4658,11,Kesehatan,Solo,COD,409499
O4659,16,Fashion,Purworejo,Kartu Kredit,480844
O4660,13,Kesehatan,Yogyakarta,Kartu Kredit,335933
O4661,12,Fashion,Solo,Transfer Bank,209094
O4662,10,Rumah Tangga,Purworejo,Transfer Bank,236595
O4663,7,Elektronik,Magelang,E-Wallet,293438
O4664,18,Makanan,Purworejo,E-Wallet,224343
O4665,13,Rumah Tangga,Solo,Transfer Bank,384017
O4666,5,Makanan,Semarang,Kartu Kredit,376333
O4667,8,Makanan,Magelang,Transfer Bank,222290
O4668,12,Fashion,Solo,Kartu Kredit,400817
O4669,8,Kesehatan,Semarang,E-Wallet,488500
O4670,20,Elektronik,Semarang,Transfer Bank,186635
O4671,16,Elektronik,Semarang,Kartu Kredit,83942
O4672,11,Fashion,Purworejo,Kartu Kredit,238117
O4673,4,Makanan,Yogyakarta,E-Wallet,182291
O4674,11,Elektronik,Yogyakarta,Kartu Kredit,463822
O4675,19,Rumah Tangga,Purworejo,COD,388828
O4676,19,Kesehatan,Purworejo,Transfer Bank,85972
O4677,15,Fashion,Magelang,Kartu Kredit,73393
O4678,18,Makanan,Magelang,COD,272614
O4679,18,Rumah Tangga,Semarang,COD,463616
O4680,9,Rumah Tangga,Solo,Kartu Kredit,251265
O4681,20,Kesehatan,Solo,COD,486049
O4682,13,Elektronik,Semarang,E-Wallet,337019
O4683,10,Elektronik,Solo,E-Wallet,238668
O4684,20,Kesehatan,Purworejo,Transfer Bank,304671
O4685,11,Rumah Tangga,Purworejo,E-Wallet,243571
O4686,5,Elektronik,Semarang,E-Wallet,118417
O4687,17,Elektronik,Purworejo,Kartu Kredit,163107
O4688,14,Fashion,Purworejo,Kartu Kredit,60823
O4689,17,Elektronik,Semarang,Kartu Kredit,200905
O4690,14,Elektronik,Magelang,E-Wallet,84457
O4691,17,Rumah Tangga,Semarang,Kartu Kredit,218231
O4692,2,Fashion,Semarang,E-Wallet,196145
O4693,3,Rumah Tangga,Purworejo,COD,473102
O4694,7,Rumah Tangga,Solo,COD,431904
O4695,2,Fashion,Purworejo,Kartu Kredit,324734
O4696,10,Kesehatan,Semarang,Kartu Kredit,300062
O4697,8,Fashion,Magelang,Kartu Kredit,52446
O4698,5,Makanan,Purworejo,E-Wallet,466919
O4699,9,Rumah Tangga,Semarang,COD,324099
O4700,17,Fashion,Solo,Transfer Bank,441681
O4701,3,Fashion,Semarang,E-Wallet,288200
O4702,13,Kesehatan,Magelang,Kartu Kredit,70849
O4703,12,Elektronik,Purworejo,Kartu Kredit,460089
O4704,12,Fashion,Solo,E-Wallet,91942
O4705,6,Elektronik,Yogyakarta,Kartu Kredit,122119
O4706,19,Makanan,Semarang,COD,251906
O4707,19,Makanan,Solo,Transfer Bank,326279
O4708,11,Rumah Tangga,Yogyakarta,COD,215522
O4709,2,Makanan,Solo,Kartu Kredit,104684
O4710,2,Rumah Tangga,Magelang,Kartu Kredit,419467
O4711,8,Rumah Tangga,Purworejo,Transfer Bank,88114
O4712,10,Rumah Tangga,Purworejo,E-Wallet,108852
O4713,10,Rumah Tangga,Solo,E-Wallet,387965
O4714,7,Makanan,Magelang,Transfer Bank,310644
O4715,11,Fashion,Solo,Kartu Kredit,465467
O4716,13,Kesehatan,Purworejo,Kartu Kredit,451862
O4717,13,Rumah Tangga,Purworejo,Transfer Bank,202038
O4718,14,Elektronik,Semarang,Transfer Bank,123968
O4719,11,Rumah Tangga,Purworejo,COD,496249
O4720,20,Kesehatan,Purworejo,COD,90605
O4721,4,Kesehatan,Semarang,Kartu Kredit,62060
O4722,5,Rumah Tangga,Purworejo,E-Wallet,461010
O4723,1,Fashion,Yogyakarta,COD,486596
O4724,19,Rumah Tangga,Purworejo,COD,169202
O4725,7,Elektronik,Yogyakarta,Kartu Kredit,451948
O4726,20,Makanan,Solo,COD,123385
O4727,15,Makanan,Semarang,E-Wallet,99682
O4728,9,Kesehatan,Purworejo,Transfer Bank,417864
O4729,6,Fashion,Magelang,COD,294500
O4730,16,Fashion,Semarang,Transfer Bank,83401
O4731,19,Fashion,Magelang,COD,249086
O4732,18,Rumah Tangga,Solo,E-Wallet,483175
O4733,14,Makanan,Semarang,Kartu Kredit,474083
O4734,16,Elektronik,Purworejo,Transfer Bank,138323
O4735,15,Elektronik,Semarang,Kartu Kredit,386123
O4736,19,Rumah Tangga,Magelang,Transfer Bank,483763
O4737,17,Makanan,Solo,Kartu Kredit,277303
O4738,4,Makanan,Semarang,Transfer Bank,136643
O4739,15,Makanan,Solo,Transfer Bank,227479
O4740,13,Elektronik,Magelang,Transfer Bank,116598
O4741,12,Elektronik,Semarang,Transfer Bank,233514
O4742,7,Rumah Tangga,Magelang,COD,304608
O4743,19,Makanan,Magelang,Kartu Kredit,486097
O4744,10,Kesehatan,Purworejo,Transfer Bank,110394
O4745,5,Makanan,Solo,COD,383979
O4746,8,Rumah Tangga,Yogyakarta,E-Wallet,162850
O4747,13,Makanan,Solo,Transfer Bank,333102
O4748,15,Makanan,Purworejo,COD,445660
O4749,14,Kesehatan,Solo,Kartu Kredit,399966
O4750,7,Makanan,Purworejo,Kartu Kredit,244240
O4751,18,Rumah Tangga,Purworejo,Kartu Kredit,158241
O4752,15,Makanan,Magelang,Kartu Kredit,283159
O4753,18,Elektronik,Magelang,E-Wallet,343003
O4754,17,Elektronik,Purworejo,COD,331847
O4755,11,Kesehatan,Yogyakarta,E-Wallet,227089
O4756,19,Fashion,Magelang,COD,252145
O4757,7,Makanan,Semarang,Kartu Kredit,348801
O4758,9,Fashion,Purworejo,Transfer Bank,228821
O4759,20,Rumah Tangga,Magelang,COD,73791
O4760,13,Fashion,Semarang,COD,144796
O4761,8,Kesehatan,Yogyakarta,COD,477552
O4762,18,Fashion,Purworejo,E-Wallet,377198
O4763,7,Makanan,Semarang,Transfer Bank,307971
O4764,2,Elektronik,Semarang,E-Wallet,136822
O4765,4,Elektronik,Semarang,Transfer Bank,250904
O4766,19,Makanan,Semarang,Transfer Bank,481612
O4767,15,Fashion,Magelang,E-Wallet,145911
O4768,6,Elektronik,Semarang,Kartu Kredit,95769
O4769,10,Fashion,Magelang,Kartu Kredit,335026
O4770,2,Fashion,Purworejo,COD,86543
O4771,17,Makanan,Semarang,E-Wallet,87868
O4772,20,Rumah Tangga,Magelang,Transfer Bank,268784
O4773,11,Kesehatan,Magelang,Transfer Bank,108843
O4774,17,Elektronik,Purworejo,E-Wallet,134172
O4775,2,Makanan,Semarang,Kartu Kredit,322816
O4776,1,Rumah Tangga,Semarang,COD,468079
O4777,9,Elektronik,Purworejo,E-Wallet,308507
O4778,10,Makanan,Solo,E-Wallet,52282
O4779,20,Rumah Tangga,Purworejo,Kartu Kredit,59234
O4780,2,Rumah Tangga,Magelang,Kartu Kredit,252870
O4781,5,Elektronik,Semarang,E-Wallet,70326
O4782,20,Kesehatan,Yogyakarta,E-Wallet,153191
O4783,5,Rumah Tangga,Semarang,COD,378295
O4784,5,Makanan,Purworejo,COD,97392
O4785,4,Rumah Tangga,Purworejo,COD,139346
O4786,15,Kesehatan,Magelang,Kartu Kredit,479272
O4787,5,Elektronik,Yogyakarta,COD,308626
O4788,20,Elektronik,Yogyakarta,COD,160436
O4789,9,Makanan,Solo,Kartu Kredit,216898
O4790,9,Kesehatan,Yogyakarta,Kartu Kredit,362861
O4791,20,Elektronik,Solo,E-Wallet,299790
O4792,7,Fashion,Magelang,Kartu Kredit,244178
O4793,16,Elektronik,Yogyakarta,Kartu Kredit,286410
O4794,16,Elektronik,Magelang,Transfer Bank,171799
O4795,2,Kesehatan,Yogyakarta,Kartu Kredit,454834
O4796,10,Fashion,Semarang,Kartu Kredit,420878
O4797,11,Kesehatan,Solo,COD,160473
O4798,13,Fashion,Yogyakarta,COD,239924
O4799,19,Kesehatan,Yogyakarta,Kartu Kredit,431922
O4800,9,Rumah Tangga,Semarang,Transfer Bank,364852
O4801,14,Rumah Tangga,Magelang,COD,228125
O4802,4,Elektronik,Solo,E-Wallet,476862
O4803,2,Rumah Tangga,Solo,E-Wallet,201463
O4804,7,Rumah Tangga,Purworejo,Kartu Kredit,460522
O4805,5,Rumah Tangga,Purworejo,Kartu Kredit,120320
O4806,11,Makanan,Semarang,Kartu Kredit,193252
O4807,4,Elektronik,Magelang,E-Wallet,245554
O4808,15,Fashion,Solo,COD,175552
O4809,17,Fashion,Solo,E-Wallet,205218
O4810,13,Rumah Tangga,Solo,Transfer Bank,491610
O4811,18,Elektronik,Yogyakarta,Kartu Kredit,498381
O4812,14,Makanan,Purworejo,COD,102548
O4813,5,Kesehatan,Solo,COD,335047
O4814,12,Elektronik,Solo,Transfer Bank,90288
O4815,19,Makanan,Yogyakarta,Kartu Kredit,107600
O4816,6,Fashion,Semarang,Transfer Bank,156532
O4817,10,Makanan,Semarang,Transfer Bank,487933
O4818,8,Elektronik,Purworejo,E-Wallet,396663
O4819,18,Rumah Tangga,Semarang,COD,417784
O4820,7,Elektronik,Purworejo,Transfer Bank,342968
O4821,4,Elektronik,Yogyakarta,COD,396145
O4822,1,Makanan,Yogyakarta,COD,372331
O4823,5,Fashion,Solo,E-Wallet,209174
O4824,15,Makanan,Yogyakarta,Kartu Kredit,260363
O4825,7,Kesehatan,Yogyakarta,Kartu Kredit,486990
O4826,20,Makanan,Magelang,Kartu Kredit,256121
O4827,15,Kesehatan,Magelang,Kartu Kredit,425274
O4828,11,Kesehatan,Semarang,Transfer Bank,451812
O4829,14,Elektronik,Magelang,E-Wallet,269211
O4830,3,Elektronik,Yogyakarta,E-Wallet,261161
O4831,3,Makanan,Magelang,COD,320909
O4832,13,Rumah Tangga,Purworejo,Transfer Bank,343853
O4833,1,Rumah Tangga,Magelang,Transfer Bank,238807
O4834,1,Rumah Tangga,Purworejo,Kartu Kredit,129769
O4835,1,Elektronik,Semarang,COD,330002
O4836,6,Fashion,Semarang,COD,377728
O4837,11,Rumah Tangga,Purworejo,COD,182881
O4838,3,Elektronik,Purworejo,COD,55549
O4839,19,Rumah Tangga,Solo,E-Wallet,313216
O4840,3,Fashion,Solo,COD,311278
O4841,18,Fashion,Yogyakarta,COD,136782
O4842,15,Elektronik,Semarang,Kartu Kredit,153009
O4843,1,Makanan,Semarang,COD,290214
O4844,12,Elektronik,Semarang,E-Wallet,172482
O4845,19,Rumah Tangga,Semarang,Kartu Kredit,203668
O4846,9,Elektronik,Purworejo,E-Wallet,294261
O4847,20,Fashion,Solo,COD,127648
O4848,9,Fashion,Solo,COD,454197
O4849,15,Elektronik,Solo,Transfer Bank,456374
O4850,7,Rumah Tangga,Magelang,Transfer Bank,140758
O4851,17,Rumah Tangga,Purworejo,E-Wallet,441006
O4852,4,Rumah Tangga,Purworejo,Transfer Bank,147150
O4853,20,Rumah Tangga,Purworejo,Transfer Bank,66951
O4854,1,Elektronik,Yogyakarta,Transfer Bank,421942
O4855,11,Rumah Tangga,Magelang,Transfer Bank,299599
O4856,19,Elektronik,Yogyakarta,Kartu Kredit,439316
O4857,5,Kesehatan,Semarang,COD,106934
O4858,3,Fashion,Semarang,Transfer Bank,251315
O4859,9,Makanan,Magelang,COD,182646
O4860,15,Elektronik,Solo,Transfer Bank,210666
O4861,9,Elektronik,Yogyakarta,E-Wallet,379436
O4862,10,Rumah Tangga,Yogyakarta,E-Wallet,236882
O4863,3,Elektronik,Solo,E-Wallet,131499
O4864,14,Fashion,Purworejo,Kartu Kredit,106020
O4865,8,Kesehatan,Semarang,Kartu Kredit,342790
O4866,13,Kesehatan,Yogyakarta,Kartu Kredit,247525
O4867,14,Makanan,Purworejo,Kartu Kredit,135647
O4868,16,Makanan,Solo,COD,364187
O4869,20,Rumah Tangga,Yogyakarta,E-Wallet,73207
O4870,15,Rumah Tangga,Purworejo,Kartu Kredit,391182
O4871,7,Makanan,Solo,Kartu Kredit,400197
O4872,6,Fashion,Purworejo,Kartu Kredit,231088
O4873,13,Elektronik,Yogyakarta,COD,134320
O4874,7,Fashion,Purworejo,Transfer Bank,319203
O4875,4,Fashion,Yogyakarta,COD,350610
O4876,20,Elektronik,Purworejo,COD,312810
O4877,16,Elektronik,Yogyakarta,COD,426441
O4878,14,Rumah Tangga,Magelang,Kartu Kredit,142791
O4879,7,Fashion,Purworejo,COD,238387
O4880,13,Rumah Tangga,Semarang,COD,499302
O4881,18,Rumah Tangga,Solo,Kartu Kredit,90454
O4882,5,Kesehatan,Purworejo,E-Wallet,385729
O4883,16,Elektronik,Magelang,Kartu Kredit,351584
O4884,20,Elektronik,Semarang,E-Wallet,73966
O4885,12,Fashion,Magelang,E-Wallet,103754
O4886,3,Rumah Tangga,Purworejo,COD,103720
O4887,2,Fashion,Solo,E-Wallet,491826
O4888,1,Elektronik,Magelang,Kartu Kredit,334055
O4889,20,Kesehatan,Purworejo,COD,328341
O4890,12,Fashion,Purworejo,E-Wallet,202549
O4891,15,Makanan,Semarang,E-Wallet,54264
O4892,9,Kesehatan,Magelang,COD,470353
O4893,5,Elektronik,Semarang,Kartu Kredit,178483
O4894,14,Fashion,Semarang,E-Wallet,261590
O4895,20,Fashion,Solo,E-Wallet,101407
O4896,12,Makanan,Semarang,Kartu Kredit,124545
O4897,4,Fashion,Magelang,E-Wallet,260596
O4898,10,Elektronik,Yogyakarta,Kartu Kredit,338083
O4899,3,Kesehatan,Solo,E-Wallet,56801
O4900,8,Kesehatan,Magelang,Kartu Kredit,353720
O4901,6,Elektronik,Semarang,COD,263184
O4902,7,Fashion,Solo,E-Wallet,349373
O4903,6,Makanan,Magelang,E-Wallet,121118
O4904,8,Rumah Tangga,Magelang,COD,394343
O4905,12,Kesehatan,Semarang,Transfer Bank,367710
O4906,14,Elektronik,Magelang,E-Wallet,495011
O4907,11,Makanan,Purworejo,Transfer Bank,139880
O4908,10,Makanan,Solo,COD,462952
O4909,10,Rumah Tangga,Semarang,Kartu Kredit,387683
O4910,3,Rumah Tangga,Purworejo,Transfer Bank,124730
O4911,6,Kesehatan,Semarang,Transfer Bank,231753
O4912,15,Kesehatan,Yogyakarta,Transfer Bank,229382
O4913,3,Fashion,Solo,Kartu Kredit,142538
O4914,10,Makanan,Magelang,Transfer Bank,273781
O4915,20,Fashion,Semarang,Transfer Bank,498600
O4916,8,Fashion,Purworejo,COD,309648
O4917,12,Rumah Tangga,Solo,E-Wallet,456121
O4918,11,Kesehatan,Purworejo,Transfer Bank,489611
O4919,5,Makanan,Semarang,COD,304306
O4920,3,Rumah Tangga,Magelang,COD,83157
O4921,8,Elektronik,Purworejo,COD,325965
O4922,4,Kesehatan,Solo,Kartu Kredit,175293
O4923,9,Elektronik,Purworejo,COD,443160
O4924,1,Fashion,Semarang,E-Wallet,197845
O4925,9,Rumah Tangga,Purworejo,E-Wallet,146558
O4926,5,Rumah Tangga,Semarang,COD,249666
O4927,15,Makanan,Magelang,E-Wallet,189087
O4928,19,Elektronik,Magelang,COD,338067
O4929,11,Elektronik,Semarang,E-Wallet,51546
O4930,7,Fashion,Semarang,E-Wallet,149810
O4931,18,Elektronik,Yogyakarta,Kartu Kredit,360663
O4932,17,Rumah Tangga,Magelang,Kartu Kredit,360618
O4933,3,Rumah Tangga,Solo,Kartu Kredit,294495
O4934,16,Fashion,Solo,Transfer Bank,59242
O4935,18,Rumah Tangga,Magelang,Transfer Bank,461092
O4936,20,Fashion,Solo,Kartu Kredit,84909
O4937,5,Makanan,Magelang,Transfer Bank,471901
O4938,1,Fashion,Yogyakarta,E-Wallet,90084
O4939,8,Makanan,Magelang,E-Wallet,467149
O4940,15,Elektronik,Solo,COD,169259
O4941,8,Elektronik,Purworejo,Kartu Kredit,424680
O4942,12,Rumah Tangga,Yogyakarta,E-Wallet,375353
O4943,1,Kesehatan,Semarang,Transfer Bank,51559
O4944,15,Makanan,Semarang,COD,446269
O4945,4,Makanan,Magelang,E-Wallet,171908
O4946,17,Makanan,Purworejo,Kartu Kredit,358246
O4947,12,Kesehatan,Magelang,Kartu Kredit,448277
O4948,6,Kesehatan,Magelang,Transfer Bank,149151
O4949,20,Fashion,Magelang,Transfer Bank,496659
O4950,13,Elektronik,Magelang,Transfer Bank,137156
O4951,3,Kesehatan,Semarang,Transfer Bank,272785
O4952,16,Fashion,Yogyakarta,Kartu Kredit,413830
O4953,14,Rumah Tangga,Magelang,E-Wallet,161597
O4954,3,Fashion,Solo,E-Wallet,168202
O4955,14,Kesehatan,Solo,Transfer Bank,392184
O4956,3,Makanan,Yogyakarta,COD,382852
O4957,3,Makanan,Yogyakarta,Kartu Kredit,113910
O4958,17,Elektronik,Yogyakarta,E-Wallet,156703
O4959,3,Elektronik,Semarang,E-Wallet,207400
O4960,14,Fashion,Semarang,Transfer Bank,213032
O4961,17,Rumah Tangga,Yogyakarta,Kartu Kredit,441832
O4962,1,Kesehatan,Solo,E-Wallet,152858
O4963,1,Kesehatan,Magelang,E-Wallet,428918
O4964,8,Makanan,Solo,Kartu Kredit,301886
O4965,18,Rumah Tangga,Yogyakarta,Kartu Kredit,192849
O4966,4,Rumah Tangga,Semarang,Transfer Bank,406040
O4967,12,Kesehatan,Yogyakarta,Kartu Kredit,92129
O4968,8,Rumah Tangga,Solo,Transfer Bank,139315
O4969,2,Rumah Tangga,Magelang,Transfer Bank,460049
O4970,2,Kesehatan,Purworejo,Kartu Kredit,230856
O4971,8,Makanan,Magelang,Kartu Kredit,401334
O4972,7,Makanan,Solo,COD,292939
O4973,2,Elektronik,Magelang,COD,179724
O4974,19,Makanan,Purworejo,COD,113598
O4975,5,Elektronik,Purworejo,Transfer Bank,470012
O4976,12,Fashion,Magelang,Transfer Bank,209445
O4977,3,Kesehatan,Magelang,COD,407236
O4978,12,Fashion,Yogyakarta,COD,239991
O4979,14,Fashion,Yogyakarta,E-Wallet,354299
O4980,18,Elektronik,Purworejo,Transfer Bank,382511
O4981,13,Kesehatan,Yogyakarta,COD,65283
O4982,8,Makanan,Magelang,Kartu Kredit,260869
O4983,1,Kesehatan,Magelang,COD,126654
O4984,11,Rumah Tangga,Semarang,Kartu Kredit,204524
O4985,14,Rumah Tangga,Yogyakarta,Kartu Kredit,406987
O4986,15,Rumah Tangga,Solo,E-Wallet,257448
O4987,14,Fashion,Purworejo,COD,351636
O4988,17,Kesehatan,Purworejo,E-Wallet,91759
O4989,20,Kesehatan,Yogyakarta,E-Wallet,383337
O4990,14,Rumah Tangga,Yogyakarta,COD,465563
O4991,13,Rumah Tangga,Magelang,Transfer Bank,404407
O4992,8,Elektronik,Solo,E-Wallet,280184
O4993,20,Makanan,Purworejo,Transfer Bank,251112
O4994,5,Elektronik,Solo,Kartu Kredit,435782
O4995,13,Kesehatan,Magelang,E-Wallet,162200
O4996,7,Makanan,Purworejo,Transfer Bank,118108
O4997,8,Rumah Tangga,Purworejo,Kartu Kredit,91930
O4998,1,Fashion,Purworejo,Kartu Kredit,268318
O4999,16,Rumah Tangga,Purworejo,Kartu Kredit,480724
O5000,13,Rumah Tangga,Semarang,COD,265586
O5001,8,Elektronik,Solo,COD,157242
O5002,1,Makanan,Purworejo,Transfer Bank,242708
O5003,8,Makanan,Solo,Kartu Kredit,311967
O5004,5,Makanan,Yogyakarta,Kartu Kredit,363902
O5005,3,Elektronik,Semarang,COD,190334
O5006,4,Rumah Tangga,Purworejo,E-Wallet,70681
O5007,8,Makanan,Purworejo,COD,272275
O5008,9,Elektronik,Purworejo,Transfer Bank,466930
O5009,11,Kesehatan,Yogyakarta,Kartu Kredit,462728
O5010,12,Makanan,Magelang,Kartu Kredit,73214
O5011,10,Fashion,Solo,Transfer Bank,186397
O5012,11,Elektronik,Yogyakarta,E-Wallet,168960
O5013,2,Fashion,Solo,Kartu Kredit,54945
O5014,5,Elektronik,Purworejo,E-Wallet,491113
O5015,3,Elektronik,Yogyakarta,Kartu Kredit,355327
O5016,6,Elektronik,Magelang,E-Wallet,96850
O5017,2,Makanan,Purworejo,Transfer Bank,439410
O5018,19,Kesehatan,Yogyakarta,Transfer Bank,363010
O5019,13,Rumah Tangga,Magelang,Transfer Bank,217125
O5020,15,Elektronik,Solo,Transfer Bank,121937
O5021,4,Makanan,Semarang,Kartu Kredit,84902
O5022,19,Kesehatan,Semarang,Transfer Bank,308878
O5023,7,Kesehatan,Solo,E-Wallet,110662
O5024,10,Kesehatan,Yogyakarta,E-Wallet,203724
O5025,18,Kesehatan,Magelang,COD,338703
O5026,20,Fashion,Purworejo,Kartu Kredit,106500
O5027,1,Makanan,Purworejo,Kartu Kredit,406340
O5028,16,Fashion,Semarang,E-Wallet,160753
O5029,8,Kesehatan,Magelang,COD,180370
O5030,9,Elektronik,Purworejo,Transfer Bank,72510
O5031,12,Makanan,Yogyakarta,Kartu Kredit,437062
O5032,9,Rumah Tangga,Magelang,E-Wallet,391185
O5033,4,Kesehatan,Magelang,Transfer Bank,64550
O5034,4,Kesehatan,Yogyakarta,Kartu Kredit,132034
O5035,18,Rumah Tangga,Solo,Kartu Kredit,120747
O5036,3,Makanan,Purworejo,Kartu Kredit,381816
O5037,19,Elektronik,Solo,COD,461194
O5038,1,Rumah Tangga,Yogyakarta,Transfer Bank,320244
O5039,10,Rumah Tangga,Magelang,Transfer Bank,237848
O5040,9,Fashion,Semarang,Kartu Kredit,284016
O5041,1,Kesehatan,Magelang,Transfer Bank,496024
O5042,20,Kesehatan,Yogyakarta,Kartu Kredit,188310
O5043,1,Rumah Tangga,Magelang,Kartu Kredit,296486
O5044,6,Kesehatan,Yogyakarta,COD,347902
O5045,13,Kesehatan,Magelang,E-Wallet,58379
O5046,18,Elektronik,Semarang,E-Wallet,300016
O5047,3,Rumah Tangga,Magelang,Transfer Bank,224798
O5048,18,Kesehatan,Semarang,Transfer Bank,495976
O5049,3,Makanan,Purworejo,E-Wallet,51023
O5050,13,Kesehatan,Magelang,Transfer Bank,174878
O5051,18,Fashion,Magelang,E-Wallet,180101
O5052,16,Rumah Tangga,Solo,E-Wallet,361239
O5053,1,Fashion,Solo,Transfer Bank,202413
O5054,19,Fashion,Purworejo,Transfer Bank,367679
O5055,4,Kesehatan,Purworejo,Kartu Kredit,485896
O5056,12,Elektronik,Solo,Transfer Bank,425228
O5057,4,Rumah Tangga,Yogyakarta,E-Wallet,400269
O5058,6,Makanan,Solo,E-Wallet,320053
O5059,13,Kesehatan,Purworejo,Transfer Bank,128617
O5060,13,Kesehatan,Magelang,COD,139986
O5061,9,Kesehatan,Yogyakarta,Transfer Bank,491352
O5062,15,Elektronik,Solo,Kartu Kredit,320350
O5063,19,Kesehatan,Yogyakarta,COD,401286
O5064,16,Elektronik,Semarang,COD,64055
O5065,20,Kesehatan,Semarang,E-Wallet,144317
O5066,2,Rumah Tangga,Magelang,COD,463749
O5067,1,Kesehatan,Magelang,Kartu Kredit,238772
O5068,3,Kesehatan,Solo,Transfer Bank,468948
O5069,5,Makanan,Solo,E-Wallet,108396
O5070,15,Kesehatan,Solo,Transfer Bank,146508
O5071,10,Elektronik,Purworejo,COD,102104
O5072,4,Fashion,Solo,Kartu Kredit,322353
O5073,1,Kesehatan,Semarang,COD,157140
O5074,10,Makanan,Solo,E-Wallet,489357
O5075,7,Fashion,Purworejo,E-Wallet,106636
O5076,19,Elektronik,Solo,E-Wallet,492594
O5077,4,Makanan,Yogyakarta,Kartu Kredit,233922
O5078,14,Elektronik,Magelang,COD,310463
O5079,14,Rumah Tangga,Semarang,COD,85997
O5080,9,Rumah Tangga,Semarang,Transfer Bank,226658
O5081,18,Rumah Tangga,Magelang,COD,415288
O5082,14,Rumah Tangga,Magelang,COD,177567
O5083,13,Elektronik,Purworejo,COD,73929
O5084,17,Makanan,Magelang,COD,443712
O5085,15,Elektronik,Magelang,COD,352043
O5086,8,Elektronik,Semarang,Transfer Bank,367920
O5087,13,Elektronik,Yogyakarta,Transfer Bank,162393
O5088,18,Kesehatan,Semarang,Transfer Bank,84184
O5089,2,Elektronik,Magelang,E-Wallet,357175
O5090,4,Elektronik,Yogyakarta,Transfer Bank,350355
O5091,6,Elektronik,Magelang,E-Wallet,135203
O5092,13,Rumah Tangga,Yogyakarta,E-Wallet,461465
O5093,11,Kesehatan,Magelang,Transfer Bank,400538
O5094,14,Fashion,Semarang,COD,486697
O5095,6,Kesehatan,Semarang,Transfer Bank,442435
O5096,3,Fashion,Solo,Kartu Kredit,497936
O5097,6,Elektronik,Purworejo,COD,208276
O5098,12,Kesehatan,Yogyakarta,COD,254874
O5099,10,Elektronik,Semarang,Transfer Bank,65305
O5100,2,Makanan,Semarang,COD,475246
O5101,7,Elektronik,Yogyakarta,COD,220956
O5102,5,Elektronik,Yogyakarta,COD,421582
O5103,4,Rumah Tangga,Magelang,COD,202358
O5104,11,Kesehatan,Purworejo,Transfer Bank,296755
O5105,9,Elektronik,Semarang,Transfer Bank,445386
O5106,6,Elektronik,Solo,Kartu Kredit,496873
O5107,3,Elektronik,Semarang,Kartu Kredit,58961
O5108,8,Makanan,Magelang,E-Wallet,491236
O5109,13,Kesehatan,Yogyakarta,Transfer Bank,213478
O5110,5,Fashion,Yogyakarta,COD,474153
O5111,4,Elektronik,Magelang,Kartu Kredit,244932
O5112,9,Rumah Tangga,Purworejo,COD,446763
O5113,13,Kesehatan,Purworejo,E-Wallet,301604
O5114,19,Fashion,Magelang,Transfer Bank,497254
O5115,8,Fashion,Semarang,Transfer Bank,219444
O5116,8,Rumah Tangga,Purworejo,E-Wallet,490151
O5117,10,Makanan,Magelang,Kartu Kredit,497327
O5118,20,Elektronik,Semarang,E-Wallet,125572
O5119,6,Makanan,Purworejo,Kartu Kredit,180550
O5120,3,Kesehatan,Semarang,E-Wallet,286511
O5121,2,Kesehatan,Solo,COD,471807
O5122,19,Rumah Tangga,Semarang,Kartu Kredit,345874
O5123,19,Makanan,Purworejo,E-Wallet,99825
O5124,2,Fashion,Solo,Transfer Bank,309719
O5125,9,Elektronik,Semarang,COD,286739
O5126,19,Fashion,Solo,Transfer Bank,435125
O5127,17,Fashion,Magelang,COD,471123
O5128,2,Elektronik,Yogyakarta,E-Wallet,91874
O5129,1,Kesehatan,Purworejo,Kartu Kredit,220533
O5130,5,Kesehatan,Semarang,Transfer Bank,113626
O5131,13,Elektronik,Solo,Kartu Kredit,175746
O5132,6,Fashion,Solo,Kartu Kredit,83929
O5133,8,Rumah Tangga,Solo,Transfer Bank,283377
O5134,20,Fashion,Yogyakarta,E-Wallet,279372
O5135,18,Makanan,Purworejo,E-Wallet,91545
O5136,14,Makanan,Semarang,E-Wallet,223589
O5137,19,Elektronik,Magelang,Transfer Bank,193237
O5138,12,Fashion,Purworejo,COD,75358
O5139,8,Rumah Tangga,Purworejo,E-Wallet,384514
O5140,16,Elektronik,Semarang,Transfer Bank,70047
O5141,3,Fashion,Purworejo,Transfer Bank,382483
O5142,9,Makanan,Solo,Transfer Bank,214105
O5143,16,Rumah Tangga,Yogyakarta,COD,152461
O5144,9,Fashion,Yogyakarta,E-Wallet,375493
O5145,6,Kesehatan,Magelang,Kartu Kredit,57998
O5146,13,Rumah Tangga,Purworejo,E-Wallet,304076
O5147,10,Rumah Tangga,Yogyakarta,Transfer Bank,171674
O5148,8,Elektronik,Yogyakarta,COD,58656
O5149,19,Makanan,Purworejo,E-Wallet,182249
O5150,19,Makanan,Yogyakarta,Kartu Kredit,243394
O5151,8,Kesehatan,Yogyakarta,COD,371883
O5152,14,Elektronik,Semarang,Transfer Bank,224957
O5153,1,Fashion,Solo,Kartu Kredit,473153
O5154,1,Kesehatan,Semarang,Transfer Bank,294342
O5155,4,Elektronik,Magelang,Kartu Kredit,81493
O5156,13,Rumah Tangga,Solo,COD,134538
O5157,12,Makanan,Magelang,COD,385421
O5158,8,Fashion,Semarang,Transfer Bank,193551
O5159,1,Kesehatan,Solo,E-Wallet,473050
O5160,13,Elektronik,Yogyakarta,Transfer Bank,250484
O5161,15,Makanan,Solo,E-Wallet,187713
O5162,10,Rumah Tangga,Magelang,COD,149508
O5163,1,Kesehatan,Semarang,COD,62802
O5164,2,Elektronik,Purworejo,E-Wallet,166450
O5165,14,Fashion,Yogyakarta,COD,294508
O5166,1,Makanan,Yogyakarta,COD,495723
O5167,10,Kesehatan,Solo,Transfer Bank,83787
O5168,4,Makanan,Semarang,COD,100736
O5169,8,Fashion,Yogyakarta,COD,291145
O5170,6,Kesehatan,Solo,E-Wallet,476367
O5171,5,Elektronik,Solo,Transfer Bank,345834
O5172,7,Rumah Tangga,Yogyakarta,COD,494993
O5173,16,Fashion,Magelang,COD,346849
O5174,4,Makanan,Solo,E-Wallet,368590
O5175,20,Makanan,Yogyakarta,Kartu Kredit,117299
O5176,16,Makanan,Magelang,E-Wallet,370071
O5177,3,Makanan,Purworejo,COD,190630
O5178,3,Elektronik,Semarang,COD,332283
O5179,4,Elektronik,Yogyakarta,Kartu Kredit,55970
O5180,18,Fashion,Magelang,E-Wallet,327295
O5181,9,Fashion,Semarang,Kartu Kredit,415060
O5182,16,Kesehatan,Semarang,Kartu Kredit,79728
O5183,4,Rumah Tangga,Magelang,Kartu Kredit,345930
O5184,9,Fashion,Purworejo,COD,119846
O5185,9,Rumah Tangga,Purworejo,E-Wallet,496475
O5186,13,Makanan,Yogyakarta,E-Wallet,431265
O5187,3,Makanan,Yogyakarta,Kartu Kredit,245301
O5188,17,Elektronik,Semarang,Kartu Kredit,209923
O5189,19,Elektronik,Purworejo,Transfer Bank,249240
O5190,13,Makanan,Semarang,Kartu Kredit,173920
O5191,4,Rumah Tangga,Yogyakarta,Kartu Kredit,252099
O5192,1,Makanan,Solo,COD,409745
O5193,12,Elektronik,Semarang,Kartu Kredit,271401
O5194,4,Kesehatan,Solo,Transfer Bank,140043
O5195,1,Rumah Tangga,Semarang,COD,334873
O5196,16,Elektronik,Semarang,COD,88813
O5197,6,Rumah Tangga,Semarang,E-Wallet,100002
O5198,13,Rumah Tangga,Yogyakarta,COD,101482
O5199,9,Fashion,Yogyakarta,Transfer Bank,149948
O5200,3,Makanan,Solo,COD,63974
O5201,9,Makanan,Yogyakarta,COD,122923
O5202,13,Kesehatan,Semarang,Transfer Bank,401755
O5203,12,Fashion,Semarang,Transfer Bank,476987
O5204,2,Elektronik,Purworejo,Kartu Kredit,93833
O5205,9,Fashion,Semarang,E-Wallet,222313
O5206,7,Kesehatan,Yogyakarta,Transfer Bank,174362
O5207,2,Rumah Tangga,Magelang,COD,187276
O5208,1,Elektronik,Magelang,COD,121890
O5209,10,Elektronik,Semarang,COD,184046
O5210,4,Makanan,Solo,E-Wallet,412164
O5211,1,Elektronik,Solo,Transfer Bank,405918
O5212,5,Fashion,Purworejo,COD,403035
O5213,5,Makanan,Semarang,E-Wallet,488703
O5214,15,Kesehatan,Semarang,Transfer Bank,151142
O5215,2,Rumah Tangga,Yogyakarta,E-Wallet,419651
O5216,9,Makanan,Solo,COD,378913
O5217,8,Makanan,Yogyakarta,Transfer Bank,477340
O5218,10,Kesehatan,Purworejo,COD,216882
O5219,3,Makanan,Magelang,E-Wallet,385160
O5220,7,Fashion,Semarang,E-Wallet,121733
O5221,5,Elektronik,Solo,Kartu Kredit,311630
O5222,17,Makanan,Yogyakarta,Kartu Kredit,411066
O5223,16,Kesehatan,Magelang,Kartu Kredit,242215
O5224,17,Elektronik,Purworejo,Transfer Bank,91098
O5225,12,Kesehatan,Magelang,COD,139893
O5226,6,Fashion,Magelang,Transfer Bank,364173
O5227,16,Makanan,Yogyakarta,Transfer Bank,123861
O5228,18,Kesehatan,Semarang,E-Wallet,393984
O5229,11,Elektronik,Magelang,Transfer Bank,238315
O5230,4,Rumah Tangga,Purworejo,E-Wallet,418934
O5231,2,Rumah Tangga,Yogyakarta,Kartu Kredit,156801
O5232,1,Rumah Tangga,Yogyakarta,COD,385064
O5233,11,Fashion,Yogyakarta,Transfer Bank,462750
O5234,13,Makanan,Semarang,Transfer Bank,113074
O5235,5,Elektronik,Yogyakarta,E-Wallet,487959
O5236,7,Rumah Tangga,Yogyakarta,COD,159911
O5237,4,Rumah Tangga,Purworejo,E-Wallet,225796
O5238,18,Rumah Tangga,Yogyakarta,E-Wallet,257011
O5239,8,Fashion,Magelang,COD,231145
O5240,12,Kesehatan,Solo,Kartu Kredit,475898
O5241,8,Rumah Tangga,Purworejo,E-Wallet,145774
O5242,5,Fashion,Semarang,Kartu Kredit,367700
O5243,5,Elektronik,Magelang,E-Wallet,221191
O5244,8,Elektronik,Yogyakarta,COD,465327
O5245,1,Elektronik,Semarang,COD,433647
O5246,11,Makanan,Semarang,E-Wallet,59118
O5247,15,Kesehatan,Solo,E-Wallet,172280
O5248,20,Makanan,Yogyakarta,Transfer Bank,124478
O5249,11,Rumah Tangga,Magelang,Kartu Kredit,201014
O5250,15,Elektronik,Magelang,Kartu Kredit,338468
O5251,7,Rumah Tangga,Purworejo,Kartu Kredit,338259
O5252,2,Makanan,Yogyakarta,Kartu Kredit,55296
O5253,18,Fashion,Solo,COD,258880
O5254,6,Fashion,Yogyakarta,E-Wallet,243057
O5255,13,Elektronik,Purworejo,COD,115712
O5256,19,Kesehatan,Yogyakarta,E-Wallet,293212
O5257,17,Elektronik,Yogyakarta,Transfer Bank,383369
O5258,16,Kesehatan,Yogyakarta,Kartu Kredit,444930
O5259,13,Makanan,Solo,COD,249726
O5260,15,Rumah Tangga,Semarang,COD,377380
O5261,8,Kesehatan,Magelang,Transfer Bank,274319
O5262,8,Fashion,Magelang,E-Wallet,374440
O5263,6,Fashion,Semarang,Kartu Kredit,144996
O5264,12,Makanan,Magelang,COD,81284
O5265,19,Makanan,Yogyakarta,Kartu Kredit,451659
O5266,14,Rumah Tangga,Yogyakarta,E-Wallet,74399
O5267,15,Fashion,Magelang,COD,111486
O5268,5,Rumah Tangga,Magelang,E-Wallet,206125
O5269,14,Makanan,Magelang,Transfer Bank,414239
O5270,14,Fashion,Semarang,COD,165721
O5271,12,Kesehatan,Semarang,Transfer Bank,243970
O5272,5,Kesehatan,Yogyakarta,COD,394404
O5273,17,Rumah Tangga,Purworejo,Kartu Kredit,361838
O5274,9,Elektronik,Semarang,Transfer Bank,190885
O5275,8,Kesehatan,Magelang,E-Wallet,82172
O5276,17,Rumah Tangga,Semarang,E-Wallet,353246
O5277,10,Fashion,Purworejo,COD,298429
O5278,20,Fashion,Semarang,Kartu Kredit,351899
O5279,4,Fashion,Yogyakarta,COD,493543
O5280,9,Elektronik,Solo,Kartu Kredit,339628
O5281,9,Fashion,Purworejo,E-Wallet,85648
O5282,1,Makanan,Magelang,Kartu Kredit,163135
O5283,7,Kesehatan,Solo,Kartu Kredit,458001
O5284,14,Fashion,Purworejo,COD,342209
O5285,13,Rumah Tangga,Solo,Transfer Bank,309171
O5286,13,Rumah Tangga,Yogyakarta,COD,380304
O5287,1,Rumah Tangga,Yogyakarta,Kartu Kredit,234137
O5288,9,Elektronik,Solo,E-Wallet,477397
O5289,17,Fashion,Solo,Kartu Kredit,216399
O5290,7,Kesehatan,Magelang,COD,161469
O5291,20,Makanan,Solo,Kartu Kredit,168074
O5292,7,Kesehatan,Magelang,COD,180785
O5293,14,Rumah Tangga,Solo,Kartu Kredit,175196
O5294,14,Makanan,Semarang,E-Wallet,53297
O5295,18,Kesehatan,Magelang,COD,343531
O5296,19,Elektronik,Magelang,COD,70770
O5297,1,Elektronik,Semarang,Transfer Bank,221237
O5298,3,Rumah Tangga,Purworejo,COD,250564
O5299,16,Kesehatan,Magelang,E-Wallet,109720
O5300,14,Fashion,Purworejo,Kartu Kredit,321880
O5301,17,Makanan,Semarang,E-Wallet,278785
O5302,15,Rumah Tangga,Yogyakarta,Kartu Kredit,489497
O5303,16,Kesehatan,Purworejo,E-Wallet,141382
O5304,7,Kesehatan,Magelang,E-Wallet,168311
O5305,2,Fashion,Semarang,Transfer Bank,91814
O5306,10,Elektronik,Solo,Kartu Kredit,400195
O5307,8,Rumah Tangga,Purworejo,COD,297914
O5308,3,Elektronik,Magelang,Transfer Bank,74501
O5309,1,Fashion,Solo,Kartu Kredit,383797
O5310,14,Elektronik,Magelang,Transfer Bank,189268
O5311,10,Elektronik,Yogyakarta,Kartu Kredit,196491
O5312,3,Rumah Tangga,Purworejo,Kartu Kredit,50810
O5313,16,Fashion,Semarang,Kartu Kredit,89287
O5314,9,Rumah Tangga,Yogyakarta,E-Wallet,324295
O5315,19,Elektronik,Purworejo,COD,318063
O5316,20,Fashion,Solo,Transfer Bank,309641
O5317,5,Kesehatan,Solo,Kartu Kredit,445111
O5318,18,Makanan,Solo,E-Wallet,369765
O5319,4,Elektronik,Semarang,COD,408400
O5320,20,Elektronik,Solo,E-Wallet,358660
O5321,10,Elektronik,Solo,Transfer Bank,101897
O5322,6,Makanan,Semarang,Transfer Bank,170398
O5323,15,Fashion,Magelang,E-Wallet,413655
O5324,1,Fashion,Purworejo,COD,493423
O5325,16,Elektronik,Yogyakarta,COD,347376
O5326,2,Rumah Tangga,Solo,E-Wallet,434059
O5327,11,Kesehatan,Semarang,Kartu Kredit,200278
O5328,4,Elektronik,Semarang,Kartu Kredit,313223
O5329,18,Elektronik,Purworejo,Transfer Bank,168578
O5330,5,Kesehatan,Magelang,Kartu Kredit,247360
O5331,8,Rumah Tangga,Yogyakarta,E-Wallet,160726
O5332,8,Kesehatan,Purworejo,E-Wallet,72018
O5333,17,Kesehatan,Magelang,E-Wallet,114461
O5334,6,Kesehatan,Purworejo,Kartu Kredit,322543
O5335,15,Elektronik,Semarang,E-Wallet,173757
O5336,17,Rumah Tangga,Magelang,Kartu Kredit,58063
O5337,2,Fashion,Purworejo,Kartu Kredit,271643
O5338,6,Elektronik,Magelang,COD,116449
O5339,11,Elektronik,Solo,COD,78763
O5340,7,Makanan,Solo,Transfer Bank,449839
O5341,12,Makanan,Yogyakarta,E-Wallet,308741
O5342,17,Kesehatan,Purworejo,E-Wallet,241138
O5343,18,Makanan,Yogyakarta,Kartu Kredit,230497
O5344,8,Makanan,Magelang,Transfer Bank,151530
O5345,10,Makanan,Solo,COD,70879
O5346,13,Rumah Tangga,Purworejo,E-Wallet,430908
O5347,12,Makanan,Magelang,Kartu Kredit,425842
O5348,16,Elektronik,Purworejo,Kartu Kredit,231025
O5349,8,Makanan,Semarang,Transfer Bank,156608
O5350,12,Kesehatan,Solo,Kartu Kredit,131220
O5351,16,Rumah Tangga,Magelang,Transfer Bank,158622
O5352,11,Fashion,Semarang,Transfer Bank,258134
O5353,12,Makanan,Magelang,COD,303754
O5354,7,Elektronik,Purworejo,COD,475405
O5355,16,Elektronik,Purworejo,Kartu Kredit,380264
O5356,9,Fashion,Semarang,Kartu Kredit,236933
O5357,6,Elektronik,Solo,Kartu Kredit,173484
O5358,10,Kesehatan,Magelang,COD,418288
O5359,18,Rumah Tangga,Solo,E-Wallet,53187
O5360,6,Fashion,Purworejo,E-Wallet,153085
O5361,13,Elektronik,Purworejo,Kartu Kredit,452031
O5362,14,Kesehatan,Purworejo,Kartu Kredit,289754
O5363,2,Kesehatan,Yogyakarta,Kartu Kredit,54395
O5364,16,Elektronik,Solo,Transfer Bank,316399
O5365,19,Fashion,Yogyakarta,Transfer Bank,379776
O5366,6,Fashion,Purworejo,Transfer Bank,181161
O5367,10,Elektronik,Yogyakarta,E-Wallet,255955
O5368,12,Elektronik,Magelang,COD,219403
O5369,17,Fashion,Purworejo,E-Wallet,299552
O5370,13,Rumah Tangga,Solo,Kartu Kredit,168484
O5371,8,Elektronik,Yogyakarta,Transfer Bank,99785
O5372,16,Elektronik,Solo,Kartu Kredit,60091
O5373,1,Kesehatan,Semarang,COD,393898
O5374,18,Fashion,Purworejo,Transfer Bank,324350
O5375,9,Fashion,Purworejo,E-Wallet,107955
O5376,8,Rumah Tangga,Semarang,Transfer Bank,333486
O5377,16,Makanan,Yogyakarta,Transfer Bank,499172
O5378,14,Makanan,Yogyakarta,COD,345915
O5379,10,Elektronik,Solo,E-Wallet,173028
O5380,4,Fashion,Semarang,Kartu Kredit,50611
O5381,14,Fashion,Magelang,COD,246041
O5382,5,Elektronik,Purworejo,COD,348039
O5383,14,Fashion,Semarang,Kartu Kredit,74615
O5384,19,Kesehatan,Magelang,COD,403476
O5385,11,Kesehatan,Magelang,E-Wallet,181260
O5386,4,Kesehatan,Purworejo,Kartu Kredit,491093
O5387,20,Rumah Tangga,Yogyakarta,COD,257593
O5388,20,Makanan,Yogyakarta,Transfer Bank,341554
O5389,16,Kesehatan,Solo,E-Wallet,447233
O5390,20,Kesehatan,Semarang,Kartu Kredit,267734
O5391,8,Rumah Tangga,Semarang,E-Wallet,396122
O5392,6,Kesehatan,Magelang,Kartu Kredit,403013
O5393,16,Makanan,Magelang,COD,371300
O5394,11,Fashion,Magelang,E-Wallet,391863
O5395,2,Makanan,Semarang,Kartu Kredit,235390
O5396,10,Fashion,Magelang,Kartu Kredit,215851
O5397,10,Rumah Tangga,Solo,E-Wallet,132882
O5398,12,Makanan,Semarang,Kartu Kredit,152816
O5399,1,Elektronik,Solo,COD,187997
O5400,16,Kesehatan,Yogyakarta,COD,453742
O5401,13,Rumah Tangga,Solo,Kartu Kredit,288426
O5402,9,Kesehatan,Magelang,Transfer Bank,353489
O5403,13,Kesehatan,Purworejo,E-Wallet,305971
O5404,9,Fashion,Semarang,Transfer Bank,412003
O5405,15,Fashion,Solo,COD,215473
O5406,10,Makanan,Semarang,Transfer Bank,492352
O5407,19,Makanan,Yogyakarta,E-Wallet,481072
O5408,6,Kesehatan,Magelang,COD,119794
O5409,19,Kesehatan,Solo,Transfer Bank,151735
O5410,4,Kesehatan,Yogyakarta,Kartu Kredit,386257
O5411,14,Fashion,Purworejo,Transfer Bank,430706
O5412,3,Makanan,Yogyakarta,Kartu Kredit,370180
O5413,16,Elektronik,Yogyakarta,Transfer Bank,194046
O5414,3,Kesehatan,Semarang,Transfer Bank,84487
O5415,11,Rumah Tangga,Yogyakarta,COD,261050
O5416,5,Rumah Tangga,Solo,COD,284436
O5417,10,Makanan,Purworejo,COD,333093
O5418,5,Kesehatan,Solo,E-Wallet,210067
O5419,11,Makanan,Yogyakarta,Transfer Bank,453689
O5420,15,Makanan,Solo,Kartu Kredit,369144
O5421,12,Kesehatan,Purworejo,COD,284080
O5422,7,Fashion,Yogyakarta,Kartu Kredit,488595
O5423,13,Rumah Tangga,Solo,COD,437982
O5424,13,Rumah Tangga,Yogyakarta,COD,133087
O5425,8,Fashion,Semarang,E-Wallet,89145
O5426,2,Kesehatan,Solo,COD,277205
O5427,1,Rumah Tangga,Semarang,Kartu Kredit,429242
O5428,20,Fashion,Purworejo,Transfer Bank,175348
O5429,5,Elektronik,Solo,E-Wallet,393354
O5430,4,Rumah Tangga,Semarang,Transfer Bank,279557
O5431,6,Kesehatan,Semarang,COD,427931
O5432,5,Makanan,Semarang,E-Wallet,420197
O5433,12,Makanan,Magelang,Kartu Kredit,151556
O5434,19,Elektronik,Yogyakarta,E-Wallet,169601
O5435,6,Elektronik,Magelang,Kartu Kredit,304141
O5436,11,Rumah Tangga,Magelang,Kartu Kredit,485786
O5437,17,Elektronik,Magelang,Kartu Kredit,187945
O5438,19,Elektronik,Purworejo,Transfer Bank,496716
O5439,2,Rumah Tangga,Magelang,Transfer Bank,110815
O5440,17,Fashion,Yogyakarta,E-Wallet,184378
O5441,18,Makanan,Magelang,E-Wallet,393261
O5442,8,Makanan,Solo,E-Wallet,74014
O5443,1,Fashion,Semarang,Kartu Kredit,239262
O5444,13,Fashion,Semarang,Kartu Kredit,472337
O5445,19,Kesehatan,Yogyakarta,COD,116133
O5446,11,Rumah Tangga,Semarang,E-Wallet,268805
O5447,4,Elektronik,Yogyakarta,Kartu Kredit,148250
O5448,9,Kesehatan,Purworejo,E-Wallet,214736
O5449,9,Makanan,Purworejo,COD,407433
O5450,9,Fashion,Solo,COD,212837
O5451,3,Kesehatan,Solo,COD,390830
O5452,15,Elektronik,Purworejo,Transfer Bank,288255
O5453,1,Fashion,Yogyakarta,E-Wallet,234079
O5454,7,Elektronik,Purworejo,COD,492747
O5455,5,Makanan,Magelang,COD,160878
O5456,8,Makanan,Semarang,E-Wallet,162838
O5457,10,Makanan,Magelang,Transfer Bank,323296
O5458,15,Elektronik,Semarang,Kartu Kredit,357226
O5459,11,Rumah Tangga,Purworejo,E-Wallet,298610
O5460,9,Kesehatan,Magelang,E-Wallet,91739
O5461,9,Kesehatan,Magelang,COD,390985
O5462,18,Kesehatan,Solo,COD,182014
O5463,9,Rumah Tangga,Purworejo,COD,69850
O5464,1,Rumah Tangga,Purworejo,COD,491606
O5465,19,Rumah Tangga,Magelang,COD,162410
O5466,20,Makanan,Yogyakarta,E-Wallet,266164
O5467,19,Elektronik,Solo,COD,473644
O5468,19,Kesehatan,Semarang,Transfer Bank,196976
O5469,11,Elektronik,Semarang,Kartu Kredit,55565
O5470,20,Makanan,Magelang,Kartu Kredit,215390
O5471,18,Fashion,Magelang,E-Wallet,234375
O5472,20,Rumah Tangga,Semarang,Kartu Kredit,498282
O5473,6,Elektronik,Magelang,E-Wallet,375966
O5474,2,Elektronik,Yogyakarta,COD,55014
O5475,7,Elektronik,Yogyakarta,Kartu Kredit,474030
O5476,20,Elektronik,Purworejo,Kartu Kredit,443398
O5477,2,Elektronik,Purworejo,Transfer Bank,79595
O5478,15,Kesehatan,Solo,COD,273397
O5479,8,Elektronik,Yogyakarta,Kartu Kredit,58256
O5480,20,Kesehatan,Semarang,COD,250648
O5481,18,Elektronik,Yogyakarta,COD,450361
O5482,18,Rumah Tangga,Magelang,Transfer Bank,454213
O5483,2,Makanan,Magelang,E-Wallet,240160
O5484,6,Kesehatan,Solo,Transfer Bank,186233
O5485,18,Makanan,Semarang,COD,354446
O5486,6,Kesehatan,Semarang,Kartu Kredit,71682
O5487,8,Rumah Tangga,Magelang,Kartu Kredit,230551
O5488,15,Rumah Tangga,Yogyakarta,COD,310254
O5489,9,Makanan,Yogyakarta,E-Wallet,164832
O5490,1,Makanan,Solo,Transfer Bank,320338
O5491,6,Kesehatan,Semarang,COD,51115
O5492,13,Rumah Tangga,Magelang,Transfer Bank,313078
O5493,11,Rumah Tangga,Magelang,COD,151042
O5494,12,Makanan,Solo,Transfer Bank,421538
O5495,18,Kesehatan,Solo,E-Wallet,251683
O5496,17,Fashion,Purworejo,Kartu Kredit,227524
O5497,4,Kesehatan,Yogyakarta,COD,214327
O5498,11,Makanan,Semarang,E-Wallet,244291
O5499,3,Fashion,Solo,E-Wallet,484562
O5500,7,Elektronik,Purworejo,Transfer Bank,262215
O5501,11,Elektronik,Solo,Kartu Kredit,474609
O5502,9,Fashion,Semarang,COD,493741
O5503,14,Elektronik,Yogyakarta,COD,333592
O5504,16,Rumah Tangga,Semarang,Kartu Kredit,438828
O5505,15,Kesehatan,Magelang,COD,182230
O5506,9,Rumah Tangga,Solo,Transfer Bank,437950
O5507,3,Fashion,Magelang,COD,261262
O5508,20,Rumah Tangga,Yogyakarta,Kartu Kredit,263583
O5509,2,Makanan,Solo,E-Wallet,67883
O5510,16,Fashion,Yogyakarta,E-Wallet,431545
O5511,20,Makanan,Purworejo,COD,130494
O5512,2,Rumah Tangga,Purworejo,COD,260603
O5513,7,Elektronik,Magelang,COD,330385
O5514,14,Fashion,Purworejo,COD,299594
O5515,19,Fashion,Purworejo,Kartu Kredit,480925
O5516,14,Elektronik,Yogyakarta,Transfer Bank,457111
O5517,3,Rumah Tangga,Solo,Kartu Kredit,95989
O5518,6,Fashion,Solo,E-Wallet,89941
O5519,3,Fashion,Purworejo,COD,257527
O5520,8,Elektronik,Solo,COD,480273
O5521,3,Kesehatan,Yogyakarta,Kartu Kredit,321795
O5522,3,Elektronik,Purworejo,Transfer Bank,369838
O5523,14,Fashion,Semarang,COD,115340
O5524,9,Makanan,Magelang,Transfer Bank,376632
O5525,19,Kesehatan,Solo,E-Wallet,399918
O5526,12,Fashion,Solo,Transfer Bank,291968
O5527,19,Rumah Tangga,Semarang,COD,315853
O5528,17,Rumah Tangga,Magelang,COD,388669
O5529,8,Rumah Tangga,Semarang,Kartu Kredit,314766
O5530,2,Rumah Tangga,Solo,COD,160026
O5531,5,Fashion,Semarang,Kartu Kredit,325424
O5532,7,Kesehatan,Solo,E-Wallet,410493
O5533,9,Kesehatan,Purworejo,E-Wallet,337054
O5534,6,Elektronik,Semarang,E-Wallet,361132
O5535,8,Elektronik,Solo,Kartu Kredit,375651
O5536,9,Kesehatan,Magelang,Kartu Kredit,415368
O5537,15,Makanan,Magelang,Kartu Kredit,149425
O5538,6,Kesehatan,Semarang,Transfer Bank,155032
O5539,20,Makanan,Magelang,E-Wallet,493460
O5540,4,Elektronik,Yogyakarta,Transfer Bank,115420
O5541,8,Kesehatan,Yogyakarta,E-Wallet,124999
O5542,12,Kesehatan,Purworejo,Kartu Kredit,236436
O5543,3,Rumah Tangga,Solo,E-Wallet,191728
O5544,18,Rumah Tangga,Magelang,Transfer Bank,183962
O5545,5,Elektronik,Semarang,COD,163039
O5546,12,Makanan,Magelang,COD,280141
O5547,18,Fashion,Purworejo,Kartu Kredit,280876
O5548,5,Makanan,Magelang,COD,471714
O5549,11,Fashion,Purworejo,E-Wallet,394600
O5550,8,Rumah Tangga,Magelang,COD,59881
O5551,5,Kesehatan,Purworejo,E-Wallet,450007
O5552,14,Fashion,Purworejo,COD,365508
O5553,9,Elektronik,Yogyakarta,Kartu Kredit,171003
O5554,3,Fashion,Yogyakarta,Kartu Kredit,415885
O5555,4,Elektronik,Solo,E-Wallet,114746
O5556,11,Kesehatan,Solo,E-Wallet,378766
O5557,20,Elektronik,Yogyakarta,COD,159622
O5558,9,Makanan,Purworejo,COD,253916
O5559,4,Fashion,Yogyakarta,COD,327313
O5560,17,Fashion,Yogyakarta,E-Wallet,397303
O5561,19,Kesehatan,Semarang,Transfer Bank,176951
O5562,7,Makanan,Semarang,COD,368058
O5563,7,Rumah Tangga,Yogyakarta,Kartu Kredit,310519
O5564,12,Rumah Tangga,Semarang,Transfer Bank,134571
O5565,4,Rumah Tangga,Solo,Kartu Kredit,263887
O5566,2,Fashion,Purworejo,COD,174438
O5567,7,Kesehatan,Yogyakarta,E-Wallet,436943
O5568,11,Elektronik,Purworejo,Kartu Kredit,437357
O5569,6,Kesehatan,Semarang,COD,92812
O5570,8,Rumah Tangga,Semarang,COD,412136
O5571,4,Makanan,Semarang,Kartu Kredit,100026
O5572,15,Fashion,Semarang,COD,233898
O5573,8,Fashion,Magelang,Kartu Kredit,143120
O5574,8,Fashion,Purworejo,Transfer Bank,287301
O5575,1,Kesehatan,Magelang,Transfer Bank,339415
O5576,10,Fashion,Yogyakarta,Transfer Bank,188239
O5577,8,Fashion,Yogyakarta,Transfer Bank,283987
O5578,20,Elektronik,Yogyakarta,Kartu Kredit,283542
O5579,6,Elektronik,Purworejo,E-Wallet,191853
O5580,7,Makanan,Magelang,COD,385072
O5581,11,Rumah Tangga,Semarang,Kartu Kredit,182529
O5582,14,Kesehatan,Purworejo,Transfer Bank,82241
O5583,14,Makanan,Magelang,Transfer Bank,265212
O5584,6,Fashion,Semarang,Transfer Bank,79690
O5585,10,Elektronik,Purworejo,COD,143325
O5586,14,Kesehatan,Magelang,Kartu Kredit,260538
O5587,13,Elektronik,Solo,Kartu Kredit,220889
O5588,16,Rumah Tangga,Solo,E-Wallet,307492
O5589,18,Rumah Tangga,Yogyakarta,Kartu Kredit,302602
O5590,17,Fashion,Semarang,COD,476562
O5591,2,Fashion,Purworejo,Transfer Bank,91689
O5592,18,Makanan,Magelang,COD,184337
O5593,11,Kesehatan,Magelang,Kartu Kredit,270985
O5594,14,Elektronik,Solo,E-Wallet,318281
O5595,18,Fashion,Solo,COD,481136
O5596,5,Kesehatan,Yogyakarta,E-Wallet,191232
O5597,13,Kesehatan,Magelang,E-Wallet,106521
O5598,20,Makanan,Solo,COD,65205
O5599,7,Rumah Tangga,Purworejo,Kartu Kredit,273128
O5600,8,Makanan,Purworejo,Kartu Kredit,194803
O5601,8,Elektronik,Yogyakarta,Transfer Bank,79850
O5602,11,Kesehatan,Yogyakarta,COD,58556
O5603,3,Kesehatan,Semarang,Kartu Kredit,454764
O5604,1,Makanan,Yogyakarta,COD,492135
O5605,6,Elektronik,Magelang,COD,163314
O5606,16,Elektronik,Semarang,COD,429406
O5607,4,Elektronik,Yogyakarta,Transfer Bank,233337
O5608,1,Rumah Tangga,Purworejo,E-Wallet,119286
O5609,1,Makanan,Semarang,Transfer Bank,308328
O5610,8,Fashion,Solo,E-Wallet,302222
O5611,14,Kesehatan,Solo,Kartu Kredit,351495
O5612,12,Rumah Tangga,Yogyakarta,E-Wallet,258262
O5613,8,Kesehatan,Yogyakarta,E-Wallet,336550
O5614,8,Makanan,Yogyakarta,Transfer Bank,329679
O5615,7,Kesehatan,Yogyakarta,E-Wallet,294732
O5616,8,Rumah Tangga,Yogyakarta,Kartu Kredit,164631
O5617,12,Rumah Tangga,Solo,Kartu Kredit,243709
O5618,19,Elektronik,Semarang,E-Wallet,243049
O5619,12,Kesehatan,Magelang,Transfer Bank,149244
O5620,3,Fashion,Semarang,Kartu Kredit,95419
O5621,4,Rumah Tangga,Magelang,E-Wallet,209084
O5622,2,Elektronik,Solo,E-Wallet,465889
O5623,12,Elektronik,Purworejo,Transfer Bank,349514
O5624,6,Makanan,Purworejo,Transfer Bank,400668
O5625,20,Makanan,Solo,COD,445665
O5626,13,Fashion,Magelang,E-Wallet,189396
O5627,13,Makanan,Solo,Transfer Bank,164187
O5628,6,Elektronik,Semarang,COD,265834
O5629,17,Kesehatan,Solo,COD,350133
O5630,5,Elektronik,Semarang,Kartu Kredit,405595
O5631,13,Kesehatan,Magelang,Transfer Bank,151074
O5632,11,Rumah Tangga,Solo,Kartu Kredit,124211
O5633,13,Elektronik,Purworejo,Transfer Bank,109776
O5634,16,Rumah Tangga,Yogyakarta,E-Wallet,127741
O5635,18,Fashion,Semarang,Transfer Bank,163822
O5636,3,Rumah Tangga,Semarang,Transfer Bank,61317
O5637,3,Rumah Tangga,Semarang,COD,352872
O5638,18,Kesehatan,Magelang,COD,439686
O5639,4,Rumah Tangga,Yogyakarta,Kartu Kredit,356662
O5640,13,Kesehatan,Solo,Kartu Kredit,331856
O5641,11,Makanan,Yogyakarta,Kartu Kredit,248794
O5642,2,Fashion,Yogyakarta,E-Wallet,478390
O5643,11,Makanan,Purworejo,COD,406912
O5644,14,Elektronik,Magelang,Kartu Kredit,154285
O5645,2,Makanan,Purworejo,COD,210406
O5646,6,Kesehatan,Semarang,E-Wallet,222334
O5647,4,Kesehatan,Magelang,E-Wallet,254383
O5648,2,Elektronik,Solo,Transfer Bank,100632
O5649,19,Makanan,Magelang,COD,217727
O5650,2,Fashion,Semarang,Kartu Kredit,194848
O5651,8,Makanan,Purworejo,Kartu Kredit,490014
O5652,17,Kesehatan,Semarang,Kartu Kredit,88102
O5653,3,Elektronik,Yogyakarta,Kartu Kredit,490943
O5654,10,Rumah Tangga,Semarang,E-Wallet,339597
O5655,3,Kesehatan,Purworejo,COD,424407
O5656,7,Kesehatan,Yogyakarta,E-Wallet,127758
O5657,11,Elektronik,Purworejo,E-Wallet,449777
O5658,17,Kesehatan,Solo,E-Wallet,183140
O5659,17,Rumah Tangga,Solo,COD,356168
O5660,9,Fashion,Purworejo,Transfer Bank,221481
O5661,15,Fashion,Yogyakarta,Kartu Kredit,240137
O5662,12,Makanan,Solo,Kartu Kredit,97819
O5663,12,Fashion,Yogyakarta,Kartu Kredit,250615
O5664,14,Kesehatan,Purworejo,E-Wallet,144990
O5665,2,Kesehatan,Semarang,COD,486223
O5666,9,Makanan,Semarang,Transfer Bank,124652
O5667,8,Fashion,Purworejo,Transfer Bank,496534
O5668,15,Kesehatan,Solo,Kartu Kredit,471835
O5669,9,Elektronik,Yogyakarta,E-Wallet,367705
O5670,5,Fashion,Solo,COD,470573
O5671,1,Makanan,Purworejo,COD,379255
O5672,15,Elektronik,Magelang,COD,150236
O5673,6,Makanan,Yogyakarta,Transfer Bank,187706
O5674,18,Rumah Tangga,Semarang,Transfer Bank,437323
O5675,1,Makanan,Solo,Kartu Kredit,263381
O5676,7,Kesehatan,Solo,Transfer Bank,378875
O5677,14,Fashion,Semarang,Transfer Bank,329893
O5678,4,Makanan,Purworejo,Kartu Kredit,142046
O5679,9,Rumah Tangga,Semarang,Transfer Bank,432516
O5680,19,Kesehatan,Purworejo,COD,385385
O5681,12,Elektronik,Purworejo,COD,78772
O5682,4,Elektronik,Solo,Transfer Bank,221004
O5683,2,Kesehatan,Purworejo,Kartu Kredit,430188
O5684,20,Kesehatan,Solo,Transfer Bank,100597
O5685,6,Fashion,Yogyakarta,Kartu Kredit,110656
O5686,6,Fashion,Purworejo,Kartu Kredit,155516
O5687,13,Fashion,Magelang,COD,147248
O5688,12,Makanan,Magelang,E-Wallet,131911
O5689,5,Rumah Tangga,Solo,Transfer Bank,349762
O5690,11,Fashion,Semarang,Kartu Kredit,79943
O5691,16,Kesehatan,Semarang,Kartu Kredit,61588
O5692,5,Elektronik,Magelang,E-Wallet,472843
O5693,14,Fashion,Magelang,Transfer Bank,71630
O5694,10,Rumah Tangga,Solo,COD,443434
O5695,19,Makanan,Purworejo,E-Wallet,83218
O5696,16,Kesehatan,Yogyakarta,E-Wallet,456677
O5697,10,Fashion,Solo,E-Wallet,223651
O5698,19,Kesehatan,Purworejo,COD,455215
O5699,2,Elektronik,Solo,Kartu Kredit,471234
O5700,9,Elektronik,Solo,E-Wallet,449117
O5701,3,Rumah Tangga,Semarang,Transfer Bank,222453
O5702,9,Makanan,Purworejo,COD,126847
O5703,4,Fashion,Semarang,COD,151887
O5704,18,Makanan,Yogyakarta,Kartu Kredit,129577
O5705,4,Makanan,Yogyakarta,Kartu Kredit,220332
O5706,10,Fashion,Semarang,E-Wallet,57397
O5707,10,Kesehatan,Yogyakarta,E-Wallet,228834
O5708,16,Kesehatan,Magelang,Kartu Kredit,333637
O5709,13,Fashion,Semarang,Transfer Bank,230080
O5710,8,Kesehatan,Semarang,E-Wallet,493379
O5711,9,Kesehatan,Semarang,Transfer Bank,221671
O5712,20,Kesehatan,Magelang,E-Wallet,414051
O5713,16,Kesehatan,Magelang,Kartu Kredit,257517
O5714,14,Fashion,Semarang,COD,90525
O5715,17,Rumah Tangga,Magelang,COD,56370
O5716,11,Elektronik,Purworejo,E-Wallet,80345
O5717,19,Makanan,Yogyakarta,COD,201790
O5718,20,Makanan,Magelang,Kartu Kredit,237909
O5719,6,Fashion,Solo,Kartu Kredit,433403
O5720,15,Fashion,Purworejo,E-Wallet,102388
O5721,1,Elektronik,Yogyakarta,Kartu Kredit,167444
O5722,19,Makanan,Yogyakarta,Kartu Kredit,345444
O5723,17,Kesehatan,Purworejo,E-Wallet,95991
O5724,9,Fashion,Yogyakarta,E-Wallet,59292
O5725,10,Kesehatan,Semarang,COD,427876
O5726,4,Makanan,Semarang,E-Wallet,497706
O5727,15,Kesehatan,Purworejo,E-Wallet,437884
O5728,10,Makanan,Yogyakarta,COD,434414
O5729,4,Makanan,Semarang,Kartu Kredit,148835
O5730,12,Makanan,Semarang,Transfer Bank,351621
O5731,10,Makanan,Solo,COD,289844
O5732,17,Fashion,Purworejo,Kartu Kredit,267489
O5733,20,Fashion,Purworejo,E-Wallet,273778
O5734,5,Kesehatan,Purworejo,COD,482999
O5735,19,Kesehatan,Yogyakarta,E-Wallet,495850
O5736,2,Fashion,Solo,Kartu Kredit,463687
O5737,20,Elektronik,Solo,Kartu Kredit,171162
O5738,12,Kesehatan,Purworejo,Kartu Kredit,236442
O5739,18,Kesehatan,Solo,Transfer Bank,277439
O5740,7,Rumah Tangga,Magelang,COD,83398
O5741,1,Rumah Tangga,Magelang,Kartu Kredit,264437
O5742,15,Makanan,Yogyakarta,Kartu Kredit,198795
O5743,9,Rumah Tangga,Purworejo,Transfer Bank,409021
O5744,3,Fashion,Yogyakarta,E-Wallet,267893
O5745,12,Elektronik,Purworejo,COD,321202
O5746,14,Makanan,Yogyakarta,Transfer Bank,116554
O5747,6,Fashion,Purworejo,Transfer Bank,99017
O5748,1,Rumah Tangga,Purworejo,Transfer Bank,86735
O5749,3,Makanan,Purworejo,COD,91060
O5750,20,Elektronik,Magelang,E-Wallet,436793
O5751,10,Makanan,Semarang,COD,176789
O5752,1,Fashion,Magelang,COD,97895
O5753,20,Makanan,Semarang,COD,96028
O5754,15,Kesehatan,Purworejo,Transfer Bank,366028
O5755,2,Makanan,Solo,Kartu Kredit,325762
O5756,12,Kesehatan,Magelang,Kartu Kredit,444727
O5757,8,Makanan,Solo,COD,391991
O5758,1,Rumah Tangga,Purworejo,Transfer Bank,457950
O5759,9,Fashion,Yogyakarta,E-Wallet,493079
O5760,17,Makanan,Purworejo,COD,298374
O5761,9,Fashion,Semarang,E-Wallet,104479
O5762,7,Fashion,Yogyakarta,Transfer Bank,405032
O5763,13,Elektronik,Semarang,Kartu Kredit,244435
O5764,7,Makanan,Purworejo,COD,427461
O5765,12,Makanan,Solo,Transfer Bank,217291
O5766,12,Makanan,Yogyakarta,Transfer Bank,97960
O5767,8,Elektronik,Semarang,Kartu Kredit,226149
O5768,2,Fashion,Yogyakarta,COD,297275
O5769,11,Elektronik,Semarang,Kartu Kredit,180080
O5770,9,Makanan,Magelang,Kartu Kredit,179055
O5771,19,Elektronik,Yogyakarta,Transfer Bank,332924
O5772,3,Rumah Tangga,Yogyakarta,E-Wallet,163088
O5773,11,Fashion,Semarang,E-Wallet,448304
O5774,20,Makanan,Solo,E-Wallet,310319
O5775,1,Elektronik,Purworejo,COD,262758
O5776,4,Kesehatan,Semarang,E-Wallet,395841
O5777,4,Elektronik,Purworejo,COD,264456
O5778,16,Makanan,Magelang,COD,246029
O5779,12,Makanan,Purworejo,Transfer Bank,199704
O5780,16,Kesehatan,Yogyakarta,Transfer Bank,339585
O5781,7,Elektronik,Magelang,Transfer Bank,456857
O5782,9,Elektronik,Yogyakarta,E-Wallet,62925
O5783,19,Makanan,Semarang,COD,251745
O5784,7,Elektronik,Yogyakarta,Transfer Bank,249257
O5785,12,Makanan,Magelang,COD,239628
O5786,11,Rumah Tangga,Solo,Transfer Bank,375400
O5787,11,Rumah Tangga,Semarang,E-Wallet,434289
O5788,2,Elektronik,Semarang,COD,351297
O5789,13,Fashion,Solo,Kartu Kredit,140598
O5790,14,Makanan,Solo,E-Wallet,119336
O5791,15,Makanan,Yogyakarta,E-Wallet,268905
O5792,10,Rumah Tangga,Purworejo,E-Wallet,160623
O5793,2,Elektronik,Magelang,Kartu Kredit,395141
O5794,15,Rumah Tangga,Solo,Transfer Bank,76979
O5795,20,Makanan,Semarang,Transfer Bank,287828
O5796,1,Elektronik,Purworejo,E-Wallet,292239
O5797,19,Elektronik,Magelang,Kartu Kredit,133051
O5798,4,Makanan,Purworejo,E-Wallet,148719
O5799,2,Makanan,Purworejo,E-Wallet,158780
O5800,4,Makanan,Solo,Transfer Bank,438636
O5801,10,Elektronik,Semarang,Transfer Bank,225822
O5802,18,Rumah Tangga,Yogyakarta,Transfer Bank,176493
O5803,2,Makanan,Semarang,COD,277263
O5804,13,Rumah Tangga,Magelang,COD,145903
O5805,13,Kesehatan,Purworejo,E-Wallet,115266
O5806,9,Makanan,Solo,COD,175908
O5807,10,Rumah Tangga,Yogyakarta,Transfer Bank,136469
O5808,20,Fashion,Semarang,Transfer Bank,428894
O5809,16,Rumah Tangga,Yogyakarta,Transfer Bank,171391
O5810,11,Makanan,Yogyakarta,COD,220237
O5811,17,Elektronik,Magelang,E-Wallet,307935
O5812,14,Elektronik,Purworejo,Kartu Kredit,87511
O5813,16,Elektronik,Semarang,COD,65478
O5814,19,Makanan,Yogyakarta,COD,244195
O5815,20,Elektronik,Magelang,Transfer Bank,237835
O5816,8,Fashion,Purworejo,Kartu Kredit,329481
O5817,15,Fashion,Semarang,Transfer Bank,381165
O5818,3,Fashion,Yogyakarta,COD,285397
O5819,11,Kesehatan,Magelang,Kartu Kredit,125221
O5820,4,Kesehatan,Yogyakarta,Kartu Kredit,238846
O5821,12,Fashion,Magelang,COD,116655
O5822,15,Kesehatan,Magelang,Transfer Bank,314515
O5823,1,Elektronik,Semarang,Transfer Bank,50400
O5824,9,Kesehatan,Purworejo,COD,150170
O5825,13,Rumah Tangga,Solo,Transfer Bank,275943
O5826,7,Kesehatan,Semarang,Kartu Kredit,233733
O5827,16,Makanan,Solo,COD,158752
O5828,6,Rumah Tangga,Solo,COD,311280
O5829,12,Kesehatan,Semarang,E-Wallet,89877
O5830,14,Kesehatan,Semarang,E-Wallet,350510
O5831,13,Elektronik,Purworejo,COD,133280
O5832,6,Kesehatan,Semarang,E-Wallet,141010
O5833,11,Kesehatan,Yogyakarta,Kartu Kredit,365496
O5834,15,Fashion,Semarang,Kartu Kredit,87470
O5835,17,Makanan,Purworejo,Kartu Kredit,270720
O5836,9,Elektronik,Solo,E-Wallet,325632
O5837,5,Elektronik,Purworejo,Kartu Kredit,144994
O5838,15,Rumah Tangga,Semarang,Kartu Kredit,290275
O5839,10,Kesehatan,Magelang,E-Wallet,179918
O5840,2,Makanan,Solo,E-Wallet,136110
O5841,3,Fashion,Solo,COD,236152
O5842,9,Kesehatan,Purworejo,Transfer Bank,171376
O5843,11,Kesehatan,Magelang,COD,452953
O5844,4,Fashion,Solo,Transfer Bank,272075
O5845,19,Elektronik,Solo,Transfer Bank,135134
O5846,17,Rumah Tangga,Yogyakarta,Kartu Kredit,64165
O5847,11,Elektronik,Semarang,Transfer Bank,185150
O5848,15,Kesehatan,Yogyakarta,Transfer Bank,256273
O5849,11,Fashion,Magelang,Transfer Bank,376967
O5850,6,Elektronik,Yogyakarta,COD,337229
O5851,14,Makanan,Yogyakarta,COD,162924
O5852,7,Fashion,Magelang,Kartu Kredit,445984
O5853,8,Rumah Tangga,Purworejo,Transfer Bank,445517
O5854,18,Makanan,Yogyakarta,Kartu Kredit,376045
O5855,15,Kesehatan,Semarang,E-Wallet,77704
O5856,15,Rumah Tangga,Purworejo,Kartu Kredit,70526
O5857,18,Kesehatan,Semarang,Transfer Bank,223679
O5858,16,Rumah Tangga,Solo,COD,333211
O5859,9,Rumah Tangga,Magelang,Transfer Bank,227234
O5860,4,Kesehatan,Purworejo,Transfer Bank,285550
O5861,16,Makanan,Purworejo,E-Wallet,326324
O5862,13,Kesehatan,Solo,Kartu Kredit,54184
O5863,16,Kesehatan,Solo,E-Wallet,470306
O5864,11,Fashion,Semarang,Transfer Bank,139915
O5865,16,Elektronik,Magelang,Transfer Bank,96256
O5866,18,Elektronik,Yogyakarta,E-Wallet,128398
O5867,9,Elektronik,Semarang,Transfer Bank,430096
O5868,14,Elektronik,Solo,Kartu Kredit,112634
O5869,15,Elektronik,Yogyakarta,COD,70773
O5870,17,Fashion,Yogyakarta,COD,91458
O5871,18,Elektronik,Semarang,Transfer Bank,178488
O5872,16,Fashion,Solo,Kartu Kredit,388667
O5873,5,Elektronik,Purworejo,E-Wallet,239748
O5874,20,Kesehatan,Solo,E-Wallet,488851
O5875,18,Kesehatan,Yogyakarta,COD,339082
O5876,9,Fashion,Semarang,E-Wallet,431336
O5877,7,Kesehatan,Magelang,Kartu Kredit,300104
O5878,8,Rumah Tangga,Magelang,Kartu Kredit,279371
O5879,18,Elektronik,Yogyakarta,COD,367662
O5880,20,Rumah Tangga,Purworejo,Transfer Bank,172416
O5881,16,Rumah Tangga,Magelang,COD,384259
O5882,2,Makanan,Solo,Transfer Bank,217550
O5883,7,Elektronik,Magelang,Transfer Bank,460616
O5884,1,Elektronik,Magelang,Transfer Bank,176846
O5885,19,Kesehatan,Yogyakarta,Kartu Kredit,417741
O5886,20,Kesehatan,Semarang,Transfer Bank,75676
O5887,7,Makanan,Purworejo,COD,160461
O5888,16,Kesehatan,Magelang,COD,54772
O5889,8,Kesehatan,Yogyakarta,COD,455263
O5890,13,Rumah Tangga,Purworejo,E-Wallet,480088
O5891,13,Fashion,Yogyakarta,COD,237307
O5892,16,Fashion,Semarang,Kartu Kredit,119515
O5893,6,Elektronik,Yogyakarta,Kartu Kredit,96260
O5894,8,Fashion,Purworejo,Transfer Bank,479231
O5895,3,Elektronik,Magelang,Transfer Bank,91908
O5896,17,Makanan,Semarang,COD,163085
O5897,4,Elektronik,Solo,E-Wallet,457170
O5898,12,Fashion,Semarang,COD,123320
O5899,17,Fashion,Purworejo,COD,315867
O5900,5,Fashion,Magelang,Transfer Bank,313200
O5901,2,Elektronik,Purworejo,COD,177535
O5902,3,Rumah Tangga,Semarang,COD,359946
O5903,17,Fashion,Semarang,Kartu Kredit,214247
O5904,6,Fashion,Yogyakarta,Kartu Kredit,401047
O5905,7,Fashion,Semarang,Transfer Bank,71238
O5906,12,Kesehatan,Yogyakarta,E-Wallet,467800
O5907,19,Makanan,Semarang,COD,94141
O5908,3,Fashion,Magelang,Transfer Bank,234853
O5909,19,Fashion,Solo,COD,379187
O5910,3,Rumah Tangga,Solo,Kartu Kredit,295279
O5911,10,Makanan,Solo,Transfer Bank,400540
O5912,11,Elektronik,Yogyakarta,Transfer Bank,340915
O5913,16,Fashion,Solo,E-Wallet,71400
O5914,6,Kesehatan,Semarang,Kartu Kredit,269428
O5915,3,Kesehatan,Semarang,Transfer Bank,250183
O5916,7,Rumah Tangga,Solo,E-Wallet,426666
O5917,10,Rumah Tangga,Purworejo,E-Wallet,63610
O5918,20,Fashion,Magelang,E-Wallet,477750
O5919,18,Fashion,Semarang,COD,51193
O5920,8,Makanan,Yogyakarta,Kartu Kredit,191273
O5921,14,Makanan,Yogyakarta,Kartu Kredit,338939
O5922,18,Rumah Tangga,Purworejo,Kartu Kredit,470440
O5923,11,Fashion,Semarang,E-Wallet,178186
O5924,10,Makanan,Purworejo,COD,464389
O5925,7,Fashion,Solo,Kartu Kredit,233649
O5926,14,Kesehatan,Solo,Transfer Bank,282149
O5927,12,Makanan,Semarang,COD,111027
O5928,18,Elektronik,Yogyakarta,E-Wallet,455679
O5929,11,Fashion,Yogyakarta,Kartu Kredit,485136
O5930,10,Elektronik,Solo,Kartu Kredit,212621
O5931,11,Fashion,Purworejo,Transfer Bank,129588
O5932,1,Rumah Tangga,Solo,COD,483784
O5933,5,Kesehatan,Solo,E-Wallet,296845
O5934,14,Kesehatan,Magelang,COD,63572
O5935,17,Kesehatan,Purworejo,Kartu Kredit,356047
O5936,15,Elektronik,Magelang,COD,336495
O5937,5,Elektronik,Yogyakarta,COD,388336
O5938,3,Rumah Tangga,Semarang,COD,231598
O5939,6,Fashion,Purworejo,Transfer Bank,212260
O5940,7,Rumah Tangga,Purworejo,COD,71528
O5941,5,Makanan,Semarang,E-Wallet,353453
O5942,19,Kesehatan,Solo,Kartu Kredit,220230
O5943,5,Fashion,Purworejo,E-Wallet,68568
O5944,11,Makanan,Semarang,Transfer Bank,364018
O5945,18,Fashion,Solo,COD,477658
O5946,7,Makanan,Semarang,COD,57723
O5947,11,Makanan,Semarang,Kartu Kredit,303176
O5948,9,Fashion,Solo,COD,452465
O5949,20,Rumah Tangga,Semarang,E-Wallet,151951
O5950,5,Rumah Tangga,Yogyakarta,COD,240293
O5951,10,Elektronik,Magelang,Kartu Kredit,428096
O5952,10,Elektronik,Semarang,Kartu Kredit,482977
O5953,16,Makanan,Solo,Kartu Kredit,378169
O5954,9,Fashion,Solo,Transfer Bank,166520
O5955,11,Fashion,Semarang,Kartu Kredit,488041
O5956,16,Makanan,Solo,E-Wallet,123222
O5957,8,Elektronik,Yogyakarta,COD,208118
O5958,7,Fashion,Purworejo,Kartu Kredit,489931
O5959,2,Kesehatan,Yogyakarta,COD,166442
O5960,5,Elektronik,Purworejo,Transfer Bank,321221
O5961,17,Elektronik,Semarang,Transfer Bank,432853
O5962,14,Fashion,Yogyakarta,COD,454568
O5963,9,Elektronik,Purworejo,Transfer Bank,438230
O5964,13,Rumah Tangga,Yogyakarta,Kartu Kredit,459757
O5965,11,Kesehatan,Purworejo,Transfer Bank,443987
O5966,11,Makanan,Semarang,Transfer Bank,313168
O5967,16,Elektronik,Magelang,E-Wallet,176167
O5968,19,Rumah Tangga,Purworejo,COD,326067
O5969,6,Elektronik,Purworejo,Kartu Kredit,311114
O5970,2,Elektronik,Magelang,COD,381827
O5971,4,Kesehatan,Purworejo,Transfer Bank,160233
O5972,8,Kesehatan,Solo,E-Wallet,287223
O5973,17,Kesehatan,Solo,E-Wallet,194214
O5974,6,Fashion,Solo,Kartu Kredit,470815
O5975,16,Elektronik,Semarang,Kartu Kredit,266010
O5976,3,Elektronik,Magelang,E-Wallet,146320
O5977,8,Rumah Tangga,Yogyakarta,Kartu Kredit,498892
O5978,14,Elektronik,Semarang,Kartu Kredit,447678
O5979,18,Rumah Tangga,Semarang,Transfer Bank,245325
O5980,11,Makanan,Solo,Kartu Kredit,415829
O5981,8,Fashion,Purworejo,E-Wallet,407093
O5982,15,Fashion,Magelang,Kartu Kredit,278878
O5983,4,Kesehatan,Yogyakarta,COD,460295
O5984,14,Elektronik,Magelang,E-Wallet,170337
O5985,9,Makanan,Semarang,Kartu Kredit,444432
O5986,19,Elektronik,Magelang,COD,456436
O5987,1,Kesehatan,Semarang,COD,390893
O5988,16,Makanan,Purworejo,E-Wallet,287257
O5989,15,Kesehatan,Magelang,E-Wallet,108104
O5990,3,Elektronik,Semarang,E-Wallet,220218
O5991,10,Makanan,Solo,Transfer Bank,98671
O5992,4,Fashion,Solo,COD,134392
O5993,13,Kesehatan,Solo,Transfer Bank,499711
O5994,5,Fashion,Solo,Kartu Kredit,116091
O5995,6,Makanan,Solo,COD,224557
O5996,18,Makanan,Magelang,COD,489994
O5997,13,Elektronik,Magelang,Transfer Bank,328818
O5998,15,Kesehatan,Semarang,E-Wallet,477298
O5999,2,Makanan,Yogyakarta,Transfer Bank,121152
O6000,4,Elektronik,Purworejo,Kartu Kredit,193567
O6001,18,Elektronik,Solo,Kartu Kredit,202711
O6002,6,Makanan,Solo,Transfer Bank,384451
O6003,8,Makanan,Semarang,Transfer Bank,147553
O6004,1,Kesehatan,Solo,COD,450198
O6005,9,Makanan,Yogyakarta,Transfer Bank,153481
O6006,1,Rumah Tangga,Purworejo,E-Wallet,491735
O6007,3,Rumah Tangga,Purworejo,Kartu Kredit,291310
O6008,8,Fashion,Solo,Kartu Kredit,79475
O6009,16,Rumah Tangga,Semarang,E-Wallet,187551
O6010,5,Kesehatan,Solo,Transfer Bank,425226
O6011,3,Kesehatan,Purworejo,Transfer Bank,466182
O6012,19,Kesehatan,Yogyakarta,COD,382759
O6013,2,Elektronik,Purworejo,E-Wallet,434186
O6014,13,Kesehatan,Semarang,Kartu Kredit,372137
O6015,12,Kesehatan,Semarang,E-Wallet,133760
O6016,7,Makanan,Semarang,Kartu Kredit,172270
O6017,17,Elektronik,Magelang,E-Wallet,157171
O6018,14,Makanan,Purworejo,Kartu Kredit,230877
O6019,19,Rumah Tangga,Solo,E-Wallet,352462
O6020,13,Elektronik,Magelang,COD,428044
O6021,10,Makanan,Semarang,Transfer Bank,312359
O6022,15,Fashion,Semarang,Transfer Bank,427284
O6023,6,Makanan,Solo,E-Wallet,151137
O6024,18,Fashion,Purworejo,E-Wallet,470499
O6025,14,Elektronik,Semarang,Kartu Kredit,189419
O6026,18,Makanan,Solo,E-Wallet,127320
O6027,19,Kesehatan,Magelang,Transfer Bank,209449
O6028,7,Rumah Tangga,Solo,COD,368852
O6029,14,Kesehatan,Solo,Transfer Bank,286659
O6030,2,Kesehatan,Semarang,Transfer Bank,280398
O6031,6,Makanan,Magelang,Transfer Bank,430404
O6032,15,Rumah Tangga,Solo,Kartu Kredit,372262
O6033,16,Rumah Tangga,Magelang,E-Wallet,375807
O6034,18,Kesehatan,Solo,COD,341740
O6035,6,Makanan,Purworejo,COD,351493
O6036,8,Makanan,Semarang,COD,82337
O6037,16,Rumah Tangga,Solo,COD,449667
O6038,11,Elektronik,Magelang,E-Wallet,236936
O6039,11,Fashion,Yogyakarta,Transfer Bank,370751
O6040,19,Elektronik,Magelang,COD,375774
O6041,2,Fashion,Solo,Transfer Bank,436920
O6042,8,Kesehatan,Semarang,E-Wallet,273142
O6043,20,Fashion,Purworejo,COD,189928
O6044,17,Kesehatan,Magelang,E-Wallet,279605
O6045,16,Kesehatan,Yogyakarta,E-Wallet,432915
O6046,7,Kesehatan,Semarang,E-Wallet,92051
O6047,20,Makanan,Yogyakarta,E-Wallet,362820
O6048,17,Rumah Tangga,Solo,COD,380508
O6049,11,Elektronik,Semarang,E-Wallet,226010
O6050,11,Makanan,Solo,COD,499043
O6051,13,Elektronik,Purworejo,Transfer Bank,454414
O6052,17,Kesehatan,Yogyakarta,COD,350371
O6053,11,Fashion,Solo,COD,259845
O6054,5,Fashion,Yogyakarta,Kartu Kredit,255599
O6055,15,Fashion,Semarang,Kartu Kredit,407542
O6056,16,Makanan,Purworejo,COD,238029
O6057,8,Kesehatan,Magelang,Kartu Kredit,111456
O6058,4,Fashion,Semarang,Transfer Bank,404755
O6059,4,Makanan,Yogyakarta,COD,413118
O6060,16,Rumah Tangga,Semarang,Kartu Kredit,273908
O6061,15,Kesehatan,Semarang,E-Wallet,364594
O6062,11,Elektronik,Semarang,E-Wallet,454026
O6063,1,Fashion,Purworejo,COD,336133
O6064,16,Makanan,Magelang,COD,394769
O6065,19,Elektronik,Semarang,Transfer Bank,304936
O6066,15,Kesehatan,Yogyakarta,Kartu Kredit,431530
O6067,13,Fashion,Purworejo,Transfer Bank,405333
O6068,14,Rumah Tangga,Magelang,COD,118325
O6069,7,Rumah Tangga,Purworejo,COD,259295
O6070,12,Kesehatan,Yogyakarta,Transfer Bank,415963
O6071,5,Fashion,Yogyakarta,E-Wallet,415782
O6072,2,Makanan,Solo,COD,318180
O6073,17,Kesehatan,Purworejo,COD,461754
O6074,9,Makanan,Purworejo,Transfer Bank,382349
O6075,10,Makanan,Yogyakarta,E-Wallet,456727
O6076,1,Makanan,Magelang,Transfer Bank,481035
O6077,9,Elektronik,Purworejo,COD,365518
O6078,9,Fashion,Purworejo,Transfer Bank,374890
O6079,19,Makanan,Solo,COD,171286
O6080,10,Elektronik,Purworejo,COD,63658
O6081,11,Fashion,Solo,Kartu Kredit,136788
O6082,9,Elektronik,Magelang,E-Wallet,196139
O6083,4,Makanan,Semarang,Transfer Bank,197828
O6084,19,Kesehatan,Yogyakarta,Transfer Bank,143611
O6085,11,Rumah Tangga,Yogyakarta,E-Wallet,349256
O6086,9,Rumah Tangga,Magelang,COD,172857
O6087,20,Makanan,Solo,Kartu Kredit,278113
O6088,4,Fashion,Yogyakarta,Transfer Bank,362659
O6089,18,Makanan,Solo,E-Wallet,297845
O6090,11,Makanan,Yogyakarta,Kartu Kredit,177202
O6091,16,Kesehatan,Yogyakarta,COD,217275
O6092,14,Rumah Tangga,Purworejo,COD,329507
O6093,3,Rumah Tangga,Purworejo,COD,165808
O6094,8,Makanan,Semarang,E-Wallet,356952
O6095,10,Makanan,Solo,Transfer Bank,224141
O6096,11,Kesehatan,Purworejo,COD,236021
O6097,5,Fashion,Semarang,COD,308814
O6098,11,Makanan,Solo,Kartu Kredit,456185
O6099,3,Fashion,Magelang,Kartu Kredit,434642
O6100,19,Rumah Tangga,Semarang,E-Wallet,139998
O6101,2,Kesehatan,Solo,Transfer Bank,284756
O6102,5,Elektronik,Solo,COD,322888
O6103,6,Rumah Tangga,Solo,E-Wallet,219541
O6104,4,Rumah Tangga,Yogyakarta,Transfer Bank,352503
O6105,15,Kesehatan,Yogyakarta,COD,470911
O6106,17,Elektronik,Magelang,Transfer Bank,407057
O6107,10,Rumah Tangga,Yogyakarta,Kartu Kredit,299373
O6108,5,Rumah Tangga,Yogyakarta,Kartu Kredit,394940
O6109,10,Fashion,Solo,E-Wallet,273021
O6110,20,Fashion,Semarang,Kartu Kredit,238076
O6111,8,Makanan,Solo,Kartu Kredit,246753
O6112,18,Rumah Tangga,Purworejo,Transfer Bank,453396
O6113,2,Rumah Tangga,Magelang,Kartu Kredit,499886
O6114,13,Fashion,Solo,Kartu Kredit,473058
O6115,16,Makanan,Magelang,Transfer Bank,268548
O6116,15,Fashion,Magelang,E-Wallet,260445
O6117,16,Kesehatan,Solo,Transfer Bank,79701
O6118,1,Rumah Tangga,Magelang,COD,64508
O6119,14,Elektronik,Yogyakarta,E-Wallet,301393
O6120,13,Makanan,Yogyakarta,Transfer Bank,231024
O6121,6,Fashion,Yogyakarta,COD,220332
O6122,2,Kesehatan,Solo,COD,51050
O6123,18,Makanan,Semarang,Kartu Kredit,239057
O6124,8,Fashion,Yogyakarta,Kartu Kredit,440742
O6125,7,Rumah Tangga,Solo,COD,71560
O6126,5,Fashion,Semarang,Kartu Kredit,273806
O6127,2,Fashion,Purworejo,E-Wallet,466649
O6128,16,Elektronik,Solo,E-Wallet,346185
O6129,9,Kesehatan,Purworejo,Kartu Kredit,167000
O6130,7,Makanan,Solo,Transfer Bank,282799
O6131,2,Makanan,Purworejo,Kartu Kredit,140066
O6132,12,Makanan,Semarang,COD,254169
O6133,11,Rumah Tangga,Solo,Transfer Bank,474023
O6134,15,Kesehatan,Magelang,Transfer Bank,399600
O6135,17,Kesehatan,Magelang,E-Wallet,401083
O6136,7,Fashion,Yogyakarta,E-Wallet,246246
O6137,5,Elektronik,Magelang,COD,233547
O6138,18,Elektronik,Semarang,Kartu Kredit,167816
O6139,20,Rumah Tangga,Semarang,E-Wallet,493872
O6140,7,Elektronik,Purworejo,Kartu Kredit,138605
O6141,2,Rumah Tangga,Solo,COD,69724
O6142,4,Rumah Tangga,Magelang,Transfer Bank,171496
O6143,17,Kesehatan,Semarang,Kartu Kredit,264495
O6144,12,Elektronik,Solo,COD,210907
O6145,15,Elektronik,Solo,Transfer Bank,310714
O6146,7,Fashion,Magelang,COD,443537
O6147,14,Elektronik,Yogyakarta,E-Wallet,248280
O6148,2,Makanan,Purworejo,Transfer Bank,287436
O6149,11,Makanan,Magelang,Kartu Kredit,321632
O6150,12,Kesehatan,Magelang,E-Wallet,361467
O6151,12,Kesehatan,Semarang,Transfer Bank,492229
O6152,13,Elektronik,Magelang,Transfer Bank,56955
O6153,12,Elektronik,Semarang,COD,491790
O6154,9,Fashion,Magelang,Transfer Bank,299263
O6155,6,Kesehatan,Magelang,COD,207807
O6156,4,Elektronik,Yogyakarta,COD,438698
O6157,19,Makanan,Purworejo,Kartu Kredit,314365
O6158,11,Fashion,Purworejo,COD,164084
O6159,4,Rumah Tangga,Semarang,Transfer Bank,421079
O6160,14,Fashion,Yogyakarta,Kartu Kredit,319731
O6161,12,Makanan,Magelang,COD,190346
O6162,1,Makanan,Magelang,E-Wallet,240770
O6163,3,Makanan,Magelang,Kartu Kredit,374316
O6164,16,Fashion,Semarang,Kartu Kredit,432322
O6165,5,Makanan,Solo,Transfer Bank,206791
O6166,4,Fashion,Purworejo,Kartu Kredit,83532
O6167,1,Makanan,Yogyakarta,E-Wallet,430101
O6168,8,Elektronik,Purworejo,Kartu Kredit,392844
O6169,8,Rumah Tangga,Purworejo,COD,433036
O6170,15,Rumah Tangga,Yogyakarta,COD,216079
O6171,20,Kesehatan,Semarang,COD,347158
O6172,10,Elektronik,Semarang,Kartu Kredit,161553
O6173,9,Fashion,Semarang,Kartu Kredit,291261
O6174,3,Elektronik,Semarang,E-Wallet,367131
O6175,10,Elektronik,Solo,Kartu Kredit,394813
O6176,20,Fashion,Semarang,Kartu Kredit,215855
O6177,10,Rumah Tangga,Solo,Kartu Kredit,60491
O6178,13,Fashion,Purworejo,E-Wallet,215990
O6179,6,Makanan,Purworejo,Kartu Kredit,123169
O6180,10,Fashion,Solo,COD,379454
O6181,12,Kesehatan,Magelang,E-Wallet,477808
O6182,15,Elektronik,Purworejo,Transfer Bank,342605
O6183,2,Fashion,Purworejo,Kartu Kredit,423124
O6184,10,Fashion,Magelang,Kartu Kredit,62163
O6185,9,Makanan,Solo,Kartu Kredit,51932
O6186,8,Makanan,Purworejo,Transfer Bank,338731
O6187,5,Elektronik,Solo,Kartu Kredit,446519
O6188,1,Rumah Tangga,Yogyakarta,COD,468463
O6189,7,Kesehatan,Yogyakarta,Kartu Kredit,242904
O6190,10,Elektronik,Purworejo,Transfer Bank,156571
O6191,9,Rumah Tangga,Purworejo,Kartu Kredit,297492
O6192,9,Rumah Tangga,Purworejo,E-Wallet,197653
O6193,19,Fashion,Yogyakarta,COD,77441
O6194,15,Fashion,Solo,COD,415145
O6195,3,Elektronik,Solo,Transfer Bank,80855
O6196,13,Rumah Tangga,Yogyakarta,COD,182260
O6197,16,Fashion,Magelang,Kartu Kredit,207868
O6198,19,Kesehatan,Purworejo,Transfer Bank,489068
O6199,12,Fashion,Yogyakarta,Kartu Kredit,94984
O6200,2,Makanan,Yogyakarta,COD,484045
O6201,18,Elektronik,Solo,Kartu Kredit,271587
O6202,20,Rumah Tangga,Yogyakarta,Kartu Kredit,227245
O6203,3,Rumah Tangga,Semarang,E-Wallet,270423
O6204,11,Elektronik,Solo,Transfer Bank,457382
O6205,9,Rumah Tangga,Purworejo,Kartu Kredit,214844
O6206,17,Makanan,Magelang,Transfer Bank,154146
O6207,13,Elektronik,Purworejo,COD,151437
O6208,5,Elektronik,Solo,E-Wallet,261050
O6209,15,Elektronik,Semarang,COD,224943
O6210,1,Fashion,Solo,Transfer Bank,140794
O6211,13,Fashion,Semarang,Kartu Kredit,457838
O6212,20,Rumah Tangga,Solo,Transfer Bank,291739
O6213,19,Rumah Tangga,Magelang,E-Wallet,296663
O6214,11,Kesehatan,Solo,Transfer Bank,227930
O6215,19,Elektronik,Magelang,E-Wallet,52467
O6216,13,Kesehatan,Semarang,COD,177638
O6217,19,Fashion,Purworejo,Kartu Kredit,431249
O6218,3,Makanan,Magelang,Transfer Bank,383807
O6219,3,Fashion,Semarang,Transfer Bank,131733
O6220,4,Makanan,Magelang,Kartu Kredit,441230
O6221,9,Makanan,Yogyakarta,Transfer Bank,266840
O6222,4,Elektronik,Yogyakarta,Kartu Kredit,195790
O6223,15,Kesehatan,Yogyakarta,Transfer Bank,499525
O6224,5,Kesehatan,Purworejo,Transfer Bank,371612
O6225,15,Makanan,Purworejo,E-Wallet,342202
O6226,11,Kesehatan,Yogyakarta,COD,232304
O6227,12,Elektronik,Solo,Transfer Bank,227562
O6228,19,Kesehatan,Yogyakarta,COD,323427
O6229,13,Kesehatan,Semarang,Transfer Bank,401012
O6230,1,Elektronik,Yogyakarta,COD,484588
O6231,9,Elektronik,Purworejo,E-Wallet,232319
O6232,8,Fashion,Purworejo,Kartu Kredit,394633
O6233,14,Kesehatan,Magelang,Kartu Kredit,348342
O6234,16,Fashion,Magelang,Kartu Kredit,211716
O6235,16,Makanan,Yogyakarta,Transfer Bank,300329
O6236,3,Makanan,Solo,Kartu Kredit,217089
O6237,13,Makanan,Purworejo,E-Wallet,467718
O6238,7,Elektronik,Purworejo,COD,137208
O6239,3,Elektronik,Solo,Kartu Kredit,413491
O6240,14,Rumah Tangga,Magelang,COD,164668
O6241,5,Kesehatan,Solo,COD,378180
O6242,19,Fashion,Yogyakarta,Transfer Bank,279876
O6243,7,Rumah Tangga,Yogyakarta,Kartu Kredit,308545
O6244,11,Kesehatan,Magelang,COD,199888
O6245,12,Fashion,Yogyakarta,E-Wallet,165584
O6246,15,Fashion,Magelang,E-Wallet,248451
O6247,5,Fashion,Purworejo,Transfer Bank,271142
O6248,4,Fashion,Semarang,COD,195870
O6249,9,Kesehatan,Semarang,COD,483038
O6250,19,Makanan,Yogyakarta,COD,172320
O6251,11,Fashion,Magelang,COD,172176
O6252,4,Kesehatan,Yogyakarta,Kartu Kredit,112044
O6253,11,Kesehatan,Purworejo,Transfer Bank,257553
O6254,6,Makanan,Solo,COD,272274
O6255,14,Elektronik,Magelang,COD,495609
O6256,10,Kesehatan,Semarang,Transfer Bank,333854
O6257,9,Rumah Tangga,Solo,Kartu Kredit,352202
O6258,10,Makanan,Purworejo,COD,139028
O6259,8,Kesehatan,Semarang,COD,447718
O6260,14,Elektronik,Solo,COD,290377
O6261,20,Makanan,Solo,Transfer Bank,152751
O6262,14,Rumah Tangga,Magelang,Kartu Kredit,108422
O6263,9,Kesehatan,Semarang,E-Wallet,292552
O6264,6,Rumah Tangga,Purworejo,E-Wallet,187668
O6265,16,Rumah Tangga,Yogyakarta,COD,339148
O6266,4,Kesehatan,Solo,Transfer Bank,372867
O6267,7,Kesehatan,Magelang,E-Wallet,234053
O6268,4,Fashion,Solo,COD,456070
O6269,7,Rumah Tangga,Yogyakarta,E-Wallet,106057
O6270,20,Fashion,Purworejo,E-Wallet,265294
O6271,20,Elektronik,Semarang,COD,306862
O6272,2,Fashion,Yogyakarta,Transfer Bank,127457
O6273,6,Rumah Tangga,Solo,COD,116632
O6274,15,Makanan,Semarang,Kartu Kredit,191441
O6275,18,Elektronik,Semarang,Transfer Bank,186802
O6276,14,Makanan,Solo,Transfer Bank,425501
O6277,16,Kesehatan,Yogyakarta,E-Wallet,251861
O6278,12,Makanan,Yogyakarta,Kartu Kredit,395963
O6279,7,Fashion,Purworejo,Transfer Bank,168161
O6280,1,Kesehatan,Magelang,Kartu Kredit,159397
O6281,1,Kesehatan,Solo,E-Wallet,251467
O6282,2,Kesehatan,Solo,COD,286576
O6283,11,Kesehatan,Solo,Kartu Kredit,157088
O6284,18,Makanan,Purworejo,E-Wallet,393661
O6285,11,Kesehatan,Purworejo,Transfer Bank,453657
O6286,16,Rumah Tangga,Purworejo,COD,398874
O6287,6,Elektronik,Solo,Kartu Kredit,466575
O6288,3,Fashion,Solo,COD,87601
O6289,18,Kesehatan,Semarang,Transfer Bank,72661
O6290,16,Rumah Tangga,Solo,Kartu Kredit,451095
O6291,7,Fashion,Magelang,COD,232098
O6292,13,Rumah Tangga,Purworejo,E-Wallet,427743
O6293,7,Rumah Tangga,Purworejo,COD,160621
O6294,8,Elektronik,Magelang,COD,483130
O6295,13,Kesehatan,Yogyakarta,Kartu Kredit,390961
O6296,1,Rumah Tangga,Solo,COD,256190
O6297,14,Kesehatan,Semarang,Kartu Kredit,497146
O6298,11,Rumah Tangga,Semarang,E-Wallet,194513
O6299,2,Elektronik,Semarang,Transfer Bank,455240
O6300,7,Rumah Tangga,Yogyakarta,E-Wallet,325942
O6301,10,Fashion,Semarang,Transfer Bank,161376
O6302,3,Kesehatan,Magelang,Transfer Bank,413644
O6303,16,Elektronik,Purworejo,Transfer Bank,475272
O6304,1,Rumah Tangga,Yogyakarta,COD,326908
O6305,10,Rumah Tangga,Magelang,Transfer Bank,83342
O6306,16,Makanan,Magelang,Kartu Kredit,175449
O6307,10,Rumah Tangga,Purworejo,COD,378807
O6308,17,Fashion,Magelang,Kartu Kredit,480602
O6309,10,Kesehatan,Yogyakarta,E-Wallet,163368
O6310,3,Elektronik,Purworejo,E-Wallet,303455
O6311,5,Fashion,Magelang,Transfer Bank,276932
O6312,2,Rumah Tangga,Yogyakarta,COD,216331
O6313,20,Makanan,Magelang,COD,388168
O6314,18,Kesehatan,Yogyakarta,Kartu Kredit,341689
O6315,8,Elektronik,Solo,COD,423896
O6316,7,Rumah Tangga,Yogyakarta,Kartu Kredit,294938
O6317,10,Makanan,Semarang,Transfer Bank,71049
O6318,6,Kesehatan,Magelang,E-Wallet,178988
O6319,4,Fashion,Magelang,E-Wallet,144582
O6320,5,Makanan,Purworejo,Transfer Bank,232895
O6321,9,Kesehatan,Solo,Kartu Kredit,410117
O6322,11,Rumah Tangga,Yogyakarta,COD,127533
O6323,13,Fashion,Solo,COD,84288
O6324,20,Elektronik,Yogyakarta,COD,459508
O6325,16,Makanan,Yogyakarta,E-Wallet,92864
O6326,17,Kesehatan,Solo,COD,147047
O6327,12,Rumah Tangga,Yogyakarta,E-Wallet,475085
O6328,9,Kesehatan,Purworejo,Kartu Kredit,79092
O6329,20,Elektronik,Solo,Kartu Kredit,214578
O6330,14,Elektronik,Magelang,Kartu Kredit,126015
O6331,11,Elektronik,Yogyakarta,E-Wallet,224290
O6332,20,Fashion,Solo,Kartu Kredit,58430
O6333,9,Fashion,Yogyakarta,COD,151701
O6334,20,Elektronik,Magelang,E-Wallet,88581
O6335,3,Rumah Tangga,Semarang,COD,123368
O6336,6,Kesehatan,Purworejo,Transfer Bank,154690
O6337,10,Makanan,Semarang,COD,85734
O6338,3,Rumah Tangga,Magelang,COD,261461
O6339,8,Makanan,Purworejo,COD,497375
O6340,16,Makanan,Solo,E-Wallet,429293
O6341,5,Elektronik,Magelang,Transfer Bank,250063
O6342,3,Kesehatan,Purworejo,COD,193360
O6343,7,Rumah Tangga,Magelang,COD,333232
O6344,5,Makanan,Solo,Transfer Bank,97888
O6345,11,Elektronik,Purworejo,COD,423105
O6346,6,Kesehatan,Semarang,COD,228605
O6347,18,Makanan,Solo,Transfer Bank,156187
O6348,11,Elektronik,Semarang,COD,380364
O6349,15,Elektronik,Purworejo,Kartu Kredit,121869
O6350,18,Kesehatan,Magelang,Kartu Kredit,346332
O6351,11,Rumah Tangga,Yogyakarta,Transfer Bank,331935
O6352,19,Fashion,Yogyakarta,E-Wallet,202963
O6353,17,Elektronik,Solo,E-Wallet,304796
O6354,10,Makanan,Purworejo,COD,277945
O6355,15,Fashion,Solo,COD,489512
O6356,2,Fashion,Yogyakarta,E-Wallet,90287
O6357,20,Kesehatan,Semarang,E-Wallet,210433
O6358,4,Makanan,Solo,E-Wallet,114823
O6359,7,Elektronik,Solo,COD,106276
O6360,4,Kesehatan,Magelang,Transfer Bank,359994
O6361,1,Fashion,Yogyakarta,COD,396269
O6362,18,Fashion,Semarang,Transfer Bank,425721
O6363,6,Elektronik,Magelang,E-Wallet,391938
O6364,13,Kesehatan,Yogyakarta,Kartu Kredit,352319
O6365,9,Kesehatan,Magelang,Kartu Kredit,349442
O6366,14,Elektronik,Solo,E-Wallet,340203
O6367,9,Makanan,Purworejo,E-Wallet,478741
O6368,5,Fashion,Yogyakarta,COD,443559
O6369,14,Kesehatan,Yogyakarta,Transfer Bank,331925
O6370,18,Makanan,Magelang,Kartu Kredit,352392
O6371,11,Makanan,Magelang,Kartu Kredit,273531
O6372,20,Rumah Tangga,Semarang,COD,150218
O6373,8,Fashion,Magelang,Transfer Bank,104153
O6374,9,Makanan,Semarang,COD,285085
O6375,10,Elektronik,Solo,Transfer Bank,363455
O6376,14,Rumah Tangga,Magelang,Transfer Bank,383258
O6377,1,Rumah Tangga,Solo,COD,53861
O6378,1,Fashion,Solo,Kartu Kredit,77964
O6379,18,Rumah Tangga,Magelang,COD,309857
O6380,17,Makanan,Semarang,Kartu Kredit,358299
O6381,1,Makanan,Semarang,COD,81170
O6382,4,Makanan,Purworejo,Kartu Kredit,83672
O6383,13,Elektronik,Purworejo,COD,428329
O6384,19,Kesehatan,Yogyakarta,Kartu Kredit,385855
O6385,3,Makanan,Solo,E-Wallet,310645
O6386,14,Fashion,Purworejo,Kartu Kredit,179978
O6387,20,Kesehatan,Purworejo,Kartu Kredit,61107
O6388,16,Fashion,Purworejo,E-Wallet,251384
O6389,9,Kesehatan,Magelang,Kartu Kredit,245370
O6390,8,Fashion,Semarang,Kartu Kredit,419566
O6391,8,Kesehatan,Magelang,Transfer Bank,224132
O6392,12,Elektronik,Yogyakarta,Kartu Kredit,116476
O6393,17,Fashion,Magelang,E-Wallet,336031
O6394,2,Kesehatan,Purworejo,E-Wallet,182940
O6395,17,Fashion,Semarang,Transfer Bank,336037
O6396,17,Makanan,Purworejo,E-Wallet,73944
O6397,13,Elektronik,Yogyakarta,COD,320002
O6398,9,Kesehatan,Purworejo,E-Wallet,241867
O6399,20,Fashion,Semarang,Transfer Bank,353750
O6400,8,Makanan,Solo,E-Wallet,73720
O6401,16,Makanan,Yogyakarta,E-Wallet,385406
O6402,9,Elektronik,Yogyakarta,Kartu Kredit,111763
O6403,19,Makanan,Yogyakarta,Transfer Bank,457308
O6404,14,Makanan,Yogyakarta,COD,304281
O6405,16,Elektronik,Purworejo,Transfer Bank,133552
O6406,9,Rumah Tangga,Magelang,E-Wallet,366586
O6407,3,Elektronik,Yogyakarta,COD,401679
O6408,8,Rumah Tangga,Semarang,Transfer Bank,416301
O6409,10,Makanan,Magelang,Transfer Bank,284184
O6410,7,Fashion,Yogyakarta,COD,231569
O6411,14,Rumah Tangga,Solo,COD,346923
O6412,10,Kesehatan,Semarang,COD,175949
O6413,20,Kesehatan,Solo,COD,333329
O6414,5,Elektronik,Purworejo,E-Wallet,215993
O6415,6,Kesehatan,Semarang,Transfer Bank,447361
O6416,9,Elektronik,Purworejo,Kartu Kredit,245108
O6417,7,Rumah Tangga,Magelang,E-Wallet,238486
O6418,16,Fashion,Purworejo,Transfer Bank,427706
O6419,20,Fashion,Solo,Transfer Bank,477603
O6420,4,Fashion,Solo,E-Wallet,494232
O6421,3,Elektronik,Magelang,COD,173407
O6422,1,Kesehatan,Yogyakarta,Kartu Kredit,421207
O6423,18,Rumah Tangga,Yogyakarta,Kartu Kredit,246221
O6424,12,Makanan,Solo,E-Wallet,352598
O6425,19,Kesehatan,Magelang,COD,355145
O6426,3,Elektronik,Semarang,E-Wallet,91610
O6427,7,Rumah Tangga,Solo,E-Wallet,313330
O6428,1,Kesehatan,Solo,E-Wallet,447607
O6429,6,Fashion,Purworejo,E-Wallet,126360
O6430,11,Kesehatan,Yogyakarta,COD,261965
O6431,19,Makanan,Semarang,Transfer Bank,391605
O6432,19,Rumah Tangga,Yogyakarta,Kartu Kredit,252897
O6433,11,Makanan,Yogyakarta,Kartu Kredit,78233
O6434,16,Fashion,Semarang,E-Wallet,339368
O6435,8,Makanan,Solo,Kartu Kredit,448830
O6436,18,Rumah Tangga,Semarang,Transfer Bank,205543
O6437,14,Fashion,Semarang,E-Wallet,364150
O6438,16,Makanan,Magelang,E-Wallet,114918
O6439,4,Elektronik,Yogyakarta,Kartu Kredit,144830
O6440,18,Kesehatan,Purworejo,E-Wallet,82149
O6441,19,Makanan,Magelang,E-Wallet,67165
O6442,5,Rumah Tangga,Yogyakarta,COD,328517
O6443,13,Fashion,Semarang,COD,137508
O6444,3,Rumah Tangga,Yogyakarta,Transfer Bank,385947
O6445,4,Kesehatan,Semarang,Kartu Kredit,112901
O6446,13,Kesehatan,Magelang,Transfer Bank,480168
O6447,1,Kesehatan,Solo,Transfer Bank,360111
O6448,17,Fashion,Purworejo,Kartu Kredit,476489
O6449,14,Kesehatan,Purworejo,COD,328613
O6450,12,Rumah Tangga,Magelang,Kartu Kredit,359806
O6451,10,Rumah Tangga,Magelang,COD,330460
O6452,16,Rumah Tangga,Purworejo,E-Wallet,146485
O6453,20,Rumah Tangga,Solo,Transfer Bank,59980
O6454,1,Elektronik,Semarang,Kartu Kredit,68680
O6455,18,Rumah Tangga,Solo,E-Wallet,389601
O6456,6,Fashion,Solo,E-Wallet,264061
O6457,9,Kesehatan,Magelang,COD,286006
O6458,2,Elektronik,Solo,Transfer Bank,445209
O6459,6,Kesehatan,Purworejo,Transfer Bank,164287
O6460,15,Fashion,Purworejo,COD,164447
O6461,11,Fashion,Magelang,Transfer Bank,351415
O6462,20,Fashion,Magelang,Transfer Bank,238671
O6463,10,Elektronik,Semarang,COD,118103
O6464,15,Rumah Tangga,Yogyakarta,Kartu Kredit,310563
O6465,11,Kesehatan,Purworejo,E-Wallet,316161
O6466,8,Kesehatan,Yogyakarta,Kartu Kredit,495087
O6467,4,Makanan,Magelang,E-Wallet,89407
O6468,13,Makanan,Solo,Transfer Bank,59007
O6469,1,Fashion,Solo,Kartu Kredit,439591
O6470,10,Makanan,Solo,COD,493634
O6471,13,Elektronik,Yogyakarta,Transfer Bank,108770
O6472,9,Kesehatan,Solo,E-Wallet,312143
O6473,8,Kesehatan,Purworejo,COD,167928
O6474,17,Fashion,Yogyakarta,COD,283746
O6475,5,Makanan,Solo,Kartu Kredit,288116
O6476,12,Makanan,Solo,E-Wallet,477483
O6477,2,Elektronik,Magelang,Transfer Bank,350179
O6478,11,Fashion,Semarang,E-Wallet,322857
O6479,5,Fashion,Solo,E-Wallet,337276
O6480,10,Makanan,Yogyakarta,Transfer Bank,134205
O6481,11,Fashion,Magelang,Transfer Bank,180183
O6482,1,Makanan,Magelang,Kartu Kredit,428516
O6483,3,Elektronik,Purworejo,Kartu Kredit,468918
O6484,6,Fashion,Solo,Kartu Kredit,333584
O6485,6,Rumah Tangga,Magelang,Transfer Bank,421529
O6486,2,Elektronik,Semarang,E-Wallet,394399
O6487,8,Makanan,Semarang,COD,261433
O6488,5,Kesehatan,Solo,E-Wallet,459038
O6489,12,Makanan,Semarang,COD,140962
O6490,7,Rumah Tangga,Solo,COD,276947
O6491,4,Rumah Tangga,Magelang,E-Wallet,476212
O6492,12,Makanan,Purworejo,Transfer Bank,364413
O6493,8,Fashion,Yogyakarta,Kartu Kredit,393923
O6494,4,Fashion,Solo,E-Wallet,320698
O6495,12,Kesehatan,Magelang,Kartu Kredit,387849
O6496,6,Makanan,Purworejo,COD,411337
O6497,14,Makanan,Solo,Kartu Kredit,245210
O6498,8,Elektronik,Solo,COD,193033
O6499,2,Elektronik,Yogyakarta,E-Wallet,149023
O6500,7,Rumah Tangga,Semarang,E-Wallet,103606
O6501,12,Rumah Tangga,Magelang,COD,164617
O6502,15,Elektronik,Solo,COD,172074
O6503,16,Rumah Tangga,Solo,Transfer Bank,261037
O6504,6,Kesehatan,Yogyakarta,Kartu Kredit,132335
O6505,15,Elektronik,Solo,E-Wallet,253645
O6506,20,Makanan,Yogyakarta,COD,398313
O6507,9,Rumah Tangga,Semarang,Transfer Bank,250952
O6508,2,Makanan,Purworejo,E-Wallet,197577
O6509,2,Elektronik,Yogyakarta,E-Wallet,426540
O6510,17,Makanan,Semarang,COD,94559
O6511,16,Fashion,Semarang,Transfer Bank,482171
O6512,10,Fashion,Semarang,COD,246634
O6513,16,Kesehatan,Solo,Transfer Bank,426679
O6514,1,Makanan,Purworejo,Kartu Kredit,140044
O6515,15,Makanan,Magelang,COD,103927
O6516,1,Makanan,Semarang,Kartu Kredit,307674
O6517,15,Makanan,Purworejo,Transfer Bank,490396
O6518,8,Elektronik,Purworejo,COD,80195
O6519,6,Kesehatan,Semarang,E-Wallet,355343
O6520,6,Elektronik,Magelang,COD,92552
O6521,6,Makanan,Yogyakarta,E-Wallet,485460
O6522,13,Fashion,Semarang,E-Wallet,113095
O6523,13,Kesehatan,Magelang,E-Wallet,108306
O6524,15,Kesehatan,Solo,Transfer Bank,343187
O6525,15,Makanan,Solo,E-Wallet,275281
O6526,8,Kesehatan,Yogyakarta,Kartu Kredit,405143
O6527,1,Fashion,Magelang,COD,469167
O6528,13,Rumah Tangga,Semarang,Kartu Kredit,493367
O6529,12,Elektronik,Magelang,E-Wallet,319919
O6530,19,Makanan,Magelang,COD,474516
O6531,7,Kesehatan,Semarang,Transfer Bank,482833
O6532,1,Fashion,Magelang,COD,375505
O6533,17,Kesehatan,Yogyakarta,E-Wallet,368824
O6534,5,Rumah Tangga,Yogyakarta,Kartu Kredit,286058
O6535,11,Makanan,Magelang,E-Wallet,446177
O6536,11,Fashion,Magelang,Kartu Kredit,478140
O6537,10,Elektronik,Semarang,Transfer Bank,337697
O6538,10,Kesehatan,Magelang,COD,490853
O6539,4,Rumah Tangga,Purworejo,E-Wallet,337300
O6540,7,Elektronik,Semarang,Kartu Kredit,301159
O6541,6,Fashion,Magelang,E-Wallet,319303
O6542,1,Kesehatan,Semarang,Transfer Bank,144816
O6543,6,Elektronik,Semarang,Kartu Kredit,109119
O6544,3,Kesehatan,Purworejo,COD,260181
O6545,5,Fashion,Yogyakarta,COD,316300
O6546,15,Kesehatan,Purworejo,Transfer Bank,264478
O6547,10,Kesehatan,Semarang,COD,194714
O6548,7,Rumah Tangga,Semarang,Transfer Bank,395196
O6549,15,Fashion,Semarang,Kartu Kredit,465551
O6550,2,Rumah Tangga,Purworejo,COD,316709
O6551,11,Rumah Tangga,Yogyakarta,Transfer Bank,350883
O6552,3,Fashion,Purworejo,E-Wallet,494745
O6553,13,Makanan,Solo,Transfer Bank,249061
O6554,6,Kesehatan,Solo,Kartu Kredit,320302
O6555,1,Kesehatan,Purworejo,Kartu Kredit,171972
O6556,15,Kesehatan,Purworejo,Transfer Bank,50378
O6557,15,Rumah Tangga,Semarang,COD,93984
O6558,1,Kesehatan,Solo,Transfer Bank,201507
O6559,8,Elektronik,Semarang,E-Wallet,117182
O6560,7,Elektronik,Magelang,Kartu Kredit,123510
O6561,10,Rumah Tangga,Purworejo,E-Wallet,300798
O6562,15,Makanan,Solo,Transfer Bank,177333
O6563,13,Makanan,Magelang,Transfer Bank,385389
O6564,19,Kesehatan,Purworejo,E-Wallet,88475
O6565,3,Fashion,Magelang,COD,292136
O6566,17,Rumah Tangga,Solo,COD,431345
O6567,7,Rumah Tangga,Purworejo,Transfer Bank,499721
O6568,7,Fashion,Purworejo,COD,237057
O6569,10,Elektronik,Semarang,Transfer Bank,451763
O6570,17,Rumah Tangga,Solo,COD,424678
O6571,17,Kesehatan,Magelang,E-Wallet,152017
O6572,4,Fashion,Semarang,COD,81933
O6573,2,Fashion,Magelang,E-Wallet,299641
O6574,11,Kesehatan,Solo,COD,280758
O6575,8,Kesehatan,Yogyakarta,COD,181619
O6576,13,Kesehatan,Purworejo,COD,144093
O6577,8,Kesehatan,Magelang,COD,239470
O6578,7,Makanan,Yogyakarta,E-Wallet,86459
O6579,11,Elektronik,Semarang,Transfer Bank,60164
O6580,16,Fashion,Semarang,E-Wallet,415629
O6581,3,Fashion,Semarang,Kartu Kredit,208839
O6582,17,Rumah Tangga,Yogyakarta,E-Wallet,145725
O6583,4,Kesehatan,Purworejo,Transfer Bank,387534
O6584,16,Rumah Tangga,Yogyakarta,Transfer Bank,195966
O6585,4,Rumah Tangga,Magelang,Kartu Kredit,151619
O6586,8,Kesehatan,Magelang,Transfer Bank,125527
O6587,20,Makanan,Solo,Kartu Kredit,419602
O6588,17,Elektronik,Yogyakarta,E-Wallet,60497
O6589,16,Makanan,Magelang,Kartu Kredit,251227
O6590,7,Kesehatan,Purworejo,E-Wallet,223339
O6591,8,Elektronik,Solo,COD,189341
O6592,13,Elektronik,Solo,COD,232672
O6593,3,Elektronik,Semarang,E-Wallet,388792
O6594,2,Rumah Tangga,Yogyakarta,Transfer Bank,352181
O6595,5,Makanan,Semarang,COD,60252
O6596,17,Elektronik,Purworejo,COD,108315
O6597,16,Makanan,Purworejo,Kartu Kredit,219462
O6598,1,Kesehatan,Magelang,COD,146577
O6599,1,Kesehatan,Purworejo,Transfer Bank,488662
O6600,7,Rumah Tangga,Purworejo,E-Wallet,482241
O6601,13,Makanan,Purworejo,Kartu Kredit,138391
O6602,7,Rumah Tangga,Yogyakarta,E-Wallet,192336
O6603,2,Fashion,Yogyakarta,E-Wallet,425186
O6604,7,Elektronik,Semarang,Kartu Kredit,389172
O6605,5,Fashion,Solo,E-Wallet,306460
O6606,3,Fashion,Solo,Transfer Bank,120221
O6607,7,Makanan,Solo,E-Wallet,375182
O6608,3,Elektronik,Semarang,Transfer Bank,232804
O6609,2,Fashion,Solo,E-Wallet,189142
O6610,13,Rumah Tangga,Magelang,COD,142939
O6611,17,Makanan,Semarang,COD,467897
O6612,16,Kesehatan,Purworejo,Kartu Kredit,308830
O6613,14,Rumah Tangga,Magelang,COD,402195
O6614,20,Rumah Tangga,Solo,Transfer Bank,106439
O6615,5,Makanan,Solo,Transfer Bank,300923
O6616,20,Makanan,Yogyakarta,Transfer Bank,402211
O6617,1,Kesehatan,Solo,COD,112946
O6618,4,Elektronik,Magelang,Kartu Kredit,279619
O6619,15,Makanan,Yogyakarta,COD,401568
O6620,2,Elektronik,Purworejo,COD,386412
O6621,3,Elektronik,Solo,E-Wallet,234964
O6622,11,Fashion,Solo,COD,130168
O6623,14,Elektronik,Solo,COD,477450
O6624,14,Kesehatan,Purworejo,Transfer Bank,115860
O6625,2,Makanan,Yogyakarta,Transfer Bank,98899
O6626,1,Fashion,Solo,Kartu Kredit,259415
O6627,19,Makanan,Solo,Kartu Kredit,186266
O6628,2,Elektronik,Yogyakarta,Transfer Bank,473008
O6629,14,Rumah Tangga,Magelang,E-Wallet,150342
O6630,3,Elektronik,Magelang,Kartu Kredit,456677
O6631,3,Kesehatan,Semarang,Kartu Kredit,159344
O6632,4,Fashion,Magelang,Transfer Bank,340839
O6633,18,Makanan,Semarang,E-Wallet,333972
O6634,19,Makanan,Semarang,Kartu Kredit,412448
O6635,10,Makanan,Purworejo,COD,418745
O6636,15,Kesehatan,Purworejo,Transfer Bank,121532
O6637,1,Rumah Tangga,Yogyakarta,Transfer Bank,373865
O6638,6,Rumah Tangga,Purworejo,Kartu Kredit,426764
O6639,2,Kesehatan,Magelang,Kartu Kredit,159574
O6640,1,Kesehatan,Yogyakarta,E-Wallet,492278
O6641,12,Makanan,Solo,Kartu Kredit,381451
O6642,16,Kesehatan,Semarang,Transfer Bank,196377
O6643,1,Fashion,Yogyakarta,E-Wallet,352941
O6644,4,Elektronik,Magelang,Transfer Bank,256053
O6645,16,Rumah Tangga,Yogyakarta,COD,450038
O6646,8,Fashion,Semarang,Transfer Bank,450526
O6647,20,Elektronik,Purworejo,Transfer Bank,311219
O6648,11,Makanan,Yogyakarta,Transfer Bank,386693
O6649,5,Kesehatan,Semarang,Transfer Bank,357991
O6650,7,Kesehatan,Yogyakarta,E-Wallet,383543
O6651,18,Makanan,Magelang,Kartu Kredit,272445
O6652,8,Fashion,Purworejo,Transfer Bank,481247
O6653,7,Fashion,Yogyakarta,COD,129447
O6654,19,Makanan,Semarang,E-Wallet,314941
O6655,8,Fashion,Yogyakarta,Transfer Bank,382039
O6656,14,Makanan,Yogyakarta,Kartu Kredit,484019
O6657,5,Kesehatan,Magelang,E-Wallet,82611
O6658,19,Makanan,Solo,Transfer Bank,91437
O6659,4,Elektronik,Semarang,E-Wallet,345990
O6660,1,Rumah Tangga,Magelang,Kartu Kredit,234276
O6661,12,Kesehatan,Yogyakarta,Kartu Kredit,404127
O6662,2,Rumah Tangga,Semarang,Transfer Bank,329172
O6663,11,Elektronik,Semarang,E-Wallet,177572
O6664,6,Rumah Tangga,Semarang,Transfer Bank,116226
O6665,2,Makanan,Purworejo,Transfer Bank,139871
O6666,2,Rumah Tangga,Purworejo,Transfer Bank,360168
O6667,17,Rumah Tangga,Magelang,Kartu Kredit,238417
O6668,12,Elektronik,Solo,Transfer Bank,193938
O6669,19,Makanan,Yogyakarta,Transfer Bank,245954
O6670,17,Makanan,Solo,E-Wallet,451040
O6671,12,Elektronik,Purworejo,COD,261574
O6672,3,Elektronik,Solo,COD,429255
O6673,18,Fashion,Magelang,COD,83231
O6674,9,Fashion,Yogyakarta,Kartu Kredit,207790
O6675,12,Rumah Tangga,Yogyakarta,E-Wallet,130382
O6676,17,Elektronik,Solo,E-Wallet,106107
O6677,6,Kesehatan,Magelang,Kartu Kredit,339995
O6678,12,Fashion,Purworejo,Kartu Kredit,487151
O6679,5,Rumah Tangga,Magelang,COD,448254
O6680,8,Fashion,Purworejo,Kartu Kredit,450161
O6681,2,Elektronik,Yogyakarta,E-Wallet,371498
O6682,3,Kesehatan,Solo,Transfer Bank,353050
O6683,5,Elektronik,Solo,Kartu Kredit,334257
O6684,20,Elektronik,Magelang,Kartu Kredit,330205
O6685,15,Makanan,Magelang,Transfer Bank,444797
O6686,3,Makanan,Purworejo,E-Wallet,117245
O6687,10,Fashion,Semarang,Kartu Kredit,162523
O6688,2,Elektronik,Yogyakarta,COD,57506
O6689,12,Kesehatan,Yogyakarta,E-Wallet,263164
O6690,8,Rumah Tangga,Solo,COD,493134
O6691,8,Rumah Tangga,Semarang,COD,195802
O6692,14,Makanan,Semarang,E-Wallet,495011
O6693,6,Kesehatan,Magelang,E-Wallet,225935
O6694,15,Elektronik,Purworejo,Transfer Bank,487498
O6695,13,Elektronik,Yogyakarta,COD,144896
O6696,20,Kesehatan,Magelang,COD,473310
O6697,2,Rumah Tangga,Solo,Kartu Kredit,486291
O6698,18,Rumah Tangga,Yogyakarta,E-Wallet,364847
O6699,3,Kesehatan,Semarang,Kartu Kredit,145343
O6700,13,Rumah Tangga,Magelang,E-Wallet,416979
O6701,14,Kesehatan,Solo,COD,219933
O6702,18,Fashion,Solo,Kartu Kredit,194801
O6703,13,Rumah Tangga,Magelang,Transfer Bank,211842
O6704,19,Elektronik,Yogyakarta,COD,245377
O6705,10,Makanan,Solo,E-Wallet,170587
O6706,7,Fashion,Solo,E-Wallet,158132
O6707,13,Kesehatan,Semarang,COD,346689
O6708,10,Fashion,Solo,E-Wallet,143318
O6709,16,Makanan,Purworejo,E-Wallet,473824
O6710,8,Rumah Tangga,Solo,COD,262137
O6711,1,Makanan,Solo,Transfer Bank,178339
O6712,17,Makanan,Semarang,Kartu Kredit,237237
O6713,7,Elektronik,Solo,E-Wallet,316017
O6714,8,Fashion,Purworejo,Kartu Kredit,425418
O6715,16,Rumah Tangga,Solo,COD,146797
O6716,12,Fashion,Solo,COD,245276
O6717,18,Fashion,Purworejo,Kartu Kredit,188738
O6718,19,Makanan,Magelang,Kartu Kredit,59293
O6719,15,Kesehatan,Yogyakarta,Kartu Kredit,298823
O6720,20,Fashion,Semarang,E-Wallet,389437
O6721,14,Fashion,Magelang,COD,437995
O6722,14,Rumah Tangga,Semarang,Kartu Kredit,162215
O6723,1,Elektronik,Semarang,Kartu Kredit,299500
O6724,15,Elektronik,Solo,Kartu Kredit,277727
O6725,4,Kesehatan,Purworejo,Kartu Kredit,253429
O6726,15,Fashion,Yogyakarta,Kartu Kredit,160252
O6727,11,Fashion,Semarang,Kartu Kredit,305104
O6728,10,Rumah Tangga,Solo,Kartu Kredit,142050
O6729,15,Makanan,Magelang,Kartu Kredit,447198
O6730,7,Makanan,Magelang,Kartu Kredit,164327
O6731,7,Rumah Tangga,Magelang,E-Wallet,349429
O6732,17,Kesehatan,Purworejo,E-Wallet,471619
O6733,17,Elektronik,Solo,COD,202851
O6734,17,Elektronik,Semarang,COD,378697
O6735,16,Makanan,Semarang,COD,345402
O6736,13,Makanan,Purworejo,Kartu Kredit,366805
O6737,3,Rumah Tangga,Solo,COD,67098
O6738,8,Rumah Tangga,Purworejo,COD,291799
O6739,15,Rumah Tangga,Magelang,E-Wallet,156825
O6740,11,Fashion,Purworejo,Transfer Bank,306579
O6741,5,Fashion,Yogyakarta,Kartu Kredit,386574
O6742,7,Rumah Tangga,Purworejo,E-Wallet,316398
O6743,10,Fashion,Magelang,Kartu Kredit,95755
O6744,17,Fashion,Yogyakarta,Transfer Bank,470926
O6745,17,Fashion,Magelang,COD,286820
O6746,13,Kesehatan,Yogyakarta,Transfer Bank,458051
O6747,4,Rumah Tangga,Semarang,Transfer Bank,401323
O6748,19,Elektronik,Purworejo,Kartu Kredit,147410
O6749,18,Rumah Tangga,Solo,Transfer Bank,126830
O6750,17,Kesehatan,Purworejo,Transfer Bank,242722
O6751,20,Elektronik,Purworejo,E-Wallet,126845
O6752,5,Rumah Tangga,Yogyakarta,E-Wallet,211681
O6753,17,Makanan,Semarang,Kartu Kredit,459733
O6754,20,Fashion,Solo,E-Wallet,189896
O6755,11,Kesehatan,Magelang,COD,226206
O6756,6,Kesehatan,Purworejo,COD,456132
O6757,10,Kesehatan,Solo,E-Wallet,312640
O6758,18,Kesehatan,Yogyakarta,COD,230715
O6759,16,Kesehatan,Magelang,Kartu Kredit,445019
O6760,17,Elektronik,Solo,COD,161153
O6761,13,Rumah Tangga,Magelang,Transfer Bank,334746
O6762,13,Kesehatan,Purworejo,E-Wallet,260403
O6763,19,Fashion,Yogyakarta,Kartu Kredit,68286
O6764,6,Makanan,Yogyakarta,E-Wallet,284512
O6765,20,Makanan,Solo,COD,426437
O6766,9,Elektronik,Semarang,Kartu Kredit,418236
O6767,20,Fashion,Semarang,Kartu Kredit,424975
O6768,11,Elektronik,Solo,Transfer Bank,261286
O6769,15,Fashion,Semarang,COD,462097
O6770,4,Kesehatan,Solo,COD,50256
O6771,2,Elektronik,Magelang,E-Wallet,271645
O6772,7,Kesehatan,Solo,E-Wallet,286446
O6773,6,Rumah Tangga,Purworejo,COD,159007
O6774,16,Elektronik,Magelang,Transfer Bank,56160
O6775,9,Rumah Tangga,Purworejo,E-Wallet,439131
O6776,11,Makanan,Magelang,E-Wallet,348345
O6777,3,Elektronik,Magelang,E-Wallet,266882
O6778,15,Makanan,Yogyakarta,E-Wallet,67831
O6779,15,Fashion,Semarang,E-Wallet,429463
O6780,19,Fashion,Magelang,Transfer Bank,406517
O6781,19,Elektronik,Solo,Transfer Bank,139940
O6782,1,Kesehatan,Semarang,COD,60215
O6783,3,Rumah Tangga,Magelang,E-Wallet,173332
O6784,13,Elektronik,Purworejo,E-Wallet,445199
O6785,11,Elektronik,Semarang,E-Wallet,282435
O6786,16,Kesehatan,Yogyakarta,COD,232531
O6787,14,Rumah Tangga,Solo,E-Wallet,288657
O6788,16,Fashion,Magelang,Kartu Kredit,192373
O6789,6,Rumah Tangga,Magelang,Kartu Kredit,352881
O6790,6,Elektronik,Solo,E-Wallet,91502
O6791,13,Rumah Tangga,Solo,E-Wallet,329481
O6792,18,Kesehatan,Magelang,Transfer Bank,357228
O6793,11,Fashion,Semarang,Transfer Bank,228012
O6794,12,Kesehatan,Yogyakarta,Transfer Bank,259153
O6795,7,Fashion,Magelang,COD,391296
O6796,16,Elektronik,Purworejo,E-Wallet,164719
O6797,19,Elektronik,Purworejo,Kartu Kredit,139626
O6798,10,Fashion,Solo,Kartu Kredit,399797
O6799,20,Elektronik,Yogyakarta,COD,425726
O6800,14,Fashion,Solo,Transfer Bank,477208
O6801,15,Elektronik,Solo,COD,276247
O6802,15,Makanan,Semarang,COD,146980
O6803,3,Rumah Tangga,Purworejo,E-Wallet,273502
O6804,8,Kesehatan,Purworejo,Transfer Bank,347969
O6805,12,Rumah Tangga,Magelang,Transfer Bank,462747
O6806,2,Kesehatan,Purworejo,Transfer Bank,289715
O6807,2,Rumah Tangga,Solo,E-Wallet,195568
O6808,3,Rumah Tangga,Semarang,COD,499405
O6809,10,Fashion,Purworejo,Kartu Kredit,315041
O6810,7,Rumah Tangga,Purworejo,E-Wallet,416117
O6811,6,Fashion,Yogyakarta,E-Wallet,231415
O6812,12,Makanan,Yogyakarta,E-Wallet,269457
O6813,7,Makanan,Yogyakarta,Kartu Kredit,62748
O6814,3,Fashion,Solo,COD,458043
O6815,7,Elektronik,Purworejo,COD,279039
O6816,6,Kesehatan,Semarang,Kartu Kredit,342585
O6817,19,Kesehatan,Semarang,COD,266025
O6818,11,Makanan,Yogyakarta,COD,255921
O6819,8,Kesehatan,Yogyakarta,Kartu Kredit,401383
O6820,19,Fashion,Magelang,E-Wallet,345603
O6821,13,Fashion,Solo,Transfer Bank,326624
O6822,14,Makanan,Purworejo,Transfer Bank,457570
O6823,2,Makanan,Semarang,Kartu Kredit,257135
O6824,13,Kesehatan,Yogyakarta,Kartu Kredit,184195
O6825,9,Elektronik,Purworejo,COD,430771
O6826,12,Elektronik,Solo,Kartu Kredit,189370
O6827,4,Fashion,Yogyakarta,COD,80672
O6828,18,Rumah Tangga,Solo,E-Wallet,357775
O6829,16,Makanan,Purworejo,Transfer Bank,290643
O6830,14,Makanan,Semarang,Transfer Bank,121494
O6831,20,Fashion,Semarang,Kartu Kredit,354795
O6832,7,Kesehatan,Yogyakarta,Kartu Kredit,217787
O6833,6,Fashion,Yogyakarta,Transfer Bank,486493
O6834,16,Elektronik,Magelang,COD,229078
O6835,3,Fashion,Yogyakarta,Kartu Kredit,486444
O6836,3,Makanan,Yogyakarta,Transfer Bank,146755
O6837,15,Makanan,Magelang,COD,151282
O6838,20,Elektronik,Magelang,COD,450418
O6839,8,Makanan,Yogyakarta,Transfer Bank,120044
O6840,7,Fashion,Solo,E-Wallet,323423
O6841,15,Makanan,Magelang,Kartu Kredit,121641
O6842,16,Fashion,Purworejo,E-Wallet,88612
O6843,14,Kesehatan,Purworejo,COD,283387
O6844,16,Fashion,Purworejo,Transfer Bank,324463
O6845,5,Makanan,Semarang,COD,267164
O6846,7,Rumah Tangga,Purworejo,Kartu Kredit,310449
O6847,4,Makanan,Purworejo,E-Wallet,141334
O6848,19,Kesehatan,Yogyakarta,Transfer Bank,449530
O6849,2,Rumah Tangga,Yogyakarta,Transfer Bank,233277
O6850,12,Makanan,Purworejo,COD,343016
O6851,16,Elektronik,Yogyakarta,COD,265340
O6852,7,Rumah Tangga,Purworejo,Kartu Kredit,244060
O6853,16,Kesehatan,Purworejo,E-Wallet,186770
O6854,13,Makanan,Semarang,E-Wallet,106306
O6855,9,Kesehatan,Solo,E-Wallet,53003
O6856,19,Elektronik,Purworejo,COD,427062
O6857,7,Rumah Tangga,Solo,COD,369285
O6858,19,Rumah Tangga,Magelang,Transfer Bank,338213
O6859,10,Makanan,Purworejo,Kartu Kredit,249523
O6860,9,Makanan,Magelang,COD,179483
O6861,18,Elektronik,Solo,Kartu Kredit,405538
O6862,8,Fashion,Solo,E-Wallet,221219
O6863,10,Rumah Tangga,Semarang,E-Wallet,324490
O6864,18,Makanan,Magelang,E-Wallet,219744
O6865,14,Rumah Tangga,Solo,Transfer Bank,125204
O6866,17,Makanan,Purworejo,E-Wallet,320896
O6867,10,Makanan,Solo,COD,114856
O6868,9,Rumah Tangga,Solo,COD,409448
O6869,9,Fashion,Magelang,Transfer Bank,496056
O6870,4,Makanan,Semarang,COD,142300
O6871,8,Elektronik,Semarang,COD,268575
O6872,20,Elektronik,Magelang,COD,187858
O6873,7,Rumah Tangga,Magelang,COD,238649
O6874,4,Kesehatan,Magelang,E-Wallet,142259
O6875,14,Rumah Tangga,Semarang,COD,71168
O6876,14,Fashion,Semarang,COD,105829
O6877,2,Elektronik,Magelang,Kartu Kredit,399686
O6878,15,Elektronik,Solo,Kartu Kredit,375410
O6879,1,Makanan,Yogyakarta,Kartu Kredit,475720
O6880,19,Kesehatan,Yogyakarta,Kartu Kredit,85743
O6881,3,Makanan,Yogyakarta,Kartu Kredit,305891
O6882,14,Kesehatan,Semarang,Transfer Bank,291140
O6883,12,Makanan,Yogyakarta,Transfer Bank,291024
O6884,14,Kesehatan,Yogyakarta,Transfer Bank,321445
O6885,17,Elektronik,Semarang,Transfer Bank,75796
O6886,14,Rumah Tangga,Yogyakarta,Transfer Bank,125467
O6887,1,Kesehatan,Magelang,Transfer Bank,347325
O6888,3,Kesehatan,Magelang,COD,178447
O6889,13,Kesehatan,Solo,Kartu Kredit,484283
O6890,18,Kesehatan,Yogyakarta,Kartu Kredit,209896
O6891,18,Elektronik,Semarang,E-Wallet,211382
O6892,13,Fashion,Magelang,Transfer Bank,236254
O6893,3,Fashion,Magelang,E-Wallet,90366
O6894,13,Rumah Tangga,Yogyakarta,Kartu Kredit,401394
O6895,19,Elektronik,Semarang,Kartu Kredit,283802
O6896,8,Makanan,Semarang,Kartu Kredit,98299
O6897,6,Makanan,Yogyakarta,COD,78178
O6898,9,Makanan,Purworejo,Kartu Kredit,359147
O6899,3,Fashion,Magelang,E-Wallet,193541
O6900,1,Makanan,Purworejo,COD,405663
O6901,9,Kesehatan,Purworejo,Transfer Bank,285950
O6902,5,Rumah Tangga,Semarang,Transfer Bank,50525
O6903,1,Elektronik,Semarang,COD,53360
O6904,20,Makanan,Magelang,Transfer Bank,155642
O6905,17,Rumah Tangga,Magelang,Kartu Kredit,180481
O6906,13,Fashion,Magelang,Kartu Kredit,62113
O6907,16,Kesehatan,Yogyakarta,E-Wallet,307059
O6908,16,Fashion,Yogyakarta,COD,158979
O6909,11,Fashion,Yogyakarta,E-Wallet,285105
O6910,12,Fashion,Solo,Transfer Bank,177456
O6911,11,Rumah Tangga,Purworejo,Kartu Kredit,179688
O6912,20,Elektronik,Semarang,E-Wallet,291261
O6913,7,Rumah Tangga,Magelang,E-Wallet,468477
O6914,18,Elektronik,Magelang,E-Wallet,174886
O6915,10,Elektronik,Solo,E-Wallet,110742
O6916,2,Elektronik,Purworejo,Kartu Kredit,190001
O6917,11,Fashion,Purworejo,E-Wallet,466499
O6918,14,Elektronik,Semarang,E-Wallet,269701
O6919,10,Rumah Tangga,Yogyakarta,COD,227121
O6920,4,Rumah Tangga,Solo,COD,199920
O6921,1,Fashion,Solo,Kartu Kredit,95938
O6922,18,Kesehatan,Yogyakarta,Transfer Bank,221777
O6923,3,Rumah Tangga,Purworejo,Kartu Kredit,218948
O6924,9,Kesehatan,Semarang,E-Wallet,405066
O6925,17,Kesehatan,Solo,Kartu Kredit,277215
O6926,18,Elektronik,Magelang,Kartu Kredit,80037
O6927,15,Fashion,Magelang,COD,154958
O6928,13,Rumah Tangga,Semarang,Kartu Kredit,89304
O6929,15,Rumah Tangga,Magelang,COD,70307
O6930,12,Fashion,Magelang,E-Wallet,346852
O6931,16,Fashion,Solo,COD,206398
O6932,20,Fashion,Solo,E-Wallet,405063
O6933,7,Elektronik,Magelang,COD,447557
O6934,4,Fashion,Purworejo,Kartu Kredit,247293
O6935,14,Fashion,Semarang,Transfer Bank,118631
O6936,15,Kesehatan,Semarang,Kartu Kredit,80546
O6937,18,Elektronik,Solo,COD,185748
O6938,1,Rumah Tangga,Yogyakarta,Kartu Kredit,428839
O6939,19,Elektronik,Yogyakarta,Transfer Bank,397639
O6940,7,Elektronik,Semarang,Kartu Kredit,265902
O6941,19,Makanan,Purworejo,Transfer Bank,325324
O6942,19,Fashion,Magelang,E-Wallet,216018
O6943,13,Elektronik,Solo,E-Wallet,344134
O6944,15,Fashion,Yogyakarta,E-Wallet,464512
O6945,12,Rumah Tangga,Solo,COD,177383
O6946,10,Rumah Tangga,Solo,Transfer Bank,175220
O6947,6,Elektronik,Solo,Transfer Bank,448881
O6948,18,Rumah Tangga,Purworejo,Kartu Kredit,284989
O6949,18,Kesehatan,Solo,E-Wallet,235269
O6950,19,Rumah Tangga,Solo,E-Wallet,141041
O6951,9,Makanan,Semarang,COD,194117
O6952,8,Rumah Tangga,Solo,Kartu Kredit,472405
O6953,1,Rumah Tangga,Magelang,Transfer Bank,375311
O6954,4,Elektronik,Solo,COD,208001
O6955,6,Elektronik,Semarang,COD,492289
O6956,11,Fashion,Yogyakarta,E-Wallet,191795
O6957,5,Elektronik,Purworejo,Kartu Kredit,155445
O6958,5,Elektronik,Magelang,Kartu Kredit,308740
O6959,18,Kesehatan,Yogyakarta,E-Wallet,164591
O6960,2,Elektronik,Purworejo,Kartu Kredit,447915
O6961,12,Rumah Tangga,Purworejo,Transfer Bank,115628
O6962,15,Makanan,Semarang,E-Wallet,89048
O6963,8,Makanan,Purworejo,Kartu Kredit,68141
O6964,15,Elektronik,Solo,Kartu Kredit,147258
O6965,17,Kesehatan,Magelang,Kartu Kredit,227833
O6966,19,Makanan,Solo,COD,185838
O6967,2,Kesehatan,Yogyakarta,E-Wallet,352619
O6968,7,Makanan,Solo,Transfer Bank,238895
O6969,6,Kesehatan,Yogyakarta,Kartu Kredit,239896
O6970,13,Fashion,Solo,Transfer Bank,90073
O6971,18,Elektronik,Magelang,COD,293171
O6972,11,Kesehatan,Purworejo,E-Wallet,222619
O6973,18,Elektronik,Semarang,COD,331945
O6974,6,Rumah Tangga,Yogyakarta,COD,69245
O6975,7,Fashion,Magelang,Transfer Bank,55448
O6976,9,Kesehatan,Purworejo,Transfer Bank,261451
O6977,16,Kesehatan,Yogyakarta,E-Wallet,413693
O6978,15,Elektronik,Semarang,Transfer Bank,106135
O6979,18,Rumah Tangga,Yogyakarta,Transfer Bank,168950
O6980,20,Kesehatan,Purworejo,E-Wallet,406265
O6981,16,Kesehatan,Solo,COD,380480
O6982,18,Elektronik,Purworejo,Kartu Kredit,353668
O6983,19,Kesehatan,Magelang,Transfer Bank,94005
O6984,19,Kesehatan,Magelang,COD,449623
O6985,19,Fashion,Yogyakarta,Kartu Kredit,196345
O6986,6,Kesehatan,Solo,Kartu Kredit,283292
O6987,20,Fashion,Magelang,COD,74605
O6988,8,Fashion,Solo,E-Wallet,343235
O6989,14,Fashion,Purworejo,Transfer Bank,473109
O6990,10,Rumah Tangga,Purworejo,COD,266042
O6991,7,Kesehatan,Solo,Transfer Bank,466815
O6992,1,Kesehatan,Semarang,Kartu Kredit,353265
O6993,17,Rumah Tangga,Semarang,E-Wallet,394251
O6994,7,Rumah Tangga,Yogyakarta,Kartu Kredit,389892
O6995,18,Elektronik,Semarang,Transfer Bank,176624
O6996,14,Rumah Tangga,Purworejo,COD,184659
O6997,13,Kesehatan,Solo,Transfer Bank,389831
O6998,17,Rumah Tangga,Purworejo,Kartu Kredit,54036
O6999,10,Makanan,Semarang,E-Wallet,390549
O7000,4,Rumah Tangga,Yogyakarta,Kartu Kredit,61329
O7001,1,Makanan,Solo,Kartu Kredit,463328
O7002,10,Makanan,Yogyakarta,COD,81034
O7003,8,Makanan,Purworejo,Kartu Kredit,90214
O7004,20,Makanan,Solo,E-Wallet,171872
O7005,1,Fashion,Magelang,E-Wallet,285177
O7006,10,Fashion,Yogyakarta,E-Wallet,249359
O7007,7,Elektronik,Yogyakarta,E-Wallet,150733
O7008,19,Elektronik,Semarang,E-Wallet,363569
O7009,20,Kesehatan,Solo,Kartu Kredit,68514
O7010,17,Rumah Tangga,Semarang,E-Wallet,306989
O7011,13,Rumah Tangga,Purworejo,Kartu Kredit,142487
O7012,17,Makanan,Solo,COD,463700
O7013,13,Elektronik,Semarang,Transfer Bank,369670
O7014,15,Rumah Tangga,Solo,COD,283850
O7015,11,Kesehatan,Yogyakarta,Transfer Bank,429466
O7016,7,Fashion,Semarang,COD,440931
O7017,3,Kesehatan,Purworejo,COD,424974
O7018,8,Fashion,Solo,E-Wallet,297006
O7019,5,Rumah Tangga,Purworejo,E-Wallet,166496
O7020,3,Elektronik,Yogyakarta,Kartu Kredit,495906
O7021,17,Kesehatan,Purworejo,COD,172835
O7022,14,Makanan,Semarang,E-Wallet,498010
O7023,18,Elektronik,Yogyakarta,E-Wallet,383136
O7024,18,Elektronik,Purworejo,Transfer Bank,301466
O7025,11,Kesehatan,Purworejo,Transfer Bank,273224
O7026,16,Rumah Tangga,Semarang,COD,79751
O7027,18,Kesehatan,Solo,COD,434024
O7028,8,Kesehatan,Semarang,Transfer Bank,275799
O7029,2,Elektronik,Purworejo,COD,403485
O7030,13,Elektronik,Semarang,E-Wallet,389987
O7031,14,Makanan,Semarang,COD,194084
O7032,11,Rumah Tangga,Magelang,Kartu Kredit,290906
O7033,20,Makanan,Purworejo,Transfer Bank,395781
O7034,6,Makanan,Magelang,Transfer Bank,161445
O7035,6,Elektronik,Magelang,Transfer Bank,241831
O7036,12,Kesehatan,Magelang,Transfer Bank,313361
O7037,5,Kesehatan,Magelang,COD,57713
O7038,5,Elektronik,Magelang,Transfer Bank,488829
O7039,19,Elektronik,Yogyakarta,Transfer Bank,466886
O7040,7,Makanan,Magelang,COD,153977
O7041,13,Fashion,Semarang,E-Wallet,461558
O7042,11,Fashion,Purworejo,Kartu Kredit,480251
O7043,11,Makanan,Yogyakarta,E-Wallet,138983
O7044,13,Makanan,Semarang,Kartu Kredit,54591
O7045,4,Rumah Tangga,Semarang,Transfer Bank,378129
O7046,8,Makanan,Yogyakarta,Kartu Kredit,231358
O7047,19,Makanan,Solo,E-Wallet,225724
O7048,12,Kesehatan,Yogyakarta,Kartu Kredit,161817
O7049,10,Makanan,Magelang,Kartu Kredit,354213
O7050,7,Rumah Tangga,Purworejo,Transfer Bank,317695
O7051,3,Makanan,Magelang,Kartu Kredit,247845
O7052,6,Makanan,Magelang,COD,322677
O7053,12,Kesehatan,Magelang,E-Wallet,304323
O7054,6,Elektronik,Magelang,Transfer Bank,270271
O7055,5,Elektronik,Solo,COD,467505
O7056,2,Makanan,Semarang,Kartu Kredit,232880
O7057,20,Elektronik,Purworejo,COD,62793
O7058,3,Elektronik,Yogyakarta,E-Wallet,408065
O7059,14,Elektronik,Semarang,Transfer Bank,488433
O7060,9,Elektronik,Magelang,Kartu Kredit,61670
O7061,11,Fashion,Solo,E-Wallet,482191
O7062,13,Rumah Tangga,Solo,Transfer Bank,363495
O7063,14,Kesehatan,Semarang,Kartu Kredit,124111
O7064,15,Elektronik,Purworejo,Kartu Kredit,89629
O7065,9,Fashion,Purworejo,E-Wallet,476531
O7066,5,Elektronik,Purworejo,E-Wallet,224788
O7067,13,Rumah Tangga,Magelang,E-Wallet,354693
O7068,18,Rumah Tangga,Solo,Transfer Bank,227405
O7069,5,Kesehatan,Semarang,Transfer Bank,165959
O7070,16,Rumah Tangga,Solo,Transfer Bank,290639
O7071,9,Elektronik,Purworejo,E-Wallet,115756
O7072,6,Makanan,Purworejo,E-Wallet,171057
O7073,16,Rumah Tangga,Purworejo,Kartu Kredit,159907
O7074,19,Elektronik,Magelang,COD,324853
O7075,6,Rumah Tangga,Purworejo,E-Wallet,437548
O7076,18,Makanan,Purworejo,COD,218949
O7077,8,Rumah Tangga,Semarang,E-Wallet,283085
O7078,7,Elektronik,Solo,Kartu Kredit,226326
O7079,9,Rumah Tangga,Magelang,E-Wallet,417564
O7080,18,Makanan,Semarang,E-Wallet,301115
O7081,5,Makanan,Semarang,E-Wallet,405036
O7082,15,Elektronik,Yogyakarta,Kartu Kredit,181452
O7083,4,Fashion,Semarang,COD,240118
O7084,12,Fashion,Semarang,COD,325711
O7085,10,Rumah Tangga,Yogyakarta,COD,387748
O7086,2,Makanan,Yogyakarta,Kartu Kredit,158597
O7087,9,Makanan,Solo,E-Wallet,150379
O7088,18,Fashion,Magelang,Transfer Bank,427416
O7089,8,Rumah Tangga,Solo,Transfer Bank,329760
O7090,6,Elektronik,Magelang,E-Wallet,377358
O7091,19,Makanan,Magelang,Transfer Bank,291847
O7092,8,Fashion,Semarang,Transfer Bank,219395
O7093,9,Kesehatan,Purworejo,Transfer Bank,347340
O7094,18,Kesehatan,Purworejo,COD,280600
O7095,12,Makanan,Solo,Transfer Bank,189354
O7096,13,Fashion,Semarang,E-Wallet,258750
O7097,18,Fashion,Purworejo,E-Wallet,331120
O7098,12,Fashion,Purworejo,Transfer Bank,403019
O7099,4,Rumah Tangga,Semarang,COD,304458
O7100,14,Elektronik,Purworejo,Transfer Bank,117686
O7101,6,Kesehatan,Solo,E-Wallet,262804
O7102,9,Elektronik,Solo,Kartu Kredit,203587
O7103,9,Makanan,Magelang,Transfer Bank,262185
O7104,1,Fashion,Solo,Kartu Kredit,288090
O7105,4,Fashion,Solo,E-Wallet,433067
O7106,12,Kesehatan,Semarang,Transfer Bank,313099
O7107,18,Elektronik,Semarang,E-Wallet,427991
O7108,14,Makanan,Magelang,Transfer Bank,249166
O7109,3,Fashion,Purworejo,Transfer Bank,132734
O7110,15,Makanan,Semarang,Transfer Bank,489676
O7111,19,Elektronik,Yogyakarta,E-Wallet,324853
O7112,17,Kesehatan,Solo,E-Wallet,420133
O7113,12,Fashion,Semarang,Transfer Bank,487491
O7114,10,Kesehatan,Semarang,Transfer Bank,307938
O7115,18,Rumah Tangga,Purworejo,COD,284888
O7116,8,Kesehatan,Semarang,Kartu Kredit,239319
O7117,7,Fashion,Purworejo,E-Wallet,106466
O7118,20,Kesehatan,Solo,Kartu Kredit,90118
O7119,19,Elektronik,Solo,Transfer Bank,328506
O7120,20,Makanan,Solo,Kartu Kredit,165696
O7121,14,Rumah Tangga,Yogyakarta,COD,295742
O7122,20,Elektronik,Solo,Kartu Kredit,424286
O7123,17,Makanan,Yogyakarta,Kartu Kredit,101928
O7124,11,Elektronik,Purworejo,E-Wallet,418338
O7125,14,Makanan,Magelang,COD,185528
O7126,17,Makanan,Magelang,Kartu Kredit,274268
O7127,9,Fashion,Semarang,Transfer Bank,322490
O7128,19,Elektronik,Solo,COD,57182
O7129,7,Elektronik,Magelang,COD,460010
O7130,13,Elektronik,Semarang,COD,351900
O7131,12,Rumah Tangga,Yogyakarta,E-Wallet,457496
O7132,4,Fashion,Solo,Transfer Bank,419685
O7133,16,Elektronik,Semarang,Transfer Bank,275638
O7134,11,Rumah Tangga,Magelang,COD,443290
O7135,7,Makanan,Purworejo,E-Wallet,226895
O7136,4,Fashion,Magelang,Kartu Kredit,231776
O7137,18,Elektronik,Yogyakarta,COD,235146
O7138,12,Fashion,Magelang,E-Wallet,138535
O7139,13,Rumah Tangga,Yogyakarta,Kartu Kredit,329614
O7140,18,Elektronik,Semarang,Kartu Kredit,95711
O7141,14,Makanan,Purworejo,COD,486468
O7142,7,Elektronik,Solo,Transfer Bank,486648
O7143,2,Kesehatan,Purworejo,Transfer Bank,481441
O7144,9,Elektronik,Solo,Transfer Bank,357880
O7145,17,Makanan,Yogyakarta,E-Wallet,53124
O7146,12,Rumah Tangga,Magelang,COD,68105
O7147,17,Rumah Tangga,Magelang,Kartu Kredit,344093
O7148,15,Elektronik,Yogyakarta,COD,463272
O7149,11,Elektronik,Magelang,Kartu Kredit,396940
O7150,19,Kesehatan,Solo,E-Wallet,418416
O7151,14,Rumah Tangga,Magelang,Transfer Bank,270503
O7152,7,Kesehatan,Magelang,E-Wallet,275292
O7153,16,Rumah Tangga,Solo,Kartu Kredit,150179
O7154,12,Kesehatan,Yogyakarta,Kartu Kredit,279151
O7155,20,Kesehatan,Magelang,COD,490962
O7156,19,Rumah Tangga,Yogyakarta,E-Wallet,338731
O7157,13,Rumah Tangga,Solo,Transfer Bank,420785
O7158,7,Fashion,Yogyakarta,COD,470235
O7159,8,Rumah Tangga,Magelang,Transfer Bank,165080
O7160,16,Rumah Tangga,Purworejo,E-Wallet,297656
O7161,3,Fashion,Solo,Transfer Bank,274242
O7162,14,Kesehatan,Solo,Kartu Kredit,156844
O7163,8,Kesehatan,Solo,E-Wallet,100619
O7164,8,Rumah Tangga,Magelang,E-Wallet,328355
O7165,18,Elektronik,Magelang,E-Wallet,250155
O7166,11,Rumah Tangga,Solo,Transfer Bank,367155
O7167,1,Makanan,Purworejo,E-Wallet,74692
O7168,15,Elektronik,Solo,E-Wallet,493762
O7169,1,Makanan,Yogyakarta,Transfer Bank,89394
O7170,5,Rumah Tangga,Magelang,E-Wallet,349120
O7171,2,Kesehatan,Magelang,Transfer Bank,347853
O7172,14,Rumah Tangga,Purworejo,E-Wallet,217624
O7173,15,Kesehatan,Solo,Kartu Kredit,339938
O7174,15,Kesehatan,Purworejo,E-Wallet,312162
O7175,16,Elektronik,Semarang,COD,211710
O7176,15,Elektronik,Purworejo,Transfer Bank,463026
O7177,12,Rumah Tangga,Solo,COD,95173
O7178,12,Elektronik,Semarang,E-Wallet,229453
O7179,16,Elektronik,Semarang,Kartu Kredit,462570
O7180,20,Makanan,Purworejo,COD,83794
O7181,7,Makanan,Purworejo,Transfer Bank,356111
O7182,7,Kesehatan,Solo,E-Wallet,374118
O7183,4,Kesehatan,Yogyakarta,E-Wallet,378820
O7184,9,Rumah Tangga,Magelang,Kartu Kredit,495130
O7185,3,Fashion,Semarang,Transfer Bank,211200
O7186,9,Fashion,Yogyakarta,Kartu Kredit,200573
O7187,10,Kesehatan,Magelang,COD,126778
O7188,18,Kesehatan,Yogyakarta,Kartu Kredit,332489
O7189,20,Makanan,Semarang,E-Wallet,347605
O7190,2,Kesehatan,Magelang,Kartu Kredit,273659
O7191,10,Kesehatan,Semarang,COD,69250
O7192,2,Kesehatan,Solo,COD,229726
O7193,1,Rumah Tangga,Purworejo,E-Wallet,357399
O7194,19,Kesehatan,Semarang,COD,255167
O7195,9,Makanan,Magelang,E-Wallet,205574
O7196,10,Kesehatan,Solo,Kartu Kredit,483570
O7197,9,Fashion,Yogyakarta,E-Wallet,203741
O7198,3,Rumah Tangga,Magelang,COD,287949
O7199,13,Kesehatan,Yogyakarta,E-Wallet,319255
O7200,17,Fashion,Yogyakarta,Transfer Bank,320283
O7201,15,Makanan,Yogyakarta,Kartu Kredit,385671
O7202,15,Elektronik,Solo,Transfer Bank,315565
O7203,16,Makanan,Yogyakarta,Transfer Bank,348900
O7204,10,Elektronik,Solo,E-Wallet,436640
O7205,6,Makanan,Yogyakarta,Kartu Kredit,342775
O7206,11,Kesehatan,Solo,COD,341756
O7207,2,Kesehatan,Magelang,COD,93684
O7208,19,Elektronik,Purworejo,E-Wallet,82044
O7209,10,Elektronik,Magelang,Transfer Bank,234773
O7210,17,Elektronik,Semarang,Transfer Bank,217872
O7211,3,Rumah Tangga,Semarang,COD,133806
O7212,13,Fashion,Solo,Transfer Bank,83430
O7213,12,Fashion,Solo,Kartu Kredit,179421
O7214,1,Fashion,Magelang,Kartu Kredit,69683
O7215,14,Makanan,Magelang,Kartu Kredit,115268
O7216,9,Makanan,Yogyakarta,Transfer Bank,89257
O7217,12,Rumah Tangga,Magelang,Transfer Bank,69902
O7218,4,Fashion,Magelang,Kartu Kredit,335237
O7219,1,Makanan,Yogyakarta,E-Wallet,385628
O7220,4,Kesehatan,Semarang,E-Wallet,159925
O7221,16,Fashion,Solo,COD,495951
O7222,2,Makanan,Yogyakarta,Transfer Bank,426422
O7223,20,Elektronik,Semarang,Transfer Bank,324709
O7224,20,Fashion,Solo,E-Wallet,365772
O7225,10,Makanan,Solo,Kartu Kredit,294147
O7226,1,Rumah Tangga,Yogyakarta,Kartu Kredit,167012
O7227,1,Makanan,Yogyakarta,COD,314232
O7228,12,Makanan,Magelang,Transfer Bank,95563
O7229,18,Kesehatan,Yogyakarta,Transfer Bank,122435
O7230,19,Makanan,Semarang,Kartu Kredit,321205
O7231,14,Makanan,Magelang,E-Wallet,200518
O7232,8,Rumah Tangga,Semarang,COD,484104
O7233,17,Elektronik,Semarang,Kartu Kredit,83248
O7234,6,Makanan,Solo,Transfer Bank,266331
O7235,7,Kesehatan,Solo,Transfer Bank,57325
O7236,5,Kesehatan,Solo,E-Wallet,377006
O7237,20,Makanan,Yogyakarta,Kartu Kredit,191471
O7238,4,Kesehatan,Solo,Transfer Bank,172165
O7239,5,Fashion,Magelang,COD,70638
O7240,16,Makanan,Purworejo,E-Wallet,486349
O7241,19,Kesehatan,Yogyakarta,Kartu Kredit,312254
O7242,4,Makanan,Solo,Kartu Kredit,394394
O7243,12,Kesehatan,Semarang,Kartu Kredit,375313
O7244,4,Kesehatan,Yogyakarta,E-Wallet,119037
O7245,19,Fashion,Yogyakarta,Transfer Bank,420176
O7246,4,Kesehatan,Purworejo,Transfer Bank,337153
O7247,10,Rumah Tangga,Purworejo,Transfer Bank,128897
O7248,8,Makanan,Semarang,Kartu Kredit,281440
O7249,16,Kesehatan,Purworejo,Kartu Kredit,215308
O7250,5,Rumah Tangga,Solo,E-Wallet,365169
O7251,17,Fashion,Solo,Kartu Kredit,92986
O7252,4,Rumah Tangga,Magelang,COD,188585
O7253,1,Kesehatan,Purworejo,COD,70213
O7254,1,Elektronik,Semarang,COD,337057
O7255,5,Elektronik,Purworejo,COD,175592
O7256,3,Rumah Tangga,Purworejo,Kartu Kredit,400169
O7257,9,Kesehatan,Magelang,COD,282092
O7258,9,Fashion,Semarang,E-Wallet,308820
O7259,18,Rumah Tangga,Magelang,Kartu Kredit,295604
O7260,11,Rumah Tangga,Solo,COD,416948
O7261,5,Kesehatan,Yogyakarta,E-Wallet,355043
O7262,18,Kesehatan,Magelang,COD,79547
O7263,17,Makanan,Solo,COD,342183
O7264,4,Rumah Tangga,Yogyakarta,Transfer Bank,495909
O7265,9,Makanan,Magelang,COD,156635
O7266,15,Kesehatan,Magelang,Transfer Bank,464575
O7267,7,Kesehatan,Magelang,COD,378819
O7268,3,Fashion,Magelang,E-Wallet,240997
O7269,2,Makanan,Magelang,E-Wallet,376423
O7270,11,Makanan,Solo,COD,438401
O7271,6,Makanan,Solo,Kartu Kredit,87592
O7272,20,Makanan,Solo,Transfer Bank,241595
O7273,4,Makanan,Purworejo,Transfer Bank,82699
O7274,10,Kesehatan,Magelang,E-Wallet,479700
O7275,13,Fashion,Solo,Transfer Bank,499701
O7276,8,Kesehatan,Solo,COD,357637
O7277,3,Elektronik,Semarang,Transfer Bank,268286
O7278,6,Makanan,Yogyakarta,E-Wallet,216459
O7279,6,Rumah Tangga,Solo,COD,185782
O7280,18,Makanan,Purworejo,E-Wallet,296643
O7281,4,Makanan,Purworejo,E-Wallet,488806
O7282,8,Kesehatan,Semarang,E-Wallet,89571
O7283,5,Fashion,Solo,E-Wallet,183112
O7284,3,Elektronik,Semarang,COD,382008
O7285,14,Kesehatan,Purworejo,COD,257063
O7286,20,Makanan,Yogyakarta,E-Wallet,146859
O7287,9,Rumah Tangga,Purworejo,Transfer Bank,394035
O7288,2,Makanan,Yogyakarta,Transfer Bank,115835
O7289,8,Fashion,Yogyakarta,COD,376270
O7290,11,Elektronik,Semarang,E-Wallet,141694
O7291,7,Fashion,Purworejo,Transfer Bank,228827
O7292,7,Elektronik,Yogyakarta,E-Wallet,98352
O7293,7,Makanan,Purworejo,E-Wallet,91848
O7294,7,Makanan,Magelang,Transfer Bank,52999
O7295,16,Makanan,Yogyakarta,COD,292815
O7296,8,Fashion,Purworejo,Kartu Kredit,490401
O7297,17,Kesehatan,Magelang,E-Wallet,196033
O7298,20,Kesehatan,Magelang,COD,421550
O7299,19,Kesehatan,Solo,COD,410082
O7300,5,Rumah Tangga,Solo,Kartu Kredit,382175
O7301,4,Rumah Tangga,Solo,COD,427903
O7302,19,Fashion,Magelang,Transfer Bank,443920
O7303,12,Fashion,Yogyakarta,Kartu Kredit,180651
O7304,17,Kesehatan,Solo,COD,329396
O7305,20,Makanan,Yogyakarta,Kartu Kredit,456697
O7306,11,Makanan,Solo,Transfer Bank,317443
O7307,5,Makanan,Semarang,Kartu Kredit,448546
O7308,13,Elektronik,Purworejo,Transfer Bank,128759
O7309,19,Makanan,Solo,Kartu Kredit,243841
O7310,12,Elektronik,Yogyakarta,E-Wallet,237996
O7311,20,Rumah Tangga,Semarang,COD,290669
O7312,20,Fashion,Solo,Transfer Bank,196167
O7313,19,Rumah Tangga,Yogyakarta,Kartu Kredit,181645
O7314,14,Rumah Tangga,Semarang,COD,161180
O7315,2,Kesehatan,Yogyakarta,Transfer Bank,71605
O7316,19,Rumah Tangga,Semarang,Transfer Bank,68001
O7317,5,Fashion,Yogyakarta,COD,71486
O7318,14,Makanan,Yogyakarta,E-Wallet,304525
O7319,20,Fashion,Semarang,Kartu Kredit,229789
O7320,20,Makanan,Yogyakarta,E-Wallet,350387
O7321,12,Elektronik,Purworejo,COD,336642
O7322,18,Elektronik,Solo,Transfer Bank,291471
O7323,9,Makanan,Purworejo,COD,202767
O7324,14,Fashion,Semarang,E-Wallet,428223
O7325,5,Elektronik,Solo,E-Wallet,244958
O7326,8,Elektronik,Magelang,Transfer Bank,146330
O7327,19,Fashion,Yogyakarta,Transfer Bank,366460
O7328,1,Elektronik,Semarang,Transfer Bank,270005
O7329,9,Kesehatan,Purworejo,COD,188010
O7330,5,Kesehatan,Semarang,COD,377892
O7331,4,Fashion,Magelang,Transfer Bank,164589
O7332,20,Makanan,Yogyakarta,Transfer Bank,85653
O7333,19,Kesehatan,Solo,Kartu Kredit,229623
O7334,15,Kesehatan,Purworejo,Kartu Kredit,322257
O7335,12,Rumah Tangga,Magelang,COD,223755
O7336,17,Elektronik,Magelang,Transfer Bank,486601
O7337,17,Kesehatan,Semarang,Kartu Kredit,150040
O7338,8,Rumah Tangga,Magelang,COD,182091
O7339,14,Kesehatan,Solo,COD,405774
O7340,10,Kesehatan,Yogyakarta,COD,371080
O7341,15,Kesehatan,Solo,E-Wallet,252809
O7342,16,Kesehatan,Semarang,Kartu Kredit,470840
O7343,3,Elektronik,Solo,COD,85547
O7344,15,Rumah Tangga,Magelang,Kartu Kredit,69097
O7345,14,Kesehatan,Magelang,Transfer Bank,216088
O7346,18,Makanan,Solo,E-Wallet,106721
O7347,18,Elektronik,Magelang,E-Wallet,202709
O7348,12,Kesehatan,Semarang,Kartu Kredit,106081
O7349,15,Makanan,Yogyakarta,E-Wallet,387593
O7350,5,Elektronik,Solo,Transfer Bank,207981
O7351,6,Rumah Tangga,Semarang,Transfer Bank,400362
O7352,7,Kesehatan,Purworejo,Kartu Kredit,116002
O7353,17,Elektronik,Purworejo,Kartu Kredit,342982
O7354,1,Rumah Tangga,Solo,Transfer Bank,377817
O7355,16,Elektronik,Semarang,Transfer Bank,230976
O7356,3,Fashion,Magelang,Kartu Kredit,180543
O7357,11,Makanan,Solo,Kartu Kredit,421042
O7358,11,Rumah Tangga,Magelang,COD,266491
O7359,9,Fashion,Yogyakarta,Transfer Bank,295527
O7360,4,Kesehatan,Semarang,Transfer Bank,190682
O7361,13,Fashion,Magelang,Transfer Bank,68099
O7362,10,Rumah Tangga,Solo,Kartu Kredit,384902
O7363,11,Elektronik,Solo,Kartu Kredit,233221
O7364,9,Makanan,Yogyakarta,E-Wallet,331622
O7365,20,Makanan,Semarang,Kartu Kredit,168045
O7366,9,Fashion,Semarang,E-Wallet,475387
O7367,17,Kesehatan,Semarang,Transfer Bank,383299
O7368,3,Fashion,Purworejo,E-Wallet,338641
O7369,18,Elektronik,Magelang,COD,149497
O7370,2,Fashion,Yogyakarta,Kartu Kredit,232847
O7371,6,Elektronik,Yogyakarta,Kartu Kredit,491579
O7372,13,Makanan,Magelang,COD,325667
O7373,6,Rumah Tangga,Magelang,COD,488735
O7374,4,Elektronik,Yogyakarta,Kartu Kredit,75706
O7375,2,Rumah Tangga,Magelang,Kartu Kredit,165657
O7376,16,Kesehatan,Yogyakarta,COD,103676
O7377,19,Fashion,Magelang,Kartu Kredit,89558
O7378,17,Fashion,Purworejo,Transfer Bank,460453
O7379,19,Elektronik,Solo,Transfer Bank,464470
O7380,3,Elektronik,Purworejo,Transfer Bank,351350
O7381,12,Rumah Tangga,Purworejo,Kartu Kredit,233125
O7382,20,Elektronik,Semarang,COD,253492
O7383,8,Rumah Tangga,Purworejo,Kartu Kredit,57104
O7384,2,Makanan,Magelang,Transfer Bank,493285
O7385,7,Makanan,Semarang,COD,278462
O7386,3,Makanan,Purworejo,E-Wallet,160494
O7387,10,Makanan,Yogyakarta,Transfer Bank,449323
O7388,4,Elektronik,Semarang,COD,265309
O7389,2,Makanan,Magelang,E-Wallet,370821
O7390,11,Makanan,Yogyakarta,E-Wallet,178135
O7391,3,Makanan,Purworejo,E-Wallet,83145
O7392,20,Makanan,Magelang,Kartu Kredit,492984
O7393,20,Kesehatan,Magelang,E-Wallet,215906
O7394,12,Makanan,Purworejo,Kartu Kredit,485916
O7395,8,Kesehatan,Yogyakarta,Kartu Kredit,387782
O7396,10,Rumah Tangga,Magelang,Kartu Kredit,280565
O7397,18,Kesehatan,Yogyakarta,Kartu Kredit,331878
O7398,3,Fashion,Solo,E-Wallet,424396
O7399,9,Rumah Tangga,Purworejo,Kartu Kredit,412620
O7400,9,Makanan,Yogyakarta,COD,469958
O7401,8,Fashion,Solo,COD,143911
O7402,17,Elektronik,Semarang,Kartu Kredit,238688
O7403,15,Rumah Tangga,Solo,E-Wallet,293413
O7404,18,Fashion,Semarang,Transfer Bank,72276
O7405,16,Rumah Tangga,Semarang,Transfer Bank,118900
O7406,3,Rumah Tangga,Semarang,Kartu Kredit,150015
O7407,17,Kesehatan,Yogyakarta,Kartu Kredit,266301
O7408,8,Kesehatan,Magelang,Transfer Bank,208817
O7409,13,Fashion,Yogyakarta,E-Wallet,160526
O7410,4,Fashion,Purworejo,Transfer Bank,316248
O7411,14,Kesehatan,Magelang,E-Wallet,63495
O7412,12,Elektronik,Magelang,E-Wallet,302927
O7413,2,Elektronik,Semarang,Transfer Bank,131445
O7414,1,Elektronik,Purworejo,Transfer Bank,354745
O7415,19,Elektronik,Yogyakarta,Kartu Kredit,416977
O7416,13,Rumah Tangga,Magelang,COD,205232
O7417,8,Makanan,Solo,Transfer Bank,178824
O7418,18,Kesehatan,Solo,COD,413473
O7419,1,Elektronik,Purworejo,COD,392040
O7420,3,Fashion,Semarang,Kartu Kredit,171008
O7421,13,Elektronik,Semarang,E-Wallet,396377
O7422,6,Elektronik,Yogyakarta,Transfer Bank,68317
O7423,17,Fashion,Magelang,Transfer Bank,156900
O7424,13,Rumah Tangga,Semarang,Kartu Kredit,369956
O7425,17,Elektronik,Solo,E-Wallet,412746
O7426,8,Kesehatan,Solo,COD,306409
O7427,11,Kesehatan,Semarang,E-Wallet,293850
O7428,19,Rumah Tangga,Yogyakarta,COD,168741
O7429,11,Rumah Tangga,Solo,Transfer Bank,449015
O7430,18,Kesehatan,Purworejo,Kartu Kredit,233252
O7431,15,Elektronik,Magelang,E-Wallet,365822
O7432,10,Fashion,Magelang,E-Wallet,140835
O7433,18,Fashion,Magelang,COD,141711
O7434,8,Elektronik,Solo,Transfer Bank,186236
O7435,7,Makanan,Purworejo,Transfer Bank,287527
O7436,14,Elektronik,Semarang,COD,380943
O7437,1,Kesehatan,Semarang,Kartu Kredit,349497
O7438,19,Rumah Tangga,Purworejo,COD,412693
O7439,16,Kesehatan,Purworejo,E-Wallet,309381
O7440,11,Makanan,Purworejo,Kartu Kredit,266460
O7441,6,Kesehatan,Yogyakarta,Transfer Bank,157444
O7442,5,Kesehatan,Solo,Transfer Bank,309823
O7443,4,Rumah Tangga,Semarang,Kartu Kredit,303336
O7444,6,Makanan,Solo,Kartu Kredit,212451
O7445,3,Kesehatan,Semarang,E-Wallet,63334
O7446,13,Kesehatan,Semarang,Kartu Kredit,309250
O7447,9,Elektronik,Semarang,E-Wallet,157182
O7448,6,Rumah Tangga,Semarang,E-Wallet,394015
O7449,5,Kesehatan,Yogyakarta,Kartu Kredit,138693
O7450,16,Fashion,Purworejo,COD,369481
O7451,2,Kesehatan,Magelang,E-Wallet,331686
O7452,3,Makanan,Yogyakarta,E-Wallet,426922
O7453,8,Elektronik,Semarang,E-Wallet,318560
O7454,18,Makanan,Magelang,COD,173392
O7455,8,Rumah Tangga,Yogyakarta,COD,152305
O7456,14,Makanan,Solo,E-Wallet,476444
O7457,10,Fashion,Purworejo,E-Wallet,84606
O7458,7,Rumah Tangga,Solo,COD,128610
O7459,7,Fashion,Yogyakarta,COD,218774
O7460,15,Kesehatan,Yogyakarta,E-Wallet,434090
O7461,4,Elektronik,Solo,Transfer Bank,428051
O7462,12,Kesehatan,Magelang,E-Wallet,471317
O7463,13,Rumah Tangga,Magelang,Transfer Bank,495187
O7464,13,Rumah Tangga,Semarang,Transfer Bank,86963
O7465,20,Rumah Tangga,Purworejo,E-Wallet,77015
O7466,14,Elektronik,Solo,E-Wallet,342216
O7467,14,Rumah Tangga,Purworejo,COD,362919
O7468,17,Rumah Tangga,Magelang,Kartu Kredit,178595
O7469,15,Makanan,Purworejo,Transfer Bank,239127
O7470,15,Fashion,Yogyakarta,Transfer Bank,409824
O7471,10,Rumah Tangga,Purworejo,Transfer Bank,393189
O7472,12,Fashion,Semarang,E-Wallet,143400
O7473,6,Fashion,Semarang,COD,233261
O7474,4,Makanan,Solo,COD,153454
O7475,16,Rumah Tangga,Magelang,Transfer Bank,218963
O7476,16,Elektronik,Semarang,Kartu Kredit,419037
O7477,15,Makanan,Purworejo,E-Wallet,331245
O7478,8,Makanan,Solo,E-Wallet,205062
O7479,16,Rumah Tangga,Semarang,E-Wallet,277326
O7480,5,Fashion,Yogyakarta,E-Wallet,488054
O7481,14,Makanan,Semarang,Kartu Kredit,195579
O7482,20,Rumah Tangga,Magelang,COD,304134
O7483,3,Makanan,Semarang,Transfer Bank,90467
O7484,2,Rumah Tangga,Purworejo,Kartu Kredit,89592
O7485,16,Fashion,Yogyakarta,Kartu Kredit,373738
O7486,11,Kesehatan,Solo,COD,325189
O7487,18,Elektronik,Semarang,Kartu Kredit,469882
O7488,4,Elektronik,Solo,Transfer Bank,317093
O7489,10,Makanan,Solo,Transfer Bank,282381
O7490,11,Elektronik,Purworejo,Kartu Kredit,406208
O7491,10,Fashion,Yogyakarta,COD,372377
O7492,13,Kesehatan,Semarang,Transfer Bank,241900
O7493,2,Elektronik,Magelang,Transfer Bank,280148
O7494,16,Rumah Tangga,Magelang,E-Wallet,119613
O7495,20,Fashion,Semarang,Kartu Kredit,114097
O7496,6,Kesehatan,Semarang,Transfer Bank,383263
O7497,14,Elektronik,Yogyakarta,E-Wallet,388562
O7498,16,Makanan,Solo,Kartu Kredit,160135
O7499,18,Kesehatan,Yogyakarta,Kartu Kredit,106904
O7500,1,Makanan,Semarang,Transfer Bank,162613
O7501,12,Fashion,Semarang,E-Wallet,413876
O7502,2,Elektronik,Semarang,COD,85872
O7503,3,Rumah Tangga,Magelang,E-Wallet,269399
O7504,16,Rumah Tangga,Yogyakarta,COD,303542
O7505,15,Makanan,Semarang,Transfer Bank,306340
O7506,1,Kesehatan,Magelang,Transfer Bank,333080
O7507,3,Fashion,Solo,E-Wallet,436675
O7508,13,Kesehatan,Semarang,E-Wallet,307916
O7509,6,Makanan,Solo,Transfer Bank,386168
O7510,13,Fashion,Purworejo,COD,162691
O7511,3,Makanan,Magelang,Transfer Bank,409787
O7512,10,Fashion,Yogyakarta,Transfer Bank,499262
O7513,5,Fashion,Magelang,E-Wallet,370763
O7514,7,Fashion,Magelang,COD,91177
O7515,7,Kesehatan,Yogyakarta,Kartu Kredit,427597
O7516,9,Elektronik,Semarang,COD,247355
O7517,20,Rumah Tangga,Magelang,COD,51437
O7518,10,Fashion,Magelang,COD,304067
O7519,9,Rumah Tangga,Yogyakarta,COD,495449
O7520,9,Fashion,Solo,Kartu Kredit,275535
O7521,19,Elektronik,Solo,Transfer Bank,425853
O7522,9,Fashion,Solo,COD,403806
O7523,17,Rumah Tangga,Yogyakarta,Kartu Kredit,233889
O7524,1,Makanan,Solo,Kartu Kredit,161525
O7525,12,Elektronik,Purworejo,COD,302906
O7526,10,Rumah Tangga,Purworejo,COD,277000
O7527,20,Kesehatan,Semarang,COD,56774
O7528,18,Kesehatan,Purworejo,Kartu Kredit,323046
O7529,20,Elektronik,Semarang,Transfer Bank,266683
O7530,1,Kesehatan,Magelang,E-Wallet,363771
O7531,1,Rumah Tangga,Magelang,Kartu Kredit,108178
O7532,12,Makanan,Purworejo,Kartu Kredit,441963
O7533,20,Kesehatan,Magelang,Kartu Kredit,474778
O7534,18,Fashion,Semarang,Kartu Kredit,192210
O7535,16,Rumah Tangga,Yogyakarta,COD,210810
O7536,9,Rumah Tangga,Solo,Kartu Kredit,368691
O7537,2,Elektronik,Purworejo,Transfer Bank,480954
O7538,16,Kesehatan,Magelang,Transfer Bank,166888
O7539,8,Rumah Tangga,Purworejo,Kartu Kredit,112003
O7540,3,Fashion,Yogyakarta,COD,114798
O7541,6,Rumah Tangga,Magelang,Kartu Kredit,399293
O7542,18,Elektronik,Semarang,E-Wallet,141373
O7543,11,Kesehatan,Purworejo,E-Wallet,350750
O7544,12,Elektronik,Purworejo,Transfer Bank,91540
O7545,6,Makanan,Solo,E-Wallet,457875
O7546,7,Rumah Tangga,Semarang,Transfer Bank,379578
O7547,4,Elektronik,Semarang,E-Wallet,435246
O7548,19,Fashion,Solo,COD,211074
O7549,10,Kesehatan,Yogyakarta,Kartu Kredit,393822
O7550,13,Kesehatan,Magelang,Kartu Kredit,416922
O7551,6,Fashion,Yogyakarta,COD,475581
O7552,19,Kesehatan,Semarang,Kartu Kredit,161179
O7553,19,Elektronik,Semarang,E-Wallet,150791
O7554,2,Rumah Tangga,Purworejo,Kartu Kredit,252461
O7555,5,Makanan,Solo,E-Wallet,182629
O7556,15,Rumah Tangga,Solo,Transfer Bank,445421
O7557,9,Fashion,Semarang,E-Wallet,464033
O7558,18,Makanan,Magelang,COD,51963
O7559,13,Rumah Tangga,Yogyakarta,COD,257773
O7560,9,Makanan,Semarang,Kartu Kredit,221054
O7561,9,Elektronik,Magelang,Transfer Bank,450405
O7562,11,Fashion,Semarang,COD,240378
O7563,9,Fashion,Solo,E-Wallet,394224
O7564,15,Fashion,Solo,Transfer Bank,474020
O7565,15,Elektronik,Semarang,COD,199623
O7566,2,Makanan,Semarang,E-Wallet,145651
O7567,10,Fashion,Semarang,Transfer Bank,408531
O7568,4,Makanan,Solo,COD,489975
O7569,18,Rumah Tangga,Yogyakarta,Transfer Bank,377994
O7570,12,Kesehatan,Yogyakarta,COD,179266
O7571,5,Rumah Tangga,Yogyakarta,COD,239927
O7572,7,Rumah Tangga,Yogyakarta,Kartu Kredit,368050
O7573,6,Fashion,Purworejo,Transfer Bank,267525
O7574,18,Elektronik,Magelang,COD,281866
O7575,4,Fashion,Semarang,Transfer Bank,408633
O7576,16,Rumah Tangga,Magelang,COD,360999
O7577,19,Elektronik,Yogyakarta,E-Wallet,133951
O7578,2,Makanan,Semarang,E-Wallet,98049
O7579,7,Elektronik,Solo,E-Wallet,162537
O7580,4,Makanan,Solo,E-Wallet,475243
O7581,9,Kesehatan,Semarang,Kartu Kredit,346089
O7582,15,Elektronik,Magelang,Transfer Bank,449738
O7583,10,Makanan,Yogyakarta,Kartu Kredit,409785
O7584,7,Fashion,Purworejo,Transfer Bank,205463
O7585,9,Elektronik,Purworejo,Kartu Kredit,218164
O7586,20,Fashion,Solo,Kartu Kredit,65736
O7587,12,Rumah Tangga,Yogyakarta,COD,494504
O7588,2,Elektronik,Yogyakarta,Transfer Bank,428926
O7589,12,Makanan,Purworejo,Kartu Kredit,469283
O7590,7,Elektronik,Magelang,Kartu Kredit,258463
O7591,1,Elektronik,Yogyakarta,E-Wallet,444870
O7592,19,Rumah Tangga,Semarang,Transfer Bank,59276
O7593,16,Fashion,Solo,COD,368279
O7594,6,Fashion,Yogyakarta,COD,340926
O7595,6,Kesehatan,Solo,Transfer Bank,491801
O7596,4,Fashion,Purworejo,E-Wallet,225578
O7597,15,Kesehatan,Magelang,Transfer Bank,120753
O7598,6,Rumah Tangga,Purworejo,Transfer Bank,420270
O7599,17,Rumah Tangga,Purworejo,Transfer Bank,265528
O7600,15,Fashion,Purworejo,Transfer Bank,448332
O7601,14,Elektronik,Magelang,Kartu Kredit,357054
O7602,1,Makanan,Magelang,COD,171316
O7603,16,Elektronik,Magelang,Kartu Kredit,149790
O7604,14,Elektronik,Semarang,COD,197101
O7605,18,Rumah Tangga,Magelang,E-Wallet,451217
O7606,19,Makanan,Solo,Kartu Kredit,190728
O7607,17,Kesehatan,Magelang,Kartu Kredit,225024
O7608,20,Elektronik,Solo,Transfer Bank,199920
O7609,6,Rumah Tangga,Solo,COD,199152
O7610,14,Rumah Tangga,Yogyakarta,COD,388272
O7611,4,Elektronik,Purworejo,E-Wallet,165292
O7612,11,Kesehatan,Yogyakarta,COD,96505
O7613,2,Fashion,Yogyakarta,E-Wallet,248147
O7614,16,Rumah Tangga,Semarang,Kartu Kredit,444942
O7615,19,Makanan,Solo,Transfer Bank,228614
O7616,7,Makanan,Purworejo,COD,376474
O7617,9,Rumah Tangga,Semarang,Transfer Bank,146507
O7618,5,Makanan,Magelang,Transfer Bank,171862
O7619,4,Elektronik,Semarang,E-Wallet,268683
O7620,17,Makanan,Semarang,Kartu Kredit,270495
O7621,5,Makanan,Magelang,E-Wallet,423407
O7622,20,Elektronik,Magelang,E-Wallet,166580
O7623,14,Fashion,Semarang,E-Wallet,84147
O7624,18,Rumah Tangga,Semarang,Transfer Bank,137883
O7625,12,Fashion,Magelang,E-Wallet,474665
O7626,1,Fashion,Yogyakarta,E-Wallet,488020
O7627,4,Fashion,Yogyakarta,E-Wallet,137267
O7628,4,Rumah Tangga,Purworejo,E-Wallet,394331
O7629,6,Rumah Tangga,Purworejo,Kartu Kredit,82980
O7630,3,Elektronik,Magelang,COD,232690
O7631,17,Rumah Tangga,Purworejo,COD,494048
O7632,13,Elektronik,Purworejo,COD,188158
O7633,7,Rumah Tangga,Purworejo,E-Wallet,88427
O7634,8,Fashion,Solo,Kartu Kredit,81934
O7635,2,Kesehatan,Solo,Transfer Bank,98914
O7636,8,Elektronik,Semarang,COD,269861
O7637,19,Makanan,Semarang,E-Wallet,141818
O7638,15,Makanan,Purworejo,E-Wallet,426534
O7639,18,Fashion,Semarang,Transfer Bank,145732
O7640,17,Makanan,Yogyakarta,Transfer Bank,130361
O7641,5,Rumah Tangga,Semarang,E-Wallet,114842
O7642,2,Rumah Tangga,Solo,E-Wallet,78025
O7643,1,Kesehatan,Solo,E-Wallet,106920
O7644,4,Makanan,Yogyakarta,Kartu Kredit,353826
O7645,4,Rumah Tangga,Semarang,E-Wallet,139669
O7646,2,Makanan,Purworejo,COD,57824
O7647,15,Kesehatan,Purworejo,COD,166396
O7648,10,Makanan,Solo,E-Wallet,443860
O7649,5,Fashion,Magelang,Kartu Kredit,317503
O7650,13,Makanan,Magelang,Kartu Kredit,71289
O7651,19,Makanan,Semarang,E-Wallet,191581
O7652,1,Makanan,Solo,COD,427455
O7653,8,Kesehatan,Purworejo,E-Wallet,275815
O7654,11,Kesehatan,Magelang,Transfer Bank,471391
O7655,2,Fashion,Solo,Transfer Bank,310967
O7656,17,Fashion,Purworejo,Kartu Kredit,128160
O7657,2,Kesehatan,Purworejo,Kartu Kredit,119797
O7658,8,Fashion,Magelang,COD,414334
O7659,3,Kesehatan,Solo,COD,208922
O7660,18,Rumah Tangga,Solo,Kartu Kredit,382773
O7661,16,Makanan,Yogyakarta,E-Wallet,415775
O7662,17,Fashion,Solo,Kartu Kredit,154041
O7663,9,Kesehatan,Purworejo,COD,333701
O7664,17,Elektronik,Solo,E-Wallet,176985
O7665,5,Rumah Tangga,Purworejo,COD,369679
O7666,19,Kesehatan,Yogyakarta,COD,193398
O7667,16,Fashion,Purworejo,E-Wallet,379313
O7668,6,Rumah Tangga,Purworejo,E-Wallet,106892
O7669,4,Makanan,Magelang,COD,321970
O7670,9,Makanan,Yogyakarta,E-Wallet,207350
O7671,3,Elektronik,Magelang,Kartu Kredit,272545
O7672,19,Elektronik,Purworejo,COD,418552
O7673,20,Fashion,Magelang,Transfer Bank,195449
O7674,5,Rumah Tangga,Semarang,Transfer Bank,94980
O7675,4,Kesehatan,Magelang,COD,231928
O7676,14,Kesehatan,Solo,Kartu Kredit,353722
O7677,9,Fashion,Magelang,E-Wallet,347288
O7678,7,Makanan,Solo,E-Wallet,348226
O7679,15,Kesehatan,Solo,Transfer Bank,98122
O7680,11,Rumah Tangga,Semarang,Transfer Bank,371773
O7681,19,Kesehatan,Semarang,Transfer Bank,256264
O7682,18,Makanan,Solo,COD,312990
O7683,15,Elektronik,Yogyakarta,Transfer Bank,205999
O7684,1,Fashion,Purworejo,COD,354981
O7685,13,Kesehatan,Yogyakarta,Transfer Bank,103571
O7686,13,Fashion,Magelang,COD,185688
O7687,1,Makanan,Solo,E-Wallet,222829
O7688,3,Elektronik,Yogyakarta,Transfer Bank,220747
O7689,15,Fashion,Purworejo,Kartu Kredit,372605
O7690,17,Elektronik,Solo,Transfer Bank,425370
O7691,12,Rumah Tangga,Purworejo,COD,231627
O7692,17,Fashion,Purworejo,E-Wallet,263640
O7693,12,Kesehatan,Yogyakarta,Transfer Bank,204103
O7694,5,Rumah Tangga,Magelang,E-Wallet,75762
O7695,2,Fashion,Semarang,Transfer Bank,316096
O7696,2,Elektronik,Yogyakarta,Transfer Bank,182286
O7697,19,Fashion,Purworejo,E-Wallet,210691
O7698,9,Rumah Tangga,Solo,E-Wallet,60683
O7699,7,Kesehatan,Solo,E-Wallet,453290
O7700,18,Rumah Tangga,Solo,Kartu Kredit,104131
O7701,17,Elektronik,Magelang,Transfer Bank,97964
O7702,19,Fashion,Solo,Kartu Kredit,485327
O7703,15,Makanan,Semarang,E-Wallet,347853
O7704,2,Makanan,Semarang,Transfer Bank,245508
O7705,2,Fashion,Yogyakarta,E-Wallet,362602
O7706,18,Makanan,Solo,Kartu Kredit,189311
O7707,4,Elektronik,Semarang,E-Wallet,309263
O7708,13,Rumah Tangga,Yogyakarta,COD,307951
O7709,17,Kesehatan,Magelang,Transfer Bank,177933
O7710,14,Rumah Tangga,Solo,COD,449719
O7711,12,Kesehatan,Yogyakarta,COD,364235
O7712,7,Rumah Tangga,Semarang,COD,97372
O7713,12,Makanan,Solo,Transfer Bank,457684
O7714,7,Makanan,Yogyakarta,Kartu Kredit,247703
O7715,4,Fashion,Magelang,E-Wallet,163559
O7716,3,Makanan,Magelang,E-Wallet,444565
O7717,18,Kesehatan,Magelang,Transfer Bank,421888
O7718,11,Kesehatan,Yogyakarta,Transfer Bank,82048
O7719,14,Makanan,Yogyakarta,Transfer Bank,448087
O7720,17,Fashion,Solo,Transfer Bank,408100
O7721,18,Fashion,Yogyakarta,E-Wallet,206765
O7722,3,Kesehatan,Purworejo,COD,397151
O7723,11,Elektronik,Magelang,Transfer Bank,485939
O7724,20,Makanan,Purworejo,Transfer Bank,271223
O7725,8,Rumah Tangga,Semarang,COD,298473
O7726,11,Kesehatan,Semarang,Transfer Bank,83479
O7727,5,Fashion,Semarang,Transfer Bank,256342
O7728,4,Kesehatan,Purworejo,COD,142723
O7729,18,Makanan,Magelang,Kartu Kredit,272602
O7730,1,Makanan,Purworejo,Transfer Bank,175288
O7731,20,Elektronik,Yogyakarta,E-Wallet,492951
O7732,5,Makanan,Solo,Transfer Bank,230705
O7733,20,Fashion,Yogyakarta,Kartu Kredit,125215
O7734,4,Makanan,Semarang,Transfer Bank,347633
O7735,19,Elektronik,Solo,Kartu Kredit,358668
O7736,6,Rumah Tangga,Yogyakarta,Transfer Bank,141023
O7737,14,Fashion,Purworejo,COD,338410
O7738,5,Makanan,Yogyakarta,Kartu Kredit,130956
O7739,1,Elektronik,Magelang,Transfer Bank,164883
O7740,8,Makanan,Solo,Transfer Bank,89776
O7741,15,Rumah Tangga,Purworejo,COD,308394
O7742,18,Elektronik,Solo,COD,159104
O7743,1,Makanan,Magelang,Kartu Kredit,442850
O7744,3,Rumah Tangga,Yogyakarta,E-Wallet,84258
O7745,2,Elektronik,Purworejo,E-Wallet,340021
O7746,19,Fashion,Yogyakarta,COD,133353
O7747,3,Rumah Tangga,Purworejo,COD,421617
O7748,14,Makanan,Purworejo,Kartu Kredit,176736
O7749,18,Fashion,Yogyakarta,Transfer Bank,469990
O7750,14,Makanan,Purworejo,Kartu Kredit,111236
O7751,15,Elektronik,Yogyakarta,E-Wallet,51643
O7752,19,Elektronik,Semarang,COD,304059
O7753,13,Fashion,Purworejo,COD,392473
O7754,9,Fashion,Semarang,COD,498878
O7755,13,Makanan,Semarang,Transfer Bank,232900
O7756,9,Fashion,Magelang,COD,358681
O7757,13,Rumah Tangga,Purworejo,Transfer Bank,260887
O7758,7,Elektronik,Semarang,COD,397428
O7759,20,Kesehatan,Semarang,Transfer Bank,272147
O7760,16,Elektronik,Solo,COD,338633
O7761,18,Kesehatan,Solo,Kartu Kredit,215740
O7762,7,Kesehatan,Semarang,COD,379428
O7763,18,Makanan,Semarang,Transfer Bank,122933
O7764,11,Kesehatan,Yogyakarta,Kartu Kredit,266226
O7765,12,Kesehatan,Yogyakarta,Kartu Kredit,330840
O7766,6,Makanan,Purworejo,COD,227600
O7767,16,Fashion,Magelang,Kartu Kredit,354373
O7768,11,Makanan,Yogyakarta,E-Wallet,409284
O7769,12,Rumah Tangga,Purworejo,Transfer Bank,483304
O7770,17,Elektronik,Purworejo,COD,110626
O7771,8,Fashion,Magelang,COD,367024
O7772,3,Kesehatan,Solo,E-Wallet,166268
O7773,13,Makanan,Yogyakarta,E-Wallet,196653
O7774,4,Fashion,Semarang,E-Wallet,214783
O7775,18,Elektronik,Purworejo,Kartu Kredit,148012
O7776,17,Rumah Tangga,Magelang,Transfer Bank,101555
O7777,3,Fashion,Magelang,E-Wallet,348037
O7778,3,Makanan,Yogyakarta,Kartu Kredit,52028
O7779,12,Fashion,Yogyakarta,Transfer Bank,269971
O7780,16,Fashion,Magelang,Transfer Bank,465411
O7781,5,Makanan,Magelang,Kartu Kredit,87678
O7782,19,Rumah Tangga,Yogyakarta,E-Wallet,343607
O7783,5,Fashion,Semarang,Transfer Bank,207519
O7784,17,Fashion,Semarang,E-Wallet,239435
O7785,18,Rumah Tangga,Semarang,Transfer Bank,460025
O7786,2,Rumah Tangga,Purworejo,COD,465953
O7787,13,Fashion,Solo,COD,410060
O7788,18,Elektronik,Magelang,COD,79725
O7789,11,Rumah Tangga,Magelang,COD,439277
O7790,7,Fashion,Magelang,COD,460521
O7791,13,Rumah Tangga,Magelang,E-Wallet,299886
O7792,16,Makanan,Yogyakarta,E-Wallet,453554
O7793,6,Makanan,Semarang,COD,158092
O7794,3,Kesehatan,Semarang,Transfer Bank,471145
O7795,2,Makanan,Purworejo,COD,413320
O7796,5,Elektronik,Semarang,COD,336827
O7797,5,Fashion,Purworejo,E-Wallet,254100
O7798,7,Elektronik,Yogyakarta,Transfer Bank,105373
O7799,3,Makanan,Purworejo,Kartu Kredit,141747
O7800,17,Rumah Tangga,Yogyakarta,COD,92154
O7801,15,Makanan,Purworejo,Transfer Bank,476153
O7802,16,Makanan,Solo,Transfer Bank,249303
O7803,5,Rumah Tangga,Yogyakarta,COD,226769
O7804,17,Elektronik,Solo,Transfer Bank,381241
O7805,7,Fashion,Purworejo,COD,436211
O7806,11,Fashion,Solo,E-Wallet,434878
O7807,19,Elektronik,Purworejo,Transfer Bank,288421
O7808,18,Fashion,Purworejo,Transfer Bank,302478
O7809,10,Fashion,Magelang,E-Wallet,90061
O7810,7,Elektronik,Purworejo,COD,109351
O7811,20,Kesehatan,Magelang,Transfer Bank,339877
O7812,18,Makanan,Yogyakarta,E-Wallet,95480
O7813,7,Fashion,Purworejo,COD,490317
O7814,10,Rumah Tangga,Purworejo,Transfer Bank,86153
O7815,6,Fashion,Solo,Transfer Bank,130240
O7816,1,Fashion,Semarang,Transfer Bank,413367
O7817,19,Kesehatan,Semarang,E-Wallet,222805
O7818,13,Rumah Tangga,Magelang,E-Wallet,153002
O7819,9,Kesehatan,Yogyakarta,Transfer Bank,94641
O7820,19,Rumah Tangga,Purworejo,Transfer Bank,441233
O7821,9,Kesehatan,Yogyakarta,Transfer Bank,447910
O7822,7,Kesehatan,Purworejo,Kartu Kredit,313190
O7823,7,Elektronik,Solo,Kartu Kredit,363762
O7824,5,Kesehatan,Solo,COD,104632
O7825,12,Rumah Tangga,Purworejo,E-Wallet,462894
O7826,8,Elektronik,Semarang,Transfer Bank,342691
O7827,12,Makanan,Semarang,E-Wallet,248351
O7828,13,Kesehatan,Semarang,E-Wallet,156623
O7829,10,Rumah Tangga,Purworejo,Kartu Kredit,321561
O7830,13,Kesehatan,Solo,Transfer Bank,368000
O7831,8,Kesehatan,Purworejo,Transfer Bank,401114
O7832,15,Elektronik,Solo,Transfer Bank,109250
O7833,17,Makanan,Semarang,E-Wallet,434925
O7834,15,Kesehatan,Solo,E-Wallet,148181
O7835,19,Rumah Tangga,Solo,Transfer Bank,237744
O7836,14,Elektronik,Magelang,Kartu Kredit,50602
O7837,10,Fashion,Semarang,Kartu Kredit,295623
O7838,3,Fashion,Purworejo,Kartu Kredit,375383
O7839,8,Elektronik,Purworejo,COD,488150
O7840,9,Makanan,Semarang,Kartu Kredit,295204
O7841,12,Kesehatan,Purworejo,Transfer Bank,295267
O7842,9,Elektronik,Magelang,Kartu Kredit,349179
O7843,11,Fashion,Semarang,Kartu Kredit,100145
O7844,8,Kesehatan,Yogyakarta,COD,194587
O7845,12,Fashion,Yogyakarta,COD,293762
O7846,2,Fashion,Purworejo,E-Wallet,390690
O7847,9,Kesehatan,Purworejo,COD,416204
O7848,3,Makanan,Semarang,E-Wallet,69229
O7849,4,Rumah Tangga,Solo,E-Wallet,149004
O7850,18,Makanan,Semarang,E-Wallet,433916
O7851,12,Fashion,Solo,E-Wallet,470247
O7852,3,Kesehatan,Yogyakarta,Transfer Bank,119191
O7853,14,Fashion,Semarang,Transfer Bank,341955
O7854,18,Kesehatan,Semarang,Kartu Kredit,152221
O7855,7,Elektronik,Purworejo,Transfer Bank,476218
O7856,19,Fashion,Solo,Transfer Bank,403375
O7857,14,Kesehatan,Yogyakarta,Kartu Kredit,376082
O7858,11,Elektronik,Magelang,COD,209259
O7859,4,Elektronik,Yogyakarta,Kartu Kredit,470165
O7860,12,Fashion,Purworejo,COD,231210
O7861,3,Kesehatan,Solo,Transfer Bank,463541
O7862,15,Rumah Tangga,Semarang,Transfer Bank,112942
O7863,2,Fashion,Semarang,Kartu Kredit,224696
O7864,16,Fashion,Yogyakarta,Kartu Kredit,418830
O7865,13,Rumah Tangga,Purworejo,COD,466631
O7866,13,Elektronik,Semarang,Kartu Kredit,83513
O7867,20,Fashion,Semarang,E-Wallet,345511
O7868,13,Rumah Tangga,Semarang,Kartu Kredit,110441
O7869,1,Fashion,Semarang,Transfer Bank,185188
O7870,20,Makanan,Solo,Transfer Bank,192510
O7871,10,Fashion,Solo,Transfer Bank,412142
O7872,8,Fashion,Purworejo,COD,185092
O7873,3,Rumah Tangga,Purworejo,E-Wallet,363649
O7874,20,Kesehatan,Purworejo,COD,397572
O7875,17,Makanan,Solo,E-Wallet,352370
O7876,15,Makanan,Solo,Transfer Bank,455701
O7877,1,Elektronik,Solo,E-Wallet,323013
O7878,7,Kesehatan,Purworejo,Kartu Kredit,210893
O7879,18,Rumah Tangga,Magelang,Kartu Kredit,221741
O7880,1,Fashion,Yogyakarta,E-Wallet,284115
O7881,1,Rumah Tangga,Magelang,E-Wallet,128130
O7882,20,Makanan,Solo,Kartu Kredit,301789
O7883,9,Makanan,Yogyakarta,COD,123802
O7884,9,Fashion,Semarang,COD,134263
O7885,9,Makanan,Yogyakarta,E-Wallet,136026
O7886,13,Fashion,Semarang,E-Wallet,489172
O7887,7,Fashion,Magelang,COD,70282
O7888,17,Elektronik,Yogyakarta,COD,89335
O7889,3,Kesehatan,Magelang,Transfer Bank,190839
O7890,2,Kesehatan,Solo,E-Wallet,292794
O7891,18,Makanan,Solo,E-Wallet,340965
O7892,9,Elektronik,Yogyakarta,COD,188659
O7893,4,Kesehatan,Solo,Kartu Kredit,331547
O7894,8,Fashion,Semarang,E-Wallet,469279
O7895,20,Fashion,Purworejo,E-Wallet,452944
O7896,6,Makanan,Solo,COD,493323
O7897,19,Makanan,Yogyakarta,COD,269549
O7898,16,Rumah Tangga,Magelang,E-Wallet,395732
O7899,16,Kesehatan,Semarang,COD,389586
O7900,7,Makanan,Yogyakarta,Transfer Bank,442805
O7901,3,Elektronik,Purworejo,Kartu Kredit,325853
O7902,19,Makanan,Semarang,COD,455161
O7903,18,Fashion,Purworejo,COD,417079
O7904,18,Kesehatan,Purworejo,COD,315512
O7905,18,Elektronik,Magelang,E-Wallet,221424
O7906,14,Makanan,Purworejo,E-Wallet,366325
O7907,11,Kesehatan,Solo,COD,118574
O7908,13,Makanan,Semarang,Kartu Kredit,151125
O7909,3,Makanan,Semarang,E-Wallet,175365
O7910,20,Kesehatan,Purworejo,COD,442321
O7911,17,Kesehatan,Purworejo,COD,71856
O7912,11,Kesehatan,Yogyakarta,Kartu Kredit,352545
O7913,5,Elektronik,Semarang,COD,112965
O7914,7,Fashion,Solo,COD,79865
O7915,16,Makanan,Solo,Kartu Kredit,364316
O7916,7,Fashion,Purworejo,Kartu Kredit,126062
O7917,6,Makanan,Yogyakarta,COD,383893
O7918,11,Makanan,Purworejo,E-Wallet,50123
O7919,20,Kesehatan,Purworejo,E-Wallet,94906
O7920,2,Kesehatan,Semarang,E-Wallet,292018
O7921,4,Makanan,Solo,COD,204879
O7922,7,Makanan,Purworejo,Kartu Kredit,323627
O7923,15,Makanan,Yogyakarta,Kartu Kredit,345230
O7924,10,Makanan,Semarang,COD,165257
O7925,9,Kesehatan,Semarang,Kartu Kredit,132696
O7926,3,Makanan,Yogyakarta,Transfer Bank,296850
O7927,18,Elektronik,Solo,Kartu Kredit,422123
O7928,16,Elektronik,Solo,Transfer Bank,393335
O7929,7,Fashion,Purworejo,E-Wallet,106808
O7930,10,Makanan,Purworejo,Transfer Bank,309531
O7931,3,Makanan,Solo,COD,254314
O7932,13,Elektronik,Semarang,COD,344491
O7933,7,Rumah Tangga,Magelang,E-Wallet,476894
O7934,8,Elektronik,Purworejo,Kartu Kredit,294871
O7935,13,Kesehatan,Purworejo,COD,377304
O7936,12,Fashion,Magelang,Kartu Kredit,150384
O7937,18,Makanan,Purworejo,COD,494715
O7938,6,Rumah Tangga,Solo,Transfer Bank,495502
O7939,10,Fashion,Semarang,Transfer Bank,127506
O7940,3,Makanan,Solo,Transfer Bank,121582
O7941,13,Rumah Tangga,Purworejo,E-Wallet,116204
O7942,13,Elektronik,Purworejo,E-Wallet,383997
O7943,17,Kesehatan,Yogyakarta,COD,306410
O7944,5,Makanan,Purworejo,Transfer Bank,245099
O7945,18,Makanan,Solo,E-Wallet,148878
O7946,2,Kesehatan,Magelang,Kartu Kredit,281279
O7947,16,Kesehatan,Solo,COD,352847
O7948,5,Elektronik,Semarang,Transfer Bank,143966
O7949,13,Rumah Tangga,Magelang,Transfer Bank,320440
O7950,2,Fashion,Magelang,Transfer Bank,326219
O7951,7,Rumah Tangga,Semarang,Kartu Kredit,258764
O7952,17,Rumah Tangga,Purworejo,COD,349243
O7953,15,Rumah Tangga,Semarang,Transfer Bank,140241
O7954,14,Kesehatan,Purworejo,Transfer Bank,266896
O7955,19,Kesehatan,Solo,Kartu Kredit,369216
O7956,16,Kesehatan,Purworejo,Transfer Bank,178986
O7957,12,Rumah Tangga,Magelang,Transfer Bank,359871
O7958,4,Kesehatan,Purworejo,COD,148855
O7959,1,Kesehatan,Solo,Transfer Bank,285436
O7960,6,Makanan,Magelang,Transfer Bank,142488
O7961,19,Fashion,Semarang,Kartu Kredit,132464
O7962,4,Makanan,Yogyakarta,Transfer Bank,130246
O7963,9,Fashion,Magelang,Transfer Bank,207743
O7964,16,Makanan,Purworejo,COD,204273
O7965,1,Rumah Tangga,Purworejo,Kartu Kredit,337128
O7966,16,Elektronik,Magelang,Kartu Kredit,412458
O7967,2,Kesehatan,Solo,E-Wallet,227198
O7968,8,Fashion,Semarang,COD,167615
O7969,19,Fashion,Semarang,Kartu Kredit,425886
O7970,11,Makanan,Magelang,E-Wallet,131453
O7971,12,Makanan,Semarang,Kartu Kredit,120753
O7972,10,Fashion,Yogyakarta,COD,134028
O7973,9,Rumah Tangga,Semarang,Kartu Kredit,386724
O7974,10,Kesehatan,Purworejo,COD,268306
O7975,6,Elektronik,Yogyakarta,E-Wallet,487989
O7976,11,Kesehatan,Magelang,E-Wallet,126838
O7977,12,Makanan,Solo,COD,466711
O7978,8,Elektronik,Semarang,Transfer Bank,164300
O7979,18,Elektronik,Semarang,COD,131205
O7980,18,Kesehatan,Magelang,Kartu Kredit,80425
O7981,4,Rumah Tangga,Solo,E-Wallet,461439
O7982,17,Kesehatan,Solo,E-Wallet,301352
O7983,7,Fashion,Semarang,COD,304606
O7984,17,Rumah Tangga,Purworejo,E-Wallet,264383
O7985,7,Kesehatan,Solo,Kartu Kredit,60881
O7986,14,Rumah Tangga,Purworejo,COD,305895
O7987,3,Elektronik,Solo,COD,283650
O7988,16,Kesehatan,Magelang,Kartu Kredit,123321
O7989,15,Makanan,Purworejo,E-Wallet,340377
O7990,12,Makanan,Purworejo,COD,64224
O7991,20,Rumah Tangga,Purworejo,Kartu Kredit,417428
O7992,5,Fashion,Magelang,E-Wallet,280675
O7993,10,Kesehatan,Solo,Transfer Bank,297361
O7994,6,Rumah Tangga,Magelang,Kartu Kredit,51216
O7995,20,Rumah Tangga,Purworejo,E-Wallet,240832
O7996,12,Rumah Tangga,Yogyakarta,COD,64073
O7997,20,Rumah Tangga,Solo,E-Wallet,152559
O7998,9,Fashion,Solo,Kartu Kredit,427785
O7999,10,Makanan,Semarang,E-Wallet,231060
O8000,19,Rumah Tangga,Solo,COD,151389
O8001,17,Elektronik,Solo,COD,61409
O8002,17,Makanan,Semarang,Transfer Bank,364088
O8003,12,Rumah Tangga,Purworejo,E-Wallet,341810
O8004,2,Kesehatan,Magelang,Kartu Kredit,70503
O8005,14,Fashion,Purworejo,Transfer Bank,163281
O8006,8,Kesehatan,Semarang,COD,432776
O8007,3,Elektronik,Purworejo,Transfer Bank,206305
O8008,6,Elektronik,Semarang,Transfer Bank,370577
O8009,14,Rumah Tangga,Yogyakarta,COD,371902
O8010,13,Rumah Tangga,Purworejo,E-Wallet,254971
O8011,1,Elektronik,Semarang,E-Wallet,398673
O8012,14,Makanan,Yogyakarta,Transfer Bank,258789
O8013,19,Elektronik,Purworejo,Transfer Bank,95748
O8014,20,Makanan,Solo,Kartu Kredit,270936
O8015,12,Kesehatan,Purworejo,COD,427559
O8016,1,Fashion,Magelang,Transfer Bank,87146
O8017,16,Kesehatan,Semarang,Transfer Bank,60420
O8018,3,Fashion,Purworejo,Transfer Bank,459172
O8019,10,Kesehatan,Magelang,Transfer Bank,452197
O8020,11,Makanan,Purworejo,E-Wallet,257858
O8021,1,Elektronik,Yogyakarta,Transfer Bank,150132
O8022,20,Kesehatan,Yogyakarta,E-Wallet,355920
O8023,16,Rumah Tangga,Solo,E-Wallet,281171
O8024,13,Kesehatan,Purworejo,Transfer Bank,101316
O8025,17,Rumah Tangga,Magelang,COD,480483
O8026,9,Elektronik,Purworejo,COD,311009
O8027,3,Fashion,Magelang,Transfer Bank,124590
O8028,18,Makanan,Yogyakarta,Kartu Kredit,366804
O8029,17,Makanan,Semarang,E-Wallet,76086
O8030,13,Elektronik,Purworejo,E-Wallet,218893
O8031,20,Fashion,Magelang,E-Wallet,255332
O8032,18,Rumah Tangga,Yogyakarta,Kartu Kredit,170625
O8033,18,Rumah Tangga,Magelang,Transfer Bank,381113
O8034,7,Elektronik,Purworejo,COD,442793
O8035,14,Elektronik,Solo,COD,166263
O8036,5,Makanan,Yogyakarta,COD,113171
O8037,2,Rumah Tangga,Magelang,Transfer Bank,457229
O8038,7,Fashion,Yogyakarta,Kartu Kredit,210321
O8039,12,Elektronik,Solo,E-Wallet,331219
O8040,16,Fashion,Solo,E-Wallet,70365
O8041,6,Makanan,Magelang,Transfer Bank,181632
O8042,2,Kesehatan,Purworejo,COD,468913
O8043,20,Elektronik,Semarang,E-Wallet,280400
O8044,17,Rumah Tangga,Solo,Kartu Kredit,73203
O8045,17,Kesehatan,Semarang,E-Wallet,128170
O8046,15,Elektronik,Purworejo,Transfer Bank,481661
O8047,9,Makanan,Yogyakarta,COD,100407
O8048,16,Fashion,Semarang,COD,204961
O8049,18,Fashion,Semarang,Transfer Bank,151786
O8050,11,Fashion,Purworejo,COD,358610
O8051,3,Rumah Tangga,Purworejo,Kartu Kredit,348389
O8052,1,Elektronik,Semarang,E-Wallet,57046
O8053,13,Makanan,Semarang,Transfer Bank,366094
O8054,5,Fashion,Yogyakarta,Kartu Kredit,356893
O8055,6,Fashion,Magelang,E-Wallet,82965
O8056,7,Fashion,Solo,Transfer Bank,90370
O8057,19,Rumah Tangga,Yogyakarta,Transfer Bank,55560
O8058,17,Rumah Tangga,Semarang,Transfer Bank,389178
O8059,4,Fashion,Magelang,E-Wallet,408576
O8060,13,Rumah Tangga,Solo,E-Wallet,145358
O8061,14,Makanan,Semarang,E-Wallet,132491
O8062,17,Makanan,Solo,E-Wallet,293639
O8063,16,Makanan,Yogyakarta,E-Wallet,190488
O8064,18,Makanan,Yogyakarta,COD,294131
O8065,15,Fashion,Semarang,COD,108675
O8066,5,Fashion,Solo,Transfer Bank,463298
O8067,11,Rumah Tangga,Purworejo,COD,476906
O8068,14,Elektronik,Yogyakarta,Kartu Kredit,348670
O8069,15,Makanan,Yogyakarta,Transfer Bank,483026
O8070,10,Kesehatan,Yogyakarta,Kartu Kredit,172633
O8071,7,Rumah Tangga,Purworejo,COD,355794
O8072,7,Makanan,Magelang,Kartu Kredit,257640
O8073,15,Makanan,Magelang,E-Wallet,386894
O8074,3,Rumah Tangga,Purworejo,Transfer Bank,56647
O8075,9,Fashion,Purworejo,Kartu Kredit,461863
O8076,8,Rumah Tangga,Purworejo,E-Wallet,456095
O8077,15,Kesehatan,Solo,E-Wallet,110912
O8078,2,Kesehatan,Purworejo,Transfer Bank,456715
O8079,4,Makanan,Yogyakarta,Kartu Kredit,119704
O8080,6,Kesehatan,Purworejo,COD,129966
O8081,14,Makanan,Purworejo,Kartu Kredit,88944
O8082,8,Kesehatan,Magelang,COD,495953
O8083,8,Rumah Tangga,Purworejo,Transfer Bank,52570
O8084,15,Kesehatan,Solo,Transfer Bank,187562
O8085,2,Elektronik,Yogyakarta,Transfer Bank,77656
O8086,5,Elektronik,Yogyakarta,Kartu Kredit,431783
O8087,13,Makanan,Yogyakarta,Kartu Kredit,288660
O8088,8,Elektronik,Solo,COD,128111
O8089,5,Kesehatan,Purworejo,Kartu Kredit,171761
O8090,9,Makanan,Solo,Transfer Bank,421786
O8091,8,Fashion,Semarang,COD,456902
O8092,16,Fashion,Semarang,Transfer Bank,247700
O8093,16,Kesehatan,Yogyakarta,E-Wallet,148529
O8094,14,Kesehatan,Magelang,Kartu Kredit,280544
O8095,4,Rumah Tangga,Yogyakarta,Transfer Bank,131078
O8096,1,Makanan,Solo,COD,390120
O8097,19,Kesehatan,Yogyakarta,E-Wallet,435538
O8098,14,Fashion,Solo,E-Wallet,351142
O8099,9,Fashion,Yogyakarta,Transfer Bank,79518
O8100,7,Makanan,Yogyakarta,Kartu Kredit,190111
O8101,16,Makanan,Yogyakarta,Kartu Kredit,130039
O8102,17,Makanan,Purworejo,Transfer Bank,428641
O8103,6,Elektronik,Yogyakarta,COD,309690
O8104,4,Rumah Tangga,Magelang,Transfer Bank,287817
O8105,12,Kesehatan,Magelang,E-Wallet,410874
O8106,16,Makanan,Solo,COD,424904
O8107,8,Fashion,Yogyakarta,Transfer Bank,402204
O8108,20,Elektronik,Solo,Kartu Kredit,381693
O8109,2,Rumah Tangga,Semarang,Transfer Bank,484196
O8110,7,Kesehatan,Purworejo,Transfer Bank,151624
O8111,17,Kesehatan,Purworejo,E-Wallet,341284
O8112,9,Elektronik,Semarang,Transfer Bank,388335
O8113,10,Rumah Tangga,Purworejo,Transfer Bank,217198
O8114,9,Makanan,Semarang,E-Wallet,310752
O8115,3,Elektronik,Magelang,COD,125502
O8116,8,Makanan,Purworejo,E-Wallet,431078
O8117,2,Elektronik,Magelang,E-Wallet,358169
O8118,15,Rumah Tangga,Yogyakarta,Transfer Bank,157883
O8119,16,Elektronik,Semarang,Kartu Kredit,362927
O8120,7,Fashion,Solo,Kartu Kredit,301392
O8121,18,Kesehatan,Solo,Kartu Kredit,294503
O8122,15,Makanan,Magelang,E-Wallet,442411
O8123,18,Fashion,Purworejo,Transfer Bank,155019
O8124,19,Elektronik,Solo,E-Wallet,265759
O8125,13,Elektronik,Yogyakarta,Transfer Bank,58694
O8126,2,Kesehatan,Yogyakarta,Transfer Bank,148959
O8127,8,Rumah Tangga,Yogyakarta,Transfer Bank,375365
O8128,17,Rumah Tangga,Magelang,Kartu Kredit,253859
O8129,15,Elektronik,Solo,Transfer Bank,276371
O8130,13,Kesehatan,Solo,COD,76902
O8131,20,Kesehatan,Magelang,Transfer Bank,302794
O8132,18,Elektronik,Semarang,Transfer Bank,120427
O8133,18,Fashion,Solo,Kartu Kredit,371877
O8134,2,Rumah Tangga,Magelang,Kartu Kredit,488265
O8135,19,Rumah Tangga,Magelang,COD,427590
O8136,7,Elektronik,Solo,E-Wallet,218837
O8137,15,Makanan,Magelang,E-Wallet,457193
O8138,4,Fashion,Purworejo,Kartu Kredit,193632
O8139,17,Kesehatan,Solo,COD,267055
O8140,16,Makanan,Yogyakarta,Kartu Kredit,319062
O8141,7,Elektronik,Magelang,Kartu Kredit,469399
O8142,5,Fashion,Solo,Transfer Bank,357477
O8143,13,Fashion,Semarang,Transfer Bank,50463
O8144,10,Elektronik,Solo,COD,480325
O8145,2,Fashion,Purworejo,E-Wallet,193457
O8146,18,Rumah Tangga,Semarang,COD,157314
O8147,17,Kesehatan,Magelang,Transfer Bank,399038
O8148,6,Fashion,Solo,E-Wallet,443012
O8149,7,Fashion,Magelang,Kartu Kredit,343882
O8150,20,Rumah Tangga,Solo,Transfer Bank,485337
O8151,8,Rumah Tangga,Yogyakarta,Transfer Bank,377421
O8152,6,Rumah Tangga,Semarang,E-Wallet,75513
O8153,1,Kesehatan,Purworejo,Transfer Bank,413647
O8154,5,Fashion,Semarang,Kartu Kredit,417596
O8155,3,Makanan,Solo,Transfer Bank,227933
O8156,2,Elektronik,Purworejo,Transfer Bank,252622
O8157,14,Elektronik,Purworejo,E-Wallet,320351
O8158,20,Fashion,Semarang,Kartu Kredit,453326
O8159,6,Fashion,Solo,Transfer Bank,313323
O8160,8,Elektronik,Semarang,Transfer Bank,389035
O8161,9,Elektronik,Yogyakarta,E-Wallet,347180
O8162,6,Fashion,Magelang,E-Wallet,174418
O8163,11,Makanan,Semarang,Transfer Bank,108069
O8164,4,Makanan,Magelang,E-Wallet,73720
O8165,17,Makanan,Purworejo,E-Wallet,240626
O8166,19,Fashion,Magelang,Transfer Bank,135309
O8167,18,Makanan,Semarang,E-Wallet,238204
O8168,16,Fashion,Magelang,COD,368084
O8169,9,Fashion,Magelang,Transfer Bank,132009
O8170,19,Makanan,Magelang,COD,386699
O8171,14,Rumah Tangga,Yogyakarta,COD,221853
O8172,20,Fashion,Solo,Kartu Kredit,130678
O8173,2,Elektronik,Yogyakarta,COD,397142
O8174,7,Fashion,Magelang,Kartu Kredit,128094
O8175,7,Elektronik,Purworejo,Kartu Kredit,245671
O8176,18,Rumah Tangga,Yogyakarta,Kartu Kredit,462292
O8177,3,Rumah Tangga,Yogyakarta,Kartu Kredit,118514
O8178,19,Fashion,Purworejo,Kartu Kredit,317703
O8179,17,Fashion,Purworejo,Transfer Bank,50925
O8180,8,Kesehatan,Yogyakarta,Kartu Kredit,247913
O8181,15,Kesehatan,Solo,COD,433343
O8182,9,Rumah Tangga,Magelang,E-Wallet,347130
O8183,19,Kesehatan,Semarang,Kartu Kredit,472589
O8184,18,Rumah Tangga,Magelang,Kartu Kredit,328156
O8185,7,Makanan,Magelang,Kartu Kredit,117706
O8186,7,Kesehatan,Yogyakarta,Transfer Bank,446372
O8187,9,Kesehatan,Purworejo,E-Wallet,365531
O8188,19,Elektronik,Solo,COD,171723
O8189,2,Makanan,Magelang,COD,485741
O8190,13,Makanan,Semarang,Kartu Kredit,441690
O8191,9,Kesehatan,Semarang,COD,291260
O8192,4,Makanan,Solo,COD,181278
O8193,20,Kesehatan,Magelang,Transfer Bank,433139
O8194,4,Fashion,Solo,E-Wallet,77218
O8195,10,Makanan,Solo,E-Wallet,261794
O8196,14,Fashion,Semarang,Kartu Kredit,465998
O8197,8,Elektronik,Purworejo,E-Wallet,254275
O8198,13,Makanan,Purworejo,E-Wallet,363340
O8199,4,Makanan,Yogyakarta,COD,215993
O8200,18,Rumah Tangga,Purworejo,E-Wallet,327801
O8201,5,Fashion,Solo,Kartu Kredit,352885
O8202,4,Rumah Tangga,Yogyakarta,E-Wallet,184217
O8203,11,Elektronik,Yogyakarta,Transfer Bank,168428
O8204,16,Fashion,Solo,Kartu Kredit,417196
O8205,16,Rumah Tangga,Semarang,Kartu Kredit,215091
O8206,8,Rumah Tangga,Yogyakarta,COD,342439
O8207,1,Makanan,Solo,Transfer Bank,93337
O8208,4,Makanan,Yogyakarta,COD,182067
O8209,8,Kesehatan,Semarang,E-Wallet,454825
O8210,3,Fashion,Magelang,Kartu Kredit,379739
O8211,15,Rumah Tangga,Semarang,Kartu Kredit,453210
O8212,8,Elektronik,Purworejo,COD,283883
O8213,14,Elektronik,Solo,E-Wallet,371397
O8214,1,Elektronik,Semarang,Kartu Kredit,53406
O8215,12,Kesehatan,Semarang,Kartu Kredit,213975
O8216,10,Rumah Tangga,Yogyakarta,COD,225540
O8217,4,Elektronik,Semarang,E-Wallet,451031
O8218,1,Fashion,Semarang,Kartu Kredit,447144
O8219,6,Fashion,Semarang,COD,479299
O8220,3,Rumah Tangga,Magelang,COD,209324
O8221,10,Fashion,Yogyakarta,COD,406346
O8222,14,Rumah Tangga,Yogyakarta,E-Wallet,262889
O8223,4,Fashion,Magelang,E-Wallet,91172
O8224,6,Fashion,Purworejo,COD,101483
O8225,17,Fashion,Solo,E-Wallet,83891
O8226,3,Kesehatan,Purworejo,Transfer Bank,238181
O8227,13,Rumah Tangga,Solo,COD,430769
O8228,4,Rumah Tangga,Solo,COD,165895
O8229,2,Rumah Tangga,Purworejo,Kartu Kredit,350967
O8230,18,Elektronik,Solo,Transfer Bank,83850
O8231,12,Kesehatan,Yogyakarta,Transfer Bank,299642
O8232,13,Rumah Tangga,Solo,Kartu Kredit,72744
O8233,3,Kesehatan,Yogyakarta,COD,322555
O8234,14,Makanan,Semarang,E-Wallet,384812
O8235,18,Fashion,Solo,Transfer Bank,51818
O8236,18,Rumah Tangga,Semarang,Kartu Kredit,130973
O8237,6,Elektronik,Purworejo,E-Wallet,56929
O8238,5,Kesehatan,Magelang,E-Wallet,410540
O8239,12,Fashion,Purworejo,COD,384282
O8240,18,Makanan,Solo,Transfer Bank,466676
O8241,10,Rumah Tangga,Yogyakarta,COD,193771
O8242,11,Fashion,Purworejo,Kartu Kredit,496054
O8243,9,Fashion,Purworejo,COD,366007
O8244,20,Fashion,Magelang,Kartu Kredit,272462
O8245,12,Elektronik,Purworejo,COD,155581
O8246,10,Fashion,Magelang,Transfer Bank,233351
O8247,8,Makanan,Semarang,COD,148006
O8248,1,Kesehatan,Magelang,Kartu Kredit,262350
O8249,20,Elektronik,Solo,Transfer Bank,178734
O8250,6,Fashion,Magelang,Kartu Kredit,62925
O8251,7,Rumah Tangga,Purworejo,E-Wallet,459514
O8252,2,Kesehatan,Yogyakarta,E-Wallet,126853
O8253,2,Elektronik,Yogyakarta,Transfer Bank,307010
O8254,7,Fashion,Semarang,Transfer Bank,117324
O8255,7,Rumah Tangga,Magelang,Transfer Bank,351045
O8256,1,Fashion,Yogyakarta,E-Wallet,183723
O8257,13,Kesehatan,Semarang,COD,382066
O8258,18,Fashion,Semarang,COD,189917
O8259,20,Fashion,Magelang,Transfer Bank,97955
O8260,6,Elektronik,Magelang,Transfer Bank,278403
O8261,7,Kesehatan,Magelang,COD,247946
O8262,2,Kesehatan,Purworejo,Transfer Bank,311655
O8263,4,Kesehatan,Semarang,COD,114884
O8264,12,Kesehatan,Semarang,Transfer Bank,408874
O8265,5,Elektronik,Semarang,COD,489709
O8266,15,Fashion,Purworejo,Kartu Kredit,465407
O8267,2,Fashion,Solo,E-Wallet,114672
O8268,9,Fashion,Yogyakarta,COD,284779
O8269,18,Makanan,Purworejo,E-Wallet,410647
O8270,16,Makanan,Semarang,Transfer Bank,111966
O8271,18,Fashion,Semarang,E-Wallet,307246
O8272,4,Rumah Tangga,Purworejo,COD,372456
O8273,2,Elektronik,Solo,E-Wallet,462898
O8274,11,Fashion,Solo,COD,336076
O8275,2,Fashion,Purworejo,E-Wallet,252787
O8276,14,Kesehatan,Yogyakarta,Kartu Kredit,207885
O8277,12,Rumah Tangga,Solo,COD,155637
O8278,16,Elektronik,Yogyakarta,Kartu Kredit,394738
O8279,3,Rumah Tangga,Yogyakarta,Kartu Kredit,344700
O8280,20,Fashion,Solo,COD,490902
O8281,19,Rumah Tangga,Magelang,Transfer Bank,99074
O8282,13,Elektronik,Magelang,COD,328063
O8283,12,Kesehatan,Semarang,Kartu Kredit,337920
O8284,13,Kesehatan,Yogyakarta,COD,186987
O8285,6,Makanan,Yogyakarta,COD,449759
O8286,20,Fashion,Semarang,E-Wallet,245601
O8287,3,Rumah Tangga,Purworejo,COD,131853
O8288,3,Kesehatan,Magelang,Transfer Bank,73486
O8289,14,Fashion,Solo,Transfer Bank,473224
O8290,8,Rumah Tangga,Semarang,Kartu Kredit,429346
O8291,6,Kesehatan,Solo,Kartu Kredit,455350
O8292,10,Rumah Tangga,Yogyakarta,Kartu Kredit,179964
O8293,9,Kesehatan,Semarang,Kartu Kredit,297634
O8294,10,Makanan,Yogyakarta,E-Wallet,445737
O8295,12,Makanan,Magelang,Kartu Kredit,386968
O8296,6,Makanan,Purworejo,Transfer Bank,156248
O8297,19,Rumah Tangga,Purworejo,E-Wallet,492601
O8298,5,Elektronik,Magelang,Transfer Bank,345048
O8299,19,Rumah Tangga,Purworejo,E-Wallet,77218
O8300,4,Fashion,Yogyakarta,Transfer Bank,448980
O8301,7,Makanan,Yogyakarta,Kartu Kredit,476478
O8302,19,Elektronik,Magelang,E-Wallet,223464
O8303,6,Elektronik,Yogyakarta,E-Wallet,54576
O8304,11,Rumah Tangga,Magelang,Kartu Kredit,479787
O8305,20,Rumah Tangga,Semarang,Kartu Kredit,422287
O8306,14,Kesehatan,Purworejo,Transfer Bank,247622
O8307,5,Makanan,Yogyakarta,Kartu Kredit,372955
O8308,16,Elektronik,Magelang,Transfer Bank,232634
O8309,16,Fashion,Semarang,Kartu Kredit,86582
O8310,19,Elektronik,Purworejo,COD,116741
O8311,17,Kesehatan,Yogyakarta,Kartu Kredit,440222
O8312,18,Elektronik,Purworejo,Transfer Bank,222392
O8313,14,Elektronik,Semarang,Kartu Kredit,221108
O8314,7,Makanan,Solo,Transfer Bank,197770
O8315,5,Kesehatan,Semarang,E-Wallet,217820
O8316,4,Kesehatan,Solo,Kartu Kredit,257867
O8317,12,Kesehatan,Solo,E-Wallet,425485
O8318,18,Kesehatan,Semarang,Kartu Kredit,297430
O8319,14,Kesehatan,Semarang,E-Wallet,414448
O8320,15,Elektronik,Purworejo,E-Wallet,132879
O8321,19,Elektronik,Solo,Kartu Kredit,398129
O8322,12,Rumah Tangga,Semarang,COD,357071
O8323,17,Makanan,Purworejo,COD,67073
O8324,5,Fashion,Semarang,Transfer Bank,336479
O8325,4,Kesehatan,Yogyakarta,E-Wallet,436323
O8326,15,Makanan,Semarang,Transfer Bank,138997
O8327,1,Elektronik,Solo,Transfer Bank,282208
O8328,6,Elektronik,Magelang,E-Wallet,320659
O8329,6,Makanan,Purworejo,Transfer Bank,391943
O8330,9,Kesehatan,Magelang,COD,64711
O8331,12,Elektronik,Purworejo,COD,177983
O8332,18,Fashion,Purworejo,COD,322668
O8333,9,Elektronik,Magelang,COD,295598
O8334,13,Makanan,Purworejo,Transfer Bank,401190
O8335,18,Kesehatan,Semarang,Kartu Kredit,326345
O8336,18,Kesehatan,Magelang,Transfer Bank,223470
O8337,9,Kesehatan,Solo,Transfer Bank,190357
O8338,20,Elektronik,Magelang,COD,484373
O8339,6,Kesehatan,Purworejo,COD,181331
O8340,18,Fashion,Purworejo,Transfer Bank,470125
O8341,8,Elektronik,Purworejo,Transfer Bank,199574
O8342,12,Rumah Tangga,Yogyakarta,Kartu Kredit,275210
O8343,13,Kesehatan,Magelang,Kartu Kredit,428692
O8344,13,Makanan,Yogyakarta,E-Wallet,58970
O8345,7,Rumah Tangga,Solo,Transfer Bank,231893
O8346,8,Kesehatan,Purworejo,Kartu Kredit,167520
O8347,8,Makanan,Magelang,COD,200927
O8348,2,Kesehatan,Solo,E-Wallet,202728
O8349,15,Fashion,Magelang,E-Wallet,332242
O8350,5,Kesehatan,Purworejo,Transfer Bank,434523
O8351,19,Kesehatan,Purworejo,Transfer Bank,219422
O8352,2,Elektronik,Semarang,Transfer Bank,252825
O8353,12,Fashion,Yogyakarta,E-Wallet,175412
O8354,12,Elektronik,Purworejo,Transfer Bank,414415
O8355,1,Rumah Tangga,Purworejo,E-Wallet,425901
O8356,13,Rumah Tangga,Solo,Kartu Kredit,242697
O8357,6,Rumah Tangga,Solo,Transfer Bank,60930
O8358,10,Makanan,Yogyakarta,Transfer Bank,484814
O8359,7,Elektronik,Solo,E-Wallet,154179
O8360,3,Rumah Tangga,Magelang,E-Wallet,80275
O8361,7,Elektronik,Solo,Kartu Kredit,371383
O8362,12,Fashion,Semarang,COD,300770
O8363,8,Rumah Tangga,Purworejo,E-Wallet,242316
O8364,1,Kesehatan,Magelang,E-Wallet,224668
O8365,18,Elektronik,Magelang,Transfer Bank,242334
O8366,2,Makanan,Semarang,Kartu Kredit,304165
O8367,5,Rumah Tangga,Semarang,COD,445756
O8368,2,Elektronik,Yogyakarta,Kartu Kredit,130257
O8369,1,Fashion,Purworejo,Transfer Bank,219869
O8370,11,Makanan,Yogyakarta,Kartu Kredit,180354
O8371,17,Kesehatan,Magelang,Transfer Bank,401320
O8372,5,Fashion,Magelang,COD,296999
O8373,3,Makanan,Magelang,Kartu Kredit,132513
O8374,16,Fashion,Purworejo,E-Wallet,215000
O8375,5,Rumah Tangga,Purworejo,E-Wallet,156228
O8376,16,Makanan,Yogyakarta,E-Wallet,435901
O8377,18,Kesehatan,Yogyakarta,E-Wallet,173802
O8378,1,Rumah Tangga,Semarang,E-Wallet,328657
O8379,4,Fashion,Semarang,E-Wallet,386939
O8380,19,Kesehatan,Semarang,Transfer Bank,498433
O8381,19,Rumah Tangga,Yogyakarta,E-Wallet,308469
O8382,15,Makanan,Solo,Kartu Kredit,391002
O8383,16,Elektronik,Solo,Transfer Bank,64467
O8384,17,Kesehatan,Yogyakarta,E-Wallet,499745
O8385,19,Fashion,Solo,E-Wallet,236228
O8386,19,Rumah Tangga,Purworejo,Transfer Bank,271856
O8387,13,Rumah Tangga,Magelang,Kartu Kredit,305323
O8388,19,Fashion,Purworejo,Kartu Kredit,453807
O8389,17,Fashion,Purworejo,COD,419434
O8390,1,Kesehatan,Solo,Transfer Bank,138389
O8391,20,Kesehatan,Magelang,E-Wallet,277920
O8392,5,Elektronik,Magelang,Kartu Kredit,423385
O8393,12,Kesehatan,Purworejo,Transfer Bank,161011
O8394,10,Rumah Tangga,Semarang,COD,488454
O8395,1,Makanan,Semarang,E-Wallet,467435
O8396,3,Kesehatan,Yogyakarta,E-Wallet,74185
O8397,19,Fashion,Solo,Transfer Bank,374880
O8398,7,Kesehatan,Magelang,COD,414042
O8399,8,Makanan,Semarang,Transfer Bank,443308
O8400,17,Makanan,Semarang,Transfer Bank,129386
O8401,20,Makanan,Purworejo,COD,84871
O8402,13,Fashion,Magelang,Kartu Kredit,325774
O8403,18,Rumah Tangga,Magelang,Kartu Kredit,345597
O8404,9,Fashion,Purworejo,E-Wallet,73407
O8405,3,Kesehatan,Magelang,Kartu Kredit,453888
O8406,10,Kesehatan,Solo,Transfer Bank,474486
O8407,19,Elektronik,Yogyakarta,Kartu Kredit,374404
O8408,20,Elektronik,Magelang,Transfer Bank,308312
O8409,6,Kesehatan,Magelang,E-Wallet,243219
O8410,14,Kesehatan,Yogyakarta,E-Wallet,320543
O8411,20,Rumah Tangga,Solo,Transfer Bank,116410
O8412,13,Fashion,Yogyakarta,E-Wallet,111362
O8413,12,Makanan,Yogyakarta,COD,480730
O8414,19,Makanan,Semarang,E-Wallet,56695
O8415,12,Elektronik,Purworejo,E-Wallet,143462
O8416,13,Kesehatan,Purworejo,E-Wallet,462140
O8417,13,Rumah Tangga,Semarang,COD,338609
O8418,20,Makanan,Magelang,Kartu Kredit,449261
O8419,13,Rumah Tangga,Yogyakarta,COD,80492
O8420,13,Rumah Tangga,Magelang,Kartu Kredit,64762
O8421,3,Elektronik,Solo,Kartu Kredit,352236
O8422,15,Fashion,Semarang,COD,97534
O8423,14,Makanan,Yogyakarta,Transfer Bank,457498
O8424,7,Rumah Tangga,Yogyakarta,E-Wallet,283572
O8425,4,Makanan,Semarang,Kartu Kredit,170778
O8426,11,Kesehatan,Magelang,COD,410819
O8427,12,Makanan,Purworejo,Kartu Kredit,78203
O8428,14,Elektronik,Semarang,E-Wallet,431776
O8429,7,Kesehatan,Yogyakarta,E-Wallet,465699
O8430,13,Rumah Tangga,Solo,E-Wallet,406220
O8431,14,Rumah Tangga,Magelang,E-Wallet,380862
O8432,3,Kesehatan,Semarang,Transfer Bank,146194
O8433,11,Makanan,Magelang,Transfer Bank,439879
O8434,3,Makanan,Solo,Kartu Kredit,376204
O8435,15,Rumah Tangga,Magelang,COD,271067
O8436,7,Rumah Tangga,Yogyakarta,Kartu Kredit,428224
O8437,1,Fashion,Solo,COD,101387
O8438,13,Rumah Tangga,Semarang,E-Wallet,346534
O8439,3,Rumah Tangga,Solo,E-Wallet,119649
O8440,11,Fashion,Solo,E-Wallet,379573
O8441,8,Makanan,Purworejo,E-Wallet,408470
O8442,20,Rumah Tangga,Solo,Transfer Bank,468946
O8443,17,Rumah Tangga,Purworejo,Kartu Kredit,422345
O8444,7,Rumah Tangga,Solo,E-Wallet,368218
O8445,4,Makanan,Semarang,COD,129087
O8446,14,Kesehatan,Purworejo,Kartu Kredit,394028
O8447,8,Rumah Tangga,Magelang,E-Wallet,306021
O8448,10,Kesehatan,Semarang,Transfer Bank,77970
O8449,5,Makanan,Magelang,COD,301715
O8450,19,Fashion,Yogyakarta,Kartu Kredit,279110
O8451,14,Kesehatan,Solo,Transfer Bank,390905
O8452,5,Fashion,Yogyakarta,E-Wallet,132164
O8453,9,Rumah Tangga,Solo,Kartu Kredit,150442
O8454,12,Fashion,Semarang,COD,158436
O8455,18,Elektronik,Solo,Transfer Bank,453313
O8456,12,Kesehatan,Solo,Transfer Bank,105649
O8457,14,Fashion,Purworejo,COD,231698
O8458,3,Elektronik,Yogyakarta,Kartu Kredit,349567
O8459,13,Elektronik,Purworejo,Transfer Bank,465929
O8460,15,Makanan,Yogyakarta,Transfer Bank,104687
O8461,5,Rumah Tangga,Purworejo,Kartu Kredit,101289
O8462,13,Makanan,Semarang,E-Wallet,364705
O8463,20,Fashion,Yogyakarta,Kartu Kredit,435187
O8464,14,Fashion,Purworejo,Transfer Bank,253095
O8465,8,Kesehatan,Solo,E-Wallet,348656
O8466,11,Makanan,Semarang,Kartu Kredit,173161
O8467,11,Makanan,Purworejo,Kartu Kredit,489414
O8468,17,Kesehatan,Magelang,COD,141618
O8469,12,Makanan,Semarang,Transfer Bank,361912
O8470,2,Makanan,Solo,Kartu Kredit,215733
O8471,8,Rumah Tangga,Solo,E-Wallet,72524
O8472,16,Kesehatan,Magelang,Transfer Bank,344301
O8473,17,Rumah Tangga,Purworejo,Transfer Bank,418496
O8474,11,Kesehatan,Purworejo,COD,467813
O8475,19,Elektronik,Semarang,COD,409590
O8476,2,Elektronik,Purworejo,COD,429662
O8477,8,Rumah Tangga,Magelang,COD,70928
O8478,18,Elektronik,Magelang,Transfer Bank,124820
O8479,7,Makanan,Semarang,COD,350544
O8480,13,Rumah Tangga,Semarang,COD,168157
O8481,1,Makanan,Semarang,COD,214027
O8482,19,Makanan,Purworejo,COD,126104
O8483,15,Fashion,Yogyakarta,COD,106403
O8484,15,Kesehatan,Yogyakarta,COD,204434
O8485,1,Makanan,Solo,Kartu Kredit,83318
O8486,10,Kesehatan,Semarang,E-Wallet,148084
O8487,16,Kesehatan,Solo,COD,55731
O8488,19,Fashion,Purworejo,Kartu Kredit,104003
O8489,3,Fashion,Solo,Kartu Kredit,254829
O8490,8,Makanan,Yogyakarta,Transfer Bank,347749
O8491,1,Makanan,Yogyakarta,Kartu Kredit,73188
O8492,7,Elektronik,Yogyakarta,COD,124813
O8493,20,Elektronik,Yogyakarta,COD,76987
O8494,7,Makanan,Yogyakarta,Transfer Bank,351294
O8495,11,Elektronik,Solo,Transfer Bank,297574
O8496,5,Fashion,Solo,Kartu Kredit,158283
O8497,6,Makanan,Yogyakarta,Kartu Kredit,80599
O8498,14,Kesehatan,Semarang,Transfer Bank,430278
O8499,7,Makanan,Yogyakarta,Transfer Bank,250618
O8500,5,Rumah Tangga,Solo,Kartu Kredit,156330
O8501,7,Rumah Tangga,Purworejo,Transfer Bank,199834
O8502,20,Makanan,Yogyakarta,Transfer Bank,282072
O8503,15,Fashion,Purworejo,Kartu Kredit,238122
O8504,11,Makanan,Purworejo,E-Wallet,481811
O8505,2,Elektronik,Purworejo,COD,71997
O8506,7,Fashion,Solo,Kartu Kredit,409362
O8507,7,Makanan,Solo,Transfer Bank,485814
O8508,5,Kesehatan,Semarang,COD,454756
O8509,1,Rumah Tangga,Magelang,Transfer Bank,53902
O8510,5,Elektronik,Magelang,Transfer Bank,354856
O8511,3,Makanan,Solo,E-Wallet,156600
O8512,1,Rumah Tangga,Yogyakarta,Transfer Bank,117803
O8513,9,Rumah Tangga,Solo,E-Wallet,236772
O8514,3,Makanan,Semarang,E-Wallet,167111
O8515,6,Fashion,Yogyakarta,Kartu Kredit,427457
O8516,1,Makanan,Yogyakarta,Kartu Kredit,412467
O8517,1,Rumah Tangga,Yogyakarta,COD,75603
O8518,6,Kesehatan,Yogyakarta,Kartu Kredit,239307
O8519,17,Elektronik,Yogyakarta,Kartu Kredit,156194
O8520,4,Kesehatan,Solo,Transfer Bank,448465
O8521,6,Kesehatan,Semarang,Kartu Kredit,249989
O8522,16,Elektronik,Purworejo,Kartu Kredit,357410
O8523,15,Elektronik,Yogyakarta,Transfer Bank,337100
O8524,20,Fashion,Yogyakarta,COD,474419
O8525,11,Makanan,Solo,E-Wallet,134062
O8526,2,Fashion,Solo,Transfer Bank,452498
O8527,6,Kesehatan,Solo,Transfer Bank,377666
O8528,8,Kesehatan,Semarang,Transfer Bank,347608
O8529,12,Makanan,Solo,E-Wallet,306361
O8530,14,Rumah Tangga,Semarang,Kartu Kredit,336784
O8531,11,Makanan,Purworejo,COD,301485
O8532,16,Makanan,Yogyakarta,Transfer Bank,331540
O8533,12,Elektronik,Purworejo,E-Wallet,180131
O8534,13,Rumah Tangga,Magelang,Transfer Bank,271892
O8535,19,Fashion,Semarang,COD,443078
O8536,15,Elektronik,Purworejo,E-Wallet,93485
O8537,2,Fashion,Semarang,Transfer Bank,254831
O8538,3,Elektronik,Yogyakarta,COD,270608
O8539,12,Rumah Tangga,Yogyakarta,COD,482095
O8540,19,Elektronik,Magelang,COD,385617
O8541,8,Fashion,Magelang,E-Wallet,335829
O8542,1,Makanan,Purworejo,COD,402783
O8543,20,Fashion,Solo,COD,158374
O8544,3,Elektronik,Purworejo,COD,168729
O8545,11,Kesehatan,Solo,Transfer Bank,318544
O8546,20,Kesehatan,Yogyakarta,E-Wallet,332169
O8547,11,Rumah Tangga,Yogyakarta,Kartu Kredit,296221
O8548,11,Makanan,Semarang,E-Wallet,343048
O8549,1,Rumah Tangga,Yogyakarta,Kartu Kredit,159476
O8550,1,Elektronik,Purworejo,Transfer Bank,325600
O8551,20,Fashion,Yogyakarta,Kartu Kredit,79339
O8552,18,Kesehatan,Purworejo,COD,195587
O8553,10,Fashion,Purworejo,COD,256908
O8554,12,Kesehatan,Magelang,COD,495157
O8555,7,Fashion,Yogyakarta,Kartu Kredit,280447
O8556,9,Fashion,Purworejo,E-Wallet,291699
O8557,20,Rumah Tangga,Magelang,Transfer Bank,54674
O8558,3,Makanan,Solo,Transfer Bank,368039
O8559,1,Elektronik,Semarang,E-Wallet,111468
O8560,17,Fashion,Solo,COD,273016
O8561,17,Fashion,Yogyakarta,Transfer Bank,403897
O8562,7,Fashion,Solo,Kartu Kredit,179017
O8563,15,Kesehatan,Solo,Transfer Bank,128222
O8564,14,Makanan,Purworejo,COD,290720
O8565,1,Makanan,Solo,Transfer Bank,51756
O8566,11,Makanan,Yogyakarta,Transfer Bank,132947
O8567,3,Makanan,Yogyakarta,Transfer Bank,195603
O8568,4,Rumah Tangga,Solo,Kartu Kredit,397400
O8569,19,Kesehatan,Solo,E-Wallet,119412
O8570,20,Makanan,Solo,E-Wallet,71655
O8571,13,Kesehatan,Purworejo,Transfer Bank,438106
O8572,16,Fashion,Yogyakarta,COD,51089
O8573,11,Kesehatan,Yogyakarta,Transfer Bank,347949
O8574,9,Elektronik,Yogyakarta,Transfer Bank,466823
O8575,5,Elektronik,Yogyakarta,Kartu Kredit,352420
O8576,20,Fashion,Semarang,COD,133997
O8577,17,Elektronik,Solo,Kartu Kredit,226986
O8578,18,Makanan,Magelang,Transfer Bank,115863
O8579,3,Makanan,Solo,E-Wallet,101426
O8580,4,Kesehatan,Purworejo,Transfer Bank,228194
O8581,4,Fashion,Purworejo,Kartu Kredit,375805
O8582,9,Makanan,Semarang,E-Wallet,163000
O8583,15,Kesehatan,Semarang,Kartu Kredit,494337
O8584,13,Fashion,Purworejo,Kartu Kredit,436102
O8585,4,Fashion,Semarang,E-Wallet,135186
O8586,15,Kesehatan,Purworejo,Transfer Bank,168772
O8587,10,Elektronik,Yogyakarta,COD,456711
O8588,19,Kesehatan,Semarang,Transfer Bank,77793
O8589,6,Rumah Tangga,Magelang,Transfer Bank,217025
O8590,7,Fashion,Yogyakarta,COD,243445
O8591,20,Rumah Tangga,Solo,E-Wallet,234658
O8592,16,Rumah Tangga,Solo,COD,220408
O8593,17,Kesehatan,Semarang,E-Wallet,183253
O8594,3,Rumah Tangga,Yogyakarta,COD,205033
O8595,9,Fashion,Yogyakarta,Transfer Bank,332368
O8596,6,Kesehatan,Purworejo,Kartu Kredit,401196
O8597,6,Rumah Tangga,Purworejo,COD,285285
O8598,3,Rumah Tangga,Magelang,E-Wallet,459974
O8599,4,Fashion,Yogyakarta,Kartu Kredit,206105
O8600,12,Kesehatan,Magelang,Transfer Bank,319304
O8601,11,Makanan,Semarang,Transfer Bank,410227
O8602,1,Kesehatan,Purworejo,Transfer Bank,122492
O8603,2,Fashion,Yogyakarta,E-Wallet,99577
O8604,17,Makanan,Semarang,Kartu Kredit,212918
O8605,12,Rumah Tangga,Purworejo,Transfer Bank,183175
O8606,15,Kesehatan,Semarang,Transfer Bank,187439
O8607,16,Fashion,Solo,Kartu Kredit,376460
O8608,16,Kesehatan,Magelang,Transfer Bank,299526
O8609,1,Kesehatan,Yogyakarta,E-Wallet,406508
O8610,4,Fashion,Magelang,COD,185281
O8611,5,Kesehatan,Magelang,Kartu Kredit,368189
O8612,12,Elektronik,Magelang,COD,158695
O8613,7,Elektronik,Semarang,E-Wallet,207468
O8614,17,Rumah Tangga,Semarang,E-Wallet,247054
O8615,10,Makanan,Semarang,E-Wallet,92475
O8616,16,Elektronik,Semarang,Transfer Bank,74271
O8617,9,Kesehatan,Magelang,Transfer Bank,378419
O8618,6,Makanan,Yogyakarta,Kartu Kredit,288849
O8619,9,Kesehatan,Semarang,Transfer Bank,51389
O8620,5,Rumah Tangga,Semarang,Kartu Kredit,112121
O8621,10,Makanan,Yogyakarta,Kartu Kredit,369632
O8622,19,Fashion,Purworejo,Kartu Kredit,317170
O8623,10,Kesehatan,Yogyakarta,Kartu Kredit,71735
O8624,10,Makanan,Semarang,Kartu Kredit,259734
O8625,6,Fashion,Semarang,E-Wallet,398298
O8626,6,Fashion,Yogyakarta,E-Wallet,72526
O8627,14,Fashion,Magelang,Kartu Kredit,319544
O8628,5,Elektronik,Semarang,Transfer Bank,81199
O8629,7,Elektronik,Purworejo,Kartu Kredit,62416
O8630,20,Rumah Tangga,Solo,E-Wallet,426328
O8631,8,Kesehatan,Yogyakarta,Kartu Kredit,94119
O8632,13,Fashion,Solo,Transfer Bank,282711
O8633,17,Kesehatan,Magelang,Transfer Bank,212115
O8634,19,Rumah Tangga,Magelang,COD,233838
O8635,7,Rumah Tangga,Semarang,COD,252612
O8636,7,Makanan,Magelang,COD,499243
O8637,9,Kesehatan,Semarang,COD,201499
O8638,16,Fashion,Semarang,COD,204288
O8639,8,Rumah Tangga,Yogyakarta,Transfer Bank,135917
O8640,1,Rumah Tangga,Solo,Transfer Bank,102438
O8641,14,Elektronik,Semarang,COD,335888
O8642,18,Fashion,Purworejo,COD,450167
O8643,4,Rumah Tangga,Yogyakarta,Transfer Bank,367888
O8644,15,Makanan,Solo,Kartu Kredit,227394
O8645,4,Makanan,Magelang,Kartu Kredit,131472
O8646,5,Fashion,Solo,Kartu Kredit,160039
O8647,17,Elektronik,Magelang,COD,245604
O8648,1,Fashion,Magelang,COD,292058
O8649,4,Fashion,Semarang,Kartu Kredit,400731
O8650,12,Rumah Tangga,Semarang,Transfer Bank,84373
O8651,11,Rumah Tangga,Semarang,Kartu Kredit,108086
O8652,8,Kesehatan,Solo,Transfer Bank,461896
O8653,13,Elektronik,Semarang,Transfer Bank,387938
O8654,16,Makanan,Solo,Transfer Bank,114292
O8655,15,Rumah Tangga,Magelang,Transfer Bank,131595
O8656,17,Fashion,Purworejo,Kartu Kredit,250948
O8657,11,Rumah Tangga,Solo,COD,203700
O8658,7,Rumah Tangga,Yogyakarta,Transfer Bank,173234
O8659,5,Makanan,Purworejo,E-Wallet,410858
O8660,14,Makanan,Purworejo,COD,319135
O8661,11,Elektronik,Yogyakarta,E-Wallet,77439
O8662,7,Rumah Tangga,Semarang,COD,85258
O8663,10,Rumah Tangga,Yogyakarta,Kartu Kredit,263488
O8664,15,Elektronik,Purworejo,Transfer Bank,394864
O8665,13,Kesehatan,Yogyakarta,Transfer Bank,224746
O8666,14,Kesehatan,Solo,E-Wallet,406440
O8667,5,Rumah Tangga,Yogyakarta,COD,178729
O8668,1,Makanan,Solo,Kartu Kredit,210668
O8669,12,Kesehatan,Solo,Transfer Bank,378111
O8670,8,Elektronik,Solo,Kartu Kredit,424050
O8671,9,Elektronik,Semarang,Kartu Kredit,194567
O8672,10,Fashion,Yogyakarta,COD,89500
O8673,13,Elektronik,Semarang,COD,136774
O8674,10,Rumah Tangga,Semarang,COD,142071
O8675,5,Fashion,Yogyakarta,Transfer Bank,98427
O8676,18,Elektronik,Solo,E-Wallet,397592
O8677,6,Fashion,Magelang,Transfer Bank,240088
O8678,2,Makanan,Semarang,E-Wallet,354389
O8679,7,Makanan,Semarang,COD,420060
O8680,14,Rumah Tangga,Yogyakarta,Transfer Bank,174421
O8681,17,Rumah Tangga,Yogyakarta,COD,200646
O8682,19,Fashion,Solo,Transfer Bank,454334
O8683,12,Fashion,Semarang,Transfer Bank,255756
O8684,8,Elektronik,Purworejo,E-Wallet,110903
O8685,8,Fashion,Semarang,E-Wallet,197818
O8686,13,Elektronik,Yogyakarta,Transfer Bank,355099
O8687,5,Elektronik,Purworejo,Transfer Bank,376174
O8688,6,Fashion,Purworejo,E-Wallet,420670
O8689,9,Kesehatan,Semarang,Transfer Bank,95851
O8690,20,Elektronik,Semarang,COD,289468
O8691,12,Fashion,Yogyakarta,Transfer Bank,380258
O8692,8,Elektronik,Solo,E-Wallet,270023
O8693,19,Rumah Tangga,Magelang,E-Wallet,298023
O8694,14,Fashion,Yogyakarta,COD,67732
O8695,2,Rumah Tangga,Semarang,COD,284332
O8696,6,Rumah Tangga,Purworejo,Transfer Bank,264452
O8697,6,Rumah Tangga,Semarang,E-Wallet,242252
O8698,16,Elektronik,Yogyakarta,E-Wallet,144287
O8699,18,Kesehatan,Solo,COD,230124
O8700,11,Rumah Tangga,Magelang,COD,198750
O8701,15,Fashion,Yogyakarta,Kartu Kredit,293009
O8702,15,Fashion,Magelang,Kartu Kredit,327706
O8703,17,Fashion,Yogyakarta,Kartu Kredit,335959
O8704,6,Rumah Tangga,Yogyakarta,E-Wallet,486678
O8705,7,Elektronik,Purworejo,COD,317504
O8706,11,Kesehatan,Semarang,Kartu Kredit,90586
O8707,14,Makanan,Solo,COD,225554
O8708,10,Kesehatan,Purworejo,Transfer Bank,250437
O8709,19,Makanan,Magelang,Kartu Kredit,76084
O8710,15,Rumah Tangga,Purworejo,COD,486289
O8711,7,Fashion,Semarang,COD,113367
O8712,14,Makanan,Purworejo,COD,208252
O8713,19,Kesehatan,Solo,COD,148880
O8714,15,Fashion,Purworejo,Kartu Kredit,321477
O8715,18,Rumah Tangga,Yogyakarta,E-Wallet,430344
O8716,7,Rumah Tangga,Solo,E-Wallet,425635
O8717,16,Elektronik,Magelang,Transfer Bank,327006
O8718,10,Rumah Tangga,Solo,Kartu Kredit,244030
O8719,4,Elektronik,Purworejo,Transfer Bank,479225
O8720,7,Elektronik,Purworejo,E-Wallet,404956
O8721,17,Kesehatan,Solo,COD,483026
O8722,4,Kesehatan,Magelang,Kartu Kredit,250070
O8723,18,Kesehatan,Purworejo,E-Wallet,425574
O8724,13,Rumah Tangga,Yogyakarta,E-Wallet,106919
O8725,17,Elektronik,Purworejo,Kartu Kredit,240508
O8726,17,Fashion,Purworejo,Transfer Bank,229665
O8727,11,Elektronik,Magelang,E-Wallet,72980
O8728,18,Fashion,Solo,Transfer Bank,117881
O8729,9,Makanan,Yogyakarta,COD,407975
O8730,1,Makanan,Solo,Kartu Kredit,307303
O8731,13,Makanan,Semarang,E-Wallet,435778
O8732,12,Makanan,Magelang,Transfer Bank,307633
O8733,20,Kesehatan,Yogyakarta,E-Wallet,437446
O8734,14,Kesehatan,Purworejo,E-Wallet,236344
O8735,1,Makanan,Purworejo,COD,462344
O8736,1,Rumah Tangga,Purworejo,Kartu Kredit,306419
O8737,9,Fashion,Semarang,Transfer Bank,485190
O8738,9,Kesehatan,Purworejo,E-Wallet,367111
O8739,2,Rumah Tangga,Yogyakarta,Kartu Kredit,193275
O8740,14,Elektronik,Yogyakarta,COD,57594
O8741,18,Rumah Tangga,Semarang,Kartu Kredit,105664
O8742,6,Fashion,Semarang,E-Wallet,328659
O8743,6,Kesehatan,Purworejo,COD,72177
O8744,20,Elektronik,Semarang,COD,426672
O8745,9,Fashion,Magelang,E-Wallet,285290
O8746,8,Elektronik,Solo,Transfer Bank,490821
O8747,6,Makanan,Yogyakarta,Kartu Kredit,335482
O8748,2,Rumah Tangga,Magelang,COD,162788
O8749,15,Kesehatan,Magelang,E-Wallet,184872
O8750,12,Elektronik,Yogyakarta,COD,253724
O8751,11,Fashion,Magelang,E-Wallet,146769
O8752,10,Makanan,Purworejo,COD,439365
O8753,10,Kesehatan,Solo,Transfer Bank,127472
O8754,8,Fashion,Yogyakarta,COD,237190
O8755,4,Makanan,Magelang,COD,432339
O8756,12,Kesehatan,Purworejo,Kartu Kredit,322705
O8757,6,Fashion,Magelang,E-Wallet,459719
O8758,18,Fashion,Semarang,E-Wallet,401712
O8759,11,Elektronik,Magelang,Transfer Bank,109448
O8760,14,Elektronik,Semarang,Kartu Kredit,193086
O8761,5,Kesehatan,Solo,E-Wallet,410509
O8762,4,Fashion,Yogyakarta,E-Wallet,249798
O8763,19,Kesehatan,Semarang,E-Wallet,54085
O8764,1,Rumah Tangga,Magelang,Transfer Bank,115364
O8765,12,Makanan,Semarang,Transfer Bank,144881
O8766,17,Rumah Tangga,Purworejo,Kartu Kredit,326378
O8767,18,Makanan,Solo,E-Wallet,393979
O8768,9,Makanan,Yogyakarta,Transfer Bank,284751
O8769,10,Rumah Tangga,Magelang,Transfer Bank,213680
O8770,19,Makanan,Magelang,Transfer Bank,437051
O8771,5,Fashion,Purworejo,E-Wallet,57329
O8772,18,Makanan,Yogyakarta,COD,374053
O8773,17,Makanan,Purworejo,E-Wallet,354990
O8774,6,Fashion,Solo,E-Wallet,282055
O8775,9,Fashion,Semarang,E-Wallet,180223
O8776,16,Rumah Tangga,Semarang,Transfer Bank,254830
O8777,12,Makanan,Magelang,Kartu Kredit,129100
O8778,9,Kesehatan,Solo,COD,115573
O8779,15,Rumah Tangga,Magelang,Kartu Kredit,180684
O8780,20,Makanan,Semarang,COD,479699
O8781,20,Rumah Tangga,Solo,COD,51416
O8782,13,Fashion,Magelang,Transfer Bank,85914
O8783,8,Elektronik,Semarang,E-Wallet,71691
O8784,17,Kesehatan,Magelang,COD,438637
O8785,6,Makanan,Yogyakarta,COD,103606
O8786,12,Rumah Tangga,Magelang,Transfer Bank,144772
O8787,5,Kesehatan,Yogyakarta,E-Wallet,408669
O8788,18,Fashion,Purworejo,E-Wallet,163100
O8789,14,Kesehatan,Solo,COD,248857
O8790,13,Elektronik,Magelang,E-Wallet,370112
O8791,1,Fashion,Solo,Kartu Kredit,62235
O8792,17,Makanan,Magelang,Kartu Kredit,432959
O8793,20,Makanan,Semarang,Kartu Kredit,484569
O8794,4,Rumah Tangga,Solo,Kartu Kredit,96622
O8795,15,Elektronik,Semarang,Kartu Kredit,57264
O8796,12,Rumah Tangga,Solo,Kartu Kredit,230085
O8797,18,Makanan,Yogyakarta,COD,417980
O8798,11,Elektronik,Yogyakarta,E-Wallet,450819
O8799,12,Fashion,Yogyakarta,COD,467416
O8800,20,Kesehatan,Yogyakarta,Transfer Bank,344124
O8801,4,Elektronik,Solo,COD,362365
O8802,10,Rumah Tangga,Purworejo,E-Wallet,235740
O8803,20,Rumah Tangga,Magelang,Kartu Kredit,197878
O8804,1,Makanan,Purworejo,Kartu Kredit,344770
O8805,10,Rumah Tangga,Solo,Kartu Kredit,141911
O8806,18,Rumah Tangga,Purworejo,E-Wallet,306307
O8807,15,Rumah Tangga,Magelang,Transfer Bank,208420
O8808,13,Elektronik,Solo,E-Wallet,142552
O8809,15,Makanan,Semarang,Kartu Kredit,247323
O8810,18,Makanan,Purworejo,Transfer Bank,274051
O8811,9,Fashion,Solo,COD,495046
O8812,17,Fashion,Magelang,Kartu Kredit,486765
O8813,20,Kesehatan,Purworejo,E-Wallet,411193
O8814,11,Elektronik,Yogyakarta,COD,254867
O8815,15,Elektronik,Semarang,COD,476095
O8816,9,Kesehatan,Solo,COD,151426
O8817,9,Rumah Tangga,Solo,Transfer Bank,404004
O8818,10,Elektronik,Purworejo,Kartu Kredit,163294
O8819,4,Rumah Tangga,Semarang,Transfer Bank,455145
O8820,16,Makanan,Yogyakarta,COD,486552
O8821,4,Fashion,Purworejo,E-Wallet,94186
O8822,4,Rumah Tangga,Yogyakarta,E-Wallet,282601
O8823,20,Rumah Tangga,Yogyakarta,COD,94706
O8824,5,Kesehatan,Yogyakarta,Kartu Kredit,363221
O8825,19,Fashion,Purworejo,Transfer Bank,114644
O8826,12,Makanan,Purworejo,COD,478639
O8827,10,Elektronik,Yogyakarta,Kartu Kredit,282415
O8828,4,Kesehatan,Semarang,COD,341731
O8829,3,Makanan,Yogyakarta,E-Wallet,176568
O8830,4,Fashion,Purworejo,Transfer Bank,193820
O8831,13,Elektronik,Yogyakarta,E-Wallet,71390
O8832,4,Rumah Tangga,Solo,E-Wallet,365405
O8833,13,Elektronik,Yogyakarta,COD,236137
O8834,8,Fashion,Magelang,Kartu Kredit,122869
O8835,2,Makanan,Semarang,Transfer Bank,66008
O8836,10,Fashion,Purworejo,E-Wallet,180044
O8837,13,Elektronik,Yogyakarta,E-Wallet,54416
O8838,17,Elektronik,Purworejo,Transfer Bank,363179
O8839,17,Fashion,Magelang,Transfer Bank,464772
O8840,1,Rumah Tangga,Yogyakarta,Transfer Bank,211942
O8841,11,Elektronik,Magelang,Kartu Kredit,161370
O8842,13,Kesehatan,Yogyakarta,COD,175018
O8843,8,Makanan,Semarang,Transfer Bank,143716
O8844,20,Fashion,Yogyakarta,E-Wallet,232790
O8845,9,Elektronik,Semarang,E-Wallet,383382
O8846,18,Elektronik,Semarang,Transfer Bank,455755
O8847,7,Rumah Tangga,Solo,COD,69294
O8848,13,Fashion,Yogyakarta,E-Wallet,164932
O8849,10,Fashion,Semarang,Transfer Bank,344063
O8850,7,Rumah Tangga,Yogyakarta,Transfer Bank,342039
O8851,20,Kesehatan,Solo,E-Wallet,313354
O8852,13,Makanan,Semarang,Transfer Bank,437932
O8853,19,Makanan,Solo,E-Wallet,273977
O8854,10,Rumah Tangga,Solo,COD,71101
O8855,9,Kesehatan,Purworejo,E-Wallet,215754
O8856,13,Fashion,Magelang,E-Wallet,356113
O8857,1,Makanan,Semarang,E-Wallet,296357
O8858,16,Rumah Tangga,Solo,COD,71800
O8859,2,Kesehatan,Solo,E-Wallet,411992
O8860,8,Rumah Tangga,Magelang,Transfer Bank,130708
O8861,16,Kesehatan,Magelang,Transfer Bank,230374
O8862,10,Makanan,Semarang,E-Wallet,355856
O8863,13,Elektronik,Solo,COD,487152
O8864,14,Rumah Tangga,Magelang,Kartu Kredit,206171
O8865,2,Kesehatan,Yogyakarta,Transfer Bank,263188
O8866,13,Kesehatan,Semarang,E-Wallet,226090
O8867,14,Fashion,Solo,Transfer Bank,325687
O8868,5,Makanan,Purworejo,E-Wallet,479011
O8869,3,Elektronik,Solo,COD,355386
O8870,16,Elektronik,Yogyakarta,Transfer Bank,343572
O8871,7,Fashion,Solo,COD,189344
O8872,4,Rumah Tangga,Semarang,Kartu Kredit,123520
O8873,6,Kesehatan,Magelang,Kartu Kredit,113282
O8874,15,Makanan,Solo,Kartu Kredit,305742
O8875,5,Elektronik,Magelang,COD,313776
O8876,19,Rumah Tangga,Magelang,Transfer Bank,197459
O8877,8,Elektronik,Magelang,E-Wallet,144651
O8878,11,Fashion,Purworejo,COD,426801
O8879,10,Rumah Tangga,Yogyakarta,Transfer Bank,115021
O8880,14,Kesehatan,Solo,Transfer Bank,264362
O8881,11,Kesehatan,Semarang,COD,105808
O8882,11,Rumah Tangga,Yogyakarta,Kartu Kredit,331440
O8883,13,Kesehatan,Solo,COD,395961
O8884,13,Fashion,Magelang,Kartu Kredit,412388
O8885,16,Elektronik,Yogyakarta,E-Wallet,318564
O8886,1,Elektronik,Solo,COD,276865
O8887,15,Rumah Tangga,Yogyakarta,E-Wallet,483047
O8888,6,Makanan,Purworejo,COD,73002
O8889,13,Makanan,Purworejo,COD,320523
O8890,19,Kesehatan,Solo,E-Wallet,391107
O8891,17,Makanan,Magelang,Transfer Bank,328566
O8892,7,Makanan,Magelang,Transfer Bank,231856
O8893,14,Kesehatan,Purworejo,COD,221390
O8894,6,Kesehatan,Solo,Kartu Kredit,255767
O8895,10,Fashion,Solo,E-Wallet,157832
O8896,3,Makanan,Semarang,Kartu Kredit,171070
O8897,1,Rumah Tangga,Purworejo,Transfer Bank,370476
O8898,19,Rumah Tangga,Solo,E-Wallet,402028
O8899,20,Kesehatan,Solo,COD,245736
O8900,6,Fashion,Yogyakarta,E-Wallet,327834
O8901,15,Rumah Tangga,Solo,COD,130004
O8902,18,Makanan,Magelang,E-Wallet,241598
O8903,2,Fashion,Magelang,E-Wallet,175394
O8904,5,Fashion,Purworejo,COD,147737
O8905,1,Makanan,Magelang,E-Wallet,356238
O8906,3,Makanan,Purworejo,E-Wallet,390167
O8907,1,Makanan,Magelang,E-Wallet,126994
O8908,17,Rumah Tangga,Semarang,Kartu Kredit,461526
O8909,17,Kesehatan,Magelang,E-Wallet,105681
O8910,11,Makanan,Magelang,Kartu Kredit,203211
O8911,14,Kesehatan,Semarang,Kartu Kredit,492700
O8912,2,Makanan,Purworejo,E-Wallet,314663
O8913,2,Rumah Tangga,Solo,COD,349154
O8914,6,Kesehatan,Magelang,Kartu Kredit,182752
O8915,18,Fashion,Purworejo,Transfer Bank,175031
O8916,5,Makanan,Magelang,E-Wallet,405194
O8917,11,Elektronik,Semarang,Transfer Bank,205745
O8918,9,Makanan,Yogyakarta,Transfer Bank,238916
O8919,4,Makanan,Purworejo,E-Wallet,203832
O8920,3,Makanan,Semarang,E-Wallet,432028
O8921,12,Fashion,Magelang,E-Wallet,379615
O8922,1,Elektronik,Yogyakarta,Kartu Kredit,425560
O8923,17,Kesehatan,Solo,Transfer Bank,132235
O8924,11,Rumah Tangga,Magelang,Transfer Bank,366668
O8925,6,Kesehatan,Semarang,Transfer Bank,152661
O8926,11,Fashion,Solo,COD,181109
O8927,19,Kesehatan,Yogyakarta,Transfer Bank,423276
O8928,3,Makanan,Yogyakarta,Kartu Kredit,232795
O8929,20,Kesehatan,Solo,Transfer Bank,253302
O8930,10,Rumah Tangga,Semarang,Transfer Bank,271431
O8931,4,Kesehatan,Purworejo,Kartu Kredit,286305
O8932,8,Makanan,Yogyakarta,COD,333910
O8933,11,Rumah Tangga,Semarang,COD,176315
O8934,14,Kesehatan,Yogyakarta,Transfer Bank,179525
O8935,15,Kesehatan,Semarang,Kartu Kredit,317486
O8936,6,Fashion,Solo,Kartu Kredit,455124
O8937,10,Makanan,Solo,Transfer Bank,389365
O8938,6,Fashion,Solo,COD,337074
O8939,4,Kesehatan,Magelang,Transfer Bank,367777
O8940,8,Fashion,Purworejo,COD,97846
O8941,6,Makanan,Purworejo,E-Wallet,213920
O8942,13,Fashion,Solo,COD,256306
O8943,6,Rumah Tangga,Semarang,Transfer Bank,244112
O8944,10,Elektronik,Semarang,E-Wallet,480158
O8945,19,Makanan,Magelang,Kartu Kredit,265618
O8946,1,Makanan,Semarang,COD,57874
O8947,11,Fashion,Magelang,Transfer Bank,132453
O8948,8,Kesehatan,Semarang,COD,447595
O8949,13,Kesehatan,Purworejo,E-Wallet,355193
O8950,19,Rumah Tangga,Solo,Transfer Bank,442667
O8951,19,Makanan,Yogyakarta,E-Wallet,259400
O8952,14,Makanan,Semarang,Transfer Bank,219401
O8953,17,Kesehatan,Solo,Transfer Bank,123658
O8954,20,Makanan,Yogyakarta,Transfer Bank,441805
O8955,2,Rumah Tangga,Yogyakarta,E-Wallet,102907
O8956,8,Rumah Tangga,Solo,Kartu Kredit,149276
O8957,3,Rumah Tangga,Purworejo,COD,155084
O8958,11,Rumah Tangga,Semarang,Kartu Kredit,200479
O8959,14,Elektronik,Solo,E-Wallet,356113
O8960,13,Fashion,Solo,E-Wallet,294238
O8961,16,Kesehatan,Solo,Transfer Bank,412806
O8962,17,Rumah Tangga,Solo,Transfer Bank,81252
O8963,6,Kesehatan,Purworejo,Transfer Bank,232388
O8964,19,Elektronik,Magelang,E-Wallet,131955
O8965,7,Elektronik,Solo,Transfer Bank,160438
O8966,15,Makanan,Purworejo,COD,483360
O8967,10,Rumah Tangga,Purworejo,E-Wallet,473842
O8968,13,Fashion,Semarang,Transfer Bank,157724
O8969,12,Kesehatan,Solo,E-Wallet,67282
O8970,3,Fashion,Magelang,Transfer Bank,228617
O8971,8,Fashion,Solo,E-Wallet,187603
O8972,4,Makanan,Yogyakarta,E-Wallet,400450
O8973,3,Makanan,Yogyakarta,Transfer Bank,116850
O8974,6,Fashion,Semarang,COD,62964
O8975,10,Rumah Tangga,Solo,E-Wallet,427639
O8976,18,Elektronik,Purworejo,Kartu Kredit,244046
O8977,4,Kesehatan,Purworejo,Kartu Kredit,202345
O8978,14,Makanan,Yogyakarta,Transfer Bank,289060
O8979,8,Rumah Tangga,Yogyakarta,COD,230453
O8980,8,Makanan,Magelang,E-Wallet,450478
O8981,7,Makanan,Semarang,Transfer Bank,139161
O8982,20,Kesehatan,Solo,Kartu Kredit,303980
O8983,8,Rumah Tangga,Magelang,E-Wallet,342307
O8984,6,Rumah Tangga,Solo,Kartu Kredit,99915
O8985,16,Kesehatan,Magelang,Kartu Kredit,124227
O8986,7,Kesehatan,Magelang,E-Wallet,424849
O8987,2,Elektronik,Purworejo,Kartu Kredit,328687
O8988,12,Rumah Tangga,Yogyakarta,Kartu Kredit,395123
O8989,19,Kesehatan,Purworejo,Transfer Bank,329453
O8990,16,Fashion,Yogyakarta,Transfer Bank,232715
O8991,10,Makanan,Semarang,COD,314015
O8992,3,Fashion,Purworejo,COD,407359
O8993,17,Rumah Tangga,Magelang,E-Wallet,79936
O8994,1,Elektronik,Magelang,Kartu Kredit,119529
O8995,6,Elektronik,Purworejo,E-Wallet,335367
O8996,13,Rumah Tangga,Semarang,Transfer Bank,408487
O8997,15,Makanan,Solo,Transfer Bank,98118
O8998,15,Makanan,Solo,Kartu Kredit,138604
O8999,17,Fashion,Yogyakarta,Kartu Kredit,183642
O9000,13,Rumah Tangga,Magelang,COD,89192
O9001,17,Rumah Tangga,Purworejo,Kartu Kredit,70797
O9002,16,Kesehatan,Purworejo,Transfer Bank,432258
O9003,13,Makanan,Semarang,Kartu Kredit,454394
O9004,1,Makanan,Purworejo,COD,382952
O9005,11,Rumah Tangga,Solo,E-Wallet,217929
O9006,3,Kesehatan,Magelang,E-Wallet,53350
O9007,8,Fashion,Semarang,Transfer Bank,260361
O9008,6,Fashion,Semarang,COD,271197
O9009,10,Elektronik,Yogyakarta,Kartu Kredit,194816
O9010,15,Rumah Tangga,Yogyakarta,Transfer Bank,446337
O9011,3,Makanan,Yogyakarta,Kartu Kredit,184051
O9012,16,Rumah Tangga,Magelang,Transfer Bank,144492
O9013,4,Rumah Tangga,Solo,Transfer Bank,55067
O9014,9,Rumah Tangga,Semarang,Transfer Bank,309258
O9015,18,Kesehatan,Solo,Transfer Bank,453061
O9016,9,Makanan,Semarang,COD,339319
O9017,20,Rumah Tangga,Semarang,Transfer Bank,451718
O9018,12,Kesehatan,Solo,Kartu Kredit,101574
O9019,4,Makanan,Semarang,Kartu Kredit,452940
O9020,16,Kesehatan,Magelang,E-Wallet,137156
O9021,19,Kesehatan,Semarang,COD,164699
O9022,4,Elektronik,Solo,Kartu Kredit,253207
O9023,4,Fashion,Magelang,COD,123047
O9024,6,Rumah Tangga,Purworejo,Kartu Kredit,383102
O9025,5,Rumah Tangga,Yogyakarta,Kartu Kredit,209905
O9026,2,Fashion,Yogyakarta,E-Wallet,223849
O9027,2,Fashion,Yogyakarta,Kartu Kredit,418420
O9028,2,Fashion,Solo,Transfer Bank,82087
O9029,15,Rumah Tangga,Purworejo,E-Wallet,345832
O9030,11,Rumah Tangga,Purworejo,Kartu Kredit,202822
O9031,16,Fashion,Semarang,Kartu Kredit,177628
O9032,20,Rumah Tangga,Yogyakarta,E-Wallet,214870
O9033,5,Rumah Tangga,Purworejo,COD,460225
O9034,20,Rumah Tangga,Purworejo,Kartu Kredit,345494
O9035,2,Rumah Tangga,Purworejo,E-Wallet,342872
O9036,20,Fashion,Purworejo,E-Wallet,107722
O9037,15,Kesehatan,Yogyakarta,E-Wallet,441900
O9038,5,Fashion,Solo,COD,247268
O9039,7,Rumah Tangga,Purworejo,Transfer Bank,165926
O9040,18,Elektronik,Solo,Kartu Kredit,462421
O9041,20,Elektronik,Yogyakarta,Transfer Bank,427150
O9042,14,Kesehatan,Solo,COD,386326
O9043,9,Fashion,Solo,Kartu Kredit,459779
O9044,2,Fashion,Semarang,Kartu Kredit,70430
O9045,14,Kesehatan,Yogyakarta,E-Wallet,95627
O9046,15,Makanan,Magelang,Transfer Bank,340203
O9047,12,Makanan,Yogyakarta,COD,52459
O9048,3,Kesehatan,Solo,COD,448638
O9049,8,Makanan,Yogyakarta,Kartu Kredit,165510
O9050,19,Kesehatan,Magelang,Transfer Bank,161686
O9051,8,Elektronik,Solo,Kartu Kredit,344054
O9052,16,Rumah Tangga,Yogyakarta,COD,212575
O9053,12,Rumah Tangga,Magelang,Transfer Bank,359779
O9054,10,Makanan,Yogyakarta,E-Wallet,293284
O9055,18,Fashion,Yogyakarta,COD,256761
O9056,11,Elektronik,Purworejo,E-Wallet,173875
O9057,19,Kesehatan,Purworejo,Transfer Bank,135327
O9058,1,Makanan,Magelang,Transfer Bank,384891
O9059,11,Rumah Tangga,Magelang,Kartu Kredit,91163
O9060,12,Elektronik,Magelang,E-Wallet,449807
O9061,14,Elektronik,Solo,E-Wallet,198720
O9062,1,Makanan,Yogyakarta,Kartu Kredit,122035
O9063,15,Rumah Tangga,Yogyakarta,E-Wallet,296061
O9064,11,Kesehatan,Purworejo,E-Wallet,499028
O9065,18,Kesehatan,Solo,COD,146705
O9066,6,Rumah Tangga,Purworejo,E-Wallet,259979
O9067,19,Kesehatan,Yogyakarta,COD,113686
O9068,14,Kesehatan,Semarang,COD,384713
O9069,5,Rumah Tangga,Yogyakarta,Kartu Kredit,373799
O9070,7,Elektronik,Yogyakarta,Kartu Kredit,133983
O9071,2,Elektronik,Semarang,E-Wallet,293035
O9072,1,Kesehatan,Purworejo,COD,448688
O9073,2,Kesehatan,Semarang,Transfer Bank,89308
O9074,17,Rumah Tangga,Purworejo,COD,113903
O9075,8,Makanan,Yogyakarta,Transfer Bank,197707
O9076,4,Makanan,Semarang,E-Wallet,287476
O9077,1,Makanan,Purworejo,Transfer Bank,379387
O9078,13,Elektronik,Purworejo,COD,71750
O9079,4,Elektronik,Semarang,Kartu Kredit,134883
O9080,5,Rumah Tangga,Magelang,Kartu Kredit,359014
O9081,14,Elektronik,Solo,E-Wallet,226166
O9082,17,Rumah Tangga,Solo,Kartu Kredit,267661
O9083,12,Rumah Tangga,Solo,E-Wallet,459184
O9084,5,Fashion,Yogyakarta,Kartu Kredit,397091
O9085,11,Kesehatan,Solo,Kartu Kredit,190406
O9086,13,Fashion,Magelang,Transfer Bank,409352
O9087,9,Fashion,Semarang,Transfer Bank,302962
O9088,20,Rumah Tangga,Purworejo,COD,97936
O9089,4,Elektronik,Yogyakarta,Transfer Bank,405494
O9090,18,Kesehatan,Semarang,Transfer Bank,228980
O9091,20,Rumah Tangga,Magelang,Kartu Kredit,443856
O9092,4,Makanan,Semarang,Transfer Bank,390032
O9093,5,Kesehatan,Semarang,Transfer Bank,279940
O9094,8,Fashion,Solo,Transfer Bank,292771
O9095,18,Makanan,Magelang,Transfer Bank,307834
O9096,15,Fashion,Solo,E-Wallet,412617
O9097,10,Rumah Tangga,Purworejo,Transfer Bank,326905
O9098,9,Makanan,Magelang,Transfer Bank,102745
O9099,19,Kesehatan,Solo,COD,280314
O9100,18,Kesehatan,Solo,Kartu Kredit,323930
O9101,17,Rumah Tangga,Semarang,Kartu Kredit,240091
O9102,6,Elektronik,Yogyakarta,E-Wallet,196681
O9103,10,Fashion,Yogyakarta,Transfer Bank,370045
O9104,9,Makanan,Semarang,Kartu Kredit,214379
O9105,15,Fashion,Purworejo,E-Wallet,136729
O9106,15,Fashion,Semarang,Kartu Kredit,408329
O9107,7,Elektronik,Yogyakarta,Transfer Bank,266340
O9108,5,Kesehatan,Solo,E-Wallet,344802
O9109,13,Elektronik,Magelang,COD,144062
O9110,3,Fashion,Magelang,E-Wallet,228123
O9111,3,Rumah Tangga,Yogyakarta,E-Wallet,228466
O9112,8,Elektronik,Yogyakarta,Transfer Bank,319391
O9113,12,Fashion,Yogyakarta,COD,208671
O9114,20,Fashion,Yogyakarta,Transfer Bank,141353
O9115,17,Makanan,Magelang,E-Wallet,243847
O9116,5,Makanan,Yogyakarta,E-Wallet,344156
O9117,15,Rumah Tangga,Magelang,Transfer Bank,406955
O9118,3,Makanan,Magelang,COD,332435
O9119,5,Makanan,Solo,COD,442717
O9120,5,Elektronik,Solo,COD,200051
O9121,10,Makanan,Purworejo,E-Wallet,385533
O9122,10,Elektronik,Purworejo,E-Wallet,154586
O9123,2,Rumah Tangga,Purworejo,COD,437065
O9124,6,Elektronik,Yogyakarta,Transfer Bank,78720
O9125,5,Rumah Tangga,Purworejo,E-Wallet,409385
O9126,15,Makanan,Semarang,Kartu Kredit,77966
O9127,4,Fashion,Semarang,COD,146996
O9128,15,Makanan,Magelang,COD,269161
O9129,16,Elektronik,Purworejo,Transfer Bank,167469
O9130,9,Elektronik,Yogyakarta,Kartu Kredit,370514
O9131,10,Elektronik,Yogyakarta,Transfer Bank,277862
O9132,8,Rumah Tangga,Solo,COD,294345
O9133,1,Makanan,Semarang,E-Wallet,392586
O9134,18,Rumah Tangga,Purworejo,E-Wallet,108587
O9135,17,Fashion,Solo,COD,417423
O9136,18,Rumah Tangga,Yogyakarta,Transfer Bank,435450
O9137,18,Kesehatan,Yogyakarta,COD,356460
O9138,1,Elektronik,Yogyakarta,COD,464187
O9139,5,Makanan,Solo,E-Wallet,359595
O9140,17,Fashion,Solo,COD,496721
O9141,20,Kesehatan,Solo,Transfer Bank,303094
O9142,3,Elektronik,Semarang,Kartu Kredit,176311
O9143,4,Fashion,Purworejo,Transfer Bank,454036
O9144,12,Makanan,Solo,COD,363106
O9145,12,Rumah Tangga,Yogyakarta,E-Wallet,481668
O9146,9,Makanan,Semarang,Kartu Kredit,407629
O9147,14,Elektronik,Yogyakarta,Transfer Bank,461662
O9148,20,Fashion,Solo,COD,341357
O9149,3,Rumah Tangga,Magelang,COD,394758
O9150,18,Rumah Tangga,Magelang,COD,498980
O9151,18,Fashion,Semarang,E-Wallet,263553
O9152,4,Makanan,Solo,Transfer Bank,179378
O9153,13,Kesehatan,Solo,Kartu Kredit,204335
O9154,18,Rumah Tangga,Solo,E-Wallet,485856
O9155,16,Elektronik,Semarang,Kartu Kredit,319992
O9156,14,Kesehatan,Yogyakarta,COD,184762
O9157,17,Fashion,Semarang,COD,328594
O9158,12,Rumah Tangga,Yogyakarta,E-Wallet,203364
O9159,3,Fashion,Magelang,COD,304211
O9160,3,Rumah Tangga,Semarang,E-Wallet,228173
O9161,12,Fashion,Solo,Kartu Kredit,413784
O9162,14,Fashion,Purworejo,Transfer Bank,109704
O9163,1,Kesehatan,Purworejo,COD,53733
O9164,10,Fashion,Semarang,E-Wallet,462581
O9165,1,Rumah Tangga,Yogyakarta,Transfer Bank,407667
O9166,17,Makanan,Magelang,E-Wallet,407007
O9167,15,Rumah Tangga,Magelang,E-Wallet,186789
O9168,4,Rumah Tangga,Magelang,E-Wallet,95039
O9169,18,Makanan,Magelang,Transfer Bank,79520
O9170,14,Kesehatan,Solo,E-Wallet,52534
O9171,6,Fashion,Purworejo,Transfer Bank,423991
O9172,6,Fashion,Solo,E-Wallet,80414
O9173,17,Fashion,Yogyakarta,COD,469300
O9174,1,Rumah Tangga,Solo,E-Wallet,334556
O9175,5,Fashion,Semarang,COD,440133
O9176,7,Fashion,Solo,Transfer Bank,265859
O9177,11,Rumah Tangga,Semarang,Kartu Kredit,231594
O9178,13,Rumah Tangga,Purworejo,COD,477783
O9179,9,Elektronik,Purworejo,COD,170307
O9180,8,Kesehatan,Magelang,Transfer Bank,222652
O9181,7,Fashion,Magelang,COD,135228
O9182,18,Makanan,Semarang,E-Wallet,50382
O9183,3,Rumah Tangga,Purworejo,E-Wallet,156016
O9184,12,Fashion,Semarang,COD,161715
O9185,14,Makanan,Purworejo,E-Wallet,134263
O9186,11,Rumah Tangga,Magelang,COD,125134
O9187,5,Elektronik,Solo,E-Wallet,97408
O9188,1,Kesehatan,Semarang,Kartu Kredit,472559
O9189,8,Rumah Tangga,Solo,Kartu Kredit,387393
O9190,5,Fashion,Purworejo,E-Wallet,79251
O9191,9,Elektronik,Semarang,E-Wallet,389660
O9192,14,Kesehatan,Semarang,E-Wallet,385327
O9193,18,Fashion,Solo,Transfer Bank,178601
O9194,8,Fashion,Solo,Kartu Kredit,194984
O9195,10,Elektronik,Purworejo,E-Wallet,148802
O9196,2,Kesehatan,Purworejo,Kartu Kredit,355303
O9197,17,Kesehatan,Semarang,Kartu Kredit,69759
O9198,16,Makanan,Solo,COD,202177
O9199,18,Makanan,Semarang,Kartu Kredit,499013
O9200,16,Fashion,Semarang,E-Wallet,226570
O9201,13,Makanan,Yogyakarta,E-Wallet,377765
O9202,7,Kesehatan,Semarang,COD,141865
O9203,12,Fashion,Semarang,COD,260587
O9204,10,Kesehatan,Yogyakarta,E-Wallet,111361
O9205,4,Kesehatan,Magelang,Transfer Bank,372976
O9206,20,Makanan,Magelang,Transfer Bank,352190
O9207,5,Elektronik,Solo,E-Wallet,344583
O9208,20,Kesehatan,Yogyakarta,Transfer Bank,150728
O9209,8,Elektronik,Magelang,Transfer Bank,354091
O9210,14,Rumah Tangga,Purworejo,COD,332071
O9211,16,Rumah Tangga,Purworejo,Transfer Bank,402382
O9212,5,Elektronik,Yogyakarta,Kartu Kredit,159121
O9213,14,Rumah Tangga,Purworejo,Transfer Bank,75041
O9214,8,Makanan,Purworejo,Transfer Bank,87581
O9215,12,Elektronik,Semarang,Kartu Kredit,171198
O9216,18,Rumah Tangga,Purworejo,Kartu Kredit,331618
O9217,1,Rumah Tangga,Semarang,Transfer Bank,332356
O9218,3,Fashion,Yogyakarta,Kartu Kredit,72104
O9219,3,Kesehatan,Semarang,Kartu Kredit,129871
O9220,12,Makanan,Purworejo,Kartu Kredit,431300
O9221,12,Kesehatan,Yogyakarta,Transfer Bank,311568
O9222,19,Elektronik,Semarang,E-Wallet,444384
O9223,10,Kesehatan,Purworejo,Kartu Kredit,338815
O9224,20,Elektronik,Magelang,COD,471284
O9225,1,Kesehatan,Solo,E-Wallet,320678
O9226,19,Fashion,Semarang,E-Wallet,98047
O9227,2,Kesehatan,Magelang,E-Wallet,285579
O9228,20,Fashion,Purworejo,Transfer Bank,139509
O9229,17,Kesehatan,Magelang,Kartu Kredit,136786
O9230,4,Fashion,Solo,E-Wallet,385715
O9231,2,Rumah Tangga,Purworejo,COD,428611
O9232,9,Makanan,Magelang,Transfer Bank,355985
O9233,4,Kesehatan,Yogyakarta,Kartu Kredit,210547
O9234,20,Kesehatan,Purworejo,E-Wallet,480746
O9235,18,Rumah Tangga,Magelang,E-Wallet,440423
O9236,7,Kesehatan,Solo,E-Wallet,462774
O9237,11,Elektronik,Magelang,E-Wallet,310889
O9238,8,Makanan,Semarang,COD,198171
O9239,8,Rumah Tangga,Purworejo,E-Wallet,224810
O9240,19,Fashion,Magelang,Kartu Kredit,66695
O9241,12,Elektronik,Yogyakarta,E-Wallet,232093
O9242,4,Makanan,Yogyakarta,Transfer Bank,377511
O9243,16,Rumah Tangga,Solo,E-Wallet,336997
O9244,8,Elektronik,Yogyakarta,COD,350445
O9245,15,Kesehatan,Solo,Kartu Kredit,247173
O9246,18,Elektronik,Yogyakarta,Transfer Bank,320991
O9247,11,Kesehatan,Purworejo,Kartu Kredit,436370
O9248,14,Makanan,Purworejo,E-Wallet,406581
O9249,6,Makanan,Semarang,Kartu Kredit,158500
O9250,10,Rumah Tangga,Semarang,COD,377431
O9251,8,Fashion,Semarang,Transfer Bank,377628
O9252,2,Makanan,Semarang,COD,207627
O9253,3,Elektronik,Yogyakarta,COD,270804
O9254,3,Kesehatan,Semarang,Kartu Kredit,249512
O9255,3,Fashion,Yogyakarta,Kartu Kredit,230993
O9256,5,Makanan,Magelang,COD,213738
O9257,15,Elektronik,Solo,E-Wallet,155603
O9258,15,Fashion,Semarang,Transfer Bank,426096
O9259,14,Elektronik,Semarang,E-Wallet,339966
O9260,6,Rumah Tangga,Magelang,E-Wallet,493714
O9261,16,Fashion,Purworejo,Kartu Kredit,276430
O9262,6,Kesehatan,Yogyakarta,Transfer Bank,488759
O9263,6,Fashion,Semarang,Transfer Bank,191664
O9264,18,Fashion,Yogyakarta,COD,158302
O9265,14,Fashion,Purworejo,Kartu Kredit,488580
O9266,3,Rumah Tangga,Magelang,Kartu Kredit,244586
O9267,10,Makanan,Semarang,Transfer Bank,67323
O9268,10,Elektronik,Semarang,E-Wallet,101561
O9269,5,Fashion,Purworejo,COD,340023
O9270,14,Makanan,Magelang,Transfer Bank,137563
O9271,3,Makanan,Purworejo,COD,194973
O9272,1,Kesehatan,Magelang,Transfer Bank,469389
O9273,13,Fashion,Yogyakarta,COD,254343
O9274,20,Makanan,Yogyakarta,COD,89891
O9275,2,Kesehatan,Yogyakarta,Kartu Kredit,221178
O9276,2,Kesehatan,Semarang,Transfer Bank,301656
O9277,2,Elektronik,Semarang,E-Wallet,106354
O9278,20,Elektronik,Semarang,E-Wallet,490854
O9279,7,Rumah Tangga,Yogyakarta,E-Wallet,264282
O9280,18,Elektronik,Semarang,Transfer Bank,209453
O9281,4,Fashion,Purworejo,Kartu Kredit,253444
O9282,12,Elektronik,Purworejo,E-Wallet,314948
O9283,19,Makanan,Solo,E-Wallet,276360
O9284,11,Elektronik,Yogyakarta,Transfer Bank,118172
O9285,7,Rumah Tangga,Purworejo,COD,233125
O9286,11,Fashion,Purworejo,Kartu Kredit,372022
O9287,7,Rumah Tangga,Yogyakarta,E-Wallet,345545
O9288,19,Rumah Tangga,Solo,E-Wallet,325645
O9289,16,Rumah Tangga,Solo,E-Wallet,444996
O9290,20,Makanan,Yogyakarta,COD,497493
O9291,9,Makanan,Semarang,Kartu Kredit,466873
O9292,10,Kesehatan,Semarang,COD,307126
O9293,17,Kesehatan,Magelang,E-Wallet,184408
O9294,9,Elektronik,Purworejo,E-Wallet,496449
O9295,3,Makanan,Magelang,COD,63808
O9296,13,Rumah Tangga,Solo,COD,422271
O9297,19,Kesehatan,Yogyakarta,Kartu Kredit,412530
O9298,1,Fashion,Semarang,COD,470292
O9299,10,Kesehatan,Yogyakarta,Transfer Bank,203212
O9300,1,Rumah Tangga,Yogyakarta,Transfer Bank,245812
O9301,10,Elektronik,Yogyakarta,COD,319807
O9302,11,Kesehatan,Magelang,COD,58566
O9303,14,Elektronik,Solo,E-Wallet,347472
O9304,18,Rumah Tangga,Purworejo,Kartu Kredit,333995
O9305,5,Elektronik,Semarang,E-Wallet,484918
O9306,4,Makanan,Magelang,Kartu Kredit,258450
O9307,15,Makanan,Yogyakarta,E-Wallet,233496
O9308,12,Fashion,Yogyakarta,E-Wallet,225973
O9309,7,Makanan,Yogyakarta,COD,182770
O9310,3,Fashion,Yogyakarta,Kartu Kredit,301677
O9311,19,Kesehatan,Yogyakarta,Kartu Kredit,226366
O9312,17,Elektronik,Yogyakarta,Transfer Bank,424418
O9313,18,Rumah Tangga,Magelang,Transfer Bank,393702
O9314,18,Elektronik,Yogyakarta,Transfer Bank,145942
O9315,17,Makanan,Yogyakarta,E-Wallet,265813
O9316,4,Elektronik,Magelang,E-Wallet,375488
O9317,17,Kesehatan,Yogyakarta,E-Wallet,467838
O9318,12,Kesehatan,Semarang,Kartu Kredit,252010
O9319,12,Makanan,Yogyakarta,Transfer Bank,459049
O9320,4,Kesehatan,Purworejo,Transfer Bank,198781
O9321,3,Rumah Tangga,Semarang,Transfer Bank,186446
O9322,6,Makanan,Solo,COD,105824
O9323,16,Makanan,Solo,Transfer Bank,493455
O9324,3,Makanan,Yogyakarta,E-Wallet,286610
O9325,9,Fashion,Magelang,E-Wallet,402537
O9326,19,Kesehatan,Magelang,Transfer Bank,244611
O9327,15,Kesehatan,Yogyakarta,E-Wallet,419742
O9328,14,Kesehatan,Purworejo,E-Wallet,72774
O9329,1,Rumah Tangga,Purworejo,E-Wallet,266615
O9330,13,Kesehatan,Purworejo,Transfer Bank,374977
O9331,11,Elektronik,Purworejo,Transfer Bank,250268
O9332,14,Fashion,Magelang,COD,133387
O9333,17,Fashion,Purworejo,COD,79084
O9334,6,Fashion,Solo,Transfer Bank,294858
O9335,9,Rumah Tangga,Semarang,E-Wallet,487081
O9336,8,Kesehatan,Yogyakarta,Kartu Kredit,296957
O9337,14,Rumah Tangga,Solo,E-Wallet,179579
O9338,1,Kesehatan,Magelang,COD,387774
O9339,1,Fashion,Solo,E-Wallet,374959
O9340,11,Rumah Tangga,Purworejo,COD,182179
O9341,5,Kesehatan,Purworejo,Kartu Kredit,441830
O9342,15,Makanan,Semarang,COD,395994
O9343,13,Rumah Tangga,Solo,COD,108077
O9344,9,Kesehatan,Magelang,E-Wallet,447478
O9345,2,Rumah Tangga,Yogyakarta,E-Wallet,164369
O9346,4,Kesehatan,Yogyakarta,Transfer Bank,273458
O9347,19,Elektronik,Yogyakarta,COD,426817
O9348,6,Fashion,Magelang,Transfer Bank,327187
O9349,16,Kesehatan,Solo,Transfer Bank,247115
O9350,2,Makanan,Solo,E-Wallet,385996
O9351,19,Makanan,Purworejo,Transfer Bank,474485
O9352,14,Elektronik,Yogyakarta,Transfer Bank,411531
O9353,6,Rumah Tangga,Yogyakarta,Transfer Bank,382242
O9354,13,Makanan,Solo,E-Wallet,161264
O9355,14,Elektronik,Yogyakarta,COD,220637
O9356,4,Fashion,Purworejo,E-Wallet,179594
O9357,17,Rumah Tangga,Solo,COD,496237
O9358,3,Fashion,Solo,COD,315358
O9359,6,Kesehatan,Magelang,Transfer Bank,183412
O9360,16,Fashion,Purworejo,E-Wallet,170329
O9361,8,Rumah Tangga,Semarang,E-Wallet,269413
O9362,1,Rumah Tangga,Solo,E-Wallet,104883
O9363,3,Fashion,Solo,Kartu Kredit,369846
O9364,17,Kesehatan,Magelang,Kartu Kredit,367172
O9365,15,Kesehatan,Yogyakarta,Transfer Bank,95142
O9366,11,Makanan,Solo,COD,430977
O9367,17,Kesehatan,Solo,Transfer Bank,186064
O9368,10,Kesehatan,Yogyakarta,COD,302216
O9369,16,Kesehatan,Purworejo,COD,413339
O9370,6,Elektronik,Solo,COD,400698
O9371,5,Elektronik,Purworejo,Transfer Bank,103797
O9372,17,Rumah Tangga,Magelang,COD,181548
O9373,18,Kesehatan,Purworejo,E-Wallet,111121
O9374,14,Fashion,Yogyakarta,E-Wallet,290125
O9375,8,Elektronik,Solo,Kartu Kredit,363393
O9376,5,Fashion,Purworejo,Kartu Kredit,223196
O9377,20,Rumah Tangga,Solo,Kartu Kredit,223463
O9378,6,Makanan,Magelang,E-Wallet,231505
O9379,14,Rumah Tangga,Purworejo,COD,50189
O9380,13,Elektronik,Solo,COD,237049
O9381,11,Rumah Tangga,Purworejo,E-Wallet,159401
O9382,4,Elektronik,Purworejo,Kartu Kredit,496927
O9383,15,Fashion,Semarang,E-Wallet,249329
O9384,10,Makanan,Yogyakarta,COD,440379
O9385,13,Elektronik,Magelang,COD,89459
O9386,11,Kesehatan,Solo,Transfer Bank,216605
O9387,19,Kesehatan,Magelang,COD,334139
O9388,2,Makanan,Semarang,Kartu Kredit,227453
O9389,15,Elektronik,Semarang,Transfer Bank,401678
O9390,12,Kesehatan,Magelang,COD,180358
O9391,18,Fashion,Yogyakarta,COD,357200
O9392,10,Fashion,Magelang,Kartu Kredit,472869
O9393,20,Elektronik,Solo,Transfer Bank,252981
O9394,2,Rumah Tangga,Yogyakarta,Transfer Bank,428680
O9395,2,Fashion,Semarang,Kartu Kredit,208758
O9396,14,Makanan,Solo,E-Wallet,57472
O9397,10,Kesehatan,Solo,COD,433589
O9398,10,Fashion,Solo,E-Wallet,256819
O9399,16,Elektronik,Purworejo,Kartu Kredit,265704
O9400,1,Fashion,Semarang,Kartu Kredit,373122
O9401,7,Rumah Tangga,Solo,COD,278669
O9402,13,Elektronik,Magelang,Transfer Bank,98262
O9403,11,Fashion,Purworejo,COD,245223
O9404,12,Makanan,Yogyakarta,E-Wallet,338735
O9405,10,Fashion,Magelang,COD,234982
O9406,16,Fashion,Semarang,Kartu Kredit,248149
O9407,11,Makanan,Magelang,Kartu Kredit,192052
O9408,18,Elektronik,Yogyakarta,COD,433674
O9409,18,Kesehatan,Purworejo,Kartu Kredit,365535
O9410,10,Makanan,Magelang,E-Wallet,442165
O9411,11,Makanan,Magelang,COD,349418
O9412,17,Makanan,Solo,E-Wallet,196563
O9413,3,Kesehatan,Magelang,Transfer Bank,153069
O9414,19,Kesehatan,Yogyakarta,Kartu Kredit,301111
O9415,2,Kesehatan,Semarang,Transfer Bank,364157
O9416,18,Kesehatan,Purworejo,COD,237867
O9417,15,Kesehatan,Purworejo,COD,267125
O9418,18,Rumah Tangga,Semarang,COD,476381
O9419,17,Rumah Tangga,Magelang,COD,184165
O9420,1,Rumah Tangga,Magelang,Kartu Kredit,491860
O9421,11,Kesehatan,Yogyakarta,COD,140989
O9422,20,Fashion,Solo,COD,381689
O9423,11,Makanan,Yogyakarta,E-Wallet,179372
O9424,7,Kesehatan,Purworejo,Transfer Bank,479157
O9425,1,Kesehatan,Magelang,Transfer Bank,307223
O9426,13,Fashion,Solo,COD,288324
O9427,10,Kesehatan,Purworejo,Kartu Kredit,175761
O9428,1,Fashion,Yogyakarta,Transfer Bank,61170
O9429,20,Elektronik,Semarang,COD,343860
O9430,17,Elektronik,Solo,E-Wallet,292335
O9431,6,Kesehatan,Solo,COD,152287
O9432,4,Rumah Tangga,Magelang,Kartu Kredit,454349
O9433,17,Elektronik,Yogyakarta,E-Wallet,101599
O9434,13,Rumah Tangga,Purworejo,Kartu Kredit,101173
O9435,11,Rumah Tangga,Magelang,E-Wallet,66278
O9436,16,Elektronik,Purworejo,Kartu Kredit,125671
O9437,1,Makanan,Yogyakarta,COD,365276
O9438,8,Kesehatan,Purworejo,Kartu Kredit,107162
O9439,14,Fashion,Purworejo,Transfer Bank,245166
O9440,17,Fashion,Purworejo,E-Wallet,275716
O9441,13,Fashion,Semarang,Kartu Kredit,382291
O9442,20,Rumah Tangga,Purworejo,E-Wallet,314838
O9443,9,Kesehatan,Magelang,Kartu Kredit,235229
O9444,18,Makanan,Purworejo,Transfer Bank,477850
O9445,3,Makanan,Magelang,Transfer Bank,58909
O9446,4,Fashion,Yogyakarta,E-Wallet,315492
O9447,15,Rumah Tangga,Solo,Transfer Bank,206662
O9448,20,Makanan,Purworejo,COD,221815
O9449,16,Makanan,Purworejo,Transfer Bank,217652
O9450,16,Elektronik,Purworejo,COD,225667
O9451,16,Fashion,Semarang,Kartu Kredit,432986
O9452,8,Fashion,Solo,Transfer Bank,444716
O9453,14,Makanan,Purworejo,E-Wallet,84880
O9454,10,Makanan,Semarang,Kartu Kredit,487928
O9455,12,Fashion,Yogyakarta,Kartu Kredit,107972
O9456,17,Fashion,Semarang,Transfer Bank,457453
O9457,9,Makanan,Semarang,Transfer Bank,410075
O9458,4,Rumah Tangga,Purworejo,E-Wallet,477643
O9459,12,Elektronik,Solo,E-Wallet,85376
O9460,4,Fashion,Semarang,Transfer Bank,179193
O9461,15,Makanan,Magelang,Transfer Bank,430049
O9462,12,Elektronik,Semarang,COD,437373
O9463,2,Kesehatan,Semarang,COD,378684
O9464,20,Elektronik,Solo,Kartu Kredit,139121
O9465,18,Elektronik,Magelang,Kartu Kredit,456252
O9466,3,Fashion,Purworejo,Kartu Kredit,338479
O9467,16,Kesehatan,Solo,E-Wallet,312915
O9468,2,Rumah Tangga,Purworejo,Kartu Kredit,411124
O9469,6,Rumah Tangga,Purworejo,Transfer Bank,328217
O9470,10,Fashion,Magelang,Kartu Kredit,427437
O9471,18,Makanan,Yogyakarta,E-Wallet,396148
O9472,1,Makanan,Purworejo,Transfer Bank,244471
O9473,20,Rumah Tangga,Semarang,E-Wallet,201101
O9474,19,Rumah Tangga,Semarang,COD,258133
O9475,17,Rumah Tangga,Semarang,E-Wallet,73334
O9476,16,Makanan,Yogyakarta,COD,424950
O9477,3,Fashion,Semarang,Transfer Bank,171503
O9478,14,Rumah Tangga,Yogyakarta,Transfer Bank,124211
O9479,13,Makanan,Solo,Transfer Bank,300983
O9480,12,Elektronik,Magelang,Transfer Bank,61812
O9481,15,Kesehatan,Solo,Kartu Kredit,383769
O9482,9,Fashion,Semarang,Kartu Kredit,419432
O9483,18,Elektronik,Semarang,Transfer Bank,69208
O9484,13,Rumah Tangga,Yogyakarta,E-Wallet,196054
O9485,16,Fashion,Semarang,COD,243977
O9486,7,Fashion,Solo,COD,379667
O9487,13,Makanan,Magelang,COD,210113
O9488,12,Rumah Tangga,Yogyakarta,COD,349942
O9489,13,Makanan,Solo,E-Wallet,411090
O9490,19,Rumah Tangga,Solo,Transfer Bank,311708
O9491,20,Makanan,Semarang,Transfer Bank,312229
O9492,6,Elektronik,Purworejo,COD,229735
O9493,18,Kesehatan,Purworejo,Transfer Bank,220564
O9494,5,Rumah Tangga,Solo,E-Wallet,90848
O9495,14,Elektronik,Yogyakarta,Kartu Kredit,158574
O9496,10,Makanan,Purworejo,E-Wallet,77677
O9497,7,Fashion,Solo,E-Wallet,144630
O9498,1,Rumah Tangga,Yogyakarta,E-Wallet,110447
O9499,20,Elektronik,Magelang,Transfer Bank,331448
O9500,15,Makanan,Solo,Transfer Bank,472389
O9501,2,Kesehatan,Purworejo,Kartu Kredit,257229
O9502,10,Elektronik,Magelang,E-Wallet,344246
O9503,3,Kesehatan,Semarang,Transfer Bank,374325
O9504,18,Makanan,Purworejo,Transfer Bank,348637
O9505,7,Kesehatan,Magelang,Kartu Kredit,332724
O9506,10,Fashion,Solo,E-Wallet,208486
O9507,6,Rumah Tangga,Purworejo,COD,468836
O9508,10,Makanan,Magelang,E-Wallet,205059
O9509,16,Fashion,Purworejo,E-Wallet,100105
O9510,10,Fashion,Yogyakarta,COD,424349
O9511,6,Elektronik,Purworejo,E-Wallet,364331
O9512,7,Makanan,Solo,E-Wallet,142583
O9513,7,Makanan,Magelang,E-Wallet,365260
O9514,15,Fashion,Yogyakarta,E-Wallet,212727
O9515,6,Elektronik,Magelang,E-Wallet,273614
O9516,4,Makanan,Semarang,E-Wallet,349165
O9517,18,Makanan,Purworejo,Kartu Kredit,353346
O9518,14,Fashion,Yogyakarta,COD,169372
O9519,15,Elektronik,Solo,COD,260285
O9520,15,Makanan,Solo,Kartu Kredit,68290
O9521,19,Makanan,Solo,Transfer Bank,85176
O9522,13,Rumah Tangga,Solo,COD,488790
O9523,5,Fashion,Purworejo,Transfer Bank,280622
O9524,16,Makanan,Magelang,Kartu Kredit,465984
O9525,20,Elektronik,Magelang,Kartu Kredit,333571
O9526,4,Kesehatan,Semarang,Transfer Bank,289069
O9527,2,Makanan,Semarang,Kartu Kredit,407797
O9528,20,Kesehatan,Solo,COD,155906
O9529,15,Rumah Tangga,Yogyakarta,E-Wallet,381392
O9530,3,Elektronik,Semarang,Transfer Bank,296551
O9531,17,Elektronik,Yogyakarta,Transfer Bank,109192
O9532,9,Rumah Tangga,Magelang,Transfer Bank,313104
O9533,14,Fashion,Solo,E-Wallet,195139
O9534,3,Fashion,Solo,COD,124693
O9535,3,Makanan,Yogyakarta,COD,206830
O9536,8,Fashion,Solo,COD,475689
O9537,19,Kesehatan,Yogyakarta,E-Wallet,125738
O9538,3,Elektronik,Purworejo,Transfer Bank,399557
O9539,7,Makanan,Solo,COD,236998
O9540,11,Rumah Tangga,Magelang,E-Wallet,291934
O9541,8,Rumah Tangga,Yogyakarta,Transfer Bank,499894
O9542,11,Elektronik,Purworejo,E-Wallet,400689
O9543,9,Makanan,Semarang,Transfer Bank,413450
O9544,7,Makanan,Purworejo,COD,451839
O9545,20,Fashion,Purworejo,COD,93294
O9546,14,Rumah Tangga,Purworejo,Kartu Kredit,54122
O9547,11,Elektronik,Magelang,Kartu Kredit,363400
O9548,6,Fashion,Semarang,Kartu Kredit,90278
O9549,2,Kesehatan,Semarang,E-Wallet,190822
O9550,2,Kesehatan,Purworejo,COD,303265
O9551,18,Rumah Tangga,Magelang,E-Wallet,445871
O9552,8,Fashion,Solo,Kartu Kredit,86125
O9553,18,Rumah Tangga,Purworejo,Kartu Kredit,51268
O9554,7,Kesehatan,Magelang,E-Wallet,159265
O9555,17,Elektronik,Magelang,Kartu Kredit,111254
O9556,14,Kesehatan,Magelang,Kartu Kredit,159220
O9557,18,Elektronik,Purworejo,COD,103384
O9558,10,Elektronik,Solo,Kartu Kredit,164990
O9559,11,Rumah Tangga,Purworejo,COD,123461
O9560,15,Makanan,Solo,Transfer Bank,325637
O9561,9,Rumah Tangga,Yogyakarta,COD,359743
O9562,3,Kesehatan,Magelang,Kartu Kredit,464071
O9563,10,Elektronik,Semarang,COD,270443
O9564,2,Rumah Tangga,Purworejo,E-Wallet,149501
O9565,7,Elektronik,Magelang,E-Wallet,498610
O9566,2,Elektronik,Magelang,Kartu Kredit,446400
O9567,15,Fashion,Magelang,Kartu Kredit,243872
O9568,5,Kesehatan,Magelang,Kartu Kredit,211037
O9569,2,Makanan,Solo,Kartu Kredit,350464
O9570,3,Makanan,Semarang,Kartu Kredit,446707
O9571,14,Kesehatan,Purworejo,Kartu Kredit,58801
O9572,12,Kesehatan,Semarang,COD,265678
O9573,7,Fashion,Magelang,Transfer Bank,216346
O9574,15,Elektronik,Solo,E-Wallet,345188
O9575,7,Elektronik,Semarang,Kartu Kredit,236406
O9576,17,Kesehatan,Solo,COD,266354
O9577,8,Makanan,Magelang,E-Wallet,307495
O9578,19,Elektronik,Magelang,Transfer Bank,202410
O9579,8,Makanan,Yogyakarta,E-Wallet,438446
O9580,10,Fashion,Magelang,Transfer Bank,212789
O9581,12,Makanan,Yogyakarta,COD,485806
O9582,9,Makanan,Purworejo,Kartu Kredit,404149
O9583,18,Rumah Tangga,Yogyakarta,COD,137747
O9584,16,Fashion,Solo,Kartu Kredit,239292
O9585,1,Fashion,Purworejo,E-Wallet,480428
O9586,2,Fashion,Solo,COD,112139
O9587,18,Fashion,Yogyakarta,COD,170052
O9588,1,Elektronik,Purworejo,Kartu Kredit,289197
O9589,3,Elektronik,Purworejo,Kartu Kredit,233705
O9590,6,Kesehatan,Purworejo,Transfer Bank,150908
O9591,3,Kesehatan,Purworejo,E-Wallet,123489
O9592,17,Rumah Tangga,Semarang,Transfer Bank,338628
O9593,17,Elektronik,Solo,COD,115197
O9594,10,Fashion,Yogyakarta,Transfer Bank,471877
O9595,20,Makanan,Magelang,Transfer Bank,466757
O9596,13,Kesehatan,Magelang,Transfer Bank,318790
O9597,18,Rumah Tangga,Semarang,Kartu Kredit,448047
O9598,8,Fashion,Yogyakarta,E-Wallet,384105
O9599,4,Fashion,Semarang,COD,391785
O9600,17,Fashion,Purworejo,E-Wallet,323271
O9601,12,Makanan,Semarang,Kartu Kredit,365528
O9602,10,Elektronik,Solo,Kartu Kredit,199763
O9603,20,Makanan,Yogyakarta,Transfer Bank,377933
O9604,17,Kesehatan,Purworejo,E-Wallet,189890
O9605,15,Kesehatan,Solo,Transfer Bank,162362
O9606,8,Fashion,Semarang,Transfer Bank,461512
O9607,19,Makanan,Yogyakarta,COD,494998
O9608,4,Elektronik,Magelang,COD,108084
O9609,2,Kesehatan,Semarang,Transfer Bank,443116
O9610,17,Makanan,Semarang,Kartu Kredit,343549
O9611,18,Kesehatan,Solo,Kartu Kredit,260240
O9612,8,Elektronik,Solo,Kartu Kredit,328435
O9613,3,Fashion,Semarang,E-Wallet,129713
O9614,7,Fashion,Yogyakarta,Transfer Bank,171383
O9615,9,Fashion,Solo,E-Wallet,157501
O9616,1,Rumah Tangga,Solo,Transfer Bank,208340
O9617,18,Kesehatan,Solo,COD,230200
O9618,20,Fashion,Magelang,Transfer Bank,493309
O9619,7,Fashion,Purworejo,COD,418888
O9620,3,Kesehatan,Yogyakarta,Transfer Bank,461491
O9621,12,Makanan,Yogyakarta,Kartu Kredit,129819
O9622,7,Elektronik,Yogyakarta,E-Wallet,271493
O9623,1,Kesehatan,Purworejo,E-Wallet,348683
O9624,20,Elektronik,Yogyakarta,Transfer Bank,360971
O9625,9,Fashion,Semarang,E-Wallet,269236
O9626,16,Fashion,Yogyakarta,E-Wallet,69093
O9627,16,Kesehatan,Purworejo,Kartu Kredit,212336
O9628,4,Rumah Tangga,Purworejo,Kartu Kredit,103747
O9629,2,Rumah Tangga,Yogyakarta,Transfer Bank,250170
O9630,3,Makanan,Purworejo,Transfer Bank,373949
O9631,10,Makanan,Semarang,Kartu Kredit,357426
O9632,8,Kesehatan,Semarang,Kartu Kredit,316132
O9633,4,Elektronik,Solo,COD,296247
O9634,12,Makanan,Yogyakarta,Transfer Bank,145883
O9635,18,Rumah Tangga,Magelang,E-Wallet,336724
O9636,10,Rumah Tangga,Yogyakarta,Transfer Bank,207657
O9637,7,Kesehatan,Magelang,Kartu Kredit,187894
O9638,14,Elektronik,Magelang,Kartu Kredit,185517
O9639,20,Elektronik,Solo,E-Wallet,323010
O9640,18,Elektronik,Semarang,E-Wallet,96694
O9641,3,Makanan,Purworejo,Kartu Kredit,159379
O9642,4,Fashion,Purworejo,Transfer Bank,375675
O9643,10,Elektronik,Yogyakarta,E-Wallet,99796
O9644,14,Fashion,Semarang,E-Wallet,381270
O9645,16,Kesehatan,Semarang,Transfer Bank,103799
O9646,9,Fashion,Semarang,Kartu Kredit,358372
O9647,6,Makanan,Magelang,Transfer Bank,311547
O9648,7,Rumah Tangga,Purworejo,Transfer Bank,94947
O9649,11,Kesehatan,Magelang,Transfer Bank,437033
O9650,6,Kesehatan,Semarang,COD,341070
O9651,2,Elektronik,Semarang,COD,321883
O9652,8,Makanan,Magelang,COD,142550
O9653,10,Fashion,Purworejo,COD,496115
O9654,1,Fashion,Semarang,COD,333967
O9655,9,Fashion,Magelang,Transfer Bank,147576
O9656,11,Fashion,Purworejo,COD,265444
O9657,19,Makanan,Semarang,Transfer Bank,407160
O9658,13,Elektronik,Solo,COD,139032
O9659,3,Rumah Tangga,Magelang,E-Wallet,73965
O9660,8,Kesehatan,Solo,COD,404464
O9661,18,Makanan,Yogyakarta,Kartu Kredit,216084
O9662,19,Kesehatan,Magelang,E-Wallet,270163
O9663,15,Elektronik,Solo,E-Wallet,50234
O9664,7,Elektronik,Purworejo,Transfer Bank,224638
O9665,1,Elektronik,Purworejo,Kartu Kredit,414336
O9666,2,Kesehatan,Yogyakarta,E-Wallet,161063
O9667,16,Rumah Tangga,Purworejo,E-Wallet,466391
O9668,9,Kesehatan,Magelang,Kartu Kredit,231056
O9669,14,Kesehatan,Purworejo,Kartu Kredit,325102
O9670,2,Rumah Tangga,Yogyakarta,COD,227035
O9671,4,Makanan,Yogyakarta,COD,317364
O9672,9,Kesehatan,Yogyakarta,E-Wallet,437612
O9673,20,Rumah Tangga,Yogyakarta,Transfer Bank,366677
O9674,20,Elektronik,Magelang,Kartu Kredit,216213
O9675,18,Rumah Tangga,Purworejo,Transfer Bank,339403
O9676,18,Fashion,Purworejo,E-Wallet,331148
O9677,7,Kesehatan,Solo,Kartu Kredit,498322
O9678,20,Kesehatan,Semarang,Kartu Kredit,404997
O9679,8,Fashion,Purworejo,E-Wallet,193368
O9680,13,Kesehatan,Magelang,Kartu Kredit,443365
O9681,17,Makanan,Semarang,COD,215104
O9682,16,Makanan,Yogyakarta,E-Wallet,59604
O9683,2,Rumah Tangga,Solo,Kartu Kredit,300967
O9684,17,Makanan,Solo,E-Wallet,481973
O9685,9,Kesehatan,Purworejo,COD,57874
O9686,1,Kesehatan,Solo,Kartu Kredit,329487
O9687,12,Rumah Tangga,Semarang,E-Wallet,361011
O9688,14,Fashion,Magelang,Kartu Kredit,218378
O9689,15,Elektronik,Semarang,Kartu Kredit,376374
O9690,14,Kesehatan,Solo,E-Wallet,278558
O9691,4,Rumah Tangga,Magelang,Transfer Bank,231733
O9692,8,Kesehatan,Semarang,E-Wallet,312573
O9693,10,Rumah Tangga,Yogyakarta,E-Wallet,402633
O9694,1,Elektronik,Semarang,Transfer Bank,110191
O9695,1,Fashion,Yogyakarta,E-Wallet,123777
O9696,1,Elektronik,Solo,COD,487011
O9697,1,Kesehatan,Magelang,COD,293545
O9698,13,Rumah Tangga,Yogyakarta,Transfer Bank,287381
O9699,15,Fashion,Solo,COD,173080
O9700,17,Kesehatan,Magelang,COD,327720
O9701,10,Makanan,Purworejo,E-Wallet,226882
O9702,1,Elektronik,Magelang,COD,490452
O9703,20,Elektronik,Solo,E-Wallet,178289
O9704,20,Rumah Tangga,Purworejo,Transfer Bank,162283
O9705,8,Kesehatan,Semarang,Kartu Kredit,320535
O9706,17,Rumah Tangga,Semarang,Transfer Bank,417756
O9707,6,Kesehatan,Solo,Transfer Bank,201455
O9708,15,Kesehatan,Purworejo,Kartu Kredit,434299
O9709,7,Rumah Tangga,Magelang,COD,276680
O9710,9,Elektronik,Purworejo,Kartu Kredit,120297
O9711,14,Elektronik,Yogyakarta,Transfer Bank,117671
O9712,9,Elektronik,Semarang,E-Wallet,115297
O9713,14,Fashion,Solo,COD,277471
O9714,4,Fashion,Solo,Kartu Kredit,150426
O9715,2,Elektronik,Semarang,Transfer Bank,113890
O9716,4,Kesehatan,Semarang,Kartu Kredit,95421
O9717,9,Fashion,Semarang,COD,496460
O9718,7,Elektronik,Purworejo,E-Wallet,407771
O9719,20,Kesehatan,Solo,Kartu Kredit,219820
O9720,8,Kesehatan,Magelang,COD,248144
O9721,13,Rumah Tangga,Magelang,E-Wallet,328233
O9722,8,Makanan,Magelang,Transfer Bank,446852
O9723,6,Elektronik,Magelang,Transfer Bank,470684
O9724,20,Rumah Tangga,Magelang,COD,76187
O9725,5,Fashion,Solo,Transfer Bank,262746
O9726,15,Makanan,Purworejo,E-Wallet,320726
O9727,4,Fashion,Solo,Transfer Bank,412074
O9728,19,Makanan,Magelang,Transfer Bank,276295
O9729,19,Elektronik,Solo,COD,52232
O9730,17,Rumah Tangga,Magelang,Transfer Bank,191862
O9731,13,Rumah Tangga,Magelang,Transfer Bank,182573
O9732,14,Kesehatan,Magelang,Kartu Kredit,491533
O9733,3,Rumah Tangga,Magelang,COD,136343
O9734,5,Elektronik,Yogyakarta,Kartu Kredit,282006
O9735,4,Makanan,Semarang,COD,195744
O9736,10,Makanan,Yogyakarta,COD,381997
O9737,17,Rumah Tangga,Solo,E-Wallet,126473
O9738,1,Elektronik,Solo,Kartu Kredit,234630
O9739,19,Fashion,Magelang,Transfer Bank,405938
O9740,2,Makanan,Magelang,Kartu Kredit,443531
O9741,12,Fashion,Yogyakarta,Transfer Bank,309188
O9742,8,Kesehatan,Purworejo,Transfer Bank,465925
O9743,7,Rumah Tangga,Semarang,Transfer Bank,367278
O9744,18,Makanan,Yogyakarta,Kartu Kredit,173132
O9745,16,Kesehatan,Yogyakarta,Kartu Kredit,89772
O9746,2,Rumah Tangga,Magelang,E-Wallet,166356
O9747,15,Rumah Tangga,Yogyakarta,COD,192349
O9748,17,Makanan,Magelang,COD,399766
O9749,17,Rumah Tangga,Yogyakarta,Kartu Kredit,434783
O9750,16,Kesehatan,Magelang,Kartu Kredit,304675
O9751,1,Makanan,Solo,COD,495951
O9752,2,Fashion,Purworejo,Transfer Bank,470400
O9753,8,Rumah Tangga,Solo,E-Wallet,399570
O9754,10,Rumah Tangga,Purworejo,E-Wallet,144751
O9755,2,Fashion,Solo,Transfer Bank,56925
O9756,9,Rumah Tangga,Purworejo,Transfer Bank,165714
O9757,9,Rumah Tangga,Purworejo,E-Wallet,470581
O9758,17,Rumah Tangga,Semarang,Kartu Kredit,279886
O9759,11,Elektronik,Semarang,Transfer Bank,199730
O9760,10,Makanan,Semarang,E-Wallet,208885
O9761,11,Elektronik,Semarang,E-Wallet,90004
O9762,20,Fashion,Magelang,COD,493235
O9763,20,Fashion,Yogyakarta,COD,284589
O9764,8,Makanan,Semarang,COD,426342
O9765,18,Kesehatan,Yogyakarta,Kartu Kredit,52354
O9766,13,Rumah Tangga,Magelang,Kartu Kredit,207072
O9767,13,Kesehatan,Magelang,COD,125549
O9768,17,Makanan,Yogyakarta,Kartu Kredit,452260
O9769,19,Kesehatan,Purworejo,E-Wallet,205570
O9770,1,Rumah Tangga,Purworejo,E-Wallet,67150
O9771,4,Makanan,Semarang,E-Wallet,350847
O9772,14,Elektronik,Purworejo,COD,241115
O9773,14,Fashion,Magelang,E-Wallet,281742
O9774,15,Elektronik,Magelang,Kartu Kredit,402924
O9775,3,Fashion,Magelang,COD,460772
O9776,15,Rumah Tangga,Yogyakarta,COD,226706
O9777,6,Elektronik,Purworejo,Transfer Bank,441072
O9778,2,Fashion,Purworejo,COD,71301
O9779,10,Kesehatan,Magelang,COD,448388
O9780,6,Rumah Tangga,Purworejo,E-Wallet,132803
O9781,16,Elektronik,Solo,E-Wallet,219824
O9782,5,Fashion,Yogyakarta,Kartu Kredit,339877
O9783,20,Rumah Tangga,Semarang,Kartu Kredit,210104
O9784,17,Elektronik,Purworejo,COD,419398
O9785,17,Kesehatan,Yogyakarta,E-Wallet,301966
O9786,9,Rumah Tangga,Yogyakarta,COD,477157
O9787,2,Makanan,Semarang,Kartu Kredit,278028
O9788,12,Rumah Tangga,Semarang,Transfer Bank,75280
O9789,13,Kesehatan,Yogyakarta,Kartu Kredit,497968
O9790,3,Fashion,Yogyakarta,Transfer Bank,168646
O9791,16,Rumah Tangga,Solo,E-Wallet,463744
O9792,2,Elektronik,Yogyakarta,Transfer Bank,308623
O9793,14,Rumah Tangga,Magelang,E-Wallet,113334
O9794,7,Rumah Tangga,Purworejo,Transfer Bank,215768
O9795,16,Fashion,Semarang,Kartu Kredit,375197
O9796,9,Kesehatan,Semarang,Kartu Kredit,472714
O9797,2,Elektronik,Purworejo,COD,74389
O9798,10,Fashion,Yogyakarta,Transfer Bank,118151
O9799,10,Makanan,Magelang,COD,328232
O9800,4,Rumah Tangga,Solo,E-Wallet,481205
O9801,18,Fashion,Purworejo,E-Wallet,423569
O9802,11,Elektronik,Purworejo,Kartu Kredit,135859
O9803,7,Elektronik,Yogyakarta,Kartu Kredit,214870
O9804,5,Rumah Tangga,Purworejo,COD,456695
O9805,5,Kesehatan,Purworejo,Transfer Bank,244920
O9806,15,Rumah Tangga,Magelang,Kartu Kredit,408945
O9807,2,Makanan,Purworejo,COD,397998
O9808,1,Rumah Tangga,Solo,COD,163351
O9809,4,Fashion,Yogyakarta,E-Wallet,203711
O9810,9,Kesehatan,Semarang,Kartu Kredit,412798
O9811,13,Makanan,Purworejo,Kartu Kredit,115901
O9812,7,Fashion,Yogyakarta,Kartu Kredit,342806
O9813,5,Rumah Tangga,Solo,Transfer Bank,402821
O9814,15,Rumah Tangga,Yogyakarta,COD,68989
O9815,17,Fashion,Purworejo,Transfer Bank,174092
O9816,5,Rumah Tangga,Purworejo,Kartu Kredit,133503
O9817,17,Rumah Tangga,Purworejo,Kartu Kredit,356371
O9818,16,Elektronik,Magelang,Transfer Bank,251637
O9819,5,Rumah Tangga,Magelang,COD,312987
O9820,12,Kesehatan,Magelang,COD,147912
O9821,14,Kesehatan,Magelang,COD,218895
O9822,19,Fashion,Solo,COD,203166
O9823,20,Fashion,Semarang,E-Wallet,118815
O9824,11,Elektronik,Purworejo,COD,382447
O9825,17,Fashion,Magelang,E-Wallet,258419
O9826,17,Elektronik,Semarang,COD,294759
O9827,18,Fashion,Purworejo,E-Wallet,475266
O9828,3,Fashion,Magelang,Kartu Kredit,361162
O9829,20,Kesehatan,Solo,COD,353750
O9830,14,Fashion,Purworejo,Transfer Bank,218698
O9831,4,Elektronik,Purworejo,E-Wallet,434470
O9832,12,Makanan,Magelang,E-Wallet,101728
O9833,17,Rumah Tangga,Purworejo,Kartu Kredit,87766
O9834,11,Elektronik,Magelang,COD,201692
O9835,18,Rumah Tangga,Semarang,Transfer Bank,201736
O9836,17,Fashion,Solo,Transfer Bank,319039
O9837,11,Kesehatan,Solo,Kartu Kredit,325664
O9838,11,Rumah Tangga,Magelang,Transfer Bank,212114
O9839,2,Rumah Tangga,Purworejo,COD,157789
O9840,2,Rumah Tangga,Magelang,Kartu Kredit,138650
O9841,11,Makanan,Purworejo,Transfer Bank,109618
O9842,4,Elektronik,Purworejo,Transfer Bank,121115
O9843,7,Makanan,Semarang,Kartu Kredit,178097
O9844,4,Elektronik,Magelang,Kartu Kredit,375898
O9845,10,Kesehatan,Semarang,Transfer Bank,297829
O9846,8,Makanan,Solo,Transfer Bank,232206
O9847,16,Fashion,Semarang,COD,184097
O9848,1,Elektronik,Solo,E-Wallet,212471
O9849,14,Elektronik,Yogyakarta,COD,148568
O9850,15,Fashion,Yogyakarta,Transfer Bank,460700
O9851,1,Fashion,Solo,Kartu Kredit,336147
O9852,6,Elektronik,Magelang,E-Wallet,356722
O9853,14,Rumah Tangga,Yogyakarta,COD,303053
O9854,11,Rumah Tangga,Yogyakarta,Transfer Bank,118232
O9855,15,Rumah Tangga,Solo,E-Wallet,416938
O9856,9,Fashion,Purworejo,E-Wallet,77570
O9857,9,Fashion,Magelang,Transfer Bank,50220
O9858,17,Kesehatan,Purworejo,Transfer Bank,328692
O9859,16,Rumah Tangga,Semarang,E-Wallet,143846
O9860,8,Makanan,Yogyakarta,Transfer Bank,426209
O9861,18,Makanan,Solo,Transfer Bank,273283
O9862,9,Rumah Tangga,Semarang,COD,178760
O9863,11,Elektronik,Solo,Kartu Kredit,301783
O9864,16,Makanan,Solo,Transfer Bank,464065
O9865,16,Kesehatan,Solo,E-Wallet,345931
O9866,14,Kesehatan,Solo,Kartu Kredit,345124
O9867,5,Makanan,Yogyakarta,Kartu Kredit,353755
O9868,13,Fashion,Semarang,Kartu Kredit,145612
O9869,13,Rumah Tangga,Magelang,Transfer Bank,456137
O9870,1,Makanan,Purworejo,Transfer Bank,460368
O9871,20,Kesehatan,Yogyakarta,Kartu Kredit,189337
O9872,16,Elektronik,Magelang,Transfer Bank,112270
O9873,1,Kesehatan,Semarang,Kartu Kredit,91007
O9874,4,Kesehatan,Magelang,Transfer Bank,420202
O9875,9,Kesehatan,Semarang,COD,445487
O9876,10,Fashion,Yogyakarta,E-Wallet,466559
O9877,18,Elektronik,Semarang,Transfer Bank,112598
O9878,3,Elektronik,Semarang,E-Wallet,59425
O9879,19,Rumah Tangga,Semarang,COD,329215
O9880,17,Rumah Tangga,Semarang,Transfer Bank,127751
O9881,4,Kesehatan,Magelang,E-Wallet,88598
O9882,17,Makanan,Yogyakarta,E-Wallet,387781
O9883,17,Fashion,Purworejo,Transfer Bank,369694
O9884,5,Makanan,Semarang,Transfer Bank,462190
O9885,8,Fashion,Purworejo,Kartu Kredit,144695
O9886,9,Kesehatan,Semarang,Kartu Kredit,177594
O9887,19,Elektronik,Solo,Transfer Bank,261023
O9888,1,Fashion,Purworejo,Kartu Kredit,287086
O9889,3,Makanan,Magelang,COD,103933
O9890,18,Elektronik,Semarang,E-Wallet,159167
O9891,10,Elektronik,Yogyakarta,COD,120269
O9892,12,Fashion,Yogyakarta,Transfer Bank,136528
O9893,1,Makanan,Yogyakarta,Kartu Kredit,97321
O9894,1,Kesehatan,Solo,COD,345416
O9895,13,Fashion,Solo,COD,142886
O9896,18,Kesehatan,Magelang,Kartu Kredit,255847
O9897,8,Kesehatan,Purworejo,E-Wallet,123816
O9898,9,Elektronik,Yogyakarta,E-Wallet,190944
O9899,19,Fashion,Semarang,Transfer Bank,91731
O9900,4,Makanan,Semarang,E-Wallet,412290
O9901,13,Fashion,Purworejo,E-Wallet,134949
O9902,6,Makanan,Semarang,Kartu Kredit,374498
O9903,19,Makanan,Purworejo,E-Wallet,185810
O9904,1,Kesehatan,Solo,Transfer Bank,358687
O9905,20,Makanan,Magelang,Kartu Kredit,222633
O9906,16,Fashion,Yogyakarta,COD,90259
O9907,6,Rumah Tangga,Magelang,E-Wallet,405996
O9908,1,Kesehatan,Purworejo,COD,399300
O9909,12,Makanan,Semarang,Kartu Kredit,287442
O9910,11,Rumah Tangga,Purworejo,Kartu Kredit,108275
O9911,19,Makanan,Solo,Transfer Bank,322365
O9912,16,Rumah Tangga,Yogyakarta,Transfer Bank,324828
O9913,1,Kesehatan,Solo,E-Wallet,84910
O9914,18,Elektronik,Purworejo,COD,177143
O9915,17,Elektronik,Magelang,Kartu Kredit,468029
O9916,19,Rumah Tangga,Yogyakarta,Kartu Kredit,490254
O9917,2,Elektronik,Semarang,Kartu Kredit,333335
O9918,10,Fashion,Yogyakarta,COD,209180
O9919,5,Rumah Tangga,Solo,E-Wallet,491534
O9920,15,Elektronik,Semarang,E-Wallet,450749
O9921,2,Rumah Tangga,Purworejo,E-Wallet,419360
O9922,8,Kesehatan,Yogyakarta,E-Wallet,491848
O9923,12,Kesehatan,Yogyakarta,Transfer Bank,146507
O9924,19,Makanan,Yogyakarta,E-Wallet,163700
O9925,20,Rumah Tangga,Purworejo,Transfer Bank,272968
O9926,15,Elektronik,Magelang,E-Wallet,328062
O9927,18,Makanan,Magelang,COD,307706
O9928,18,Rumah Tangga,Semarang,E-Wallet,260403
O9929,3,Elektronik,Purworejo,Kartu Kredit,416362
O9930,1,Makanan,Semarang,E-Wallet,297150
O9931,14,Kesehatan,Yogyakarta,COD,401041
O9932,9,Rumah Tangga,Magelang,E-Wallet,416982
O9933,13,Fashion,Yogyakarta,Transfer Bank,387962
O9934,20,Kesehatan,Magelang,Kartu Kredit,133980
O9935,15,Elektronik,Yogyakarta,E-Wallet,278470
O9936,14,Fashion,Yogyakarta,COD,349525
O9937,4,Kesehatan,Semarang,Kartu Kredit,50405
O9938,5,Makanan,Purworejo,Kartu Kredit,445227
O9939,12,Makanan,Solo,Kartu Kredit,98014
O9940,6,Elektronik,Semarang,Transfer Bank,315198
O9941,16,Kesehatan,Solo,E-Wallet,476327
O9942,9,Rumah Tangga,Semarang,Transfer Bank,273621
O9943,7,Kesehatan,Yogyakarta,Kartu Kredit,421943
O9944,3,Makanan,Solo,E-Wallet,236059
O9945,13,Kesehatan,Solo,Transfer Bank,269797
O9946,10,Kesehatan,Magelang,COD,299502
O9947,6,Elektronik,Magelang,E-Wallet,466848
O9948,2,Rumah Tangga,Magelang,Transfer Bank,149072
O9949,9,Kesehatan,Purworejo,Transfer Bank,427411
O9950,4,Rumah Tangga,Semarang,Transfer Bank,392418
O9951,19,Rumah Tangga,Magelang,E-Wallet,492741
O9952,4,Makanan,Semarang,Transfer Bank,397873
O9953,3,Elektronik,Purworejo,Kartu Kredit,340603
O9954,7,Elektronik,Solo,Kartu Kredit,266650
O9955,3,Elektronik,Semarang,COD,454855
O9956,10,Kesehatan,Purworejo,Kartu Kredit,386694
O9957,8,Kesehatan,Yogyakarta,Kartu Kredit,289326
O9958,19,Rumah Tangga,Solo,E-Wallet,393442
O9959,11,Kesehatan,Purworejo,COD,492437
O9960,3,Fashion,Purworejo,E-Wallet,76096
O9961,11,Fashion,Semarang,Transfer Bank,193826
O9962,10,Kesehatan,Solo,Transfer Bank,257453
O9963,20,Rumah Tangga,Solo,Kartu Kredit,297084
O9964,17,Kesehatan,Purworejo,E-Wallet,64168
O9965,10,Makanan,Magelang,E-Wallet,342280
O9966,10,Kesehatan,Purworejo,Transfer Bank,473646
O9967,20,Fashion,Magelang,Transfer Bank,279599
O9968,14,Elektronik,Solo,Kartu Kredit,484232
O9969,20,Rumah Tangga,Magelang,Transfer Bank,69594
O9970,14,Elektronik,Yogyakarta,E-Wallet,410303
O9971,6,Elektronik,Solo,Kartu Kredit,447459
O9972,19,Kesehatan,Solo,Kartu Kredit,297392
O9973,16,Makanan,Magelang,COD,201998
O9974,5,Fashion,Solo,Transfer Bank,70189
O9975,16,Makanan,Magelang,Transfer Bank,294833
O9976,19,Elektronik,Purworejo,COD,381742
O9977,20,Rumah Tangga,Semarang,Transfer Bank,125522
O9978,2,Kesehatan,Semarang,Transfer Bank,479525
O9979,13,Rumah Tangga,Solo,E-Wallet,495023
O9980,6,Elektronik,Magelang,Transfer Bank,344051
O9981,8,Elektronik,Magelang,Kartu Kredit,477440
O9982,8,Makanan,Purworejo,E-Wallet,454609
O9983,5,Rumah Tangga,Yogyakarta,E-Wallet,107323
O9984,15,Fashion,Semarang,COD,186904
O9985,18,Rumah Tangga,Yogyakarta,Transfer Bank,422483
O9986,14,Kesehatan,Magelang,COD,358158
O9987,5,Kesehatan,Magelang,COD,162648
O9988,17,Fashion,Yogyakarta,E-Wallet,231067
O9989,2,Fashion,Yogyakarta,E-Wallet,351946
O9990,8,Fashion,Yogyakarta,Transfer Bank,259362
O9991,13,Elektronik,Solo,Kartu Kredit,68002
O9992,20,Kesehatan,Magelang,E-Wallet,212248
O9993,11,Rumah Tangga,Yogyakarta,Transfer Bank,196768
O9994,9,Fashion,Solo,E-Wallet,439080
O9995,18,Fashion,Yogyakarta,COD,399145
O9996,17,Kesehatan,Purworejo,E-Wallet,158593
O9997,2,Makanan,Semarang,Kartu Kredit,309736
O9998,18,Kesehatan,Semarang,E-Wallet,316980
O9999,3,Elektronik,Solo,E-Wallet,378152
O10000,20,Kesehatan,Magelang,Transfer Bank,99732
O10001,19,Kesehatan,Solo,Transfer Bank,283462
O10002,4,Fashion,Semarang,COD,209191
O10003,11,Elektronik,Yogyakarta,Kartu Kredit,278271
O10004,9,Kesehatan,Yogyakarta,Transfer Bank,66174
O10005,18,Kesehatan,Purworejo,Kartu Kredit,404125
O10006,20,Makanan,Magelang,COD,320819
O10007,6,Elektronik,Semarang,Transfer Bank,124612
O10008,19,Elektronik,Magelang,Kartu Kredit,135623
O10009,8,Makanan,Solo,E-Wallet,105695
O10010,14,Fashion,Solo,Transfer Bank,428132
O10011,14,Fashion,Purworejo,COD,214781
O10012,1,Elektronik,Solo,E-Wallet,208109
O10013,7,Rumah Tangga,Semarang,COD,275626
O10014,3,Makanan,Purworejo,COD,58693
O10015,8,Makanan,Purworejo,Kartu Kredit,389793
O10016,18,Rumah Tangga,Magelang,Transfer Bank,289538
O10017,19,Rumah Tangga,Purworejo,E-Wallet,253522
O10018,6,Fashion,Yogyakarta,Transfer Bank,315550
O10019,3,Fashion,Purworejo,Transfer Bank,126062
O10020,12,Elektronik,Solo,Kartu Kredit,163260
O10021,7,Elektronik,Magelang,Transfer Bank,79597
O10022,20,Makanan,Magelang,Kartu Kredit,211454
O10023,14,Makanan,Solo,COD,129568
O10024,9,Makanan,Purworejo,Kartu Kredit,96496
O10025,7,Fashion,Magelang,E-Wallet,67100
O10026,19,Fashion,Semarang,Transfer Bank,364228
O10027,17,Makanan,Yogyakarta,Transfer Bank,196534
O10028,6,Rumah Tangga,Solo,E-Wallet,149968
O10029,7,Kesehatan,Purworejo,Transfer Bank,176312
O10030,12,Elektronik,Semarang,Transfer Bank,183740
O10031,8,Rumah Tangga,Semarang,Transfer Bank,306142
O10032,5,Rumah Tangga,Solo,Transfer Bank,137827
O10033,6,Makanan,Magelang,Transfer Bank,228074
O10034,3,Makanan,Magelang,COD,177520
O10035,4,Elektronik,Solo,Kartu Kredit,127685
O10036,9,Elektronik,Yogyakarta,E-Wallet,321055
O10037,11,Elektronik,Yogyakarta,Transfer Bank,53706
O10038,14,Makanan,Magelang,Transfer Bank,300669
O10039,11,Makanan,Purworejo,Kartu Kredit,236040
O10040,3,Fashion,Solo,E-Wallet,202465
O10041,5,Makanan,Yogyakarta,COD,302165
O10042,12,Rumah Tangga,Magelang,Transfer Bank,455707
O10043,20,Elektronik,Semarang,Transfer Bank,53515
O10044,1,Kesehatan,Purworejo,Kartu Kredit,291896
O10045,15,Rumah Tangga,Purworejo,Kartu Kredit,171398
O10046,7,Elektronik,Magelang,Kartu Kredit,374385
O10047,3,Elektronik,Yogyakarta,COD,394307
O10048,5,Kesehatan,Solo,Kartu Kredit,250575
O10049,20,Fashion,Semarang,Transfer Bank,111811
O10050,14,Fashion,Yogyakarta,Kartu Kredit,302719
O10051,5,Fashion,Semarang,COD,120745
O10052,7,Fashion,Yogyakarta,COD,238450
O10053,16,Rumah Tangga,Semarang,COD,438015
O10054,14,Makanan,Semarang,Kartu Kredit,436706
O10055,19,Elektronik,Purworejo,Kartu Kredit,301222
O10056,11,Elektronik,Purworejo,Transfer Bank,99330
O10057,15,Rumah Tangga,Purworejo,Kartu Kredit,114444
O10058,4,Kesehatan,Purworejo,Transfer Bank,494952
O10059,9,Fashion,Magelang,COD,401586
O10060,11,Makanan,Solo,E-Wallet,202481
O10061,4,Fashion,Yogyakarta,Transfer Bank,251735
O10062,17,Rumah Tangga,Solo,Kartu Kredit,394858
O10063,10,Fashion,Purworejo,Kartu Kredit,240295
O10064,19,Makanan,Purworejo,COD,359050
O10065,14,Fashion,Solo,COD,380537
O10066,7,Makanan,Solo,E-Wallet,152281
O10067,8,Rumah Tangga,Semarang,Transfer Bank,359610
O10068,14,Elektronik,Solo,Kartu Kredit,325667
O10069,9,Kesehatan,Semarang,Transfer Bank,143335
O10070,2,Elektronik,Magelang,COD,284537
O10071,6,Kesehatan,Magelang,Kartu Kredit,388284
O10072,19,Elektronik,Semarang,Transfer Bank,289762
O10073,8,Kesehatan,Solo,E-Wallet,470565
O10074,7,Rumah Tangga,Semarang,Kartu Kredit,170312
O10075,9,Kesehatan,Yogyakarta,COD,138740
O10076,8,Kesehatan,Magelang,COD,301577
O10077,4,Rumah Tangga,Magelang,Transfer Bank,180954
O10078,2,Kesehatan,Solo,Kartu Kredit,251505
O10079,8,Kesehatan,Purworejo,E-Wallet,370391
O10080,11,Rumah Tangga,Magelang,Transfer Bank,244476
O10081,19,Kesehatan,Semarang,Kartu Kredit,181363
O10082,3,Elektronik,Magelang,E-Wallet,344968
O10083,4,Rumah Tangga,Yogyakarta,E-Wallet,249984
O10084,10,Rumah Tangga,Purworejo,COD,430239
O10085,3,Kesehatan,Magelang,Transfer Bank,147724
O10086,18,Rumah Tangga,Semarang,Transfer Bank,229998
O10087,10,Rumah Tangga,Magelang,Transfer Bank,154809
O10088,4,Makanan,Purworejo,Kartu Kredit,238919
O10089,10,Elektronik,Yogyakarta,Kartu Kredit,213106
O10090,14,Fashion,Magelang,Transfer Bank,405359
O10091,11,Fashion,Yogyakarta,Kartu Kredit,173127
O10092,14,Rumah Tangga,Solo,E-Wallet,130894
O10093,4,Kesehatan,Magelang,Transfer Bank,307802
O10094,7,Makanan,Solo,E-Wallet,210595
O10095,19,Rumah Tangga,Solo,Kartu Kredit,298787
O10096,11,Rumah Tangga,Solo,COD,137767
O10097,16,Makanan,Semarang,COD,71218
O10098,5,Elektronik,Magelang,Kartu Kredit,228405
O10099,4,Kesehatan,Solo,Kartu Kredit,493550
O10100,2,Rumah Tangga,Semarang,COD,451510
O10101,12,Rumah Tangga,Yogyakarta,E-Wallet,219492
O10102,5,Elektronik,Yogyakarta,Transfer Bank,435701
O10103,18,Fashion,Purworejo,COD,448328
O10104,2,Kesehatan,Purworejo,E-Wallet,93350
O10105,6,Rumah Tangga,Yogyakarta,COD,478140
O10106,10,Kesehatan,Purworejo,Kartu Kredit,365362
O10107,4,Makanan,Solo,E-Wallet,315877
O10108,20,Rumah Tangga,Purworejo,COD,469842
O10109,4,Kesehatan,Yogyakarta,E-Wallet,403886
O10110,8,Fashion,Solo,E-Wallet,418172
O10111,18,Rumah Tangga,Yogyakarta,Transfer Bank,67010
O10112,13,Rumah Tangga,Semarang,COD,171298
O10113,17,Makanan,Magelang,COD,177833
O10114,18,Rumah Tangga,Solo,Kartu Kredit,65694
O10115,2,Elektronik,Semarang,Transfer Bank,215999
O10116,7,Kesehatan,Solo,E-Wallet,71559
O10117,18,Fashion,Solo,COD,408486
O10118,15,Elektronik,Solo,E-Wallet,354980
O10119,2,Rumah Tangga,Semarang,Kartu Kredit,399438
O10120,13,Rumah Tangga,Solo,COD,451675
O10121,3,Rumah Tangga,Solo,E-Wallet,116174
O10122,5,Rumah Tangga,Semarang,E-Wallet,239375
O10123,20,Rumah Tangga,Purworejo,COD,190698
O10124,20,Fashion,Magelang,COD,282942
O10125,12,Elektronik,Yogyakarta,Kartu Kredit,329190
O10126,10,Kesehatan,Purworejo,Kartu Kredit,346090
O10127,9,Makanan,Yogyakarta,COD,319791
O10128,11,Makanan,Semarang,COD,425491
O10129,4,Makanan,Semarang,Kartu Kredit,393496
O10130,12,Makanan,Semarang,COD,486761
O10131,5,Elektronik,Yogyakarta,E-Wallet,100007
O10132,19,Makanan,Purworejo,COD,480534
O10133,14,Makanan,Yogyakarta,COD,392349
O10134,10,Fashion,Magelang,Kartu Kredit,116866
O10135,1,Fashion,Magelang,COD,207993
O10136,12,Elektronik,Yogyakarta,COD,481017
O10137,16,Kesehatan,Solo,Transfer Bank,194445
O10138,12,Fashion,Semarang,Kartu Kredit,67706
O10139,15,Kesehatan,Solo,E-Wallet,351867
O10140,19,Rumah Tangga,Purworejo,COD,415239
O10141,15,Fashion,Yogyakarta,Kartu Kredit,274690
O10142,15,Elektronik,Magelang,Transfer Bank,303688
O10143,4,Makanan,Solo,Transfer Bank,457956
O10144,10,Kesehatan,Yogyakarta,Kartu Kredit,135486
O10145,20,Makanan,Yogyakarta,Kartu Kredit,111500
O10146,19,Fashion,Yogyakarta,Transfer Bank,430121
O10147,19,Elektronik,Purworejo,E-Wallet,221734
O10148,8,Fashion,Yogyakarta,E-Wallet,209784
O10149,5,Kesehatan,Purworejo,COD,392272
O10150,1,Elektronik,Purworejo,Transfer Bank,146981
O10151,5,Makanan,Magelang,E-Wallet,488126
O10152,13,Rumah Tangga,Purworejo,COD,51676
O10153,12,Fashion,Magelang,Transfer Bank,251847
O10154,8,Elektronik,Magelang,Transfer Bank,176145
O10155,10,Kesehatan,Yogyakarta,E-Wallet,459960
O10156,3,Fashion,Purworejo,Transfer Bank,80597
O10157,8,Makanan,Yogyakarta,Transfer Bank,197433
O10158,2,Makanan,Semarang,E-Wallet,281050
O10159,18,Makanan,Semarang,E-Wallet,406137
O10160,8,Makanan,Semarang,Kartu Kredit,335487
O10161,1,Kesehatan,Magelang,Transfer Bank,433001
O10162,5,Kesehatan,Magelang,Transfer Bank,396749
O10163,3,Makanan,Purworejo,E-Wallet,350218
O10164,14,Makanan,Magelang,COD,340575
O10165,9,Elektronik,Yogyakarta,Transfer Bank,305944
O10166,14,Elektronik,Semarang,Transfer Bank,160767
O10167,17,Fashion,Semarang,COD,62134
O10168,9,Kesehatan,Magelang,Transfer Bank,314045
O10169,1,Makanan,Yogyakarta,COD,463255
O10170,13,Rumah Tangga,Solo,Transfer Bank,213069
O10171,15,Elektronik,Yogyakarta,COD,257638
O10172,14,Kesehatan,Solo,Kartu Kredit,435548
O10173,6,Rumah Tangga,Magelang,Kartu Kredit,155500
O10174,6,Fashion,Solo,E-Wallet,122629
O10175,15,Kesehatan,Purworejo,COD,446069
O10176,10,Makanan,Yogyakarta,E-Wallet,234998
O10177,18,Fashion,Semarang,E-Wallet,363859
O10178,8,Rumah Tangga,Magelang,COD,126497
O10179,6,Elektronik,Magelang,Kartu Kredit,322990
O10180,16,Kesehatan,Solo,COD,186362
O10181,20,Kesehatan,Magelang,COD,472888
O10182,17,Kesehatan,Magelang,Kartu Kredit,214888
O10183,1,Rumah Tangga,Yogyakarta,Transfer Bank,56380
O10184,18,Elektronik,Solo,Kartu Kredit,287693
O10185,18,Fashion,Solo,Kartu Kredit,344408
O10186,19,Elektronik,Magelang,Kartu Kredit,380922
O10187,17,Rumah Tangga,Semarang,COD,381003
O10188,14,Elektronik,Semarang,E-Wallet,369822
O10189,6,Makanan,Magelang,COD,460446
O10190,14,Kesehatan,Magelang,Kartu Kredit,441304
O10191,15,Kesehatan,Magelang,COD,101085
O10192,13,Elektronik,Magelang,E-Wallet,272938
O10193,3,Makanan,Purworejo,COD,234329
O10194,7,Makanan,Magelang,E-Wallet,145997
O10195,8,Elektronik,Solo,Transfer Bank,469277
O10196,1,Fashion,Magelang,COD,481749
O10197,11,Elektronik,Yogyakarta,E-Wallet,146878
O10198,10,Makanan,Yogyakarta,Transfer Bank,425063
O10199,2,Rumah Tangga,Solo,Transfer Bank,444271
O10200,12,Rumah Tangga,Semarang,Kartu Kredit,111748
O10201,6,Elektronik,Solo,E-Wallet,490636
O10202,9,Kesehatan,Yogyakarta,Kartu Kredit,122615
O10203,18,Kesehatan,Magelang,Transfer Bank,212359
O10204,20,Kesehatan,Semarang,COD,280300
O10205,1,Fashion,Semarang,Kartu Kredit,236794
O10206,4,Makanan,Semarang,Transfer Bank,395618
O10207,16,Fashion,Yogyakarta,Kartu Kredit,289930
O10208,15,Rumah Tangga,Solo,Transfer Bank,384827
O10209,19,Fashion,Semarang,Kartu Kredit,393049
O10210,8,Makanan,Semarang,Transfer Bank,228480
O10211,2,Kesehatan,Purworejo,E-Wallet,285620
O10212,8,Elektronik,Semarang,Kartu Kredit,320342
O10213,15,Kesehatan,Solo,COD,86429
O10214,12,Elektronik,Solo,Transfer Bank,138111
O10215,7,Makanan,Magelang,Transfer Bank,112232
O10216,10,Elektronik,Solo,Transfer Bank,185803
O10217,2,Elektronik,Semarang,COD,439515
O10218,6,Fashion,Yogyakarta,E-Wallet,124182
O10219,17,Makanan,Solo,Kartu Kredit,404092
O10220,18,Rumah Tangga,Semarang,COD,447543
O10221,11,Kesehatan,Yogyakarta,Kartu Kredit,397858
O10222,18,Fashion,Yogyakarta,COD,77145
O10223,16,Rumah Tangga,Magelang,Transfer Bank,211688
O10224,14,Makanan,Magelang,E-Wallet,304896
O10225,9,Elektronik,Semarang,E-Wallet,224474
O10226,13,Makanan,Purworejo,E-Wallet,462237
O10227,2,Elektronik,Yogyakarta,Transfer Bank,484281
O10228,10,Fashion,Purworejo,E-Wallet,446477
O10229,11,Kesehatan,Purworejo,Transfer Bank,314371
O10230,9,Kesehatan,Purworejo,Kartu Kredit,384499
O10231,13,Kesehatan,Solo,COD,82190
O10232,20,Rumah Tangga,Purworejo,Transfer Bank,376093
O10233,2,Elektronik,Solo,COD,171823
O10234,10,Makanan,Semarang,Transfer Bank,90859
O10235,15,Makanan,Magelang,E-Wallet,279921
O10236,4,Makanan,Magelang,Transfer Bank,104728
O10237,11,Elektronik,Purworejo,COD,245402
O10238,15,Fashion,Yogyakarta,COD,353044
O10239,4,Makanan,Solo,Kartu Kredit,97379
O10240,4,Makanan,Purworejo,COD,330044
O10241,13,Rumah Tangga,Purworejo,E-Wallet,200799
O10242,18,Makanan,Semarang,E-Wallet,386592
O10243,9,Elektronik,Yogyakarta,Kartu Kredit,198862
O10244,12,Fashion,Purworejo,Transfer Bank,132834
O10245,12,Fashion,Semarang,Transfer Bank,302572
O10246,12,Kesehatan,Yogyakarta,COD,400555
O10247,6,Kesehatan,Magelang,Kartu Kredit,449527
O10248,3,Elektronik,Magelang,Kartu Kredit,313865
O10249,6,Makanan,Magelang,Kartu Kredit,97152
O10250,19,Rumah Tangga,Magelang,COD,110723
O10251,10,Elektronik,Purworejo,Kartu Kredit,190608
O10252,20,Kesehatan,Solo,E-Wallet,465136
O10253,17,Makanan,Yogyakarta,E-Wallet,204335
O10254,2,Kesehatan,Purworejo,Kartu Kredit,309785
O10255,13,Makanan,Solo,E-Wallet,98753
O10256,16,Kesehatan,Solo,E-Wallet,415074
O10257,19,Elektronik,Yogyakarta,Kartu Kredit,213567
O10258,16,Kesehatan,Solo,E-Wallet,132660
O10259,4,Rumah Tangga,Purworejo,E-Wallet,396820
O10260,10,Fashion,Yogyakarta,Transfer Bank,282076
O10261,3,Rumah Tangga,Yogyakarta,Kartu Kredit,53624
O10262,17,Elektronik,Magelang,Kartu Kredit,85940
O10263,15,Makanan,Yogyakarta,Kartu Kredit,223779
O10264,7,Rumah Tangga,Magelang,COD,258976
O10265,12,Kesehatan,Yogyakarta,E-Wallet,165820
O10266,19,Kesehatan,Semarang,Kartu Kredit,257759
O10267,13,Rumah Tangga,Magelang,Transfer Bank,229756
O10268,17,Kesehatan,Magelang,E-Wallet,86276
O10269,16,Kesehatan,Purworejo,Kartu Kredit,227584
O10270,15,Makanan,Magelang,COD,347423
O10271,11,Rumah Tangga,Solo,Transfer Bank,370535
O10272,16,Fashion,Semarang,COD,53259
O10273,13,Fashion,Solo,E-Wallet,247372
O10274,17,Elektronik,Purworejo,E-Wallet,221961
O10275,6,Makanan,Semarang,E-Wallet,327616
O10276,5,Fashion,Purworejo,E-Wallet,108290
O10277,12,Kesehatan,Solo,Transfer Bank,95091
O10278,10,Fashion,Purworejo,COD,121941
O10279,2,Makanan,Magelang,Kartu Kredit,96136
O10280,20,Makanan,Magelang,COD,294525
O10281,10,Kesehatan,Yogyakarta,E-Wallet,301035
O10282,11,Kesehatan,Yogyakarta,Transfer Bank,344360
O10283,1,Elektronik,Semarang,Kartu Kredit,111802
O10284,8,Fashion,Purworejo,E-Wallet,177600
O10285,16,Fashion,Solo,Transfer Bank,165958
O10286,10,Rumah Tangga,Yogyakarta,COD,63655
O10287,4,Makanan,Magelang,Transfer Bank,309222
O10288,16,Kesehatan,Magelang,E-Wallet,265000
O10289,12,Rumah Tangga,Magelang,COD,395054
O10290,1,Makanan,Purworejo,COD,54481
O10291,18,Kesehatan,Yogyakarta,E-Wallet,380719
O10292,4,Kesehatan,Purworejo,COD,330377
O10293,11,Fashion,Semarang,Transfer Bank,267862
O10294,19,Elektronik,Solo,COD,106137
O10295,4,Rumah Tangga,Yogyakarta,E-Wallet,356528
O10296,19,Elektronik,Semarang,COD,382788
O10297,11,Makanan,Solo,Kartu Kredit,249203
O10298,14,Rumah Tangga,Yogyakarta,COD,193154
O10299,6,Makanan,Yogyakarta,COD,50953
O10300,11,Kesehatan,Semarang,Kartu Kredit,205779
O10301,18,Fashion,Solo,Kartu Kredit,394458
O10302,7,Kesehatan,Purworejo,E-Wallet,294948
O10303,1,Rumah Tangga,Yogyakarta,Transfer Bank,217007
O10304,1,Rumah Tangga,Purworejo,Kartu Kredit,371720
O10305,5,Rumah Tangga,Magelang,Kartu Kredit,307143
O10306,14,Elektronik,Yogyakarta,Kartu Kredit,269885
O10307,5,Makanan,Solo,E-Wallet,52930
O10308,11,Makanan,Yogyakarta,Transfer Bank,275826
O10309,11,Fashion,Yogyakarta,Transfer Bank,105418
O10310,16,Rumah Tangga,Yogyakarta,E-Wallet,421574
O10311,3,Fashion,Solo,Transfer Bank,184580
O10312,5,Kesehatan,Yogyakarta,Kartu Kredit,108385
O10313,3,Rumah Tangga,Purworejo,E-Wallet,193287
O10314,2,Makanan,Purworejo,COD,181167
O10315,13,Makanan,Semarang,COD,113629
O10316,6,Elektronik,Solo,COD,151706
O10317,11,Makanan,Solo,Kartu Kredit,102519
O10318,12,Rumah Tangga,Solo,E-Wallet,127964
O10319,8,Elektronik,Yogyakarta,Kartu Kredit,199174
O10320,9,Fashion,Purworejo,E-Wallet,61915
O10321,9,Kesehatan,Purworejo,Kartu Kredit,70026
O10322,13,Fashion,Solo,E-Wallet,279823
O10323,1,Kesehatan,Purworejo,Transfer Bank,170599
O10324,2,Elektronik,Magelang,COD,254146
O10325,15,Kesehatan,Purworejo,Kartu Kredit,330371
O10326,8,Fashion,Purworejo,COD,312411
O10327,19,Rumah Tangga,Purworejo,Kartu Kredit,363666
O10328,3,Kesehatan,Magelang,E-Wallet,252838
O10329,1,Fashion,Yogyakarta,Transfer Bank,474349
O10330,14,Elektronik,Yogyakarta,Kartu Kredit,273846
O10331,7,Makanan,Yogyakarta,COD,464311
O10332,12,Elektronik,Yogyakarta,Transfer Bank,221087
O10333,4,Kesehatan,Magelang,Transfer Bank,314051
O10334,19,Rumah Tangga,Solo,E-Wallet,102541
O10335,2,Fashion,Magelang,E-Wallet,217257
O10336,13,Fashion,Purworejo,COD,311454
O10337,10,Elektronik,Semarang,COD,188994
O10338,14,Kesehatan,Magelang,Kartu Kredit,415851
O10339,10,Fashion,Magelang,E-Wallet,210958
O10340,3,Kesehatan,Yogyakarta,Kartu Kredit,312608
O10341,13,Fashion,Solo,COD,244485
O10342,20,Kesehatan,Yogyakarta,COD,417245
O10343,17,Fashion,Magelang,COD,243033
O10344,7,Rumah Tangga,Semarang,E-Wallet,364884
O10345,19,Rumah Tangga,Solo,Transfer Bank,194638
O10346,18,Rumah Tangga,Magelang,Transfer Bank,241567
O10347,3,Kesehatan,Semarang,COD,149405
O10348,6,Elektronik,Yogyakarta,COD,57010
O10349,12,Elektronik,Magelang,Kartu Kredit,176778
O10350,8,Makanan,Yogyakarta,Transfer Bank,62118
O10351,1,Makanan,Purworejo,Kartu Kredit,165649
O10352,17,Elektronik,Magelang,COD,151666
O10353,7,Kesehatan,Purworejo,COD,120561
O10354,9,Rumah Tangga,Yogyakarta,E-Wallet,460926
O10355,8,Elektronik,Magelang,Transfer Bank,210683
O10356,2,Rumah Tangga,Magelang,COD,202609
O10357,1,Makanan,Yogyakarta,COD,348422
O10358,13,Kesehatan,Yogyakarta,E-Wallet,452762
O10359,13,Rumah Tangga,Semarang,COD,398478
O10360,15,Makanan,Purworejo,Transfer Bank,454377
O10361,12,Kesehatan,Yogyakarta,COD,164920
O10362,8,Rumah Tangga,Semarang,Transfer Bank,477447
O10363,6,Fashion,Solo,E-Wallet,450365
O10364,18,Makanan,Solo,E-Wallet,199561
O10365,13,Elektronik,Semarang,COD,274623
O10366,2,Kesehatan,Purworejo,Transfer Bank,483676
O10367,20,Fashion,Yogyakarta,Kartu Kredit,95110
O10368,3,Elektronik,Purworejo,Transfer Bank,157502
O10369,11,Kesehatan,Solo,COD,498692
O10370,17,Kesehatan,Solo,COD,375766
O10371,6,Fashion,Yogyakarta,Kartu Kredit,183411
O10372,18,Fashion,Magelang,Kartu Kredit,145336
O10373,3,Kesehatan,Yogyakarta,Transfer Bank,173480
O10374,3,Elektronik,Magelang,Kartu Kredit,63411
O10375,4,Elektronik,Magelang,Transfer Bank,365605
O10376,10,Elektronik,Purworejo,Transfer Bank,257539
O10377,5,Rumah Tangga,Magelang,E-Wallet,497446
O10378,16,Elektronik,Yogyakarta,E-Wallet,332932
O10379,19,Rumah Tangga,Yogyakarta,Transfer Bank,183325
O10380,7,Makanan,Semarang,COD,221692
O10381,19,Elektronik,Semarang,E-Wallet,83638
O10382,19,Makanan,Semarang,Kartu Kredit,74514
O10383,20,Makanan,Purworejo,COD,279571
O10384,12,Rumah Tangga,Solo,Kartu Kredit,299480
O10385,19,Kesehatan,Magelang,Transfer Bank,94387
O10386,5,Makanan,Magelang,COD,257755
O10387,10,Fashion,Purworejo,Kartu Kredit,114864
O10388,3,Rumah Tangga,Magelang,Transfer Bank,485358
O10389,12,Kesehatan,Solo,COD,291267
O10390,20,Elektronik,Purworejo,Kartu Kredit,306167
O10391,6,Fashion,Solo,E-Wallet,469248
O10392,18,Makanan,Semarang,COD,282338
O10393,8,Rumah Tangga,Semarang,Transfer Bank,150974
O10394,3,Fashion,Solo,Transfer Bank,224352
O10395,12,Fashion,Solo,E-Wallet,261599
O10396,11,Makanan,Solo,COD,110631
O10397,19,Fashion,Semarang,E-Wallet,378363
O10398,4,Makanan,Yogyakarta,Kartu Kredit,389029
O10399,7,Elektronik,Magelang,E-Wallet,431634
O10400,19,Kesehatan,Solo,Kartu Kredit,189328
O10401,2,Rumah Tangga,Magelang,Kartu Kredit,70047
O10402,18,Makanan,Yogyakarta,COD,94256
O10403,19,Makanan,Solo,COD,338738
O10404,9,Rumah Tangga,Purworejo,Kartu Kredit,376442
O10405,9,Elektronik,Purworejo,Transfer Bank,121885
O10406,13,Fashion,Purworejo,Kartu Kredit,220815
O10407,7,Rumah Tangga,Solo,Kartu Kredit,166804
O10408,7,Kesehatan,Purworejo,Kartu Kredit,439432
O10409,17,Kesehatan,Yogyakarta,E-Wallet,306362
O10410,12,Kesehatan,Solo,Transfer Bank,208976
O10411,9,Rumah Tangga,Semarang,COD,98737
O10412,12,Kesehatan,Yogyakarta,COD,244732
O10413,6,Rumah Tangga,Semarang,Transfer Bank,476513
O10414,5,Fashion,Magelang,Kartu Kredit,201895
O10415,18,Rumah Tangga,Yogyakarta,Transfer Bank,475839
O10416,16,Rumah Tangga,Purworejo,Kartu Kredit,196756
O10417,15,Rumah Tangga,Solo,Transfer Bank,430772
O10418,19,Fashion,Solo,Transfer Bank,89560
O10419,4,Elektronik,Purworejo,Kartu Kredit,258216
O10420,16,Elektronik,Magelang,Kartu Kredit,430232
O10421,6,Makanan,Yogyakarta,COD,401560
O10422,10,Makanan,Purworejo,COD,254110
O10423,8,Kesehatan,Magelang,COD,79241
O10424,14,Makanan,Magelang,E-Wallet,399126
O10425,8,Makanan,Semarang,Kartu Kredit,238062
O10426,18,Makanan,Purworejo,COD,396392
O10427,7,Rumah Tangga,Solo,Kartu Kredit,474799
O10428,8,Rumah Tangga,Magelang,COD,170564
O10429,9,Elektronik,Yogyakarta,E-Wallet,218671
O10430,5,Kesehatan,Purworejo,COD,309739
O10431,17,Fashion,Yogyakarta,Transfer Bank,324383
O10432,16,Rumah Tangga,Purworejo,Kartu Kredit,409734
O10433,5,Fashion,Solo,E-Wallet,436195
O10434,20,Kesehatan,Purworejo,Transfer Bank,445961
O10435,10,Makanan,Purworejo,E-Wallet,142463
O10436,18,Elektronik,Magelang,Transfer Bank,75047
O10437,15,Makanan,Yogyakarta,COD,207129
O10438,14,Fashion,Magelang,Kartu Kredit,375733
O10439,10,Rumah Tangga,Magelang,COD,184824
O10440,1,Makanan,Semarang,Transfer Bank,96211
O10441,9,Rumah Tangga,Purworejo,Transfer Bank,252860
O10442,10,Rumah Tangga,Yogyakarta,E-Wallet,473555
O10443,17,Rumah Tangga,Yogyakarta,Kartu Kredit,453066
O10444,9,Fashion,Purworejo,COD,190400
O10445,14,Elektronik,Yogyakarta,Kartu Kredit,445428
O10446,16,Kesehatan,Semarang,Kartu Kredit,148319
O10447,18,Fashion,Magelang,E-Wallet,148149
O10448,3,Makanan,Purworejo,E-Wallet,265515
O10449,3,Fashion,Semarang,E-Wallet,396299
O10450,6,Rumah Tangga,Solo,COD,456268
O10451,4,Makanan,Yogyakarta,E-Wallet,397939
O10452,13,Rumah Tangga,Yogyakarta,Transfer Bank,417030
O10453,12,Kesehatan,Yogyakarta,Kartu Kredit,227947
O10454,7,Kesehatan,Purworejo,Kartu Kredit,395397
O10455,2,Kesehatan,Purworejo,Transfer Bank,391380
O10456,14,Makanan,Semarang,COD,376256
O10457,19,Elektronik,Magelang,COD,149507
O10458,7,Kesehatan,Magelang,Kartu Kredit,331004
O10459,15,Fashion,Semarang,Kartu Kredit,254116
O10460,12,Elektronik,Purworejo,E-Wallet,305658
O10461,18,Elektronik,Magelang,Kartu Kredit,172521
O10462,18,Fashion,Purworejo,Kartu Kredit,117556
O10463,19,Kesehatan,Yogyakarta,Transfer Bank,393895
O10464,16,Fashion,Semarang,Transfer Bank,483367
O10465,9,Makanan,Yogyakarta,COD,370539
O10466,18,Elektronik,Magelang,Kartu Kredit,272523
O10467,18,Elektronik,Purworejo,E-Wallet,208600
O10468,16,Fashion,Purworejo,Transfer Bank,498804
O10469,19,Fashion,Solo,COD,74371
O10470,20,Elektronik,Semarang,E-Wallet,368163
O10471,8,Elektronik,Yogyakarta,Transfer Bank,390550
O10472,8,Makanan,Purworejo,Transfer Bank,124936
O10473,10,Kesehatan,Solo,Transfer Bank,398087
O10474,16,Elektronik,Purworejo,E-Wallet,184478
O10475,20,Elektronik,Magelang,COD,128922
O10476,10,Elektronik,Semarang,E-Wallet,95833
O10477,20,Fashion,Yogyakarta,Transfer Bank,437456
O10478,10,Fashion,Semarang,COD,297301
O10479,15,Kesehatan,Semarang,Kartu Kredit,243694
O10480,12,Rumah Tangga,Purworejo,Transfer Bank,217992
O10481,18,Kesehatan,Yogyakarta,Kartu Kredit,162293
O10482,18,Kesehatan,Semarang,COD,455135
O10483,2,Elektronik,Solo,Transfer Bank,373557
O10484,4,Makanan,Semarang,Kartu Kredit,242927
O10485,12,Elektronik,Yogyakarta,E-Wallet,265582
O10486,18,Fashion,Magelang,COD,122863
O10487,5,Rumah Tangga,Semarang,Kartu Kredit,163703
O10488,6,Fashion,Semarang,Kartu Kredit,91794
O10489,8,Fashion,Solo,E-Wallet,116336
O10490,2,Rumah Tangga,Purworejo,COD,361784
O10491,2,Rumah Tangga,Purworejo,Transfer Bank,394707
O10492,19,Makanan,Semarang,Kartu Kredit,329310
O10493,16,Kesehatan,Magelang,COD,152583
O10494,2,Elektronik,Magelang,Kartu Kredit,301062
O10495,20,Elektronik,Yogyakarta,Kartu Kredit,102417
O10496,19,Kesehatan,Yogyakarta,Transfer Bank,496775
O10497,19,Elektronik,Solo,Kartu Kredit,130331
O10498,5,Rumah Tangga,Purworejo,Kartu Kredit,260218
O10499,13,Elektronik,Yogyakarta,E-Wallet,189832
O10500,17,Rumah Tangga,Solo,E-Wallet,297885
O10501,1,Rumah Tangga,Purworejo,COD,402224
O10502,13,Elektronik,Solo,Transfer Bank,189186
O10503,7,Makanan,Yogyakarta,Transfer Bank,107505
O10504,7,Elektronik,Purworejo,E-Wallet,348188
O10505,6,Kesehatan,Yogyakarta,Kartu Kredit,82825
O10506,8,Kesehatan,Solo,Kartu Kredit,263054
O10507,5,Rumah Tangga,Semarang,E-Wallet,263644
O10508,6,Rumah Tangga,Solo,COD,303610
O10509,11,Fashion,Yogyakarta,Transfer Bank,384831
O10510,3,Rumah Tangga,Purworejo,Kartu Kredit,479589
O10511,10,Makanan,Purworejo,Transfer Bank,290908
O10512,6,Kesehatan,Purworejo,Transfer Bank,168980
O10513,17,Rumah Tangga,Semarang,E-Wallet,184043
O10514,20,Rumah Tangga,Semarang,E-Wallet,82788
O10515,17,Makanan,Magelang,Kartu Kredit,177033
O10516,8,Fashion,Magelang,Kartu Kredit,381154
O10517,1,Elektronik,Purworejo,COD,488748
O10518,2,Elektronik,Magelang,Kartu Kredit,381211
O10519,17,Makanan,Magelang,Kartu Kredit,221619
O10520,4,Makanan,Purworejo,Transfer Bank,284373
O10521,7,Fashion,Magelang,Transfer Bank,73814
O10522,8,Kesehatan,Yogyakarta,COD,99372
O10523,3,Makanan,Semarang,Kartu Kredit,450845
O10524,13,Makanan,Semarang,E-Wallet,467594
O10525,17,Elektronik,Semarang,Transfer Bank,149416
O10526,20,Elektronik,Purworejo,Transfer Bank,370498
O10527,18,Rumah Tangga,Yogyakarta,E-Wallet,464563
O10528,15,Makanan,Yogyakarta,E-Wallet,91576
O10529,17,Kesehatan,Yogyakarta,COD,298980
O10530,7,Kesehatan,Purworejo,Kartu Kredit,104898
O10531,5,Elektronik,Solo,E-Wallet,221508
O10532,6,Rumah Tangga,Magelang,Kartu Kredit,438892
O10533,14,Fashion,Magelang,COD,329516
O10534,13,Rumah Tangga,Yogyakarta,Kartu Kredit,410334
O10535,7,Makanan,Semarang,COD,208933
O10536,7,Fashion,Yogyakarta,COD,272246
O10537,15,Kesehatan,Yogyakarta,E-Wallet,221954
O10538,4,Rumah Tangga,Yogyakarta,E-Wallet,490062
O10539,2,Fashion,Yogyakarta,E-Wallet,492135
O10540,4,Kesehatan,Yogyakarta,Transfer Bank,111731
O10541,12,Elektronik,Magelang,Kartu Kredit,118967
O10542,20,Makanan,Magelang,E-Wallet,377415
O10543,15,Makanan,Solo,COD,408120
O10544,15,Fashion,Yogyakarta,Transfer Bank,481882
O10545,5,Kesehatan,Purworejo,COD,186671
O10546,9,Fashion,Magelang,Transfer Bank,243434
O10547,20,Makanan,Solo,E-Wallet,425203
O10548,19,Makanan,Yogyakarta,E-Wallet,259060
O10549,11,Makanan,Semarang,Transfer Bank,380964
O10550,1,Fashion,Solo,COD,132865
O10551,13,Makanan,Magelang,Kartu Kredit,398178
O10552,19,Elektronik,Semarang,Transfer Bank,182555
O10553,14,Rumah Tangga,Magelang,Kartu Kredit,368550
O10554,17,Fashion,Solo,E-Wallet,258769
O10555,19,Kesehatan,Solo,Kartu Kredit,250470
O10556,13,Fashion,Solo,Transfer Bank,484238
O10557,12,Elektronik,Semarang,COD,359277
O10558,10,Kesehatan,Magelang,Kartu Kredit,481623
O10559,13,Kesehatan,Magelang,COD,59519
O10560,7,Elektronik,Semarang,COD,429864
O10561,16,Elektronik,Solo,Kartu Kredit,251974
O10562,1,Fashion,Purworejo,Kartu Kredit,304742
O10563,3,Elektronik,Semarang,COD,485133
O10564,20,Rumah Tangga,Magelang,Kartu Kredit,389191
O10565,15,Rumah Tangga,Solo,Transfer Bank,160510
O10566,11,Fashion,Semarang,COD,112331
O10567,11,Kesehatan,Semarang,Transfer Bank,153268
O10568,9,Fashion,Magelang,COD,138718
O10569,19,Elektronik,Magelang,Kartu Kredit,417107
O10570,15,Rumah Tangga,Solo,E-Wallet,283294
O10571,1,Fashion,Yogyakarta,Transfer Bank,496884
O10572,14,Makanan,Solo,Transfer Bank,283210
O10573,15,Makanan,Yogyakarta,Kartu Kredit,280159
O10574,19,Fashion,Yogyakarta,E-Wallet,386223
O10575,6,Fashion,Yogyakarta,COD,461687
O10576,10,Elektronik,Magelang,Transfer Bank,362467
O10577,9,Makanan,Magelang,COD,86959
O10578,1,Elektronik,Solo,E-Wallet,213417
O10579,14,Kesehatan,Solo,Kartu Kredit,108181
O10580,1,Kesehatan,Semarang,Kartu Kredit,253058
O10581,5,Kesehatan,Magelang,Transfer Bank,88785
O10582,11,Makanan,Purworejo,Transfer Bank,319857
O10583,18,Elektronik,Yogyakarta,Transfer Bank,79084
O10584,19,Fashion,Magelang,E-Wallet,127155
O10585,5,Rumah Tangga,Purworejo,COD,123942
O10586,10,Fashion,Magelang,COD,333122
O10587,15,Elektronik,Semarang,Kartu Kredit,429498
O10588,11,Kesehatan,Solo,E-Wallet,484995
O10589,13,Kesehatan,Semarang,E-Wallet,462134
O10590,2,Kesehatan,Solo,Transfer Bank,139784
O10591,5,Rumah Tangga,Solo,COD,382159
O10592,16,Elektronik,Yogyakarta,Transfer Bank,81693
O10593,18,Kesehatan,Purworejo,COD,285692
O10594,18,Makanan,Yogyakarta,Transfer Bank,152422
O10595,19,Makanan,Yogyakarta,E-Wallet,257656
O10596,9,Elektronik,Solo,Transfer Bank,471865
O10597,2,Elektronik,Solo,COD,406734
O10598,15,Elektronik,Purworejo,E-Wallet,399130
O10599,18,Makanan,Magelang,E-Wallet,328464
O10600,18,Fashion,Solo,E-Wallet,301188
O10601,1,Fashion,Magelang,E-Wallet,327350
O10602,8,Kesehatan,Purworejo,COD,68558
O10603,11,Kesehatan,Semarang,Transfer Bank,62307
O10604,17,Kesehatan,Semarang,E-Wallet,368050
O10605,8,Fashion,Semarang,Kartu Kredit,63804
O10606,3,Elektronik,Solo,Transfer Bank,131675
O10607,16,Kesehatan,Purworejo,Kartu Kredit,100387
O10608,4,Elektronik,Yogyakarta,COD,95435
O10609,2,Kesehatan,Yogyakarta,E-Wallet,361783
O10610,14,Elektronik,Semarang,E-Wallet,483789
O10611,14,Makanan,Purworejo,E-Wallet,234873
O10612,17,Kesehatan,Semarang,Transfer Bank,125816
O10613,7,Rumah Tangga,Yogyakarta,E-Wallet,305991
O10614,20,Elektronik,Yogyakarta,COD,257671
O10615,3,Rumah Tangga,Magelang,Kartu Kredit,250289
O10616,11,Kesehatan,Semarang,E-Wallet,440487
O10617,12,Kesehatan,Magelang,COD,133350
O10618,13,Kesehatan,Semarang,Kartu Kredit,206303
O10619,8,Rumah Tangga,Magelang,COD,167103
O10620,6,Kesehatan,Solo,COD,66238
O10621,16,Makanan,Yogyakarta,Kartu Kredit,218999
O10622,10,Kesehatan,Magelang,COD,455164
O10623,15,Fashion,Purworejo,COD,139686
O10624,13,Elektronik,Magelang,Transfer Bank,103977
O10625,20,Kesehatan,Semarang,COD,387330
O10626,7,Rumah Tangga,Magelang,COD,177549
O10627,3,Kesehatan,Purworejo,Kartu Kredit,470363
O10628,18,Kesehatan,Solo,COD,266245
O10629,20,Elektronik,Magelang,Transfer Bank,450137
O10630,6,Rumah Tangga,Yogyakarta,Kartu Kredit,206028
O10631,8,Elektronik,Purworejo,E-Wallet,353551
O10632,8,Elektronik,Magelang,Transfer Bank,103028
O10633,9,Makanan,Semarang,E-Wallet,219022
O10634,10,Makanan,Solo,COD,316837
O10635,14,Kesehatan,Solo,COD,246958
O10636,11,Kesehatan,Purworejo,E-Wallet,466747
O10637,1,Makanan,Yogyakarta,COD,473194
O10638,13,Makanan,Magelang,Kartu Kredit,405673
O10639,17,Fashion,Purworejo,Kartu Kredit,343865
O10640,8,Elektronik,Purworejo,Kartu Kredit,129040
O10641,11,Makanan,Solo,COD,280905
O10642,19,Makanan,Magelang,COD,275177
O10643,9,Makanan,Solo,Transfer Bank,227935
O10644,10,Rumah Tangga,Yogyakarta,Kartu Kredit,265927
O10645,11,Elektronik,Magelang,E-Wallet,343847
O10646,8,Rumah Tangga,Solo,Transfer Bank,88664
O10647,13,Rumah Tangga,Semarang,E-Wallet,499471
O10648,6,Makanan,Solo,COD,271127
O10649,10,Fashion,Yogyakarta,COD,206668
O10650,5,Makanan,Yogyakarta,Transfer Bank,382496
O10651,11,Fashion,Solo,E-Wallet,351483
O10652,4,Makanan,Yogyakarta,E-Wallet,396166
O10653,16,Kesehatan,Solo,Kartu Kredit,479954
O10654,11,Elektronik,Solo,E-Wallet,249775
O10655,5,Makanan,Solo,E-Wallet,344290
O10656,13,Fashion,Yogyakarta,E-Wallet,197757
O10657,11,Makanan,Yogyakarta,Kartu Kredit,73870
O10658,5,Rumah Tangga,Purworejo,COD,498994
O10659,20,Rumah Tangga,Semarang,Kartu Kredit,402423
O10660,12,Kesehatan,Solo,COD,64242
O10661,20,Fashion,Yogyakarta,Transfer Bank,480172
O10662,7,Elektronik,Purworejo,COD,78381
O10663,3,Elektronik,Purworejo,E-Wallet,391810
O10664,4,Makanan,Solo,COD,480559
O10665,16,Rumah Tangga,Magelang,COD,389750
O10666,1,Elektronik,Semarang,E-Wallet,257095
O10667,13,Fashion,Solo,E-Wallet,253381
O10668,6,Kesehatan,Semarang,E-Wallet,137533
O10669,17,Fashion,Semarang,E-Wallet,224367
O10670,11,Kesehatan,Yogyakarta,Transfer Bank,461786
O10671,2,Kesehatan,Purworejo,COD,186053
O10672,8,Makanan,Magelang,E-Wallet,306797
O10673,10,Kesehatan,Purworejo,COD,163230
O10674,13,Makanan,Semarang,Transfer Bank,403208
O10675,13,Kesehatan,Yogyakarta,Transfer Bank,434964
O10676,2,Rumah Tangga,Solo,Transfer Bank,485336
O10677,8,Elektronik,Semarang,Kartu Kredit,111456
O10678,13,Fashion,Magelang,Transfer Bank,78502
O10679,2,Fashion,Purworejo,E-Wallet,51132
O10680,11,Kesehatan,Yogyakarta,Transfer Bank,327761
O10681,5,Makanan,Magelang,Kartu Kredit,359612
O10682,18,Kesehatan,Yogyakarta,Kartu Kredit,456211
O10683,10,Elektronik,Magelang,Kartu Kredit,252031
O10684,9,Rumah Tangga,Yogyakarta,Kartu Kredit,449017
O10685,18,Rumah Tangga,Magelang,Kartu Kredit,413957
O10686,9,Elektronik,Yogyakarta,COD,257978
O10687,14,Elektronik,Magelang,COD,166948
O10688,15,Makanan,Yogyakarta,Transfer Bank,116991
O10689,13,Fashion,Solo,COD,89393
O10690,8,Elektronik,Semarang,Kartu Kredit,371342
O10691,10,Fashion,Yogyakarta,E-Wallet,96925
O10692,6,Elektronik,Semarang,E-Wallet,127451
O10693,13,Rumah Tangga,Purworejo,E-Wallet,220021
O10694,8,Rumah Tangga,Semarang,Kartu Kredit,272901
O10695,5,Fashion,Yogyakarta,E-Wallet,471789
O10696,2,Rumah Tangga,Semarang,COD,484475
O10697,1,Makanan,Semarang,Kartu Kredit,203065
O10698,9,Elektronik,Solo,Transfer Bank,270979
O10699,7,Makanan,Semarang,Kartu Kredit,472317
O10700,16,Fashion,Magelang,Kartu Kredit,408937
O10701,1,Elektronik,Solo,Transfer Bank,382169
O10702,18,Rumah Tangga,Purworejo,Transfer Bank,447120
O10703,13,Fashion,Magelang,E-Wallet,359522
O10704,4,Kesehatan,Solo,Transfer Bank,230686
O10705,6,Fashion,Solo,Transfer Bank,498812
O10706,16,Rumah Tangga,Purworejo,Kartu Kredit,277999
O10707,2,Kesehatan,Purworejo,COD,111485
O10708,16,Elektronik,Magelang,Transfer Bank,171867
O10709,13,Kesehatan,Semarang,Transfer Bank,247253
O10710,12,Kesehatan,Magelang,Kartu Kredit,110876
O10711,5,Rumah Tangga,Solo,COD,378903
O10712,2,Fashion,Yogyakarta,Kartu Kredit,443783
O10713,13,Elektronik,Semarang,Transfer Bank,428450
O10714,5,Fashion,Purworejo,Kartu Kredit,417618
O10715,14,Elektronik,Purworejo,Transfer Bank,125412
O10716,1,Fashion,Magelang,Transfer Bank,185148
O10717,6,Makanan,Solo,Transfer Bank,130864
O10718,3,Fashion,Solo,COD,462568
O10719,15,Makanan,Magelang,COD,472399
O10720,7,Elektronik,Semarang,E-Wallet,287127
O10721,6,Elektronik,Magelang,Kartu Kredit,164900
O10722,16,Rumah Tangga,Magelang,Kartu Kredit,398540
O10723,6,Elektronik,Solo,Transfer Bank,112466
O10724,20,Makanan,Semarang,Kartu Kredit,235362
O10725,15,Elektronik,Yogyakarta,Kartu Kredit,356113
O10726,3,Makanan,Solo,Transfer Bank,112404
O10727,2,Makanan,Semarang,Kartu Kredit,58995
O10728,16,Elektronik,Solo,Transfer Bank,362874
O10729,3,Rumah Tangga,Semarang,COD,471927
O10730,17,Makanan,Solo,Kartu Kredit,497230
O10731,19,Rumah Tangga,Solo,Transfer Bank,93393
O10732,8,Elektronik,Solo,COD,490253
O10733,3,Makanan,Purworejo,Transfer Bank,444867
O10734,8,Rumah Tangga,Semarang,Transfer Bank,498186
O10735,15,Makanan,Purworejo,Kartu Kredit,174961
O10736,7,Makanan,Magelang,E-Wallet,337850
O10737,4,Rumah Tangga,Yogyakarta,Transfer Bank,166957
O10738,13,Rumah Tangga,Purworejo,COD,338491
O10739,15,Rumah Tangga,Purworejo,COD,125907
O10740,3,Kesehatan,Semarang,Kartu Kredit,495264
O10741,8,Elektronik,Semarang,E-Wallet,279111
O10742,15,Elektronik,Yogyakarta,COD,280424
O10743,12,Elektronik,Semarang,Kartu Kredit,373710
O10744,3,Elektronik,Solo,E-Wallet,84925
O10745,12,Fashion,Magelang,E-Wallet,267727
O10746,6,Kesehatan,Magelang,E-Wallet,90222
O10747,2,Rumah Tangga,Purworejo,E-Wallet,107988
O10748,12,Elektronik,Semarang,E-Wallet,195002
O10749,11,Kesehatan,Yogyakarta,E-Wallet,469293
O10750,13,Fashion,Magelang,E-Wallet,156788
O10751,9,Makanan,Semarang,E-Wallet,230820
O10752,9,Fashion,Solo,Kartu Kredit,54909
O10753,2,Rumah Tangga,Solo,Transfer Bank,426948
O10754,8,Rumah Tangga,Solo,Kartu Kredit,453409
O10755,13,Fashion,Yogyakarta,Kartu Kredit,123997
O10756,17,Kesehatan,Semarang,Transfer Bank,441923
O10757,19,Makanan,Magelang,Kartu Kredit,144604
O10758,17,Elektronik,Solo,COD,182099
O10759,19,Fashion,Purworejo,Transfer Bank,180068
O10760,4,Elektronik,Magelang,E-Wallet,374743
O10761,8,Kesehatan,Solo,Kartu Kredit,56898
O10762,4,Fashion,Yogyakarta,Transfer Bank,460934
O10763,5,Fashion,Magelang,Transfer Bank,60158
O10764,5,Rumah Tangga,Yogyakarta,Transfer Bank,445777
O10765,20,Fashion,Yogyakarta,Transfer Bank,308189
O10766,13,Rumah Tangga,Purworejo,E-Wallet,261663
O10767,10,Fashion,Solo,E-Wallet,172377
O10768,12,Elektronik,Yogyakarta,Transfer Bank,330630
O10769,20,Elektronik,Magelang,Kartu Kredit,482323
O10770,14,Rumah Tangga,Yogyakarta,E-Wallet,336485
O10771,9,Elektronik,Semarang,Transfer Bank,244519
O10772,17,Makanan,Solo,COD,265081
O10773,11,Makanan,Semarang,COD,289231
O10774,20,Elektronik,Purworejo,E-Wallet,475011
O10775,1,Elektronik,Magelang,Transfer Bank,144689
O10776,1,Kesehatan,Magelang,Kartu Kredit,268615
O10777,12,Kesehatan,Solo,Kartu Kredit,342998
O10778,16,Makanan,Purworejo,Transfer Bank,452010
O10779,4,Kesehatan,Semarang,Kartu Kredit,67683
O10780,13,Makanan,Purworejo,Kartu Kredit,50825
O10781,9,Elektronik,Purworejo,Transfer Bank,428696
O10782,8,Kesehatan,Semarang,COD,446430
O10783,1,Kesehatan,Purworejo,COD,85023
O10784,5,Fashion,Yogyakarta,COD,292696
O10785,17,Kesehatan,Solo,Kartu Kredit,371362
O10786,4,Makanan,Yogyakarta,E-Wallet,106863
O10787,12,Makanan,Semarang,E-Wallet,202915
O10788,11,Makanan,Solo,Transfer Bank,166938
O10789,4,Elektronik,Purworejo,COD,86312
O10790,12,Elektronik,Solo,COD,183125
O10791,16,Kesehatan,Magelang,COD,180758
O10792,16,Rumah Tangga,Magelang,E-Wallet,345391
O10793,19,Makanan,Semarang,E-Wallet,396146
O10794,6,Kesehatan,Yogyakarta,Kartu Kredit,61413
O10795,17,Fashion,Solo,COD,174123
O10796,20,Makanan,Semarang,Transfer Bank,307370
O10797,10,Rumah Tangga,Purworejo,Transfer Bank,338477
O10798,13,Rumah Tangga,Magelang,E-Wallet,211072
O10799,16,Elektronik,Solo,Kartu Kredit,376892
O10800,18,Elektronik,Solo,COD,115269
O10801,13,Rumah Tangga,Solo,E-Wallet,388933
O10802,10,Makanan,Yogyakarta,E-Wallet,213731
O10803,14,Fashion,Purworejo,E-Wallet,418839
O10804,6,Fashion,Yogyakarta,Kartu Kredit,344123
O10805,17,Fashion,Purworejo,COD,442532
O10806,11,Fashion,Semarang,COD,61916
O10807,20,Elektronik,Magelang,E-Wallet,338602
O10808,2,Rumah Tangga,Solo,COD,90767
O10809,13,Makanan,Solo,Kartu Kredit,495941
O10810,15,Fashion,Purworejo,Kartu Kredit,107949
O10811,10,Fashion,Purworejo,Kartu Kredit,114703
O10812,9,Fashion,Solo,E-Wallet,121875
O10813,7,Elektronik,Solo,Transfer Bank,409585
O10814,2,Kesehatan,Purworejo,Transfer Bank,371378
O10815,19,Fashion,Purworejo,E-Wallet,396303
O10816,14,Elektronik,Yogyakarta,E-Wallet,108058
O10817,13,Kesehatan,Solo,E-Wallet,220574
O10818,3,Fashion,Magelang,Transfer Bank,221443
O10819,11,Fashion,Purworejo,COD,427351
O10820,19,Makanan,Purworejo,COD,196144
O10821,1,Elektronik,Solo,E-Wallet,329870
O10822,7,Kesehatan,Yogyakarta,COD,330295
O10823,11,Fashion,Magelang,E-Wallet,455940
O10824,3,Elektronik,Solo,Transfer Bank,454555
O10825,11,Makanan,Yogyakarta,COD,55252
O10826,13,Rumah Tangga,Semarang,Transfer Bank,232377
O10827,18,Elektronik,Yogyakarta,COD,175355
O10828,7,Kesehatan,Magelang,E-Wallet,75086
O10829,20,Makanan,Semarang,Transfer Bank,419173
O10830,15,Makanan,Purworejo,E-Wallet,280789
O10831,14,Rumah Tangga,Solo,Kartu Kredit,96292
O10832,13,Makanan,Purworejo,COD,89531
O10833,19,Fashion,Magelang,E-Wallet,385157
O10834,9,Fashion,Solo,E-Wallet,52971
O10835,12,Makanan,Semarang,COD,324782
O10836,15,Kesehatan,Magelang,E-Wallet,408728
O10837,13,Fashion,Yogyakarta,Kartu Kredit,321718
O10838,11,Elektronik,Yogyakarta,Transfer Bank,203888
O10839,14,Fashion,Semarang,E-Wallet,201384
O10840,2,Kesehatan,Solo,COD,360985
O10841,7,Kesehatan,Yogyakarta,E-Wallet,317353
O10842,8,Rumah Tangga,Solo,E-Wallet,365091
O10843,8,Elektronik,Semarang,COD,103670
O10844,16,Elektronik,Solo,E-Wallet,338861
O10845,6,Makanan,Magelang,COD,121798
O10846,13,Makanan,Magelang,Kartu Kredit,485934
O10847,5,Rumah Tangga,Purworejo,COD,332132
O10848,8,Rumah Tangga,Solo,Kartu Kredit,315701
O10849,8,Fashion,Yogyakarta,COD,141838
O10850,15,Fashion,Yogyakarta,E-Wallet,449232
O10851,14,Kesehatan,Yogyakarta,Transfer Bank,200924
O10852,20,Fashion,Purworejo,COD,294338
O10853,9,Kesehatan,Magelang,Kartu Kredit,436796
O10854,19,Elektronik,Semarang,Kartu Kredit,209478
O10855,2,Rumah Tangga,Solo,E-Wallet,281885
O10856,17,Kesehatan,Semarang,Transfer Bank,325375
O10857,3,Makanan,Magelang,E-Wallet,315932
O10858,13,Kesehatan,Solo,Kartu Kredit,224258
O10859,1,Fashion,Yogyakarta,COD,491728
O10860,8,Rumah Tangga,Solo,E-Wallet,86648
O10861,7,Elektronik,Semarang,COD,238986
O10862,18,Elektronik,Yogyakarta,Transfer Bank,226936
O10863,17,Kesehatan,Solo,Kartu Kredit,307346
O10864,2,Fashion,Solo,E-Wallet,467150
O10865,20,Kesehatan,Solo,Kartu Kredit,347958
O10866,9,Makanan,Solo,COD,489052
O10867,3,Rumah Tangga,Solo,Transfer Bank,250530
O10868,11,Makanan,Yogyakarta,Transfer Bank,315331
O10869,8,Rumah Tangga,Solo,E-Wallet,434680
O10870,11,Makanan,Yogyakarta,COD,309040
O10871,6,Makanan,Purworejo,E-Wallet,384511
O10872,10,Makanan,Semarang,COD,107258
O10873,16,Makanan,Purworejo,Kartu Kredit,132703
O10874,15,Makanan,Purworejo,COD,218013
O10875,18,Rumah Tangga,Magelang,Kartu Kredit,192113
O10876,16,Makanan,Solo,COD,435401
O10877,2,Rumah Tangga,Semarang,Kartu Kredit,382606
O10878,7,Elektronik,Semarang,Kartu Kredit,294676
O10879,18,Elektronik,Yogyakarta,Transfer Bank,339070
O10880,17,Makanan,Magelang,Kartu Kredit,268768
O10881,15,Kesehatan,Solo,E-Wallet,439325
O10882,9,Kesehatan,Magelang,Kartu Kredit,251071
O10883,6,Kesehatan,Yogyakarta,Kartu Kredit,248024
O10884,4,Rumah Tangga,Magelang,E-Wallet,187823
O10885,19,Makanan,Magelang,Kartu Kredit,397245
O10886,16,Makanan,Yogyakarta,E-Wallet,449457
O10887,18,Makanan,Solo,Transfer Bank,127889
O10888,20,Kesehatan,Semarang,COD,241021
O10889,4,Makanan,Yogyakarta,Kartu Kredit,499712
O10890,4,Makanan,Yogyakarta,Transfer Bank,288739
O10891,10,Fashion,Semarang,E-Wallet,107222
O10892,20,Rumah Tangga,Purworejo,Transfer Bank,251239
O10893,6,Kesehatan,Purworejo,Transfer Bank,200286
O10894,9,Elektronik,Yogyakarta,E-Wallet,325972
O10895,2,Makanan,Solo,Kartu Kredit,488910
O10896,4,Makanan,Magelang,Transfer Bank,455276
O10897,16,Makanan,Solo,COD,235574
O10898,8,Fashion,Purworejo,Kartu Kredit,497917
O10899,2,Rumah Tangga,Solo,COD,401089
O10900,17,Kesehatan,Solo,COD,75746
O10901,7,Makanan,Yogyakarta,Kartu Kredit,400358
O10902,5,Rumah Tangga,Solo,Transfer Bank,354586
O10903,17,Rumah Tangga,Purworejo,COD,74360
O10904,12,Elektronik,Semarang,E-Wallet,454622
O10905,18,Makanan,Semarang,Transfer Bank,399886
O10906,5,Kesehatan,Magelang,Transfer Bank,208099
O10907,7,Rumah Tangga,Magelang,Kartu Kredit,180346
O10908,2,Kesehatan,Yogyakarta,Kartu Kredit,54869
O10909,10,Rumah Tangga,Yogyakarta,COD,326019
O10910,11,Kesehatan,Semarang,COD,260907
O10911,13,Rumah Tangga,Semarang,Transfer Bank,150369
O10912,7,Rumah Tangga,Yogyakarta,E-Wallet,292925
O10913,18,Makanan,Semarang,Kartu Kredit,380896
O10914,17,Kesehatan,Magelang,Kartu Kredit,363912
O10915,17,Kesehatan,Solo,COD,223902
O10916,19,Makanan,Purworejo,Kartu Kredit,444966
O10917,8,Elektronik,Magelang,E-Wallet,358537
O10918,18,Makanan,Purworejo,Transfer Bank,122659
O10919,12,Rumah Tangga,Magelang,Transfer Bank,352202
O10920,6,Fashion,Magelang,Transfer Bank,457823
O10921,15,Rumah Tangga,Solo,E-Wallet,213159
O10922,10,Rumah Tangga,Purworejo,Transfer Bank,163479
O10923,12,Makanan,Purworejo,Transfer Bank,430147
O10924,15,Rumah Tangga,Solo,E-Wallet,160588
O10925,3,Kesehatan,Yogyakarta,Transfer Bank,479579
O10926,6,Elektronik,Yogyakarta,Transfer Bank,429327
O10927,17,Rumah Tangga,Purworejo,Kartu Kredit,76702
O10928,13,Makanan,Solo,E-Wallet,125086
O10929,11,Kesehatan,Yogyakarta,Kartu Kredit,228536
O10930,19,Elektronik,Purworejo,E-Wallet,218102
O10931,4,Rumah Tangga,Yogyakarta,COD,289339
O10932,3,Kesehatan,Semarang,Transfer Bank,291411
O10933,16,Elektronik,Magelang,Transfer Bank,396533
O10934,12,Makanan,Semarang,Transfer Bank,437653
O10935,3,Rumah Tangga,Semarang,Transfer Bank,263146
O10936,9,Fashion,Solo,Transfer Bank,128963
O10937,13,Makanan,Semarang,Transfer Bank,252257
O10938,10,Makanan,Solo,Transfer Bank,210662
O10939,7,Kesehatan,Yogyakarta,COD,165206
O10940,15,Rumah Tangga,Magelang,COD,312103
O10941,20,Makanan,Purworejo,Transfer Bank,494204
O10942,4,Kesehatan,Semarang,E-Wallet,141155
O10943,15,Makanan,Yogyakarta,Transfer Bank,321905
O10944,19,Kesehatan,Solo,COD,355732
O10945,20,Makanan,Yogyakarta,Kartu Kredit,475355
O10946,10,Elektronik,Solo,Transfer Bank,444956
O10947,9,Kesehatan,Semarang,Transfer Bank,450701
O10948,4,Kesehatan,Magelang,Kartu Kredit,118854
O10949,3,Fashion,Yogyakarta,COD,221127
O10950,7,Makanan,Semarang,COD,479294
O10951,10,Elektronik,Purworejo,E-Wallet,496182
O10952,17,Makanan,Solo,COD,186875
O10953,14,Kesehatan,Yogyakarta,COD,325204
O10954,9,Fashion,Magelang,E-Wallet,405179
O10955,11,Rumah Tangga,Solo,Kartu Kredit,430480
O10956,10,Kesehatan,Semarang,COD,211947
O10957,2,Elektronik,Purworejo,Kartu Kredit,456264
O10958,19,Elektronik,Solo,Kartu Kredit,188508
O10959,12,Rumah Tangga,Semarang,Transfer Bank,137779
O10960,4,Makanan,Yogyakarta,E-Wallet,418402
O10961,3,Kesehatan,Purworejo,E-Wallet,429797
O10962,4,Kesehatan,Semarang,Transfer Bank,312252
O10963,6,Fashion,Magelang,E-Wallet,79186
O10964,18,Kesehatan,Magelang,E-Wallet,157017
O10965,19,Makanan,Semarang,Transfer Bank,171628
O10966,19,Makanan,Purworejo,COD,314202
O10967,17,Elektronik,Semarang,Transfer Bank,441679
O10968,4,Fashion,Solo,COD,166804
O10969,19,Fashion,Yogyakarta,Transfer Bank,431702
O10970,15,Elektronik,Semarang,COD,110668
O10971,3,Makanan,Semarang,Transfer Bank,190931
O10972,7,Fashion,Solo,COD,189591
O10973,8,Elektronik,Solo,E-Wallet,472239
O10974,17,Kesehatan,Solo,Kartu Kredit,468883
O10975,16,Makanan,Magelang,Transfer Bank,342269
O10976,7,Kesehatan,Magelang,Kartu Kredit,334268
O10977,17,Rumah Tangga,Yogyakarta,E-Wallet,308068
O10978,12,Kesehatan,Yogyakarta,E-Wallet,109634
O10979,6,Makanan,Yogyakarta,Transfer Bank,110902
O10980,5,Rumah Tangga,Solo,Kartu Kredit,491598
O10981,8,Elektronik,Solo,E-Wallet,356550
O10982,18,Kesehatan,Semarang,Transfer Bank,268665
O10983,1,Rumah Tangga,Yogyakarta,COD,105120
O10984,4,Fashion,Solo,COD,267913
O10985,1,Elektronik,Magelang,E-Wallet,367469
O10986,8,Fashion,Purworejo,COD,393110
O10987,11,Makanan,Purworejo,Kartu Kredit,369763
O10988,18,Rumah Tangga,Solo,COD,332885
O10989,6,Rumah Tangga,Solo,Transfer Bank,152362
O10990,8,Makanan,Semarang,COD,188695
O10991,14,Fashion,Purworejo,E-Wallet,481115
O10992,4,Fashion,Solo,Kartu Kredit,384471
O10993,13,Fashion,Solo,Kartu Kredit,493647
O10994,18,Fashion,Semarang,Kartu Kredit,466436
O10995,18,Kesehatan,Solo,Transfer Bank,373600
O10996,16,Kesehatan,Semarang,Transfer Bank,391160
O10997,18,Elektronik,Semarang,E-Wallet,94557
O10998,4,Makanan,Magelang,COD,263674
O10999,8,Makanan,Yogyakarta,E-Wallet,100013
O11000,7,Fashion,Semarang,Kartu Kredit,179461
O11001,6,Elektronik,Solo,Kartu Kredit,422465
O11002,11,Kesehatan,Magelang,E-Wallet,225486
O11003,13,Fashion,Solo,COD,141716
O11004,13,Fashion,Purworejo,E-Wallet,72461
O11005,9,Kesehatan,Magelang,E-Wallet,471087
O11006,2,Kesehatan,Semarang,E-Wallet,446508
O11007,6,Kesehatan,Solo,E-Wallet,417693
O11008,11,Kesehatan,Magelang,Kartu Kredit,306692
O11009,4,Rumah Tangga,Solo,E-Wallet,362792
O11010,18,Rumah Tangga,Magelang,COD,147236
O11011,18,Fashion,Magelang,COD,439811
O11012,10,Fashion,Yogyakarta,Transfer Bank,324323
O11013,9,Elektronik,Solo,Transfer Bank,161858
O11014,4,Fashion,Magelang,Kartu Kredit,371432
O11015,19,Kesehatan,Solo,COD,436129
O11016,17,Kesehatan,Semarang,COD,259222
O11017,20,Kesehatan,Magelang,Transfer Bank,199625
O11018,17,Fashion,Magelang,Kartu Kredit,70245
O11019,7,Kesehatan,Purworejo,Kartu Kredit,117901
O11020,9,Makanan,Yogyakarta,COD,416111
O11021,16,Rumah Tangga,Magelang,Kartu Kredit,385585
O11022,16,Fashion,Solo,Transfer Bank,68657
O11023,17,Fashion,Solo,E-Wallet,486562
O11024,18,Rumah Tangga,Solo,E-Wallet,392798
O11025,19,Elektronik,Semarang,Transfer Bank,87853
O11026,15,Fashion,Yogyakarta,E-Wallet,305961
O11027,8,Rumah Tangga,Purworejo,COD,419154
O11028,7,Makanan,Yogyakarta,COD,488443
O11029,7,Elektronik,Purworejo,COD,160844
O11030,15,Kesehatan,Semarang,E-Wallet,445446
O11031,19,Rumah Tangga,Purworejo,COD,159938
O11032,12,Rumah Tangga,Yogyakarta,E-Wallet,210091
O11033,14,Elektronik,Semarang,Kartu Kredit,109602
O11034,7,Kesehatan,Purworejo,Transfer Bank,126794
O11035,3,Rumah Tangga,Magelang,Transfer Bank,79040
O11036,5,Fashion,Magelang,Kartu Kredit,326812
O11037,6,Kesehatan,Semarang,Transfer Bank,361259
O11038,15,Kesehatan,Semarang,Transfer Bank,97841
O11039,15,Rumah Tangga,Semarang,Transfer Bank,246983
O11040,7,Rumah Tangga,Yogyakarta,E-Wallet,256570
O11041,12,Elektronik,Yogyakarta,COD,392001
O11042,20,Elektronik,Semarang,Transfer Bank,230695
O11043,2,Makanan,Solo,Transfer Bank,175828
O11044,14,Kesehatan,Purworejo,Kartu Kredit,299771
O11045,17,Kesehatan,Magelang,Transfer Bank,484869
O11046,5,Rumah Tangga,Magelang,COD,355828
O11047,7,Rumah Tangga,Yogyakarta,COD,151883
O11048,15,Kesehatan,Solo,Kartu Kredit,214500
O11049,20,Rumah Tangga,Purworejo,E-Wallet,188567
O11050,12,Makanan,Semarang,Kartu Kredit,287222
O11051,19,Rumah Tangga,Semarang,E-Wallet,155853
O11052,13,Elektronik,Solo,Kartu Kredit,64539
O11053,14,Elektronik,Magelang,Kartu Kredit,222733
O11054,6,Kesehatan,Purworejo,Transfer Bank,222176
O11055,5,Makanan,Magelang,COD,158365
O11056,4,Fashion,Solo,Transfer Bank,338513
O11057,2,Fashion,Magelang,Transfer Bank,253105
O11058,10,Elektronik,Magelang,Kartu Kredit,288484
O11059,18,Kesehatan,Yogyakarta,Kartu Kredit,301809
O11060,13,Fashion,Yogyakarta,E-Wallet,428887
O11061,7,Fashion,Purworejo,E-Wallet,191940
O11062,14,Elektronik,Solo,COD,87275
O11063,6,Fashion,Yogyakarta,Kartu Kredit,272994
O11064,9,Makanan,Purworejo,Transfer Bank,89491
O11065,14,Makanan,Yogyakarta,E-Wallet,280319
O11066,14,Kesehatan,Solo,COD,58419
O11067,16,Makanan,Solo,Transfer Bank,53355
O11068,14,Kesehatan,Semarang,Transfer Bank,353387
O11069,8,Makanan,Magelang,COD,430985
O11070,4,Makanan,Purworejo,E-Wallet,302488
O11071,4,Kesehatan,Semarang,Transfer Bank,461145
O11072,2,Elektronik,Solo,Transfer Bank,259827
O11073,6,Fashion,Purworejo,E-Wallet,256953
O11074,13,Fashion,Yogyakarta,Kartu Kredit,246704
O11075,11,Fashion,Magelang,E-Wallet,143344
O11076,15,Fashion,Purworejo,COD,483957
O11077,17,Fashion,Yogyakarta,Kartu Kredit,326563
O11078,16,Makanan,Magelang,Transfer Bank,458595
O11079,17,Elektronik,Semarang,Kartu Kredit,225332
O11080,3,Elektronik,Semarang,Kartu Kredit,321358
O11081,5,Fashion,Magelang,Transfer Bank,275762
O11082,5,Kesehatan,Magelang,Transfer Bank,290038
O11083,16,Rumah Tangga,Yogyakarta,COD,127075
O11084,16,Rumah Tangga,Yogyakarta,Kartu Kredit,102741
O11085,6,Kesehatan,Solo,E-Wallet,69877
O11086,13,Kesehatan,Solo,E-Wallet,134703
O11087,8,Kesehatan,Solo,COD,184592
O11088,8,Elektronik,Magelang,Kartu Kredit,390884
O11089,16,Elektronik,Magelang,Transfer Bank,402566
O11090,11,Makanan,Magelang,E-Wallet,490915
O11091,1,Rumah Tangga,Purworejo,Transfer Bank,167633
O11092,6,Elektronik,Solo,E-Wallet,123767
O11093,4,Fashion,Solo,Transfer Bank,129849
O11094,18,Fashion,Yogyakarta,E-Wallet,215739
O11095,13,Rumah Tangga,Solo,Transfer Bank,159275
O11096,6,Makanan,Purworejo,COD,233792
O11097,15,Rumah Tangga,Purworejo,COD,257349
O11098,1,Rumah Tangga,Solo,Transfer Bank,337978
O11099,11,Rumah Tangga,Yogyakarta,E-Wallet,240029
O11100,13,Rumah Tangga,Magelang,E-Wallet,443988
O11101,3,Makanan,Yogyakarta,Kartu Kredit,391901
O11102,11,Makanan,Yogyakarta,Transfer Bank,347957
O11103,15,Elektronik,Purworejo,COD,398477
O11104,3,Kesehatan,Semarang,COD,220669
O11105,6,Kesehatan,Semarang,COD,118761
O11106,14,Fashion,Magelang,Kartu Kredit,294184
O11107,4,Elektronik,Yogyakarta,Kartu Kredit,464157
O11108,9,Elektronik,Purworejo,Transfer Bank,413398
O11109,16,Elektronik,Magelang,Kartu Kredit,410095
O11110,17,Rumah Tangga,Semarang,Kartu Kredit,308256
O11111,16,Kesehatan,Yogyakarta,COD,181860
O11112,4,Kesehatan,Solo,Transfer Bank,248199
O11113,20,Kesehatan,Magelang,Kartu Kredit,212316
O11114,1,Makanan,Semarang,COD,453248
O11115,16,Rumah Tangga,Purworejo,COD,405570
O11116,8,Makanan,Semarang,COD,395035
O11117,5,Fashion,Semarang,Transfer Bank,139576
O11118,2,Kesehatan,Solo,COD,322319
O11119,14,Makanan,Solo,COD,380617
O11120,6,Makanan,Semarang,Transfer Bank,112494
O11121,5,Fashion,Yogyakarta,Kartu Kredit,133571
O11122,2,Elektronik,Yogyakarta,Kartu Kredit,180398
O11123,12,Kesehatan,Magelang,Transfer Bank,381509
O11124,14,Fashion,Purworejo,E-Wallet,120123
O11125,16,Elektronik,Yogyakarta,COD,176254
O11126,6,Fashion,Yogyakarta,Transfer Bank,154810
O11127,13,Makanan,Yogyakarta,E-Wallet,58306
O11128,20,Rumah Tangga,Yogyakarta,Kartu Kredit,361082
O11129,7,Makanan,Semarang,COD,428831
O11130,15,Rumah Tangga,Yogyakarta,Kartu Kredit,125532
O11131,18,Elektronik,Purworejo,Kartu Kredit,263021
O11132,14,Fashion,Semarang,Kartu Kredit,398275
O11133,9,Fashion,Yogyakarta,Transfer Bank,298412
O11134,5,Elektronik,Magelang,Transfer Bank,441885
O11135,12,Makanan,Semarang,Kartu Kredit,161392
O11136,5,Fashion,Solo,COD,366222
O11137,7,Makanan,Purworejo,COD,471840
O11138,12,Elektronik,Magelang,E-Wallet,83354
O11139,8,Elektronik,Purworejo,COD,282061
O11140,19,Elektronik,Yogyakarta,Kartu Kredit,130920
O11141,3,Elektronik,Semarang,Kartu Kredit,193330
O11142,20,Fashion,Purworejo,Kartu Kredit,406936
O11143,2,Fashion,Yogyakarta,E-Wallet,275573
O11144,16,Elektronik,Solo,E-Wallet,310593
O11145,10,Makanan,Yogyakarta,E-Wallet,388065
O11146,18,Elektronik,Semarang,Transfer Bank,256057
O11147,3,Kesehatan,Magelang,Kartu Kredit,385761
O11148,6,Rumah Tangga,Semarang,Transfer Bank,261491
O11149,2,Kesehatan,Semarang,Kartu Kredit,335263
O11150,8,Kesehatan,Yogyakarta,Transfer Bank,300736
O11151,14,Elektronik,Solo,E-Wallet,280030
O11152,16,Elektronik,Semarang,E-Wallet,483741
O11153,17,Makanan,Magelang,E-Wallet,76721
O11154,5,Rumah Tangga,Solo,Transfer Bank,416201
O11155,17,Makanan,Yogyakarta,Kartu Kredit,295847
O11156,17,Elektronik,Yogyakarta,E-Wallet,470200
O11157,1,Makanan,Semarang,Kartu Kredit,347858
O11158,19,Makanan,Solo,COD,259828
O11159,17,Kesehatan,Solo,COD,477104
O11160,6,Elektronik,Purworejo,E-Wallet,96276
O11161,3,Elektronik,Purworejo,COD,461158
O11162,7,Kesehatan,Yogyakarta,COD,302526
O11163,19,Makanan,Semarang,E-Wallet,474085
O11164,17,Kesehatan,Purworejo,Transfer Bank,487141
O11165,3,Rumah Tangga,Purworejo,E-Wallet,247382
O11166,8,Rumah Tangga,Yogyakarta,Transfer Bank,263631
O11167,15,Makanan,Purworejo,Transfer Bank,414873
O11168,15,Elektronik,Magelang,Kartu Kredit,397744
O11169,8,Kesehatan,Solo,Kartu Kredit,281030
O11170,12,Rumah Tangga,Yogyakarta,E-Wallet,437721
O11171,4,Makanan,Purworejo,COD,323366
O11172,14,Kesehatan,Solo,E-Wallet,493383
O11173,10,Rumah Tangga,Purworejo,E-Wallet,247843
O11174,4,Kesehatan,Solo,Kartu Kredit,217947
O11175,13,Elektronik,Magelang,Transfer Bank,147519
O11176,10,Fashion,Solo,COD,110768
O11177,6,Kesehatan,Semarang,Transfer Bank,185720
O11178,4,Makanan,Solo,Kartu Kredit,231406
O11179,8,Rumah Tangga,Yogyakarta,Kartu Kredit,384052
O11180,11,Rumah Tangga,Magelang,COD,466387
O11181,13,Kesehatan,Yogyakarta,E-Wallet,427929
O11182,3,Makanan,Semarang,COD,488998
O11183,15,Kesehatan,Purworejo,COD,216996
O11184,2,Elektronik,Magelang,Transfer Bank,163488
O11185,4,Elektronik,Magelang,Transfer Bank,137099
O11186,15,Kesehatan,Solo,E-Wallet,52178
O11187,17,Elektronik,Magelang,COD,343542
O11188,7,Elektronik,Purworejo,COD,392625
O11189,12,Fashion,Yogyakarta,Transfer Bank,435106
O11190,12,Fashion,Solo,COD,299448
O11191,8,Makanan,Purworejo,Transfer Bank,430358
O11192,1,Fashion,Magelang,Kartu Kredit,282310
O11193,15,Kesehatan,Purworejo,Transfer Bank,254036
O11194,6,Rumah Tangga,Magelang,E-Wallet,372814
O11195,8,Kesehatan,Semarang,Kartu Kredit,406127
O11196,2,Rumah Tangga,Semarang,E-Wallet,435859
O11197,8,Fashion,Semarang,E-Wallet,392600
O11198,11,Fashion,Magelang,Transfer Bank,93062
O11199,1,Makanan,Magelang,E-Wallet,135616
O11200,12,Elektronik,Semarang,E-Wallet,113348
O11201,12,Rumah Tangga,Purworejo,Kartu Kredit,308678
O11202,2,Kesehatan,Semarang,Kartu Kredit,214741
O11203,11,Fashion,Purworejo,COD,478393
O11204,16,Makanan,Solo,Transfer Bank,73681
O11205,17,Rumah Tangga,Solo,Kartu Kredit,433914
O11206,6,Elektronik,Yogyakarta,COD,219234
O11207,7,Fashion,Magelang,E-Wallet,371150
O11208,9,Fashion,Yogyakarta,E-Wallet,122101
O11209,2,Rumah Tangga,Solo,Transfer Bank,410159
O11210,1,Makanan,Semarang,COD,245597
O11211,1,Fashion,Yogyakarta,Kartu Kredit,404410
O11212,18,Kesehatan,Purworejo,E-Wallet,431805
O11213,17,Elektronik,Semarang,Transfer Bank,317875
O11214,7,Elektronik,Solo,E-Wallet,293191
O11215,18,Kesehatan,Semarang,Kartu Kredit,229069
O11216,13,Rumah Tangga,Purworejo,Kartu Kredit,197715
O11217,10,Elektronik,Semarang,Kartu Kredit,463080
O11218,15,Makanan,Yogyakarta,Kartu Kredit,309230
O11219,5,Rumah Tangga,Semarang,E-Wallet,443788
O11220,6,Fashion,Magelang,Transfer Bank,294204
O11221,11,Kesehatan,Semarang,E-Wallet,273783
O11222,1,Makanan,Yogyakarta,Kartu Kredit,467148
O11223,10,Makanan,Semarang,Transfer Bank,50619
O11224,6,Kesehatan,Yogyakarta,COD,312979
O11225,14,Kesehatan,Yogyakarta,Kartu Kredit,484696
O11226,9,Makanan,Magelang,E-Wallet,423986
O11227,11,Kesehatan,Magelang,COD,166755
O11228,16,Rumah Tangga,Semarang,Transfer Bank,497768
O11229,8,Rumah Tangga,Semarang,Kartu Kredit,217135
O11230,9,Elektronik,Solo,E-Wallet,96859
O11231,14,Fashion,Purworejo,COD,190900
O11232,12,Kesehatan,Semarang,E-Wallet,467154
O11233,13,Fashion,Solo,E-Wallet,223516
O11234,19,Fashion,Semarang,COD,242890
O11235,1,Fashion,Magelang,COD,135336
O11236,16,Kesehatan,Yogyakarta,COD,50080
O11237,1,Elektronik,Purworejo,Kartu Kredit,136488
O11238,5,Kesehatan,Magelang,E-Wallet,437370
O11239,14,Elektronik,Yogyakarta,Transfer Bank,450415
O11240,13,Elektronik,Yogyakarta,E-Wallet,223086
O11241,9,Fashion,Purworejo,Kartu Kredit,229544
O11242,12,Elektronik,Purworejo,E-Wallet,153893
O11243,20,Rumah Tangga,Magelang,Transfer Bank,415690
O11244,18,Kesehatan,Semarang,COD,211548
O11245,18,Elektronik,Purworejo,Transfer Bank,438199
O11246,15,Fashion,Yogyakarta,E-Wallet,419113
O11247,19,Kesehatan,Semarang,COD,451048
O11248,2,Elektronik,Yogyakarta,Transfer Bank,156859
O11249,5,Fashion,Purworejo,Kartu Kredit,136643
O11250,17,Elektronik,Solo,E-Wallet,359179
O11251,14,Elektronik,Yogyakarta,E-Wallet,60622
O11252,4,Elektronik,Semarang,E-Wallet,330400
O11253,19,Makanan,Purworejo,Transfer Bank,481101
O11254,17,Fashion,Solo,COD,60001
O11255,10,Elektronik,Solo,E-Wallet,241117
O11256,19,Makanan,Semarang,Transfer Bank,203400
O11257,16,Rumah Tangga,Yogyakarta,E-Wallet,341193
O11258,2,Elektronik,Magelang,Kartu Kredit,487383
O11259,9,Makanan,Magelang,E-Wallet,485204
O11260,1,Rumah Tangga,Magelang,Kartu Kredit,223074
O11261,5,Elektronik,Semarang,Kartu Kredit,133541
O11262,7,Makanan,Semarang,Transfer Bank,337106
O11263,14,Rumah Tangga,Semarang,E-Wallet,246463
O11264,4,Rumah Tangga,Yogyakarta,Transfer Bank,162504
O11265,14,Kesehatan,Semarang,E-Wallet,88468
O11266,16,Fashion,Purworejo,Transfer Bank,145986
O11267,15,Fashion,Yogyakarta,E-Wallet,347474
O11268,7,Fashion,Magelang,Kartu Kredit,129036
O11269,16,Makanan,Magelang,E-Wallet,149517
O11270,11,Fashion,Semarang,E-Wallet,437405
O11271,17,Rumah Tangga,Solo,E-Wallet,163194
O11272,8,Makanan,Magelang,COD,204717
O11273,4,Makanan,Yogyakarta,Transfer Bank,423968
O11274,4,Kesehatan,Semarang,Kartu Kredit,355839
O11275,12,Fashion,Magelang,Transfer Bank,147645
O11276,16,Makanan,Magelang,Transfer Bank,340951
O11277,1,Kesehatan,Purworejo,Kartu Kredit,157012
O11278,11,Kesehatan,Yogyakarta,Kartu Kredit,283899
O11279,4,Rumah Tangga,Semarang,COD,431424
O11280,8,Fashion,Semarang,COD,227514
O11281,11,Kesehatan,Yogyakarta,Kartu Kredit,410436
O11282,14,Rumah Tangga,Magelang,E-Wallet,417558
O11283,13,Fashion,Solo,Kartu Kredit,360563
O11284,5,Elektronik,Solo,Kartu Kredit,208718
O11285,7,Elektronik,Magelang,E-Wallet,160553
O11286,10,Makanan,Semarang,COD,299669
O11287,17,Fashion,Purworejo,Kartu Kredit,62418
O11288,19,Rumah Tangga,Solo,COD,171207
O11289,12,Kesehatan,Semarang,Transfer Bank,83049
O11290,4,Elektronik,Solo,Transfer Bank,479261
O11291,3,Rumah Tangga,Yogyakarta,Kartu Kredit,279775
O11292,5,Kesehatan,Solo,Transfer Bank,213732
O11293,11,Fashion,Solo,E-Wallet,474132
O11294,5,Elektronik,Yogyakarta,Transfer Bank,216496
O11295,8,Rumah Tangga,Purworejo,Transfer Bank,316175
O11296,16,Fashion,Solo,E-Wallet,84470
O11297,13,Makanan,Semarang,Kartu Kredit,128400
O11298,8,Makanan,Magelang,E-Wallet,206811
O11299,6,Elektronik,Yogyakarta,E-Wallet,84309
O11300,5,Elektronik,Magelang,Transfer Bank,204045
O11301,11,Makanan,Semarang,Transfer Bank,219126
O11302,15,Rumah Tangga,Magelang,Transfer Bank,368758
O11303,5,Kesehatan,Semarang,Kartu Kredit,362483
O11304,13,Kesehatan,Semarang,E-Wallet,410547
O11305,3,Elektronik,Purworejo,E-Wallet,332526
O11306,18,Makanan,Semarang,Transfer Bank,128811
O11307,6,Fashion,Purworejo,Transfer Bank,65716
O11308,19,Makanan,Purworejo,Transfer Bank,323463
O11309,13,Elektronik,Yogyakarta,Kartu Kredit,191987
O11310,14,Fashion,Semarang,Transfer Bank,359982
O11311,19,Rumah Tangga,Purworejo,Kartu Kredit,267301
O11312,4,Rumah Tangga,Yogyakarta,COD,187657
O11313,2,Rumah Tangga,Yogyakarta,E-Wallet,179082
O11314,5,Rumah Tangga,Semarang,COD,424287
O11315,13,Rumah Tangga,Solo,E-Wallet,253147
O11316,10,Makanan,Magelang,Kartu Kredit,469870
O11317,15,Elektronik,Semarang,Kartu Kredit,182675
O11318,7,Fashion,Yogyakarta,COD,283431
O11319,4,Kesehatan,Semarang,Kartu Kredit,440656
O11320,13,Rumah Tangga,Solo,Transfer Bank,324727
O11321,7,Elektronik,Magelang,Kartu Kredit,239748
O11322,17,Makanan,Semarang,Kartu Kredit,380176
O11323,15,Elektronik,Solo,Kartu Kredit,416455
O11324,4,Elektronik,Magelang,E-Wallet,458135
O11325,14,Fashion,Magelang,E-Wallet,235028
O11326,19,Kesehatan,Yogyakarta,Transfer Bank,204363
O11327,15,Rumah Tangga,Purworejo,Transfer Bank,177944
O11328,4,Rumah Tangga,Purworejo,E-Wallet,341890
O11329,10,Fashion,Solo,E-Wallet,460740
O11330,6,Fashion,Purworejo,E-Wallet,180880
O11331,5,Fashion,Magelang,E-Wallet,367554
O11332,7,Fashion,Yogyakarta,COD,114132
O11333,8,Rumah Tangga,Magelang,COD,165617
O11334,6,Fashion,Purworejo,E-Wallet,133197
O11335,9,Rumah Tangga,Yogyakarta,Kartu Kredit,146343
O11336,9,Elektronik,Magelang,Transfer Bank,329544
O11337,5,Kesehatan,Purworejo,COD,98527
O11338,16,Rumah Tangga,Semarang,COD,479367
O11339,2,Fashion,Semarang,E-Wallet,255428
O11340,19,Fashion,Yogyakarta,E-Wallet,234094
O11341,4,Elektronik,Semarang,E-Wallet,132268
O11342,14,Fashion,Semarang,COD,152726
O11343,12,Kesehatan,Purworejo,Transfer Bank,271328
O11344,14,Makanan,Solo,COD,367235
O11345,12,Kesehatan,Magelang,COD,287916
O11346,3,Elektronik,Solo,E-Wallet,329023
O11347,8,Kesehatan,Solo,Kartu Kredit,262687
O11348,16,Makanan,Purworejo,E-Wallet,199813
O11349,12,Kesehatan,Yogyakarta,COD,416721
O11350,7,Elektronik,Semarang,COD,438326
O11351,3,Fashion,Yogyakarta,Transfer Bank,479076
O11352,4,Fashion,Solo,COD,282467
O11353,20,Fashion,Magelang,COD,121749
O11354,6,Rumah Tangga,Yogyakarta,Kartu Kredit,239672
O11355,13,Rumah Tangga,Semarang,Kartu Kredit,445794
O11356,18,Rumah Tangga,Purworejo,E-Wallet,178556
O11357,6,Kesehatan,Solo,COD,481956
O11358,1,Fashion,Magelang,Kartu Kredit,315953
O11359,8,Kesehatan,Magelang,COD,407468
O11360,2,Elektronik,Yogyakarta,E-Wallet,403810
O11361,13,Elektronik,Yogyakarta,Transfer Bank,296729
O11362,10,Rumah Tangga,Solo,Kartu Kredit,477538
O11363,19,Makanan,Semarang,Transfer Bank,77313
O11364,1,Makanan,Yogyakarta,E-Wallet,248567
O11365,5,Kesehatan,Magelang,COD,81947
O11366,9,Kesehatan,Yogyakarta,E-Wallet,176867
O11367,18,Rumah Tangga,Semarang,Transfer Bank,184740
O11368,11,Rumah Tangga,Yogyakarta,COD,202722
O11369,12,Fashion,Yogyakarta,COD,316913
O11370,8,Makanan,Purworejo,Transfer Bank,302606
O11371,14,Rumah Tangga,Purworejo,Kartu Kredit,187491
O11372,14,Makanan,Semarang,COD,260660
O11373,9,Rumah Tangga,Semarang,COD,499363
O11374,18,Makanan,Semarang,E-Wallet,337518
O11375,5,Fashion,Magelang,COD,237858
O11376,10,Makanan,Purworejo,E-Wallet,349674
O11377,4,Rumah Tangga,Magelang,COD,114976
O11378,9,Kesehatan,Yogyakarta,Transfer Bank,381493
O11379,5,Makanan,Purworejo,E-Wallet,85479
O11380,16,Fashion,Semarang,E-Wallet,140109
O11381,1,Fashion,Purworejo,Kartu Kredit,315521
O11382,1,Elektronik,Yogyakarta,Transfer Bank,297056
O11383,7,Rumah Tangga,Solo,COD,141871
O11384,14,Elektronik,Solo,Transfer Bank,377103
O11385,20,Fashion,Semarang,Transfer Bank,187998
O11386,11,Elektronik,Magelang,Kartu Kredit,92774
O11387,13,Kesehatan,Yogyakarta,E-Wallet,470492
O11388,7,Kesehatan,Magelang,E-Wallet,53896
O11389,15,Rumah Tangga,Semarang,Kartu Kredit,308529
O11390,15,Fashion,Magelang,Kartu Kredit,290358
O11391,10,Makanan,Semarang,Kartu Kredit,122857
O11392,15,Fashion,Magelang,COD,437828
O11393,12,Makanan,Purworejo,COD,301927
O11394,15,Elektronik,Semarang,Transfer Bank,182351
O11395,7,Elektronik,Yogyakarta,E-Wallet,269680
O11396,13,Rumah Tangga,Semarang,Transfer Bank,199474
O11397,1,Fashion,Yogyakarta,Kartu Kredit,291304
O11398,7,Elektronik,Purworejo,Kartu Kredit,395197
O11399,15,Kesehatan,Yogyakarta,Transfer Bank,365200
O11400,4,Rumah Tangga,Semarang,Transfer Bank,289174
O11401,9,Fashion,Solo,E-Wallet,350612
O11402,8,Kesehatan,Magelang,Kartu Kredit,294153
O11403,1,Elektronik,Semarang,E-Wallet,486832
O11404,8,Fashion,Purworejo,COD,497200
O11405,17,Fashion,Yogyakarta,Kartu Kredit,180900
O11406,16,Elektronik,Semarang,COD,450602
O11407,20,Makanan,Magelang,E-Wallet,149002
O11408,20,Fashion,Semarang,Transfer Bank,165114
O11409,5,Rumah Tangga,Yogyakarta,Kartu Kredit,130319
O11410,3,Makanan,Yogyakarta,Kartu Kredit,124368
O11411,20,Kesehatan,Semarang,E-Wallet,257992
O11412,16,Fashion,Yogyakarta,COD,162456
O11413,17,Rumah Tangga,Semarang,COD,404392
O11414,1,Rumah Tangga,Purworejo,COD,68397
O11415,1,Makanan,Yogyakarta,Transfer Bank,416486
O11416,6,Elektronik,Purworejo,E-Wallet,217815
O11417,9,Elektronik,Purworejo,Kartu Kredit,233405
O11418,8,Rumah Tangga,Yogyakarta,E-Wallet,156958
O11419,3,Makanan,Magelang,COD,299811
O11420,9,Kesehatan,Yogyakarta,COD,297524
O11421,1,Rumah Tangga,Semarang,E-Wallet,292449
O11422,20,Makanan,Yogyakarta,COD,347703
O11423,18,Makanan,Purworejo,COD,223751
O11424,17,Fashion,Magelang,COD,222125
O11425,9,Fashion,Magelang,COD,163176
O11426,12,Elektronik,Solo,Kartu Kredit,485838
O11427,7,Elektronik,Semarang,Kartu Kredit,282990
O11428,17,Kesehatan,Semarang,COD,123149
O11429,10,Makanan,Magelang,Kartu Kredit,71656
O11430,5,Elektronik,Semarang,E-Wallet,238151
O11431,16,Fashion,Semarang,Kartu Kredit,307985
O11432,8,Fashion,Yogyakarta,Transfer Bank,369484
O11433,16,Elektronik,Solo,COD,228297
O11434,19,Makanan,Yogyakarta,Kartu Kredit,479862
O11435,10,Fashion,Purworejo,COD,209219
O11436,7,Makanan,Semarang,Transfer Bank,130209
O11437,17,Makanan,Purworejo,Transfer Bank,378704
O11438,12,Fashion,Semarang,E-Wallet,154095
O11439,1,Kesehatan,Magelang,COD,436586
O11440,7,Makanan,Semarang,Kartu Kredit,260152
O11441,12,Fashion,Purworejo,Kartu Kredit,288978
O11442,9,Rumah Tangga,Semarang,E-Wallet,214953
O11443,2,Elektronik,Purworejo,Kartu Kredit,112543
O11444,11,Elektronik,Solo,COD,70061
O11445,10,Rumah Tangga,Purworejo,Kartu Kredit,82892
O11446,18,Makanan,Purworejo,Kartu Kredit,349515
O11447,7,Rumah Tangga,Semarang,Kartu Kredit,450701
O11448,5,Makanan,Solo,Kartu Kredit,256892
O11449,6,Kesehatan,Yogyakarta,E-Wallet,93489
O11450,14,Elektronik,Semarang,Kartu Kredit,92150
O11451,6,Elektronik,Yogyakarta,E-Wallet,446068
O11452,9,Rumah Tangga,Yogyakarta,Kartu Kredit,488828
O11453,10,Makanan,Yogyakarta,COD,235869
O11454,2,Kesehatan,Semarang,Transfer Bank,109471
O11455,18,Rumah Tangga,Magelang,Kartu Kredit,95571
O11456,14,Elektronik,Solo,Transfer Bank,427132
O11457,10,Elektronik,Purworejo,Transfer Bank,194929
O11458,9,Rumah Tangga,Solo,Transfer Bank,286965
O11459,6,Fashion,Magelang,COD,302176
O11460,12,Fashion,Magelang,E-Wallet,282516
O11461,11,Rumah Tangga,Solo,Kartu Kredit,98453
O11462,11,Elektronik,Solo,Kartu Kredit,378991
O11463,5,Makanan,Yogyakarta,COD,209758
O11464,4,Makanan,Yogyakarta,Kartu Kredit,374023
O11465,4,Kesehatan,Purworejo,COD,121969
O11466,20,Elektronik,Semarang,Kartu Kredit,169355
O11467,9,Rumah Tangga,Purworejo,Transfer Bank,343005
O11468,20,Makanan,Semarang,E-Wallet,380170
O11469,7,Fashion,Magelang,Kartu Kredit,287000
O11470,18,Makanan,Purworejo,Kartu Kredit,371239
O11471,17,Makanan,Semarang,COD,457054
O11472,3,Elektronik,Yogyakarta,Transfer Bank,414347
O11473,8,Kesehatan,Yogyakarta,Transfer Bank,243685
O11474,8,Rumah Tangga,Magelang,COD,489522
O11475,16,Elektronik,Purworejo,E-Wallet,113549
O11476,8,Fashion,Solo,E-Wallet,342295
O11477,3,Elektronik,Semarang,E-Wallet,467990
O11478,4,Rumah Tangga,Solo,Transfer Bank,174980
O11479,16,Kesehatan,Magelang,COD,123878
O11480,15,Elektronik,Solo,COD,344265
O11481,1,Elektronik,Yogyakarta,Transfer Bank,219078
O11482,14,Kesehatan,Semarang,COD,106080
O11483,18,Fashion,Semarang,E-Wallet,308725
O11484,16,Rumah Tangga,Magelang,Kartu Kredit,486685
O11485,9,Kesehatan,Semarang,Kartu Kredit,455730
O11486,3,Rumah Tangga,Yogyakarta,Transfer Bank,76609
O11487,8,Rumah Tangga,Purworejo,COD,134262
O11488,17,Fashion,Magelang,Kartu Kredit,139054
O11489,11,Makanan,Yogyakarta,Transfer Bank,215190
O11490,7,Fashion,Purworejo,Kartu Kredit,266950
O11491,19,Kesehatan,Yogyakarta,Kartu Kredit,204068
O11492,13,Fashion,Solo,COD,65788
O11493,13,Elektronik,Yogyakarta,E-Wallet,425259
O11494,18,Elektronik,Solo,COD,413429
O11495,2,Kesehatan,Semarang,E-Wallet,439373
O11496,4,Rumah Tangga,Purworejo,E-Wallet,415946
O11497,13,Fashion,Semarang,Transfer Bank,236119
O11498,18,Rumah Tangga,Semarang,Kartu Kredit,488537
O11499,2,Kesehatan,Purworejo,COD,259787
O11500,11,Elektronik,Solo,Kartu Kredit,464810
O11501,2,Makanan,Magelang,E-Wallet,287054
O11502,6,Makanan,Solo,Kartu Kredit,64613
O11503,7,Elektronik,Purworejo,Kartu Kredit,173832
O11504,5,Rumah Tangga,Magelang,E-Wallet,186479
O11505,11,Rumah Tangga,Yogyakarta,COD,69294
O11506,13,Kesehatan,Solo,Transfer Bank,225579
O11507,14,Kesehatan,Semarang,Transfer Bank,112400
O11508,14,Elektronik,Yogyakarta,E-Wallet,428256
O11509,16,Elektronik,Semarang,COD,454930
O11510,12,Rumah Tangga,Purworejo,Kartu Kredit,431228
O11511,4,Kesehatan,Semarang,Kartu Kredit,107314
O11512,11,Fashion,Solo,Transfer Bank,233362
O11513,20,Makanan,Solo,Kartu Kredit,89286
O11514,8,Elektronik,Yogyakarta,Kartu Kredit,230056
O11515,1,Elektronik,Purworejo,Kartu Kredit,368949
O11516,13,Makanan,Magelang,Kartu Kredit,404900
O11517,18,Rumah Tangga,Solo,COD,438503
O11518,19,Kesehatan,Semarang,Kartu Kredit,232422
O11519,6,Fashion,Purworejo,Kartu Kredit,326420
O11520,9,Makanan,Purworejo,E-Wallet,435360
O11521,17,Fashion,Solo,Kartu Kredit,460867
O11522,18,Fashion,Yogyakarta,Transfer Bank,151265
O11523,12,Makanan,Solo,E-Wallet,292862
O11524,16,Rumah Tangga,Yogyakarta,E-Wallet,209514
O11525,14,Kesehatan,Semarang,E-Wallet,262693
O11526,14,Kesehatan,Solo,COD,443644
O11527,18,Kesehatan,Solo,COD,248629
O11528,12,Rumah Tangga,Yogyakarta,COD,456821
O11529,12,Makanan,Yogyakarta,COD,480341
O11530,15,Fashion,Purworejo,COD,158515
O11531,16,Fashion,Purworejo,Transfer Bank,224868
O11532,16,Rumah Tangga,Semarang,COD,76302
O11533,12,Kesehatan,Purworejo,Kartu Kredit,317918
O11534,18,Rumah Tangga,Solo,Kartu Kredit,214163
O11535,12,Rumah Tangga,Solo,Transfer Bank,79450
O11536,7,Elektronik,Semarang,E-Wallet,143815
O11537,2,Kesehatan,Magelang,Transfer Bank,209966
O11538,3,Rumah Tangga,Yogyakarta,Transfer Bank,65320
O11539,1,Fashion,Purworejo,Kartu Kredit,249882
O11540,13,Elektronik,Magelang,Kartu Kredit,455644
O11541,8,Fashion,Solo,COD,476089
O11542,19,Elektronik,Solo,E-Wallet,372086
O11543,17,Makanan,Purworejo,E-Wallet,466117
O11544,18,Kesehatan,Purworejo,E-Wallet,356611
O11545,19,Rumah Tangga,Yogyakarta,COD,81256
O11546,19,Fashion,Purworejo,E-Wallet,94509
O11547,20,Makanan,Solo,E-Wallet,308990
O11548,1,Makanan,Purworejo,Kartu Kredit,497518
O11549,15,Rumah Tangga,Purworejo,Transfer Bank,217038
O11550,20,Fashion,Solo,E-Wallet,424460
O11551,12,Makanan,Yogyakarta,Kartu Kredit,426575
O11552,12,Kesehatan,Purworejo,Transfer Bank,472264
O11553,16,Fashion,Semarang,E-Wallet,268396
O11554,9,Kesehatan,Semarang,Transfer Bank,420477
O11555,11,Kesehatan,Magelang,Kartu Kredit,95593
O11556,5,Rumah Tangga,Semarang,E-Wallet,429887
O11557,11,Kesehatan,Purworejo,COD,175752
O11558,5,Fashion,Semarang,COD,390165
O11559,10,Makanan,Magelang,COD,229492
O11560,14,Rumah Tangga,Semarang,COD,87590
O11561,4,Rumah Tangga,Solo,Transfer Bank,164053
O11562,15,Makanan,Yogyakarta,Kartu Kredit,449069
O11563,13,Elektronik,Yogyakarta,E-Wallet,403490
O11564,15,Makanan,Purworejo,Kartu Kredit,384884
O11565,17,Kesehatan,Semarang,Kartu Kredit,121742
O11566,2,Makanan,Yogyakarta,COD,291146
O11567,8,Kesehatan,Solo,Kartu Kredit,484261
O11568,12,Makanan,Magelang,Transfer Bank,263646
O11569,3,Elektronik,Purworejo,Transfer Bank,442074
O11570,9,Fashion,Purworejo,COD,91035
O11571,2,Fashion,Purworejo,COD,96254
O11572,2,Elektronik,Magelang,COD,302773
O11573,19,Fashion,Solo,Transfer Bank,178817
O11574,20,Makanan,Purworejo,Kartu Kredit,353702
O11575,17,Makanan,Solo,Transfer Bank,259670
O11576,16,Makanan,Purworejo,COD,95871
O11577,15,Fashion,Yogyakarta,Kartu Kredit,142161
O11578,20,Makanan,Semarang,COD,315359
O11579,19,Fashion,Magelang,COD,158210
O11580,6,Kesehatan,Solo,E-Wallet,139988
O11581,5,Kesehatan,Purworejo,E-Wallet,150385
O11582,7,Makanan,Yogyakarta,COD,432853
O11583,4,Kesehatan,Magelang,Transfer Bank,128609
O11584,4,Fashion,Semarang,Kartu Kredit,303959
O11585,8,Makanan,Semarang,E-Wallet,472502
O11586,11,Makanan,Purworejo,Kartu Kredit,289105
O11587,4,Makanan,Yogyakarta,E-Wallet,282339
O11588,11,Makanan,Semarang,Kartu Kredit,99727
O11589,6,Kesehatan,Purworejo,COD,398442
O11590,7,Kesehatan,Semarang,E-Wallet,432956
O11591,7,Rumah Tangga,Magelang,E-Wallet,277078
O11592,2,Makanan,Yogyakarta,E-Wallet,252619
O11593,13,Elektronik,Semarang,Kartu Kredit,251911
O11594,7,Fashion,Yogyakarta,Kartu Kredit,470755
O11595,14,Fashion,Solo,Kartu Kredit,90272
O11596,2,Elektronik,Magelang,Kartu Kredit,80059
O11597,1,Kesehatan,Magelang,Transfer Bank,282583
O11598,19,Fashion,Semarang,COD,54005
O11599,4,Rumah Tangga,Semarang,Transfer Bank,350886
O11600,20,Kesehatan,Purworejo,Transfer Bank,271444
O11601,7,Kesehatan,Semarang,Kartu Kredit,101309
O11602,19,Elektronik,Semarang,Kartu Kredit,192229
O11603,14,Fashion,Purworejo,COD,165596
O11604,12,Rumah Tangga,Magelang,Kartu Kredit,354773
O11605,10,Rumah Tangga,Solo,Transfer Bank,494048
O11606,16,Makanan,Semarang,COD,237987
O11607,4,Elektronik,Yogyakarta,Transfer Bank,482927
O11608,16,Kesehatan,Magelang,Kartu Kredit,73691
O11609,6,Fashion,Magelang,Transfer Bank,378155
O11610,10,Fashion,Purworejo,Transfer Bank,452724
O11611,11,Elektronik,Purworejo,COD,289764
O11612,9,Kesehatan,Purworejo,Transfer Bank,299417
O11613,17,Rumah Tangga,Magelang,COD,383972
O11614,3,Makanan,Purworejo,Kartu Kredit,257594
O11615,7,Elektronik,Solo,Kartu Kredit,237571
O11616,14,Elektronik,Magelang,Kartu Kredit,381616
O11617,18,Fashion,Purworejo,Kartu Kredit,215995
O11618,13,Kesehatan,Yogyakarta,E-Wallet,248333
O11619,3,Kesehatan,Solo,Transfer Bank,66390
O11620,3,Elektronik,Solo,Transfer Bank,268497
O11621,10,Makanan,Yogyakarta,Kartu Kredit,167410
O11622,7,Elektronik,Purworejo,Kartu Kredit,238443
O11623,4,Makanan,Magelang,E-Wallet,82981
O11624,2,Elektronik,Magelang,E-Wallet,429970
O11625,13,Makanan,Semarang,Kartu Kredit,298753
O11626,9,Rumah Tangga,Purworejo,Transfer Bank,418928
O11627,4,Rumah Tangga,Purworejo,Transfer Bank,93284
O11628,14,Kesehatan,Purworejo,COD,397226
O11629,5,Kesehatan,Purworejo,COD,56555
O11630,15,Kesehatan,Purworejo,Kartu Kredit,142502
O11631,7,Elektronik,Purworejo,COD,83985
O11632,12,Fashion,Solo,E-Wallet,352482
O11633,6,Elektronik,Yogyakarta,Transfer Bank,197255
O11634,17,Kesehatan,Yogyakarta,Kartu Kredit,66177
O11635,3,Kesehatan,Magelang,COD,495362
O11636,18,Makanan,Yogyakarta,Kartu Kredit,251238
O11637,6,Elektronik,Yogyakarta,Kartu Kredit,190792
O11638,14,Fashion,Yogyakarta,Transfer Bank,85251
O11639,19,Rumah Tangga,Purworejo,Kartu Kredit,56511
O11640,15,Makanan,Magelang,COD,180021
O11641,3,Kesehatan,Solo,Kartu Kredit,74415
O11642,4,Makanan,Purworejo,COD,388655
O11643,17,Elektronik,Magelang,COD,153990
O11644,4,Makanan,Solo,Kartu Kredit,102386
O11645,9,Kesehatan,Purworejo,COD,421613
O11646,3,Fashion,Magelang,Transfer Bank,371391
O11647,8,Elektronik,Solo,E-Wallet,480311
O11648,3,Makanan,Purworejo,Transfer Bank,458299
O11649,15,Rumah Tangga,Yogyakarta,Kartu Kredit,112387
O11650,7,Elektronik,Purworejo,E-Wallet,240449
O11651,14,Rumah Tangga,Semarang,E-Wallet,51882
O11652,18,Rumah Tangga,Magelang,Transfer Bank,130035
O11653,12,Elektronik,Semarang,Kartu Kredit,107263
O11654,7,Rumah Tangga,Purworejo,E-Wallet,266939
O11655,10,Makanan,Yogyakarta,Kartu Kredit,311609
O11656,16,Kesehatan,Semarang,Kartu Kredit,117290
O11657,10,Fashion,Solo,COD,346506
O11658,16,Rumah Tangga,Semarang,Transfer Bank,449914
O11659,17,Fashion,Yogyakarta,E-Wallet,467888
O11660,1,Fashion,Yogyakarta,Transfer Bank,147157
O11661,4,Fashion,Magelang,Kartu Kredit,379071
O11662,15,Fashion,Solo,COD,187886
O11663,3,Rumah Tangga,Yogyakarta,Kartu Kredit,445538
O11664,1,Rumah Tangga,Purworejo,Transfer Bank,380722
O11665,17,Elektronik,Yogyakarta,COD,342041
O11666,18,Makanan,Solo,Transfer Bank,201134
O11667,10,Elektronik,Magelang,COD,237711
O11668,19,Makanan,Semarang,Transfer Bank,149595
O11669,11,Elektronik,Solo,Kartu Kredit,319098
O11670,11,Makanan,Solo,COD,391010
O11671,3,Elektronik,Magelang,COD,95350
O11672,10,Rumah Tangga,Semarang,COD,53480
O11673,19,Rumah Tangga,Magelang,COD,229577
O11674,9,Kesehatan,Semarang,E-Wallet,174672
O11675,14,Makanan,Solo,Transfer Bank,233548
O11676,17,Elektronik,Magelang,E-Wallet,497248
O11677,13,Kesehatan,Solo,Kartu Kredit,299853
O11678,2,Kesehatan,Magelang,Transfer Bank,199950
O11679,1,Kesehatan,Yogyakarta,Kartu Kredit,144545
O11680,12,Elektronik,Semarang,E-Wallet,358914
O11681,8,Fashion,Solo,Kartu Kredit,162786
O11682,11,Rumah Tangga,Semarang,Kartu Kredit,74187
O11683,14,Fashion,Solo,Kartu Kredit,493368
O11684,14,Elektronik,Semarang,COD,446125
O11685,2,Kesehatan,Semarang,Transfer Bank,130413
O11686,6,Fashion,Solo,COD,85408
O11687,12,Fashion,Magelang,Kartu Kredit,142966
O11688,11,Elektronik,Solo,E-Wallet,63882
O11689,19,Elektronik,Semarang,E-Wallet,433869
O11690,16,Elektronik,Purworejo,E-Wallet,81178
O11691,16,Fashion,Purworejo,Kartu Kredit,276545
O11692,19,Elektronik,Yogyakarta,Transfer Bank,438635
O11693,1,Rumah Tangga,Magelang,Transfer Bank,184897
O11694,20,Elektronik,Purworejo,Kartu Kredit,182681
O11695,11,Fashion,Yogyakarta,E-Wallet,122925
O11696,10,Rumah Tangga,Purworejo,Transfer Bank,261353
O11697,7,Elektronik,Purworejo,Kartu Kredit,92603
O11698,15,Kesehatan,Solo,E-Wallet,378493
O11699,8,Fashion,Magelang,E-Wallet,347448
O11700,10,Kesehatan,Semarang,Transfer Bank,389492
O11701,7,Elektronik,Solo,Transfer Bank,80940
O11702,9,Makanan,Purworejo,Kartu Kredit,292530
O11703,14,Makanan,Magelang,Transfer Bank,405876
O11704,6,Fashion,Solo,Kartu Kredit,189349
O11705,4,Elektronik,Yogyakarta,Transfer Bank,187811
O11706,15,Rumah Tangga,Magelang,Transfer Bank,198574
O11707,15,Fashion,Yogyakarta,COD,450463
O11708,13,Makanan,Solo,E-Wallet,409583
O11709,10,Makanan,Yogyakarta,Kartu Kredit,72742
O11710,11,Makanan,Magelang,COD,226484
O11711,13,Kesehatan,Solo,Transfer Bank,167717
O11712,16,Makanan,Yogyakarta,Kartu Kredit,343475
O11713,17,Rumah Tangga,Purworejo,COD,182043
O11714,10,Rumah Tangga,Magelang,Transfer Bank,93314
O11715,12,Makanan,Solo,Transfer Bank,53476
O11716,5,Makanan,Yogyakarta,Transfer Bank,299993
O11717,19,Fashion,Purworejo,E-Wallet,217061
O11718,1,Elektronik,Magelang,COD,136651
O11719,16,Makanan,Yogyakarta,Transfer Bank,498483
O11720,12,Fashion,Magelang,COD,322775
O11721,19,Rumah Tangga,Semarang,COD,422031
O11722,18,Rumah Tangga,Solo,Kartu Kredit,142805
O11723,11,Elektronik,Purworejo,COD,440804
O11724,4,Kesehatan,Solo,COD,178449
O11725,19,Kesehatan,Magelang,E-Wallet,87404
O11726,19,Makanan,Semarang,COD,466442
O11727,17,Elektronik,Semarang,Transfer Bank,427929
O11728,5,Makanan,Solo,E-Wallet,448847
O11729,19,Kesehatan,Purworejo,COD,145294
O11730,20,Fashion,Yogyakarta,Transfer Bank,315719
O11731,18,Fashion,Semarang,E-Wallet,117754
O11732,14,Makanan,Purworejo,E-Wallet,185132
O11733,1,Rumah Tangga,Purworejo,E-Wallet,112508
O11734,4,Makanan,Yogyakarta,E-Wallet,190222
O11735,12,Kesehatan,Yogyakarta,E-Wallet,142453
O11736,17,Fashion,Magelang,COD,445433
O11737,14,Kesehatan,Purworejo,Kartu Kredit,362531
O11738,6,Rumah Tangga,Purworejo,Kartu Kredit,105271
O11739,3,Elektronik,Solo,COD,62221
O11740,12,Makanan,Semarang,Transfer Bank,495045
O11741,17,Rumah Tangga,Magelang,Kartu Kredit,65160
O11742,6,Elektronik,Magelang,Kartu Kredit,161607
O11743,15,Fashion,Purworejo,Kartu Kredit,368129
O11744,19,Makanan,Magelang,Kartu Kredit,234469
O11745,11,Fashion,Solo,COD,474148
O11746,17,Kesehatan,Solo,COD,321149
O11747,2,Elektronik,Magelang,COD,300302
O11748,15,Fashion,Solo,Transfer Bank,371309
O11749,5,Rumah Tangga,Semarang,Kartu Kredit,247694
O11750,9,Fashion,Semarang,Kartu Kredit,271940
O11751,16,Rumah Tangga,Solo,Kartu Kredit,131909
O11752,1,Elektronik,Semarang,Kartu Kredit,86664
O11753,9,Kesehatan,Yogyakarta,COD,126051
O11754,11,Fashion,Yogyakarta,COD,56959
O11755,15,Rumah Tangga,Solo,E-Wallet,471901
O11756,3,Fashion,Yogyakarta,Kartu Kredit,233622
O11757,4,Fashion,Yogyakarta,E-Wallet,310893
O11758,9,Makanan,Magelang,COD,438055
O11759,12,Makanan,Yogyakarta,COD,488430
O11760,9,Rumah Tangga,Purworejo,Transfer Bank,241263
O11761,20,Elektronik,Yogyakarta,COD,327885
O11762,12,Fashion,Semarang,Transfer Bank,306466
O11763,17,Elektronik,Solo,E-Wallet,395239
O11764,20,Rumah Tangga,Solo,E-Wallet,447067
O11765,13,Makanan,Magelang,Kartu Kredit,340953
O11766,20,Fashion,Yogyakarta,Kartu Kredit,406822
O11767,13,Kesehatan,Yogyakarta,Transfer Bank,373421
O11768,13,Makanan,Magelang,E-Wallet,67420
O11769,7,Rumah Tangga,Magelang,COD,499000
O11770,10,Rumah Tangga,Solo,Transfer Bank,287159
O11771,2,Fashion,Yogyakarta,E-Wallet,322140
O11772,10,Fashion,Purworejo,Kartu Kredit,348467
O11773,12,Elektronik,Purworejo,COD,117477
O11774,15,Rumah Tangga,Purworejo,Kartu Kredit,299098
O11775,20,Rumah Tangga,Solo,Kartu Kredit,374310
O11776,5,Makanan,Solo,Kartu Kredit,190721
O11777,19,Makanan,Semarang,Transfer Bank,200507
O11778,3,Makanan,Yogyakarta,E-Wallet,344044
O11779,14,Rumah Tangga,Purworejo,COD,301322
O11780,8,Makanan,Solo,Transfer Bank,215648
O11781,20,Fashion,Solo,Transfer Bank,359486
O11782,5,Makanan,Semarang,COD,489094
O11783,12,Elektronik,Yogyakarta,COD,427342
O11784,14,Kesehatan,Yogyakarta,E-Wallet,261571
O11785,9,Fashion,Semarang,Transfer Bank,318226
O11786,17,Rumah Tangga,Yogyakarta,COD,313646
O11787,2,Elektronik,Solo,Transfer Bank,144288
O11788,8,Fashion,Semarang,COD,66011
O11789,8,Fashion,Semarang,Transfer Bank,331041
O11790,12,Fashion,Yogyakarta,Kartu Kredit,264795
O11791,11,Rumah Tangga,Purworejo,Transfer Bank,416774
O11792,17,Fashion,Solo,E-Wallet,489614
O11793,15,Elektronik,Magelang,Transfer Bank,303961
O11794,20,Fashion,Solo,Transfer Bank,471797
O11795,20,Fashion,Purworejo,E-Wallet,401455
O11796,8,Fashion,Magelang,Transfer Bank,188546
O11797,2,Elektronik,Solo,Transfer Bank,53669
O11798,17,Rumah Tangga,Solo,Transfer Bank,485175
O11799,1,Makanan,Magelang,E-Wallet,383374
O11800,13,Kesehatan,Semarang,Transfer Bank,341760
O11801,14,Elektronik,Magelang,Kartu Kredit,184641
O11802,14,Makanan,Solo,E-Wallet,143850
O11803,4,Elektronik,Magelang,Transfer Bank,361404
O11804,17,Elektronik,Semarang,Transfer Bank,215227
O11805,7,Fashion,Solo,E-Wallet,156062
O11806,19,Rumah Tangga,Purworejo,E-Wallet,182184
O11807,4,Fashion,Yogyakarta,COD,62931
O11808,12,Makanan,Solo,Transfer Bank,195374
O11809,13,Fashion,Purworejo,E-Wallet,65811
O11810,6,Elektronik,Magelang,Kartu Kredit,327010
O11811,14,Kesehatan,Solo,Transfer Bank,79691
O11812,17,Kesehatan,Yogyakarta,E-Wallet,115146
O11813,7,Kesehatan,Magelang,COD,182546
O11814,20,Elektronik,Purworejo,COD,61219
O11815,16,Fashion,Magelang,COD,459418
O11816,6,Fashion,Yogyakarta,E-Wallet,192237
O11817,11,Fashion,Magelang,Kartu Kredit,392078
O11818,5,Rumah Tangga,Yogyakarta,Kartu Kredit,326462
O11819,6,Fashion,Semarang,Kartu Kredit,363811
O11820,18,Elektronik,Solo,E-Wallet,297890
O11821,18,Fashion,Magelang,Kartu Kredit,60668
O11822,6,Elektronik,Solo,E-Wallet,161173
O11823,10,Rumah Tangga,Yogyakarta,Transfer Bank,96306
O11824,10,Fashion,Solo,E-Wallet,118277
O11825,2,Makanan,Semarang,E-Wallet,220457
O11826,14,Fashion,Magelang,COD,209556
O11827,6,Kesehatan,Yogyakarta,E-Wallet,226728
O11828,15,Fashion,Purworejo,E-Wallet,64704
O11829,16,Rumah Tangga,Yogyakarta,COD,237143
O11830,20,Makanan,Semarang,COD,157949
O11831,12,Makanan,Purworejo,COD,385265
O11832,9,Rumah Tangga,Purworejo,E-Wallet,159238
O11833,18,Fashion,Purworejo,COD,239796
O11834,10,Kesehatan,Yogyakarta,Transfer Bank,451503
O11835,13,Rumah Tangga,Solo,Kartu Kredit,465805
O11836,10,Fashion,Purworejo,Kartu Kredit,422744
O11837,11,Kesehatan,Purworejo,Transfer Bank,123916
O11838,19,Elektronik,Magelang,COD,299951
O11839,5,Kesehatan,Magelang,COD,164121
O11840,14,Fashion,Solo,E-Wallet,182698
O11841,11,Kesehatan,Magelang,COD,186696
O11842,20,Elektronik,Solo,COD,305200
O11843,11,Elektronik,Solo,Transfer Bank,276401
O11844,5,Kesehatan,Semarang,Kartu Kredit,349107
O11845,3,Elektronik,Yogyakarta,Transfer Bank,235039
O11846,12,Makanan,Purworejo,COD,285199
O11847,4,Kesehatan,Magelang,Kartu Kredit,59261
O11848,20,Fashion,Solo,COD,208630
O11849,4,Kesehatan,Solo,Kartu Kredit,129048
O11850,9,Rumah Tangga,Magelang,COD,111159
O11851,1,Kesehatan,Yogyakarta,Transfer Bank,310412
O11852,6,Makanan,Purworejo,Kartu Kredit,475455
O11853,1,Fashion,Purworejo,COD,320097
O11854,8,Fashion,Purworejo,E-Wallet,369409
O11855,15,Rumah Tangga,Yogyakarta,E-Wallet,102893
O11856,19,Fashion,Purworejo,COD,121816
O11857,9,Elektronik,Yogyakarta,Kartu Kredit,439289
O11858,5,Kesehatan,Yogyakarta,Transfer Bank,115031
O11859,4,Rumah Tangga,Purworejo,E-Wallet,119922
O11860,3,Makanan,Magelang,E-Wallet,343900
O11861,14,Rumah Tangga,Semarang,COD,61525
O11862,13,Elektronik,Magelang,E-Wallet,185394
O11863,10,Fashion,Purworejo,Transfer Bank,307660
O11864,19,Rumah Tangga,Purworejo,E-Wallet,257859
O11865,5,Elektronik,Solo,Transfer Bank,448384
O11866,12,Kesehatan,Magelang,COD,117551
O11867,8,Elektronik,Magelang,Kartu Kredit,75393
O11868,18,Kesehatan,Semarang,Kartu Kredit,51104
O11869,2,Fashion,Magelang,Kartu Kredit,92694
O11870,8,Elektronik,Yogyakarta,Transfer Bank,476620
O11871,15,Elektronik,Semarang,E-Wallet,172281
O11872,20,Fashion,Yogyakarta,Kartu Kredit,194779
O11873,6,Elektronik,Solo,COD,472816
O11874,10,Kesehatan,Semarang,E-Wallet,439925
O11875,11,Kesehatan,Magelang,COD,383051
O11876,1,Elektronik,Semarang,COD,363446
O11877,11,Fashion,Purworejo,COD,222749
O11878,2,Fashion,Semarang,E-Wallet,448864
O11879,15,Kesehatan,Solo,E-Wallet,173053
O11880,16,Fashion,Purworejo,E-Wallet,131827
O11881,3,Makanan,Magelang,COD,467027
O11882,4,Rumah Tangga,Solo,COD,448309
O11883,17,Elektronik,Solo,COD,429431
O11884,20,Makanan,Magelang,Kartu Kredit,291402
O11885,5,Rumah Tangga,Purworejo,Kartu Kredit,354909
O11886,20,Kesehatan,Solo,Transfer Bank,231883
O11887,15,Elektronik,Yogyakarta,E-Wallet,424120
O11888,19,Makanan,Yogyakarta,E-Wallet,148089
O11889,20,Fashion,Magelang,COD,287874
O11890,16,Fashion,Semarang,E-Wallet,445383
O11891,3,Kesehatan,Solo,E-Wallet,434650
O11892,19,Fashion,Yogyakarta,Kartu Kredit,83332
O11893,18,Fashion,Semarang,COD,398758
O11894,13,Elektronik,Semarang,COD,108826
O11895,15,Makanan,Semarang,E-Wallet,396268
O11896,11,Elektronik,Purworejo,Kartu Kredit,486543
O11897,5,Elektronik,Yogyakarta,Kartu Kredit,413889
O11898,19,Elektronik,Magelang,Transfer Bank,167692
O11899,15,Rumah Tangga,Semarang,Transfer Bank,121448
O11900,16,Kesehatan,Magelang,E-Wallet,358071
O11901,6,Kesehatan,Purworejo,COD,123803
O11902,20,Makanan,Yogyakarta,Transfer Bank,495076
O11903,17,Elektronik,Semarang,E-Wallet,455833
O11904,1,Elektronik,Purworejo,COD,193530
O11905,19,Rumah Tangga,Yogyakarta,E-Wallet,127038
O11906,11,Rumah Tangga,Yogyakarta,COD,245339
O11907,11,Makanan,Semarang,COD,494777
O11908,12,Makanan,Purworejo,Kartu Kredit,84159
O11909,19,Rumah Tangga,Magelang,E-Wallet,307036
O11910,9,Makanan,Purworejo,E-Wallet,70037
O11911,4,Fashion,Purworejo,Transfer Bank,474394
O11912,11,Fashion,Semarang,Transfer Bank,267604
O11913,8,Elektronik,Magelang,Transfer Bank,72856
O11914,18,Kesehatan,Yogyakarta,Transfer Bank,431683
O11915,19,Elektronik,Purworejo,COD,178549
O11916,17,Elektronik,Yogyakarta,E-Wallet,260731
O11917,1,Rumah Tangga,Yogyakarta,E-Wallet,90092
O11918,6,Elektronik,Purworejo,Kartu Kredit,290149
O11919,15,Elektronik,Purworejo,E-Wallet,306573
O11920,19,Rumah Tangga,Semarang,Kartu Kredit,79032
O11921,16,Kesehatan,Solo,E-Wallet,277801
O11922,6,Elektronik,Semarang,Kartu Kredit,413535
O11923,16,Makanan,Yogyakarta,E-Wallet,145231
O11924,4,Kesehatan,Purworejo,COD,485061
O11925,17,Makanan,Yogyakarta,E-Wallet,479785
O11926,9,Kesehatan,Solo,COD,451518
O11927,13,Rumah Tangga,Purworejo,COD,84988
O11928,1,Fashion,Magelang,COD,270791
O11929,15,Makanan,Yogyakarta,COD,140114
O11930,18,Makanan,Yogyakarta,Transfer Bank,453880
O11931,19,Fashion,Purworejo,Kartu Kredit,56156
O11932,4,Makanan,Purworejo,E-Wallet,474643
O11933,13,Makanan,Semarang,Kartu Kredit,323079
O11934,13,Makanan,Solo,E-Wallet,164577
O11935,15,Elektronik,Magelang,E-Wallet,187039
O11936,15,Makanan,Yogyakarta,COD,302296
O11937,18,Rumah Tangga,Semarang,COD,248832
O11938,19,Makanan,Purworejo,Transfer Bank,113888
O11939,14,Rumah Tangga,Solo,E-Wallet,180857
O11940,1,Fashion,Magelang,Kartu Kredit,89106
O11941,2,Kesehatan,Solo,Kartu Kredit,86996
O11942,19,Fashion,Yogyakarta,Kartu Kredit,168965
O11943,3,Elektronik,Magelang,E-Wallet,367249
O11944,11,Rumah Tangga,Yogyakarta,COD,317037
O11945,14,Makanan,Purworejo,Kartu Kredit,175130
O11946,1,Kesehatan,Yogyakarta,E-Wallet,264687
O11947,2,Makanan,Purworejo,COD,152906
O11948,19,Rumah Tangga,Magelang,COD,104054
O11949,6,Kesehatan,Yogyakarta,Kartu Kredit,262942
O11950,20,Rumah Tangga,Solo,Transfer Bank,189477
O11951,5,Elektronik,Purworejo,Kartu Kredit,361204
O11952,18,Kesehatan,Magelang,COD,309438
O11953,6,Fashion,Magelang,E-Wallet,455840
O11954,18,Kesehatan,Semarang,COD,266577
O11955,6,Rumah Tangga,Semarang,COD,379198
O11956,19,Kesehatan,Purworejo,Transfer Bank,405175
O11957,10,Rumah Tangga,Purworejo,Kartu Kredit,395988
O11958,13,Kesehatan,Yogyakarta,Kartu Kredit,157465
O11959,15,Kesehatan,Solo,Transfer Bank,478809
O11960,19,Rumah Tangga,Magelang,Transfer Bank,333041
O11961,4,Elektronik,Semarang,COD,193420
O11962,3,Fashion,Solo,COD,360362
O11963,5,Makanan,Magelang,COD,126714
O11964,2,Makanan,Yogyakarta,Transfer Bank,492038
O11965,7,Elektronik,Magelang,COD,496479
O11966,14,Fashion,Magelang,Transfer Bank,362081
O11967,13,Makanan,Yogyakarta,E-Wallet,81825
O11968,17,Rumah Tangga,Solo,Kartu Kredit,382575
O11969,4,Rumah Tangga,Magelang,Kartu Kredit,450570
O11970,12,Rumah Tangga,Yogyakarta,E-Wallet,216158
O11971,2,Elektronik,Purworejo,E-Wallet,251556
O11972,19,Rumah Tangga,Purworejo,Kartu Kredit,76468
O11973,19,Makanan,Semarang,COD,440715
O11974,2,Kesehatan,Purworejo,E-Wallet,338591
O11975,14,Elektronik,Solo,Transfer Bank,359491
O11976,12,Fashion,Magelang,Kartu Kredit,279351
O11977,15,Rumah Tangga,Magelang,E-Wallet,177785
O11978,8,Kesehatan,Magelang,Transfer Bank,406507
O11979,6,Fashion,Solo,COD,90174
O11980,6,Elektronik,Purworejo,E-Wallet,481601
O11981,16,Makanan,Solo,Kartu Kredit,372456
O11982,13,Makanan,Semarang,Transfer Bank,218609
O11983,19,Elektronik,Solo,COD,108674
O11984,5,Makanan,Magelang,Transfer Bank,444858
O11985,6,Rumah Tangga,Purworejo,Kartu Kredit,301738
O11986,8,Fashion,Semarang,E-Wallet,214777
O11987,10,Rumah Tangga,Purworejo,COD,297610
O11988,6,Elektronik,Yogyakarta,COD,70455
O11989,18,Fashion,Semarang,Kartu Kredit,328937
O11990,3,Kesehatan,Yogyakarta,Transfer Bank,183082
O11991,15,Elektronik,Yogyakarta,Transfer Bank,385106
O11992,10,Kesehatan,Solo,Kartu Kredit,476424
O11993,5,Makanan,Purworejo,COD,63791
O11994,15,Rumah Tangga,Solo,Kartu Kredit,127644
O11995,1,Rumah Tangga,Purworejo,Kartu Kredit,489333
O11996,19,Makanan,Purworejo,Kartu Kredit,322511
O11997,7,Elektronik,Semarang,COD,83753
O11998,17,Elektronik,Yogyakarta,COD,478423
O11999,7,Fashion,Yogyakarta,COD,397371
O12000,19,Makanan,Semarang,E-Wallet,419126
O12001,6,Fashion,Semarang,COD,393606
O12002,2,Rumah Tangga,Magelang,Kartu Kredit,167592
O12003,17,Kesehatan,Magelang,Kartu Kredit,181699
O12004,11,Elektronik,Solo,E-Wallet,72869
O12005,7,Elektronik,Solo,E-Wallet,51096
O12006,15,Fashion,Semarang,COD,372624
O12007,9,Rumah Tangga,Semarang,E-Wallet,385033
O12008,20,Fashion,Purworejo,Transfer Bank,487624
O12009,16,Kesehatan,Magelang,Kartu Kredit,204187
O12010,7,Fashion,Yogyakarta,E-Wallet,423611
O12011,18,Kesehatan,Magelang,E-Wallet,86450
O12012,9,Rumah Tangga,Magelang,COD,352228
O12013,16,Rumah Tangga,Solo,COD,81723
O12014,5,Rumah Tangga,Yogyakarta,COD,74446
O12015,4,Fashion,Semarang,E-Wallet,318427
O12016,4,Makanan,Semarang,Transfer Bank,312117
O12017,6,Rumah Tangga,Solo,Transfer Bank,330770
O12018,1,Makanan,Yogyakarta,Kartu Kredit,360550
O12019,12,Makanan,Solo,E-Wallet,208932
O12020,19,Fashion,Purworejo,Kartu Kredit,367344
O12021,10,Kesehatan,Magelang,Kartu Kredit,312733
O12022,3,Elektronik,Solo,E-Wallet,414418
O12023,16,Makanan,Semarang,COD,401109
O12024,20,Elektronik,Solo,Kartu Kredit,106114
O12025,8,Rumah Tangga,Magelang,Transfer Bank,350038
O12026,13,Fashion,Solo,COD,221282
O12027,16,Makanan,Yogyakarta,COD,364973
O12028,8,Rumah Tangga,Semarang,E-Wallet,385280
O12029,16,Kesehatan,Purworejo,COD,223707
O12030,15,Elektronik,Semarang,E-Wallet,367983
O12031,4,Makanan,Magelang,Transfer Bank,123075
O12032,7,Kesehatan,Solo,Kartu Kredit,478615
O12033,7,Rumah Tangga,Solo,Kartu Kredit,341386
O12034,19,Makanan,Semarang,Transfer Bank,361869
O12035,6,Kesehatan,Purworejo,COD,426864
O12036,3,Kesehatan,Magelang,Transfer Bank,313910
O12037,1,Makanan,Magelang,COD,52660
O12038,5,Elektronik,Yogyakarta,Transfer Bank,345329
O12039,4,Elektronik,Yogyakarta,E-Wallet,105128
O12040,16,Kesehatan,Solo,Transfer Bank,448644
O12041,4,Makanan,Purworejo,Kartu Kredit,468118
O12042,9,Makanan,Semarang,Transfer Bank,466030
O12043,17,Rumah Tangga,Semarang,Kartu Kredit,116758
O12044,17,Makanan,Solo,Transfer Bank,417434
O12045,8,Rumah Tangga,Solo,Transfer Bank,180221
O12046,8,Elektronik,Yogyakarta,E-Wallet,126790
O12047,8,Rumah Tangga,Semarang,Kartu Kredit,234675
O12048,13,Rumah Tangga,Solo,Kartu Kredit,171000
O12049,16,Fashion,Semarang,COD,433978
O12050,2,Fashion,Purworejo,COD,461885
O12051,14,Rumah Tangga,Yogyakarta,COD,322971
O12052,20,Makanan,Solo,E-Wallet,67947
O12053,17,Kesehatan,Magelang,E-Wallet,160039
O12054,4,Kesehatan,Purworejo,E-Wallet,379755
O12055,8,Fashion,Yogyakarta,Kartu Kredit,55983
O12056,17,Makanan,Semarang,E-Wallet,384515
O12057,16,Makanan,Semarang,Transfer Bank,376212
O12058,4,Elektronik,Yogyakarta,COD,356656
O12059,18,Elektronik,Magelang,Transfer Bank,341577
O12060,13,Fashion,Semarang,E-Wallet,163056
O12061,14,Fashion,Purworejo,E-Wallet,66722
O12062,6,Rumah Tangga,Semarang,COD,169467
O12063,18,Elektronik,Purworejo,Kartu Kredit,382612
O12064,20,Rumah Tangga,Purworejo,E-Wallet,357330
O12065,13,Rumah Tangga,Magelang,E-Wallet,342255
O12066,20,Elektronik,Semarang,Transfer Bank,145091
O12067,15,Elektronik,Magelang,Kartu Kredit,58472
O12068,4,Fashion,Solo,Transfer Bank,315888
O12069,17,Kesehatan,Yogyakarta,Transfer Bank,196077
O12070,8,Kesehatan,Magelang,Kartu Kredit,259610
O12071,6,Elektronik,Semarang,E-Wallet,53473
O12072,7,Fashion,Purworejo,COD,380441
O12073,5,Rumah Tangga,Solo,Kartu Kredit,232330
O12074,9,Elektronik,Semarang,Kartu Kredit,115053
O12075,18,Fashion,Purworejo,COD,263378
O12076,8,Rumah Tangga,Yogyakarta,Kartu Kredit,160334
O12077,20,Elektronik,Semarang,Kartu Kredit,262586
O12078,7,Fashion,Purworejo,Transfer Bank,451787
O12079,6,Elektronik,Solo,COD,153703
O12080,12,Elektronik,Yogyakarta,E-Wallet,226521
O12081,9,Rumah Tangga,Magelang,COD,243333
O12082,15,Kesehatan,Magelang,COD,391466
O12083,7,Kesehatan,Solo,COD,485934
O12084,7,Makanan,Magelang,E-Wallet,366392
O12085,10,Fashion,Solo,COD,148211
O12086,3,Makanan,Solo,COD,75785
O12087,1,Fashion,Purworejo,Transfer Bank,258457
O12088,12,Kesehatan,Magelang,Transfer Bank,473327
O12089,12,Rumah Tangga,Magelang,E-Wallet,126825
O12090,15,Fashion,Semarang,Kartu Kredit,104534
O12091,20,Kesehatan,Semarang,COD,434304
O12092,1,Fashion,Solo,Kartu Kredit,88261
O12093,1,Rumah Tangga,Purworejo,Kartu Kredit,307887
O12094,2,Fashion,Yogyakarta,Kartu Kredit,364702
O12095,3,Kesehatan,Magelang,E-Wallet,187385
O12096,14,Fashion,Yogyakarta,E-Wallet,298790
O12097,5,Fashion,Semarang,Transfer Bank,413180
O12098,3,Fashion,Semarang,Transfer Bank,490390
O12099,9,Rumah Tangga,Magelang,COD,406259
O12100,17,Elektronik,Magelang,E-Wallet,216876
O12101,10,Rumah Tangga,Solo,Kartu Kredit,118109
O12102,19,Makanan,Yogyakarta,COD,149029
O12103,2,Makanan,Solo,COD,58950
O12104,18,Makanan,Semarang,E-Wallet,278837
O12105,6,Kesehatan,Semarang,Transfer Bank,164191
O12106,8,Makanan,Purworejo,COD,249058
O12107,17,Fashion,Purworejo,COD,441251
O12108,5,Elektronik,Solo,Transfer Bank,233372
O12109,20,Rumah Tangga,Solo,E-Wallet,409284
O12110,3,Fashion,Solo,Transfer Bank,437233
O12111,4,Makanan,Semarang,Kartu Kredit,326980
O12112,15,Rumah Tangga,Semarang,Transfer Bank,399506
O12113,9,Kesehatan,Semarang,Transfer Bank,347847
O12114,2,Elektronik,Magelang,E-Wallet,495158
O12115,1,Makanan,Yogyakarta,Transfer Bank,468043
O12116,17,Elektronik,Semarang,Transfer Bank,185891
O12117,5,Elektronik,Semarang,E-Wallet,335284
O12118,18,Rumah Tangga,Magelang,Kartu Kredit,363076
O12119,19,Rumah Tangga,Purworejo,E-Wallet,461424
O12120,14,Rumah Tangga,Semarang,E-Wallet,125085
O12121,4,Makanan,Semarang,Transfer Bank,362903
O12122,13,Elektronik,Yogyakarta,Kartu Kredit,73281
O12123,3,Rumah Tangga,Purworejo,Kartu Kredit,109978
O12124,6,Elektronik,Semarang,E-Wallet,69447
O12125,19,Elektronik,Yogyakarta,E-Wallet,93905
O12126,13,Fashion,Solo,E-Wallet,240162
O12127,17,Fashion,Purworejo,Kartu Kredit,229969
O12128,6,Elektronik,Magelang,E-Wallet,378964
O12129,16,Fashion,Magelang,Transfer Bank,60345
O12130,16,Kesehatan,Magelang,Kartu Kredit,222307
O12131,3,Makanan,Semarang,Transfer Bank,167803
O12132,17,Rumah Tangga,Solo,Transfer Bank,292646
O12133,16,Rumah Tangga,Semarang,E-Wallet,175836
O12134,20,Rumah Tangga,Magelang,Transfer Bank,333958
O12135,4,Elektronik,Solo,Transfer Bank,58771
O12136,13,Fashion,Solo,Kartu Kredit,335099
O12137,8,Makanan,Yogyakarta,Transfer Bank,453342
O12138,15,Makanan,Yogyakarta,COD,287574
O12139,20,Elektronik,Solo,E-Wallet,90375
O12140,12,Rumah Tangga,Solo,Transfer Bank,151575
O12141,10,Rumah Tangga,Semarang,COD,205254
O12142,2,Fashion,Solo,E-Wallet,229585
O12143,8,Kesehatan,Purworejo,Kartu Kredit,128069
O12144,18,Makanan,Semarang,COD,384753
O12145,10,Rumah Tangga,Solo,E-Wallet,423886
O12146,3,Makanan,Semarang,Transfer Bank,115990
O12147,15,Makanan,Yogyakarta,COD,268627
O12148,1,Rumah Tangga,Semarang,COD,70344
O12149,15,Rumah Tangga,Magelang,Kartu Kredit,324139
O12150,11,Fashion,Solo,Kartu Kredit,184595
O12151,9,Elektronik,Purworejo,COD,329310
O12152,10,Elektronik,Solo,E-Wallet,141855
O12153,20,Kesehatan,Solo,COD,444842
O12154,12,Makanan,Semarang,Transfer Bank,381317
O12155,8,Kesehatan,Yogyakarta,COD,448028
O12156,1,Makanan,Purworejo,COD,474911
O12157,18,Elektronik,Purworejo,Transfer Bank,428985
O12158,13,Elektronik,Solo,COD,482030
O12159,13,Elektronik,Semarang,COD,410498
O12160,16,Fashion,Yogyakarta,E-Wallet,433287
O12161,13,Makanan,Magelang,E-Wallet,291379
O12162,8,Makanan,Solo,Transfer Bank,155853
O12163,8,Makanan,Semarang,Kartu Kredit,309546
O12164,19,Elektronik,Purworejo,Kartu Kredit,77635
O12165,8,Rumah Tangga,Yogyakarta,E-Wallet,85789
O12166,2,Kesehatan,Purworejo,Transfer Bank,482161
O12167,14,Rumah Tangga,Magelang,Kartu Kredit,339697
O12168,9,Rumah Tangga,Semarang,Kartu Kredit,56424
O12169,15,Elektronik,Magelang,COD,201817
O12170,14,Makanan,Magelang,E-Wallet,373479
O12171,15,Rumah Tangga,Yogyakarta,COD,400782
O12172,14,Elektronik,Semarang,E-Wallet,165064
O12173,16,Makanan,Yogyakarta,E-Wallet,341323
O12174,6,Elektronik,Solo,COD,446480
O12175,12,Kesehatan,Magelang,Kartu Kredit,307134
O12176,6,Elektronik,Yogyakarta,COD,240784
O12177,1,Makanan,Solo,Transfer Bank,264379
O12178,15,Rumah Tangga,Semarang,Kartu Kredit,376623
O12179,8,Rumah Tangga,Yogyakarta,Transfer Bank,330088
O12180,13,Makanan,Magelang,Kartu Kredit,237097
O12181,17,Kesehatan,Semarang,Kartu Kredit,462138
O12182,20,Kesehatan,Purworejo,Kartu Kredit,230104
O12183,17,Fashion,Yogyakarta,E-Wallet,160304
O12184,17,Fashion,Solo,Kartu Kredit,150531
O12185,18,Elektronik,Semarang,Transfer Bank,286160
O12186,17,Rumah Tangga,Semarang,Kartu Kredit,356414
O12187,11,Kesehatan,Purworejo,Kartu Kredit,186882
O12188,9,Kesehatan,Purworejo,Kartu Kredit,248276
O12189,10,Kesehatan,Semarang,Kartu Kredit,364198
O12190,20,Kesehatan,Yogyakarta,COD,148570
O12191,2,Rumah Tangga,Purworejo,Transfer Bank,469128
O12192,3,Rumah Tangga,Solo,Kartu Kredit,207435
O12193,16,Kesehatan,Yogyakarta,COD,334548
O12194,7,Elektronik,Solo,COD,308962
O12195,2,Makanan,Semarang,Transfer Bank,104383
O12196,16,Kesehatan,Magelang,Kartu Kredit,79838
O12197,19,Fashion,Yogyakarta,Transfer Bank,487159
O12198,1,Makanan,Magelang,E-Wallet,146730
O12199,9,Kesehatan,Yogyakarta,COD,199059
O12200,9,Kesehatan,Solo,E-Wallet,177237
O12201,5,Rumah Tangga,Semarang,Kartu Kredit,187566
O12202,10,Makanan,Purworejo,COD,323215
O12203,17,Makanan,Solo,Kartu Kredit,172532
O12204,5,Kesehatan,Yogyakarta,Transfer Bank,435116
O12205,13,Kesehatan,Purworejo,COD,447845
O12206,5,Kesehatan,Purworejo,COD,396731
O12207,12,Rumah Tangga,Semarang,Kartu Kredit,149694
O12208,20,Kesehatan,Yogyakarta,COD,162075
O12209,19,Makanan,Solo,COD,351245
O12210,14,Elektronik,Purworejo,E-Wallet,122454
O12211,4,Kesehatan,Magelang,Kartu Kredit,389505
O12212,14,Fashion,Semarang,Kartu Kredit,149212
O12213,16,Elektronik,Purworejo,Kartu Kredit,182525
O12214,16,Fashion,Semarang,COD,140554
O12215,2,Elektronik,Yogyakarta,Transfer Bank,162000
O12216,13,Fashion,Purworejo,Transfer Bank,98542
O12217,16,Makanan,Solo,COD,358024
O12218,20,Kesehatan,Purworejo,Kartu Kredit,270510
O12219,12,Kesehatan,Semarang,E-Wallet,258442
O12220,18,Rumah Tangga,Yogyakarta,E-Wallet,79752
O12221,20,Elektronik,Purworejo,Kartu Kredit,359293
O12222,14,Elektronik,Solo,Transfer Bank,348680
O12223,2,Elektronik,Purworejo,E-Wallet,320946
O12224,19,Rumah Tangga,Solo,Kartu Kredit,418805
O12225,14,Elektronik,Magelang,COD,368461
O12226,11,Fashion,Yogyakarta,Transfer Bank,215088
O12227,8,Fashion,Yogyakarta,Kartu Kredit,253721
O12228,14,Elektronik,Semarang,E-Wallet,268124
O12229,15,Rumah Tangga,Solo,Kartu Kredit,466165
O12230,14,Makanan,Magelang,Kartu Kredit,381404
O12231,5,Fashion,Solo,Kartu Kredit,134828
O12232,8,Makanan,Solo,E-Wallet,75327
O12233,9,Elektronik,Solo,COD,419169
O12234,4,Rumah Tangga,Yogyakarta,Transfer Bank,268984
O12235,14,Fashion,Yogyakarta,E-Wallet,287458
O12236,4,Makanan,Semarang,E-Wallet,203228
O12237,20,Elektronik,Yogyakarta,COD,447977
O12238,19,Elektronik,Solo,E-Wallet,107441
O12239,4,Fashion,Semarang,Transfer Bank,322185
O12240,12,Fashion,Yogyakarta,Transfer Bank,209511
O12241,2,Elektronik,Yogyakarta,COD,65934
O12242,11,Elektronik,Magelang,Kartu Kredit,438768
O12243,7,Rumah Tangga,Purworejo,E-Wallet,121633
O12244,12,Kesehatan,Purworejo,E-Wallet,404174
O12245,8,Elektronik,Semarang,COD,314249
O12246,14,Kesehatan,Magelang,Transfer Bank,487445
O12247,15,Fashion,Yogyakarta,Kartu Kredit,399476
O12248,11,Rumah Tangga,Semarang,COD,221644
O12249,18,Makanan,Yogyakarta,Kartu Kredit,191917
O12250,17,Elektronik,Semarang,Kartu Kredit,216181
O12251,4,Elektronik,Semarang,Transfer Bank,282819
O12252,2,Fashion,Solo,Kartu Kredit,466987
O12253,18,Elektronik,Magelang,COD,384406
O12254,16,Elektronik,Magelang,Transfer Bank,165499
O12255,4,Elektronik,Semarang,E-Wallet,216233
O12256,18,Rumah Tangga,Magelang,COD,159181
O12257,7,Kesehatan,Magelang,Kartu Kredit,379805
O12258,19,Makanan,Solo,E-Wallet,357365
O12259,17,Fashion,Semarang,E-Wallet,416985
O12260,15,Elektronik,Yogyakarta,Transfer Bank,311245
O12261,17,Fashion,Magelang,Kartu Kredit,92273
O12262,20,Kesehatan,Purworejo,Transfer Bank,249088
O12263,8,Makanan,Magelang,E-Wallet,435329
O12264,4,Fashion,Purworejo,E-Wallet,133883
O12265,4,Rumah Tangga,Yogyakarta,Transfer Bank,363515
O12266,15,Rumah Tangga,Purworejo,Transfer Bank,324493
O12267,14,Rumah Tangga,Solo,Kartu Kredit,247767
O12268,13,Fashion,Solo,Kartu Kredit,127182
O12269,15,Kesehatan,Solo,E-Wallet,227174
O12270,19,Rumah Tangga,Magelang,E-Wallet,417425
O12271,18,Rumah Tangga,Purworejo,Transfer Bank,125969
O12272,15,Kesehatan,Purworejo,E-Wallet,71948
O12273,12,Makanan,Purworejo,COD,126192
O12274,12,Makanan,Magelang,Transfer Bank,496891
O12275,19,Kesehatan,Magelang,E-Wallet,293520
O12276,12,Elektronik,Solo,COD,442959
O12277,3,Rumah Tangga,Magelang,Kartu Kredit,105956
O12278,16,Rumah Tangga,Semarang,Transfer Bank,247044
O12279,10,Rumah Tangga,Magelang,Transfer Bank,318299
O12280,5,Makanan,Magelang,Kartu Kredit,427216
O12281,9,Fashion,Magelang,Kartu Kredit,154005
O12282,13,Makanan,Solo,COD,61786
O12283,12,Kesehatan,Solo,Transfer Bank,154580
O12284,2,Elektronik,Magelang,Transfer Bank,359858
O12285,9,Makanan,Magelang,COD,242520
O12286,15,Rumah Tangga,Solo,COD,455321
O12287,5,Kesehatan,Solo,Transfer Bank,176834
O12288,2,Kesehatan,Magelang,Transfer Bank,190349
O12289,14,Rumah Tangga,Solo,COD,190803
O12290,10,Elektronik,Purworejo,Kartu Kredit,122506
O12291,8,Elektronik,Purworejo,COD,105887
O12292,17,Fashion,Yogyakarta,Kartu Kredit,71034
O12293,16,Fashion,Yogyakarta,COD,406875
O12294,18,Rumah Tangga,Magelang,Kartu Kredit,446113
O12295,6,Elektronik,Yogyakarta,Transfer Bank,233948
O12296,15,Makanan,Semarang,E-Wallet,435418
O12297,12,Elektronik,Solo,COD,319751
O12298,20,Elektronik,Magelang,COD,406758
O12299,19,Kesehatan,Solo,Kartu Kredit,412776
O12300,20,Kesehatan,Solo,Transfer Bank,330751
O12301,6,Kesehatan,Semarang,Transfer Bank,497166
O12302,11,Fashion,Purworejo,COD,389675
O12303,1,Fashion,Purworejo,Transfer Bank,493157
O12304,12,Makanan,Yogyakarta,COD,71184
O12305,1,Fashion,Magelang,Transfer Bank,173852
O12306,9,Rumah Tangga,Purworejo,E-Wallet,229948
O12307,15,Rumah Tangga,Magelang,Transfer Bank,254465
O12308,20,Kesehatan,Purworejo,COD,306122
O12309,19,Makanan,Yogyakarta,Kartu Kredit,368907
O12310,16,Rumah Tangga,Purworejo,COD,435213
O12311,8,Makanan,Semarang,Kartu Kredit,424564
O12312,12,Elektronik,Purworejo,Kartu Kredit,215697
O12313,16,Elektronik,Solo,E-Wallet,214489
O12314,8,Elektronik,Magelang,COD,264539
O12315,1,Kesehatan,Yogyakarta,Kartu Kredit,157248
O12316,11,Elektronik,Solo,Kartu Kredit,232125
O12317,7,Fashion,Magelang,E-Wallet,244955
O12318,5,Makanan,Solo,Kartu Kredit,272804
O12319,13,Kesehatan,Magelang,COD,56804
O12320,4,Makanan,Solo,COD,155239
O12321,16,Makanan,Magelang,Transfer Bank,145756
O12322,8,Elektronik,Solo,COD,308219
O12323,16,Rumah Tangga,Purworejo,Kartu Kredit,469893
O12324,12,Fashion,Purworejo,COD,51950
O12325,4,Fashion,Semarang,COD,450250
O12326,10,Kesehatan,Purworejo,E-Wallet,186165
O12327,15,Makanan,Purworejo,E-Wallet,338885
O12328,3,Elektronik,Yogyakarta,COD,76103
O12329,19,Fashion,Purworejo,COD,228070
O12330,11,Rumah Tangga,Purworejo,COD,429670
O12331,3,Fashion,Semarang,Kartu Kredit,123641
O12332,8,Rumah Tangga,Magelang,Transfer Bank,193259
O12333,13,Rumah Tangga,Semarang,Kartu Kredit,389940
O12334,4,Kesehatan,Semarang,E-Wallet,375750
O12335,18,Kesehatan,Purworejo,COD,355148
O12336,3,Kesehatan,Semarang,Transfer Bank,404582
O12337,10,Kesehatan,Purworejo,Transfer Bank,349826
O12338,16,Elektronik,Solo,E-Wallet,254222
O12339,18,Kesehatan,Semarang,COD,494465
O12340,20,Kesehatan,Solo,Transfer Bank,493568
O12341,13,Makanan,Yogyakarta,Kartu Kredit,50141
O12342,4,Elektronik,Magelang,COD,293446
O12343,16,Makanan,Semarang,Kartu Kredit,439220
O12344,6,Rumah Tangga,Solo,Transfer Bank,290371
O12345,12,Makanan,Semarang,COD,447164
O12346,17,Rumah Tangga,Magelang,E-Wallet,457983
O12347,20,Kesehatan,Magelang,COD,367268
O12348,4,Elektronik,Solo,E-Wallet,462503
O12349,7,Kesehatan,Yogyakarta,Transfer Bank,291742
O12350,15,Kesehatan,Yogyakarta,E-Wallet,428628
O12351,17,Rumah Tangga,Purworejo,Transfer Bank,323680
O12352,3,Elektronik,Semarang,Kartu Kredit,193776
O12353,16,Fashion,Solo,E-Wallet,94170
O12354,12,Rumah Tangga,Solo,E-Wallet,421746
O12355,3,Rumah Tangga,Yogyakarta,E-Wallet,161255
O12356,2,Elektronik,Yogyakarta,COD,347081
O12357,9,Rumah Tangga,Semarang,E-Wallet,124409
O12358,14,Fashion,Semarang,COD,242881
O12359,7,Makanan,Solo,E-Wallet,349562
O12360,19,Rumah Tangga,Semarang,Kartu Kredit,179377
O12361,6,Rumah Tangga,Purworejo,COD,255629
O12362,1,Rumah Tangga,Semarang,Transfer Bank,129738
O12363,5,Fashion,Semarang,E-Wallet,166039
O12364,12,Rumah Tangga,Purworejo,COD,86887
O12365,5,Rumah Tangga,Semarang,COD,410240
O12366,20,Rumah Tangga,Purworejo,Transfer Bank,384802
O12367,2,Elektronik,Purworejo,Kartu Kredit,144687
O12368,16,Fashion,Yogyakarta,Kartu Kredit,484407
O12369,2,Elektronik,Magelang,E-Wallet,106677
O12370,11,Makanan,Semarang,COD,308691
O12371,6,Makanan,Magelang,Transfer Bank,300545
O12372,16,Makanan,Purworejo,Transfer Bank,303664
O12373,14,Rumah Tangga,Semarang,Transfer Bank,462688
O12374,3,Fashion,Purworejo,COD,69227
O12375,2,Elektronik,Semarang,COD,358154
O12376,11,Makanan,Purworejo,E-Wallet,107851
O12377,14,Rumah Tangga,Purworejo,E-Wallet,188713
O12378,2,Elektronik,Purworejo,Transfer Bank,456518
O12379,1,Elektronik,Yogyakarta,Kartu Kredit,52377
O12380,18,Fashion,Semarang,E-Wallet,389699
O12381,18,Kesehatan,Purworejo,COD,200256
O12382,16,Rumah Tangga,Solo,E-Wallet,53157
O12383,4,Kesehatan,Yogyakarta,COD,275928
O12384,7,Rumah Tangga,Semarang,Transfer Bank,362979
O12385,15,Fashion,Magelang,E-Wallet,262815
O12386,20,Elektronik,Semarang,Kartu Kredit,120387
O12387,6,Makanan,Magelang,COD,235920
O12388,18,Fashion,Semarang,COD,498770
O12389,2,Kesehatan,Semarang,Transfer Bank,255368
O12390,20,Fashion,Purworejo,Kartu Kredit,398497
O12391,13,Fashion,Solo,E-Wallet,456148
O12392,2,Makanan,Magelang,E-Wallet,312175
O12393,18,Kesehatan,Yogyakarta,Kartu Kredit,143527
O12394,16,Rumah Tangga,Magelang,Kartu Kredit,55549
O12395,1,Fashion,Yogyakarta,COD,345103
O12396,18,Rumah Tangga,Semarang,COD,224201
O12397,6,Fashion,Semarang,E-Wallet,416398
O12398,9,Elektronik,Magelang,E-Wallet,60332
O12399,8,Kesehatan,Magelang,Transfer Bank,464992
O12400,19,Rumah Tangga,Yogyakarta,Kartu Kredit,386075
O12401,1,Rumah Tangga,Magelang,COD,397298
O12402,9,Rumah Tangga,Magelang,Kartu Kredit,355630
O12403,18,Fashion,Solo,Transfer Bank,369970
O12404,11,Fashion,Purworejo,Kartu Kredit,315476
O12405,3,Rumah Tangga,Semarang,Transfer Bank,305244
O12406,13,Elektronik,Purworejo,E-Wallet,332545
O12407,8,Fashion,Solo,Transfer Bank,234876
O12408,12,Fashion,Purworejo,Transfer Bank,65440
O12409,3,Elektronik,Solo,Kartu Kredit,377501
O12410,7,Makanan,Solo,Transfer Bank,158717
O12411,17,Fashion,Magelang,Kartu Kredit,134422
O12412,12,Rumah Tangga,Solo,Transfer Bank,279970
O12413,20,Rumah Tangga,Yogyakarta,COD,396728
O12414,2,Kesehatan,Solo,E-Wallet,268937
O12415,3,Rumah Tangga,Yogyakarta,COD,81461
O12416,10,Rumah Tangga,Yogyakarta,Transfer Bank,414421
O12417,2,Kesehatan,Purworejo,E-Wallet,426269
O12418,17,Rumah Tangga,Semarang,Transfer Bank,242040
O12419,8,Rumah Tangga,Purworejo,Kartu Kredit,241101
O12420,3,Elektronik,Magelang,COD,103479
O12421,8,Kesehatan,Purworejo,E-Wallet,399013
O12422,8,Rumah Tangga,Semarang,COD,397747
O12423,3,Rumah Tangga,Purworejo,Transfer Bank,253962
O12424,13,Kesehatan,Semarang,COD,439000
O12425,3,Fashion,Solo,E-Wallet,443732
O12426,2,Elektronik,Solo,COD,85532
O12427,18,Rumah Tangga,Purworejo,Kartu Kredit,364903
O12428,9,Makanan,Yogyakarta,Transfer Bank,298047
O12429,10,Makanan,Semarang,Transfer Bank,351878
O12430,11,Elektronik,Solo,Transfer Bank,62224
O12431,10,Makanan,Purworejo,COD,187983
O12432,13,Elektronik,Magelang,Kartu Kredit,418887
O12433,3,Elektronik,Solo,Kartu Kredit,79415
O12434,11,Rumah Tangga,Solo,E-Wallet,303722
O12435,10,Makanan,Solo,Kartu Kredit,261859
O12436,16,Kesehatan,Purworejo,COD,248210
O12437,10,Elektronik,Magelang,Kartu Kredit,111934
O12438,10,Rumah Tangga,Magelang,Transfer Bank,399065
O12439,13,Fashion,Purworejo,E-Wallet,148842
O12440,6,Fashion,Semarang,COD,104726
O12441,14,Rumah Tangga,Purworejo,Transfer Bank,72708
O12442,12,Fashion,Solo,E-Wallet,119011
O12443,6,Rumah Tangga,Solo,COD,391884
O12444,6,Makanan,Yogyakarta,E-Wallet,169955
O12445,10,Kesehatan,Solo,E-Wallet,470987
O12446,6,Kesehatan,Purworejo,E-Wallet,156349
O12447,7,Makanan,Magelang,Transfer Bank,352198
O12448,8,Rumah Tangga,Magelang,Kartu Kredit,465013
O12449,12,Rumah Tangga,Purworejo,Transfer Bank,246581
O12450,9,Elektronik,Purworejo,COD,108167
O12451,5,Elektronik,Purworejo,Transfer Bank,428959
O12452,14,Rumah Tangga,Purworejo,Kartu Kredit,286737
O12453,11,Kesehatan,Magelang,Transfer Bank,485462
O12454,20,Fashion,Magelang,Kartu Kredit,129518
O12455,6,Kesehatan,Magelang,COD,412004
O12456,1,Fashion,Magelang,Kartu Kredit,50526
O12457,1,Elektronik,Solo,Kartu Kredit,231394
O12458,3,Elektronik,Yogyakarta,COD,128714
O12459,1,Kesehatan,Yogyakarta,E-Wallet,78025
O12460,13,Rumah Tangga,Magelang,E-Wallet,326409
O12461,9,Rumah Tangga,Semarang,E-Wallet,154128
O12462,1,Makanan,Purworejo,Kartu Kredit,459848
O12463,11,Rumah Tangga,Magelang,Kartu Kredit,400223
O12464,11,Kesehatan,Magelang,E-Wallet,80747
O12465,1,Rumah Tangga,Semarang,E-Wallet,103429
O12466,18,Elektronik,Magelang,COD,348996
O12467,20,Fashion,Semarang,Transfer Bank,139535
O12468,20,Fashion,Magelang,Transfer Bank,136697
O12469,6,Makanan,Magelang,E-Wallet,98540
O12470,5,Makanan,Magelang,E-Wallet,146600
O12471,18,Fashion,Yogyakarta,Kartu Kredit,104516
O12472,18,Fashion,Solo,COD,215356
O12473,1,Elektronik,Magelang,E-Wallet,366034
O12474,17,Makanan,Yogyakarta,Kartu Kredit,172549
O12475,3,Elektronik,Purworejo,E-Wallet,318445
O12476,4,Kesehatan,Yogyakarta,COD,221347
O12477,3,Elektronik,Solo,COD,57873
O12478,3,Kesehatan,Yogyakarta,E-Wallet,455932
O12479,19,Fashion,Yogyakarta,Transfer Bank,85536
O12480,13,Elektronik,Yogyakarta,COD,435413
O12481,18,Kesehatan,Solo,COD,392155
O12482,9,Rumah Tangga,Yogyakarta,Transfer Bank,339335
O12483,4,Fashion,Purworejo,COD,379557
O12484,10,Elektronik,Yogyakarta,Kartu Kredit,235955
O12485,11,Elektronik,Magelang,Kartu Kredit,172588
O12486,3,Kesehatan,Purworejo,Transfer Bank,263280
O12487,2,Rumah Tangga,Yogyakarta,COD,343323
O12488,2,Fashion,Purworejo,Kartu Kredit,387344
O12489,9,Rumah Tangga,Magelang,Transfer Bank,356907
O12490,4,Rumah Tangga,Purworejo,Kartu Kredit,80011
O12491,15,Rumah Tangga,Magelang,COD,471918
O12492,14,Kesehatan,Semarang,COD,399582
O12493,4,Fashion,Purworejo,COD,387523
O12494,4,Kesehatan,Yogyakarta,Transfer Bank,250385
O12495,4,Elektronik,Purworejo,Kartu Kredit,125166
O12496,20,Rumah Tangga,Magelang,Transfer Bank,231935
O12497,17,Rumah Tangga,Semarang,E-Wallet,213431
O12498,18,Fashion,Purworejo,E-Wallet,193138
O12499,3,Makanan,Magelang,Kartu Kredit,353014
O12500,10,Rumah Tangga,Magelang,Transfer Bank,465800
O12501,10,Kesehatan,Purworejo,Transfer Bank,476063
O12502,13,Rumah Tangga,Solo,Transfer Bank,101205
O12503,4,Makanan,Yogyakarta,Transfer Bank,370664
O12504,10,Rumah Tangga,Purworejo,COD,405520
O12505,4,Kesehatan,Purworejo,COD,366868
O12506,19,Elektronik,Solo,E-Wallet,202273
O12507,16,Elektronik,Semarang,COD,145691
O12508,6,Fashion,Semarang,Transfer Bank,207316
O12509,2,Rumah Tangga,Purworejo,E-Wallet,430982
O12510,16,Elektronik,Magelang,E-Wallet,125211
O12511,16,Rumah Tangga,Semarang,Kartu Kredit,330685
O12512,1,Rumah Tangga,Magelang,COD,101103
O12513,13,Rumah Tangga,Purworejo,E-Wallet,391528
O12514,5,Fashion,Semarang,Transfer Bank,429847
O12515,12,Kesehatan,Yogyakarta,Kartu Kredit,267866
O12516,19,Rumah Tangga,Purworejo,Transfer Bank,110564
O12517,8,Elektronik,Solo,E-Wallet,220188
O12518,8,Kesehatan,Yogyakarta,Transfer Bank,251820
O12519,20,Elektronik,Magelang,E-Wallet,213937
O12520,15,Makanan,Solo,COD,84962
O12521,10,Rumah Tangga,Purworejo,Kartu Kredit,303480
O12522,17,Elektronik,Semarang,Transfer Bank,83169
O12523,1,Rumah Tangga,Solo,Kartu Kredit,276670
O12524,12,Fashion,Yogyakarta,E-Wallet,469883
O12525,16,Fashion,Magelang,E-Wallet,476900
O12526,18,Fashion,Yogyakarta,E-Wallet,242441
O12527,6,Elektronik,Magelang,Kartu Kredit,417989
O12528,12,Fashion,Purworejo,Transfer Bank,140329
O12529,5,Elektronik,Semarang,Kartu Kredit,214458
O12530,1,Elektronik,Magelang,E-Wallet,375797
O12531,5,Rumah Tangga,Purworejo,COD,72128
O12532,3,Fashion,Solo,Kartu Kredit,167693
O12533,20,Fashion,Magelang,E-Wallet,488369
O12534,4,Fashion,Yogyakarta,COD,150593
O12535,17,Rumah Tangga,Solo,E-Wallet,158542
O12536,2,Makanan,Solo,Transfer Bank,422220
O12537,7,Rumah Tangga,Semarang,Kartu Kredit,245752
O12538,20,Rumah Tangga,Purworejo,E-Wallet,138498
O12539,7,Elektronik,Purworejo,E-Wallet,466459
O12540,15,Rumah Tangga,Purworejo,COD,106654
O12541,20,Makanan,Solo,Transfer Bank,186695
O12542,17,Makanan,Solo,Transfer Bank,313591
O12543,13,Rumah Tangga,Magelang,COD,229301
O12544,6,Fashion,Solo,COD,172260
O12545,4,Fashion,Semarang,Kartu Kredit,135823
O12546,18,Kesehatan,Yogyakarta,E-Wallet,407536
O12547,11,Kesehatan,Magelang,E-Wallet,329014
O12548,13,Fashion,Semarang,Transfer Bank,68887
O12549,8,Fashion,Magelang,Transfer Bank,413805
O12550,17,Fashion,Purworejo,Kartu Kredit,235491
O12551,7,Fashion,Magelang,Transfer Bank,410786
O12552,2,Fashion,Yogyakarta,E-Wallet,248857
O12553,1,Fashion,Solo,Kartu Kredit,262471
O12554,8,Fashion,Purworejo,E-Wallet,327077
O12555,16,Kesehatan,Magelang,Transfer Bank,467429
O12556,19,Fashion,Solo,Kartu Kredit,117411
O12557,16,Kesehatan,Yogyakarta,Kartu Kredit,149920
O12558,6,Elektronik,Semarang,E-Wallet,229621
O12559,14,Makanan,Yogyakarta,E-Wallet,162338
O12560,16,Makanan,Semarang,Transfer Bank,480103
O12561,15,Fashion,Magelang,Transfer Bank,250672
O12562,2,Rumah Tangga,Semarang,E-Wallet,473906
O12563,17,Fashion,Semarang,COD,368615
O12564,3,Kesehatan,Magelang,COD,150881
O12565,10,Fashion,Yogyakarta,Transfer Bank,183533
O12566,10,Rumah Tangga,Yogyakarta,E-Wallet,360602
O12567,9,Elektronik,Magelang,COD,195862
O12568,10,Rumah Tangga,Purworejo,COD,73527
O12569,12,Makanan,Magelang,Transfer Bank,363868
O12570,4,Fashion,Semarang,Kartu Kredit,382866
O12571,16,Kesehatan,Purworejo,Kartu Kredit,167881
O12572,2,Makanan,Yogyakarta,Kartu Kredit,401150
O12573,17,Kesehatan,Magelang,COD,147846
O12574,16,Makanan,Magelang,E-Wallet,407899
O12575,17,Rumah Tangga,Magelang,COD,411396
O12576,3,Fashion,Yogyakarta,E-Wallet,76572
O12577,7,Fashion,Solo,COD,240474
O12578,12,Makanan,Purworejo,E-Wallet,55469
O12579,12,Kesehatan,Yogyakarta,Kartu Kredit,350135
O12580,12,Kesehatan,Yogyakarta,COD,195855
O12581,11,Fashion,Purworejo,COD,220089
O12582,1,Fashion,Semarang,Kartu Kredit,307609
O12583,8,Makanan,Yogyakarta,COD,195065
O12584,9,Fashion,Purworejo,COD,201346
O12585,17,Fashion,Purworejo,E-Wallet,172142
O12586,11,Fashion,Semarang,Kartu Kredit,91496
O12587,2,Kesehatan,Semarang,Transfer Bank,123823
O12588,17,Rumah Tangga,Solo,Transfer Bank,180672
O12589,18,Elektronik,Solo,Transfer Bank,70824
O12590,2,Fashion,Solo,Kartu Kredit,439075
O12591,17,Makanan,Purworejo,COD,490046
O12592,10,Makanan,Solo,COD,111544
O12593,20,Kesehatan,Magelang,E-Wallet,261522
O12594,5,Kesehatan,Magelang,Transfer Bank,417050
O12595,14,Rumah Tangga,Yogyakarta,COD,498502
O12596,6,Elektronik,Magelang,Transfer Bank,78686
O12597,11,Makanan,Purworejo,Transfer Bank,60989
O12598,7,Fashion,Yogyakarta,Transfer Bank,490241
O12599,11,Elektronik,Yogyakarta,Transfer Bank,363122
O12600,5,Kesehatan,Solo,E-Wallet,317589
O12601,10,Makanan,Semarang,Kartu Kredit,81449
O12602,15,Makanan,Purworejo,COD,451635
O12603,6,Kesehatan,Yogyakarta,Transfer Bank,58922
O12604,4,Rumah Tangga,Magelang,Kartu Kredit,79240
O12605,16,Rumah Tangga,Semarang,Transfer Bank,313075
O12606,8,Fashion,Solo,Kartu Kredit,396752
O12607,3,Fashion,Magelang,Kartu Kredit,122899
O12608,15,Rumah Tangga,Semarang,Transfer Bank,309587
O12609,11,Makanan,Magelang,Transfer Bank,325419
O12610,1,Kesehatan,Magelang,Kartu Kredit,455907
O12611,12,Kesehatan,Yogyakarta,Kartu Kredit,372175
O12612,11,Makanan,Purworejo,Transfer Bank,160596
O12613,15,Elektronik,Purworejo,COD,448386
O12614,7,Makanan,Purworejo,Transfer Bank,210546
O12615,19,Rumah Tangga,Semarang,COD,321736
O12616,17,Kesehatan,Semarang,E-Wallet,370035
O12617,18,Elektronik,Magelang,E-Wallet,160641
O12618,11,Makanan,Semarang,Kartu Kredit,53087
O12619,5,Kesehatan,Solo,Kartu Kredit,444866
O12620,16,Kesehatan,Yogyakarta,Kartu Kredit,182326
O12621,19,Fashion,Semarang,COD,251718
O12622,9,Makanan,Purworejo,E-Wallet,460392
O12623,18,Makanan,Yogyakarta,Transfer Bank,411155
O12624,16,Rumah Tangga,Semarang,Kartu Kredit,108976
O12625,10,Makanan,Semarang,Kartu Kredit,310814
O12626,20,Makanan,Magelang,Transfer Bank,281578
O12627,4,Makanan,Semarang,Kartu Kredit,258302
O12628,12,Kesehatan,Semarang,Transfer Bank,438301
O12629,16,Rumah Tangga,Semarang,Transfer Bank,98325
O12630,10,Makanan,Solo,COD,340668
O12631,12,Fashion,Yogyakarta,Transfer Bank,484889
O12632,14,Rumah Tangga,Solo,E-Wallet,280967
O12633,4,Elektronik,Semarang,COD,210357
O12634,2,Rumah Tangga,Yogyakarta,Transfer Bank,241042
O12635,15,Fashion,Semarang,Transfer Bank,398193
O12636,15,Rumah Tangga,Purworejo,Transfer Bank,51212
O12637,20,Kesehatan,Purworejo,Transfer Bank,113366
O12638,18,Makanan,Semarang,COD,208029
O12639,6,Fashion,Solo,COD,117502
O12640,16,Rumah Tangga,Yogyakarta,E-Wallet,309947
O12641,6,Rumah Tangga,Semarang,Kartu Kredit,491069
O12642,20,Makanan,Solo,COD,235926
O12643,2,Makanan,Magelang,Kartu Kredit,264573
O12644,17,Fashion,Magelang,Kartu Kredit,262802
O12645,11,Elektronik,Magelang,COD,434003
O12646,12,Kesehatan,Solo,Kartu Kredit,80137
O12647,20,Rumah Tangga,Magelang,Kartu Kredit,351744
O12648,4,Makanan,Solo,COD,71120
O12649,16,Elektronik,Yogyakarta,Transfer Bank,444357
O12650,13,Kesehatan,Semarang,Transfer Bank,268426
O12651,15,Fashion,Solo,E-Wallet,207161
O12652,7,Fashion,Solo,E-Wallet,208793
O12653,6,Fashion,Purworejo,COD,57574
O12654,11,Fashion,Semarang,COD,225953
O12655,13,Elektronik,Yogyakarta,E-Wallet,107500
O12656,11,Fashion,Solo,Transfer Bank,226824
O12657,1,Makanan,Semarang,COD,469586
O12658,3,Elektronik,Magelang,Kartu Kredit,74990
O12659,13,Kesehatan,Yogyakarta,E-Wallet,242782
O12660,5,Makanan,Magelang,E-Wallet,265281
O12661,12,Makanan,Yogyakarta,COD,351376
O12662,2,Makanan,Solo,Transfer Bank,138508
O12663,14,Makanan,Semarang,COD,315677
O12664,5,Fashion,Magelang,E-Wallet,371940
O12665,5,Kesehatan,Purworejo,Transfer Bank,193342
O12666,5,Fashion,Semarang,E-Wallet,76680
O12667,2,Elektronik,Solo,Kartu Kredit,82590
O12668,3,Kesehatan,Purworejo,Transfer Bank,324826
O12669,14,Fashion,Purworejo,COD,138563
O12670,18,Kesehatan,Magelang,Transfer Bank,125047
O12671,15,Fashion,Semarang,E-Wallet,451796
O12672,19,Kesehatan,Solo,E-Wallet,470834
O12673,3,Fashion,Yogyakarta,COD,390555
O12674,15,Fashion,Magelang,Transfer Bank,344073
O12675,12,Rumah Tangga,Magelang,Transfer Bank,349383
O12676,11,Kesehatan,Purworejo,COD,233758
O12677,4,Makanan,Solo,COD,328050
O12678,15,Makanan,Purworejo,COD,437593
O12679,8,Kesehatan,Magelang,COD,262096
O12680,9,Kesehatan,Solo,Transfer Bank,310731
O12681,17,Elektronik,Semarang,Transfer Bank,105380
O12682,3,Rumah Tangga,Purworejo,E-Wallet,163424
O12683,8,Fashion,Solo,Kartu Kredit,313691
O12684,9,Makanan,Solo,Transfer Bank,325241
O12685,20,Kesehatan,Yogyakarta,Transfer Bank,213862
O12686,1,Makanan,Purworejo,E-Wallet,190205
O12687,6,Makanan,Magelang,E-Wallet,384997
O12688,16,Fashion,Purworejo,COD,311846
O12689,20,Kesehatan,Purworejo,Transfer Bank,102521
O12690,17,Rumah Tangga,Purworejo,Transfer Bank,210335
O12691,17,Rumah Tangga,Solo,Kartu Kredit,366926
O12692,10,Kesehatan,Solo,Transfer Bank,190826
O12693,4,Makanan,Semarang,Transfer Bank,313459
O12694,20,Kesehatan,Magelang,Transfer Bank,149190
O12695,9,Elektronik,Magelang,E-Wallet,255644
O12696,19,Rumah Tangga,Magelang,Transfer Bank,238328
O12697,14,Kesehatan,Solo,Transfer Bank,428216
O12698,11,Kesehatan,Purworejo,Transfer Bank,268869
O12699,3,Fashion,Yogyakarta,Kartu Kredit,284654
O12700,5,Elektronik,Purworejo,E-Wallet,388898
O12701,20,Makanan,Semarang,E-Wallet,495848
O12702,8,Elektronik,Purworejo,Kartu Kredit,182668
O12703,7,Elektronik,Magelang,E-Wallet,387132
O12704,18,Rumah Tangga,Solo,Transfer Bank,314583
O12705,9,Elektronik,Purworejo,Transfer Bank,239846
O12706,1,Rumah Tangga,Semarang,COD,353921
O12707,3,Makanan,Semarang,E-Wallet,363292
O12708,13,Fashion,Purworejo,E-Wallet,112861
O12709,9,Elektronik,Yogyakarta,Kartu Kredit,325752
O12710,12,Elektronik,Solo,COD,211946
O12711,20,Makanan,Magelang,E-Wallet,238993
O12712,19,Elektronik,Solo,E-Wallet,213189
O12713,10,Rumah Tangga,Semarang,Kartu Kredit,482194
O12714,5,Kesehatan,Solo,Transfer Bank,150028
O12715,9,Fashion,Yogyakarta,Kartu Kredit,430679
O12716,8,Makanan,Magelang,E-Wallet,233375
O12717,20,Makanan,Magelang,COD,321655
O12718,14,Elektronik,Purworejo,COD,492487
O12719,16,Kesehatan,Purworejo,E-Wallet,420694
O12720,2,Kesehatan,Semarang,COD,139055
O12721,19,Kesehatan,Solo,Kartu Kredit,353376
O12722,11,Fashion,Solo,COD,396203
O12723,10,Rumah Tangga,Yogyakarta,Transfer Bank,471743
O12724,15,Elektronik,Purworejo,Kartu Kredit,406199
O12725,14,Rumah Tangga,Solo,Kartu Kredit,338401
O12726,9,Elektronik,Magelang,Kartu Kredit,399385
O12727,13,Fashion,Solo,COD,285325
O12728,16,Elektronik,Purworejo,Transfer Bank,167999
O12729,10,Fashion,Solo,E-Wallet,492496
O12730,8,Fashion,Solo,Kartu Kredit,449042
O12731,8,Fashion,Magelang,Transfer Bank,134928
O12732,13,Rumah Tangga,Solo,COD,288092
O12733,4,Fashion,Yogyakarta,COD,120812
O12734,18,Elektronik,Yogyakarta,Transfer Bank,361369
O12735,4,Elektronik,Yogyakarta,COD,420550
O12736,3,Fashion,Magelang,COD,400982
O12737,8,Fashion,Solo,COD,208635
O12738,11,Kesehatan,Solo,Transfer Bank,214777
O12739,13,Kesehatan,Semarang,E-Wallet,295201
O12740,1,Rumah Tangga,Purworejo,Kartu Kredit,342843
O12741,3,Makanan,Magelang,E-Wallet,182497
O12742,6,Kesehatan,Semarang,Transfer Bank,55413
O12743,16,Fashion,Solo,COD,89074
O12744,18,Fashion,Purworejo,COD,264863
O12745,10,Kesehatan,Solo,COD,344825
O12746,8,Kesehatan,Yogyakarta,Transfer Bank,62554
O12747,8,Kesehatan,Solo,Transfer Bank,312881
O12748,18,Elektronik,Magelang,COD,117047
O12749,16,Fashion,Solo,Transfer Bank,172764
O12750,11,Kesehatan,Semarang,Kartu Kredit,97141
O12751,20,Kesehatan,Magelang,Kartu Kredit,491720
O12752,9,Kesehatan,Solo,COD,242477
O12753,15,Kesehatan,Yogyakarta,Transfer Bank,283240
O12754,9,Kesehatan,Semarang,Transfer Bank,281051
O12755,13,Rumah Tangga,Solo,Transfer Bank,199102
O12756,13,Kesehatan,Solo,Kartu Kredit,481938
O12757,3,Fashion,Magelang,Transfer Bank,158095
O12758,10,Kesehatan,Magelang,Kartu Kredit,88017
O12759,7,Kesehatan,Solo,Transfer Bank,323990
O12760,2,Rumah Tangga,Magelang,COD,54681
O12761,18,Elektronik,Yogyakarta,E-Wallet,358204
O12762,20,Kesehatan,Semarang,Transfer Bank,83250
O12763,13,Rumah Tangga,Semarang,COD,420513
O12764,11,Fashion,Semarang,COD,84906
O12765,15,Fashion,Magelang,COD,294212
O12766,13,Makanan,Magelang,Kartu Kredit,67236
O12767,7,Makanan,Purworejo,Transfer Bank,440187
O12768,6,Elektronik,Purworejo,Kartu Kredit,263404
O12769,12,Fashion,Solo,COD,350884
O12770,18,Fashion,Magelang,Transfer Bank,421435
O12771,10,Makanan,Semarang,Kartu Kredit,117205
O12772,10,Fashion,Magelang,Kartu Kredit,211830
O12773,9,Makanan,Magelang,E-Wallet,317350
O12774,4,Kesehatan,Solo,E-Wallet,82728
O12775,20,Makanan,Yogyakarta,COD,108821
O12776,7,Rumah Tangga,Semarang,Kartu Kredit,453310
O12777,8,Elektronik,Semarang,Kartu Kredit,331927
O12778,15,Elektronik,Solo,E-Wallet,76671
O12779,2,Makanan,Semarang,Transfer Bank,167723
O12780,1,Kesehatan,Magelang,Kartu Kredit,493322
O12781,10,Elektronik,Solo,Kartu Kredit,75169
O12782,3,Rumah Tangga,Purworejo,Transfer Bank,318114
O12783,10,Rumah Tangga,Magelang,Kartu Kredit,368771
O12784,11,Kesehatan,Yogyakarta,E-Wallet,238117
O12785,11,Fashion,Semarang,Kartu Kredit,191963
O12786,12,Rumah Tangga,Semarang,Kartu Kredit,401018
O12787,17,Elektronik,Solo,COD,58765
O12788,8,Kesehatan,Solo,E-Wallet,471045
O12789,16,Makanan,Purworejo,Kartu Kredit,278605
O12790,1,Kesehatan,Semarang,Transfer Bank,123063
O12791,17,Rumah Tangga,Yogyakarta,Transfer Bank,99937
O12792,3,Rumah Tangga,Yogyakarta,COD,408667
O12793,3,Rumah Tangga,Solo,Transfer Bank,247186
O12794,18,Kesehatan,Purworejo,Kartu Kredit,134265
O12795,10,Rumah Tangga,Semarang,Transfer Bank,288633
O12796,17,Kesehatan,Magelang,COD,51327
O12797,4,Kesehatan,Purworejo,E-Wallet,237602
O12798,13,Makanan,Solo,COD,499044
O12799,15,Kesehatan,Purworejo,COD,427032
O12800,20,Rumah Tangga,Purworejo,Kartu Kredit,163554
O12801,20,Rumah Tangga,Magelang,Kartu Kredit,280169
O12802,11,Makanan,Solo,Kartu Kredit,275208
O12803,19,Rumah Tangga,Yogyakarta,E-Wallet,435427
O12804,6,Elektronik,Solo,Kartu Kredit,81929
O12805,5,Elektronik,Solo,Transfer Bank,169852
O12806,1,Kesehatan,Yogyakarta,Kartu Kredit,164200
O12807,19,Fashion,Purworejo,Transfer Bank,135055
O12808,6,Makanan,Semarang,Kartu Kredit,450989
O12809,9,Elektronik,Purworejo,E-Wallet,283738
O12810,5,Rumah Tangga,Purworejo,COD,205947
O12811,4,Fashion,Purworejo,Kartu Kredit,234435
O12812,2,Rumah Tangga,Semarang,Transfer Bank,492594
O12813,18,Rumah Tangga,Solo,COD,56220
O12814,15,Makanan,Solo,Transfer Bank,102121
O12815,7,Kesehatan,Purworejo,Transfer Bank,417767
O12816,1,Fashion,Semarang,COD,454022
O12817,19,Rumah Tangga,Magelang,Transfer Bank,142263
O12818,18,Makanan,Solo,E-Wallet,363170
O12819,14,Makanan,Magelang,COD,347638
O12820,19,Rumah Tangga,Magelang,Transfer Bank,276857
O12821,2,Makanan,Solo,COD,67071
O12822,4,Fashion,Purworejo,COD,252178
O12823,8,Elektronik,Magelang,Transfer Bank,414899
O12824,12,Makanan,Solo,COD,259436
O12825,10,Rumah Tangga,Solo,COD,111709
O12826,15,Kesehatan,Magelang,Kartu Kredit,122914
O12827,2,Makanan,Semarang,Transfer Bank,377348
O12828,6,Kesehatan,Magelang,Transfer Bank,441599
O12829,7,Makanan,Solo,COD,278548
O12830,18,Fashion,Yogyakarta,COD,267178
O12831,16,Fashion,Semarang,COD,216044
O12832,12,Rumah Tangga,Magelang,COD,429021
O12833,6,Fashion,Magelang,E-Wallet,95152
O12834,1,Makanan,Magelang,Kartu Kredit,57149
O12835,4,Elektronik,Yogyakarta,E-Wallet,257942
O12836,7,Elektronik,Yogyakarta,E-Wallet,360590
O12837,15,Fashion,Yogyakarta,Transfer Bank,137514
O12838,10,Makanan,Solo,Kartu Kredit,283988
O12839,7,Makanan,Magelang,Kartu Kredit,192854
O12840,11,Makanan,Yogyakarta,E-Wallet,196533
O12841,11,Elektronik,Semarang,Kartu Kredit,263210
O12842,10,Elektronik,Solo,Kartu Kredit,201989
O12843,15,Makanan,Semarang,Kartu Kredit,289157
O12844,9,Elektronik,Purworejo,COD,236696
O12845,9,Elektronik,Solo,Kartu Kredit,274426
O12846,6,Fashion,Magelang,COD,249582
O12847,5,Fashion,Semarang,Kartu Kredit,169706
O12848,8,Rumah Tangga,Purworejo,Transfer Bank,104269
O12849,20,Elektronik,Magelang,Transfer Bank,181222
O12850,8,Kesehatan,Solo,COD,357309
O12851,4,Rumah Tangga,Magelang,E-Wallet,221467
O12852,15,Kesehatan,Semarang,Kartu Kredit,452072
O12853,9,Fashion,Yogyakarta,Kartu Kredit,245392
O12854,6,Rumah Tangga,Magelang,COD,164000
O12855,5,Elektronik,Yogyakarta,Transfer Bank,96850
O12856,8,Makanan,Yogyakarta,Transfer Bank,355738
O12857,10,Elektronik,Solo,E-Wallet,188777
O12858,10,Elektronik,Yogyakarta,E-Wallet,141428
O12859,12,Kesehatan,Magelang,Kartu Kredit,114555
O12860,5,Fashion,Magelang,Transfer Bank,421708
O12861,20,Fashion,Magelang,COD,52665
O12862,3,Fashion,Solo,COD,400160
O12863,1,Makanan,Magelang,Transfer Bank,330957
O12864,1,Kesehatan,Semarang,Kartu Kredit,68783
O12865,10,Fashion,Solo,Transfer Bank,428253
O12866,9,Kesehatan,Solo,COD,237195
O12867,14,Kesehatan,Magelang,COD,147197
O12868,12,Makanan,Yogyakarta,E-Wallet,489796
O12869,11,Kesehatan,Magelang,E-Wallet,55530
O12870,19,Makanan,Purworejo,Kartu Kredit,56281
O12871,3,Rumah Tangga,Purworejo,Kartu Kredit,490999
O12872,6,Rumah Tangga,Purworejo,COD,360033
O12873,20,Rumah Tangga,Solo,Kartu Kredit,101833
O12874,12,Rumah Tangga,Solo,Kartu Kredit,463704
O12875,19,Fashion,Magelang,COD,252672
O12876,4,Makanan,Semarang,Kartu Kredit,100056
O12877,11,Makanan,Purworejo,Transfer Bank,293286
O12878,6,Fashion,Magelang,Kartu Kredit,259371
O12879,8,Rumah Tangga,Semarang,COD,102765
O12880,6,Kesehatan,Semarang,E-Wallet,200200
O12881,19,Elektronik,Yogyakarta,Transfer Bank,401403
O12882,1,Kesehatan,Semarang,Transfer Bank,126765
O12883,20,Fashion,Solo,Kartu Kredit,127568
O12884,11,Rumah Tangga,Magelang,Kartu Kredit,90370
O12885,3,Makanan,Yogyakarta,Kartu Kredit,51806
O12886,8,Kesehatan,Solo,COD,187937
O12887,11,Makanan,Solo,Transfer Bank,260783
O12888,19,Elektronik,Semarang,COD,395338
O12889,6,Fashion,Magelang,COD,401033
O12890,18,Rumah Tangga,Purworejo,COD,338418
O12891,12,Fashion,Semarang,Kartu Kredit,343767
O12892,12,Rumah Tangga,Solo,E-Wallet,396663
O12893,2,Fashion,Magelang,COD,384830
O12894,20,Makanan,Solo,Kartu Kredit,167442
O12895,15,Fashion,Solo,E-Wallet,417228
O12896,13,Rumah Tangga,Purworejo,COD,228933
O12897,1,Elektronik,Magelang,COD,57833
O12898,14,Rumah Tangga,Solo,E-Wallet,385571
O12899,6,Fashion,Purworejo,E-Wallet,430002
O12900,17,Rumah Tangga,Magelang,Kartu Kredit,221333
O12901,5,Makanan,Purworejo,E-Wallet,202146
O12902,2,Makanan,Magelang,Transfer Bank,345899
O12903,5,Makanan,Magelang,Kartu Kredit,421523
O12904,5,Elektronik,Purworejo,Transfer Bank,61635
O12905,10,Elektronik,Magelang,E-Wallet,206793
O12906,12,Elektronik,Solo,COD,223708
O12907,15,Makanan,Solo,Kartu Kredit,417819
O12908,12,Elektronik,Solo,Kartu Kredit,148640
O12909,12,Elektronik,Magelang,COD,341075
O12910,5,Kesehatan,Magelang,E-Wallet,318820
O12911,1,Rumah Tangga,Yogyakarta,Kartu Kredit,308263
O12912,18,Makanan,Solo,COD,274168
O12913,16,Kesehatan,Magelang,COD,456562
O12914,15,Makanan,Semarang,Transfer Bank,77537
O12915,17,Rumah Tangga,Purworejo,Kartu Kredit,465921
O12916,1,Kesehatan,Semarang,Transfer Bank,260622
O12917,18,Elektronik,Yogyakarta,E-Wallet,449670
O12918,3,Rumah Tangga,Magelang,E-Wallet,106785
O12919,10,Rumah Tangga,Magelang,Kartu Kredit,330929
O12920,19,Fashion,Solo,E-Wallet,124555
O12921,19,Kesehatan,Semarang,Kartu Kredit,108744
O12922,9,Fashion,Magelang,Transfer Bank,270716
O12923,10,Kesehatan,Yogyakarta,COD,322344
O12924,15,Elektronik,Solo,Transfer Bank,244154
O12925,19,Kesehatan,Solo,Transfer Bank,386124
O12926,19,Elektronik,Purworejo,COD,354183
O12927,13,Makanan,Solo,Transfer Bank,236247
O12928,16,Rumah Tangga,Yogyakarta,E-Wallet,329423
O12929,18,Elektronik,Semarang,E-Wallet,409758
O12930,2,Makanan,Purworejo,Kartu Kredit,378254
O12931,9,Kesehatan,Magelang,E-Wallet,348843
O12932,4,Kesehatan,Magelang,COD,87924
O12933,19,Rumah Tangga,Solo,Transfer Bank,364724
O12934,7,Elektronik,Magelang,E-Wallet,204069
O12935,15,Elektronik,Semarang,Kartu Kredit,326530
O12936,19,Fashion,Solo,COD,82930
O12937,4,Fashion,Magelang,Transfer Bank,196840
O12938,7,Elektronik,Solo,Transfer Bank,126982
O12939,2,Elektronik,Solo,COD,484751
O12940,16,Kesehatan,Solo,Kartu Kredit,141818
O12941,9,Rumah Tangga,Purworejo,E-Wallet,191061
O12942,20,Fashion,Purworejo,Kartu Kredit,65021
O12943,20,Elektronik,Purworejo,Kartu Kredit,158948
O12944,18,Makanan,Purworejo,COD,483579
O12945,9,Kesehatan,Solo,COD,307026
O12946,15,Kesehatan,Magelang,COD,168695
O12947,9,Fashion,Purworejo,COD,235503
O12948,4,Elektronik,Purworejo,E-Wallet,322516
O12949,15,Fashion,Yogyakarta,Kartu Kredit,171441
O12950,13,Fashion,Solo,E-Wallet,239828
O12951,11,Elektronik,Purworejo,Transfer Bank,479547
O12952,5,Kesehatan,Purworejo,Transfer Bank,372735
O12953,3,Fashion,Yogyakarta,COD,62623
O12954,15,Makanan,Semarang,Kartu Kredit,347033
O12955,14,Rumah Tangga,Purworejo,Kartu Kredit,147893
O12956,14,Rumah Tangga,Solo,Transfer Bank,302162
O12957,18,Makanan,Yogyakarta,Kartu Kredit,250842
O12958,6,Rumah Tangga,Solo,E-Wallet,228575
O12959,11,Kesehatan,Yogyakarta,Kartu Kredit,473954
O12960,3,Elektronik,Solo,Transfer Bank,419749
O12961,4,Fashion,Semarang,Kartu Kredit,428061
O12962,5,Fashion,Yogyakarta,Transfer Bank,281800
O12963,18,Fashion,Purworejo,Transfer Bank,359349
O12964,16,Fashion,Semarang,COD,297089
O12965,5,Rumah Tangga,Semarang,E-Wallet,340911
O12966,7,Kesehatan,Purworejo,Kartu Kredit,315732
O12967,7,Elektronik,Semarang,COD,258106
O12968,8,Elektronik,Magelang,Kartu Kredit,392354
O12969,15,Kesehatan,Purworejo,Kartu Kredit,370753
O12970,16,Elektronik,Yogyakarta,Kartu Kredit,449898
O12971,4,Kesehatan,Magelang,Transfer Bank,412739
O12972,20,Fashion,Solo,E-Wallet,436080
O12973,2,Rumah Tangga,Solo,E-Wallet,131908
O12974,12,Elektronik,Purworejo,Transfer Bank,109562
O12975,8,Elektronik,Semarang,Transfer Bank,400803
O12976,20,Rumah Tangga,Purworejo,COD,475722
O12977,17,Rumah Tangga,Magelang,COD,240389
O12978,7,Kesehatan,Yogyakarta,Transfer Bank,128674
O12979,8,Kesehatan,Semarang,Transfer Bank,104326
O12980,10,Makanan,Yogyakarta,Kartu Kredit,429128
O12981,18,Kesehatan,Yogyakarta,Kartu Kredit,281285
O12982,4,Kesehatan,Solo,Kartu Kredit,381066
O12983,1,Makanan,Solo,E-Wallet,421376
O12984,3,Fashion,Yogyakarta,E-Wallet,213093
O12985,9,Rumah Tangga,Solo,E-Wallet,361892
O12986,8,Makanan,Magelang,E-Wallet,498419
O12987,16,Elektronik,Yogyakarta,E-Wallet,113956
O12988,7,Elektronik,Purworejo,Kartu Kredit,432252
O12989,4,Elektronik,Semarang,COD,108551
O12990,20,Elektronik,Solo,Transfer Bank,249453
O12991,16,Kesehatan,Yogyakarta,Kartu Kredit,228229
O12992,7,Makanan,Semarang,E-Wallet,204942
O12993,19,Elektronik,Purworejo,Transfer Bank,185042
O12994,14,Kesehatan,Purworejo,COD,487692
O12995,6,Fashion,Semarang,E-Wallet,94788
O12996,2,Makanan,Solo,Transfer Bank,156027
O12997,17,Kesehatan,Semarang,COD,62284
O12998,14,Fashion,Solo,Kartu Kredit,83746
O12999,16,Makanan,Semarang,COD,154377
O13000,9,Kesehatan,Magelang,E-Wallet,96506
O13001,7,Kesehatan,Yogyakarta,Transfer Bank,335336
O13002,11,Rumah Tangga,Magelang,Kartu Kredit,155170
O13003,4,Elektronik,Purworejo,Kartu Kredit,410129
O13004,6,Rumah Tangga,Yogyakarta,E-Wallet,131261
O13005,2,Makanan,Yogyakarta,E-Wallet,375025
O13006,18,Makanan,Solo,Kartu Kredit,57921
O13007,19,Makanan,Semarang,E-Wallet,399857
O13008,2,Elektronik,Magelang,E-Wallet,199601
O13009,4,Fashion,Yogyakarta,Kartu Kredit,79504
O13010,7,Makanan,Magelang,Transfer Bank,448917
O13011,20,Elektronik,Semarang,Transfer Bank,146997
O13012,19,Elektronik,Semarang,Kartu Kredit,442529
O13013,14,Rumah Tangga,Solo,E-Wallet,496732
O13014,19,Fashion,Solo,E-Wallet,190174
O13015,9,Kesehatan,Yogyakarta,Transfer Bank,96438
O13016,18,Fashion,Yogyakarta,COD,219787
O13017,8,Rumah Tangga,Solo,Kartu Kredit,104970
O13018,3,Elektronik,Yogyakarta,E-Wallet,413309
O13019,2,Makanan,Solo,Transfer Bank,133900
O13020,20,Fashion,Semarang,Transfer Bank,227227
O13021,2,Elektronik,Solo,Kartu Kredit,447900
O13022,9,Makanan,Solo,E-Wallet,456809
O13023,8,Kesehatan,Solo,Kartu Kredit,307788
O13024,14,Makanan,Solo,Transfer Bank,121918
O13025,16,Makanan,Purworejo,COD,412470
O13026,8,Fashion,Magelang,COD,317789
O13027,7,Fashion,Purworejo,E-Wallet,285334
O13028,19,Fashion,Magelang,Kartu Kredit,415696
O13029,1,Kesehatan,Magelang,Kartu Kredit,269240
O13030,6,Rumah Tangga,Semarang,Kartu Kredit,223867
O13031,8,Kesehatan,Magelang,COD,299373
O13032,17,Kesehatan,Semarang,COD,386808
O13033,16,Kesehatan,Yogyakarta,Transfer Bank,333268
O13034,3,Elektronik,Solo,Transfer Bank,293799
O13035,20,Makanan,Purworejo,Kartu Kredit,294863
O13036,3,Kesehatan,Yogyakarta,Kartu Kredit,352493
O13037,3,Elektronik,Semarang,Transfer Bank,306147
O13038,12,Elektronik,Magelang,Kartu Kredit,259524
O13039,2,Makanan,Solo,COD,311846
O13040,19,Rumah Tangga,Semarang,E-Wallet,357550
O13041,18,Rumah Tangga,Yogyakarta,Kartu Kredit,394840
O13042,13,Rumah Tangga,Semarang,Kartu Kredit,89395
O13043,6,Rumah Tangga,Yogyakarta,Transfer Bank,369015
O13044,10,Kesehatan,Semarang,Kartu Kredit,259535
O13045,6,Kesehatan,Magelang,COD,424305
O13046,19,Makanan,Solo,Transfer Bank,115500
O13047,6,Elektronik,Yogyakarta,Kartu Kredit,314718
O13048,18,Rumah Tangga,Solo,Kartu Kredit,357512
O13049,6,Makanan,Magelang,E-Wallet,262961
O13050,10,Elektronik,Solo,E-Wallet,252416
O13051,6,Elektronik,Purworejo,Transfer Bank,281322
O13052,3,Kesehatan,Yogyakarta,COD,458384
O13053,3,Rumah Tangga,Yogyakarta,Transfer Bank,125275
O13054,13,Rumah Tangga,Magelang,COD,470476
O13055,1,Fashion,Solo,E-Wallet,330640
O13056,9,Kesehatan,Magelang,E-Wallet,446698
O13057,2,Elektronik,Semarang,Transfer Bank,145645
O13058,18,Elektronik,Yogyakarta,COD,241113
O13059,10,Kesehatan,Semarang,Kartu Kredit,173487
O13060,9,Fashion,Magelang,COD,258684
O13061,11,Kesehatan,Semarang,COD,336833
O13062,6,Makanan,Magelang,Transfer Bank,94826
O13063,12,Fashion,Purworejo,E-Wallet,70263
O13064,5,Makanan,Yogyakarta,COD,312440
O13065,12,Fashion,Solo,Transfer Bank,319399
O13066,7,Makanan,Semarang,COD,303785
O13067,14,Rumah Tangga,Purworejo,Kartu Kredit,153022
O13068,14,Makanan,Solo,COD,55195
O13069,1,Rumah Tangga,Solo,Kartu Kredit,231964
O13070,3,Kesehatan,Yogyakarta,E-Wallet,418547
O13071,13,Rumah Tangga,Semarang,Transfer Bank,151177
O13072,11,Rumah Tangga,Purworejo,Kartu Kredit,486176
O13073,17,Rumah Tangga,Semarang,COD,162279
O13074,5,Makanan,Semarang,E-Wallet,53072
O13075,6,Elektronik,Yogyakarta,COD,449150
O13076,5,Elektronik,Yogyakarta,Transfer Bank,63314
O13077,3,Elektronik,Solo,COD,488773
O13078,1,Rumah Tangga,Solo,Kartu Kredit,67532
O13079,8,Makanan,Magelang,E-Wallet,368189
O13080,19,Elektronik,Yogyakarta,Kartu Kredit,313846
O13081,3,Fashion,Solo,Transfer Bank,177710
O13082,2,Rumah Tangga,Semarang,Kartu Kredit,424637
O13083,4,Kesehatan,Solo,COD,332011
O13084,12,Kesehatan,Yogyakarta,COD,86196
O13085,16,Rumah Tangga,Solo,E-Wallet,311936
O13086,14,Fashion,Solo,COD,356354
O13087,1,Rumah Tangga,Yogyakarta,Kartu Kredit,223496
O13088,8,Makanan,Purworejo,COD,194997
O13089,14,Kesehatan,Semarang,E-Wallet,448090
O13090,11,Fashion,Yogyakarta,Transfer Bank,421800
O13091,18,Kesehatan,Semarang,E-Wallet,275631
O13092,7,Fashion,Purworejo,Kartu Kredit,243871
O13093,4,Fashion,Semarang,Transfer Bank,342383
O13094,17,Fashion,Purworejo,Kartu Kredit,154824
O13095,13,Kesehatan,Semarang,Transfer Bank,495107
O13096,1,Rumah Tangga,Yogyakarta,Transfer Bank,161989
O13097,20,Makanan,Purworejo,E-Wallet,153563
O13098,20,Kesehatan,Solo,Kartu Kredit,290195
O13099,16,Fashion,Semarang,Kartu Kredit,277165
O13100,20,Rumah Tangga,Semarang,Transfer Bank,256339
O13101,20,Rumah Tangga,Yogyakarta,E-Wallet,52885
O13102,3,Makanan,Magelang,E-Wallet,476166
O13103,9,Rumah Tangga,Purworejo,COD,189311
O13104,3,Kesehatan,Magelang,Transfer Bank,293756
O13105,7,Fashion,Magelang,Kartu Kredit,392975
O13106,7,Fashion,Semarang,Transfer Bank,266219
O13107,5,Fashion,Solo,E-Wallet,315699
O13108,20,Makanan,Purworejo,Transfer Bank,480552
O13109,11,Makanan,Solo,E-Wallet,368966
O13110,5,Makanan,Semarang,E-Wallet,276075
O13111,8,Makanan,Semarang,COD,248359
O13112,13,Fashion,Semarang,COD,192091
O13113,6,Elektronik,Yogyakarta,Kartu Kredit,396628
O13114,10,Makanan,Semarang,Kartu Kredit,110592
O13115,8,Rumah Tangga,Solo,Transfer Bank,261143
O13116,3,Makanan,Purworejo,Kartu Kredit,350833
O13117,5,Fashion,Semarang,Transfer Bank,217263
O13118,18,Elektronik,Solo,COD,164656
O13119,12,Makanan,Magelang,Transfer Bank,64692
O13120,6,Elektronik,Purworejo,Kartu Kredit,346593
O13121,10,Makanan,Magelang,COD,162671
O13122,11,Elektronik,Solo,Transfer Bank,66845
O13123,7,Rumah Tangga,Yogyakarta,Kartu Kredit,412465
O13124,5,Kesehatan,Magelang,Kartu Kredit,134379
O13125,18,Elektronik,Purworejo,Transfer Bank,339164
O13126,13,Fashion,Yogyakarta,E-Wallet,68250
O13127,10,Makanan,Yogyakarta,COD,314680
O13128,5,Kesehatan,Purworejo,E-Wallet,459650
O13129,15,Rumah Tangga,Semarang,Kartu Kredit,172583
O13130,12,Rumah Tangga,Yogyakarta,COD,163043
O13131,8,Fashion,Solo,E-Wallet,173908
O13132,19,Elektronik,Yogyakarta,COD,191047
O13133,6,Elektronik,Magelang,Transfer Bank,214700
O13134,20,Rumah Tangga,Yogyakarta,E-Wallet,385999
O13135,9,Kesehatan,Purworejo,E-Wallet,349977
O13136,15,Makanan,Magelang,Kartu Kredit,146887
O13137,13,Fashion,Solo,Kartu Kredit,375609
O13138,10,Elektronik,Solo,Transfer Bank,450375
O13139,1,Rumah Tangga,Yogyakarta,Kartu Kredit,435416
O13140,15,Kesehatan,Magelang,E-Wallet,169668
O13141,18,Fashion,Magelang,COD,69506
O13142,1,Elektronik,Magelang,E-Wallet,341279
O13143,4,Kesehatan,Semarang,Kartu Kredit,180393
O13144,9,Makanan,Yogyakarta,Transfer Bank,209125
O13145,13,Makanan,Yogyakarta,E-Wallet,227927
O13146,16,Elektronik,Solo,Transfer Bank,293861
O13147,3,Kesehatan,Yogyakarta,E-Wallet,390667
O13148,10,Kesehatan,Solo,E-Wallet,250813
O13149,12,Fashion,Purworejo,Transfer Bank,140124
O13150,8,Fashion,Semarang,E-Wallet,486571
O13151,12,Fashion,Magelang,Kartu Kredit,136019
O13152,12,Kesehatan,Semarang,Kartu Kredit,298573
O13153,2,Fashion,Solo,COD,283826
O13154,17,Elektronik,Purworejo,COD,263776
O13155,7,Makanan,Solo,Kartu Kredit,344544
O13156,1,Makanan,Semarang,E-Wallet,276768
O13157,10,Rumah Tangga,Magelang,COD,236003
O13158,5,Makanan,Purworejo,COD,195156
O13159,15,Rumah Tangga,Purworejo,Kartu Kredit,419074
O13160,12,Rumah Tangga,Yogyakarta,Transfer Bank,385556
O13161,2,Makanan,Purworejo,E-Wallet,326179
O13162,14,Rumah Tangga,Solo,E-Wallet,284541
O13163,6,Rumah Tangga,Purworejo,Kartu Kredit,349155
O13164,4,Rumah Tangga,Yogyakarta,COD,150063
O13165,12,Fashion,Purworejo,Transfer Bank,165522
O13166,16,Rumah Tangga,Purworejo,COD,193087
O13167,13,Fashion,Magelang,COD,362343
O13168,18,Makanan,Solo,Transfer Bank,438464
O13169,17,Rumah Tangga,Solo,Transfer Bank,389439
O13170,18,Makanan,Yogyakarta,Transfer Bank,303050
O13171,4,Fashion,Purworejo,Transfer Bank,59805
O13172,16,Fashion,Purworejo,COD,174627
O13173,17,Fashion,Purworejo,Transfer Bank,427193
O13174,10,Elektronik,Magelang,Transfer Bank,102694
O13175,11,Fashion,Solo,Kartu Kredit,174611
O13176,2,Rumah Tangga,Magelang,COD,107706
O13177,1,Kesehatan,Purworejo,Kartu Kredit,71949
O13178,19,Fashion,Yogyakarta,E-Wallet,195992
O13179,12,Rumah Tangga,Solo,Transfer Bank,93707
O13180,4,Kesehatan,Yogyakarta,Kartu Kredit,432855
O13181,20,Elektronik,Semarang,E-Wallet,434539
O13182,13,Kesehatan,Solo,COD,395256
O13183,12,Kesehatan,Yogyakarta,COD,318267
O13184,13,Kesehatan,Yogyakarta,Transfer Bank,413214
O13185,14,Kesehatan,Semarang,COD,386409
O13186,8,Fashion,Semarang,Kartu Kredit,83694
O13187,2,Kesehatan,Magelang,COD,362563
O13188,9,Elektronik,Magelang,COD,478753
O13189,14,Fashion,Purworejo,Transfer Bank,349860
O13190,10,Kesehatan,Semarang,COD,437831
O13191,15,Kesehatan,Magelang,E-Wallet,74569
O13192,7,Makanan,Magelang,COD,187194
O13193,15,Kesehatan,Semarang,COD,94085
O13194,8,Fashion,Semarang,Kartu Kredit,96024
O13195,1,Rumah Tangga,Solo,COD,424611
O13196,20,Rumah Tangga,Solo,COD,93266
O13197,18,Rumah Tangga,Magelang,COD,170417
O13198,18,Elektronik,Magelang,Transfer Bank,90094
O13199,8,Fashion,Yogyakarta,Kartu Kredit,348515
O13200,19,Rumah Tangga,Yogyakarta,Transfer Bank,494097
O13201,7,Fashion,Yogyakarta,Kartu Kredit,101787
O13202,1,Elektronik,Magelang,COD,407196
O13203,3,Kesehatan,Magelang,Kartu Kredit,170709
O13204,19,Fashion,Purworejo,E-Wallet,402335
O13205,19,Elektronik,Purworejo,E-Wallet,498434
O13206,20,Elektronik,Yogyakarta,COD,290618
O13207,5,Fashion,Solo,E-Wallet,410668
O13208,12,Elektronik,Semarang,E-Wallet,168808
O13209,10,Makanan,Semarang,E-Wallet,271545
O13210,19,Rumah Tangga,Magelang,E-Wallet,86456
O13211,13,Rumah Tangga,Semarang,E-Wallet,419569
O13212,19,Fashion,Purworejo,Transfer Bank,308047
O13213,14,Fashion,Solo,E-Wallet,496864
O13214,1,Kesehatan,Solo,Kartu Kredit,408761
O13215,14,Kesehatan,Solo,Transfer Bank,415155
O13216,16,Elektronik,Purworejo,COD,59066
O13217,14,Elektronik,Yogyakarta,Transfer Bank,157009
O13218,11,Elektronik,Yogyakarta,Kartu Kredit,448500
O13219,6,Rumah Tangga,Solo,Kartu Kredit,201738
O13220,6,Elektronik,Semarang,Transfer Bank,149917
O13221,4,Rumah Tangga,Solo,E-Wallet,352835
O13222,8,Fashion,Solo,Transfer Bank,394945
O13223,1,Makanan,Yogyakarta,Kartu Kredit,50241
O13224,11,Fashion,Yogyakarta,Kartu Kredit,292920
O13225,20,Makanan,Purworejo,COD,131608
O13226,8,Makanan,Solo,COD,116130
O13227,16,Elektronik,Yogyakarta,E-Wallet,494310
O13228,3,Elektronik,Yogyakarta,Kartu Kredit,163891
O13229,19,Fashion,Semarang,Transfer Bank,332869
O13230,20,Makanan,Solo,E-Wallet,146196
O13231,7,Elektronik,Solo,Kartu Kredit,239674
O13232,15,Kesehatan,Purworejo,E-Wallet,244113
O13233,11,Kesehatan,Purworejo,COD,360539
O13234,11,Rumah Tangga,Purworejo,COD,243375
O13235,1,Fashion,Solo,Transfer Bank,408783
O13236,2,Kesehatan,Yogyakarta,COD,180679
O13237,11,Kesehatan,Semarang,E-Wallet,70541
O13238,20,Kesehatan,Solo,E-Wallet,338503
O13239,16,Kesehatan,Yogyakarta,Kartu Kredit,179569
O13240,15,Elektronik,Semarang,Transfer Bank,431417
O13241,3,Makanan,Semarang,COD,342124
O13242,6,Rumah Tangga,Solo,COD,406653
O13243,8,Elektronik,Semarang,E-Wallet,116484
O13244,18,Fashion,Solo,COD,165466
O13245,6,Makanan,Solo,Kartu Kredit,355698
O13246,11,Makanan,Magelang,E-Wallet,52550
O13247,14,Makanan,Yogyakarta,E-Wallet,252474
O13248,15,Kesehatan,Solo,E-Wallet,141649
O13249,4,Rumah Tangga,Solo,COD,136397
O13250,6,Elektronik,Magelang,E-Wallet,308204
O13251,8,Fashion,Yogyakarta,Transfer Bank,199873
O13252,13,Elektronik,Purworejo,COD,279381
O13253,19,Fashion,Semarang,Kartu Kredit,452323
O13254,15,Kesehatan,Semarang,E-Wallet,431887
O13255,16,Rumah Tangga,Semarang,Kartu Kredit,240131
O13256,2,Kesehatan,Magelang,E-Wallet,326550
O13257,13,Fashion,Semarang,Kartu Kredit,470678
O13258,17,Fashion,Semarang,Kartu Kredit,176635
O13259,3,Elektronik,Semarang,COD,158235
O13260,20,Kesehatan,Purworejo,COD,421666
O13261,11,Kesehatan,Solo,Transfer Bank,416115
O13262,20,Fashion,Solo,Kartu Kredit,149126
O13263,15,Kesehatan,Solo,COD,462903
O13264,2,Rumah Tangga,Magelang,Kartu Kredit,474369
O13265,7,Makanan,Solo,E-Wallet,113032
O13266,11,Rumah Tangga,Yogyakarta,COD,295891
O13267,20,Rumah Tangga,Solo,E-Wallet,191142
O13268,19,Kesehatan,Purworejo,Transfer Bank,144565
O13269,4,Rumah Tangga,Yogyakarta,Transfer Bank,330197
O13270,13,Kesehatan,Purworejo,Kartu Kredit,62465
O13271,13,Elektronik,Magelang,Kartu Kredit,295108
O13272,15,Rumah Tangga,Semarang,E-Wallet,82264
O13273,10,Elektronik,Purworejo,COD,174609
O13274,12,Fashion,Magelang,Transfer Bank,341917
O13275,15,Elektronik,Solo,Kartu Kredit,232960
O13276,5,Makanan,Purworejo,E-Wallet,274898
O13277,4,Kesehatan,Purworejo,Transfer Bank,389159
O13278,15,Rumah Tangga,Semarang,E-Wallet,475297
O13279,6,Elektronik,Solo,Kartu Kredit,171818
O13280,11,Rumah Tangga,Magelang,Transfer Bank,335880
O13281,3,Fashion,Purworejo,Transfer Bank,254106
O13282,19,Rumah Tangga,Solo,Kartu Kredit,407655
O13283,1,Makanan,Purworejo,Kartu Kredit,57884
O13284,18,Rumah Tangga,Purworejo,E-Wallet,79349
O13285,19,Elektronik,Solo,Kartu Kredit,53688
O13286,17,Makanan,Solo,Kartu Kredit,328548
O13287,19,Fashion,Yogyakarta,COD,201547
O13288,19,Elektronik,Solo,Kartu Kredit,201010
O13289,10,Fashion,Semarang,Kartu Kredit,68391
O13290,9,Kesehatan,Magelang,Transfer Bank,207578
O13291,4,Rumah Tangga,Magelang,Transfer Bank,269887
O13292,5,Fashion,Yogyakarta,COD,205352
O13293,2,Fashion,Magelang,COD,142109
O13294,3,Fashion,Purworejo,Transfer Bank,401819
O13295,13,Makanan,Purworejo,E-Wallet,409605
O13296,12,Makanan,Semarang,E-Wallet,180001
O13297,9,Rumah Tangga,Purworejo,E-Wallet,438793
O13298,19,Kesehatan,Magelang,COD,296318
O13299,16,Kesehatan,Solo,E-Wallet,393990
O13300,14,Rumah Tangga,Semarang,E-Wallet,67535
O13301,19,Rumah Tangga,Solo,Kartu Kredit,143859
O13302,4,Fashion,Magelang,E-Wallet,457468
O13303,7,Makanan,Solo,COD,243426
O13304,3,Rumah Tangga,Purworejo,COD,319561
O13305,15,Kesehatan,Purworejo,E-Wallet,400569
O13306,4,Rumah Tangga,Purworejo,COD,229727
O13307,8,Rumah Tangga,Magelang,Kartu Kredit,313811
O13308,15,Rumah Tangga,Yogyakarta,Transfer Bank,95165
O13309,9,Kesehatan,Purworejo,Transfer Bank,170026
O13310,19,Fashion,Yogyakarta,Transfer Bank,231064
O13311,2,Rumah Tangga,Solo,Kartu Kredit,177820
O13312,3,Rumah Tangga,Solo,E-Wallet,374165
O13313,10,Fashion,Solo,Transfer Bank,433305
O13314,7,Elektronik,Solo,COD,492885
O13315,5,Makanan,Purworejo,Kartu Kredit,207296
O13316,15,Elektronik,Purworejo,Kartu Kredit,50390
O13317,14,Makanan,Semarang,COD,240362
O13318,7,Elektronik,Magelang,COD,374386
O13319,19,Elektronik,Semarang,Kartu Kredit,57845
O13320,5,Kesehatan,Yogyakarta,Transfer Bank,400559
O13321,16,Fashion,Magelang,COD,276124
O13322,16,Elektronik,Magelang,Kartu Kredit,317024
O13323,8,Kesehatan,Purworejo,Kartu Kredit,94157
O13324,15,Fashion,Purworejo,Transfer Bank,454984
O13325,2,Rumah Tangga,Purworejo,COD,378431
O13326,15,Fashion,Yogyakarta,Kartu Kredit,497698
O13327,1,Kesehatan,Magelang,COD,134140
O13328,8,Fashion,Yogyakarta,COD,441898
O13329,18,Kesehatan,Purworejo,COD,476745
O13330,10,Fashion,Magelang,Kartu Kredit,374741
O13331,8,Makanan,Yogyakarta,Transfer Bank,394956
O13332,15,Rumah Tangga,Magelang,E-Wallet,478714
O13333,14,Rumah Tangga,Semarang,E-Wallet,377586
O13334,3,Elektronik,Solo,Transfer Bank,337368
O13335,20,Rumah Tangga,Yogyakarta,Transfer Bank,483137
O13336,14,Elektronik,Yogyakarta,Kartu Kredit,446495
O13337,4,Fashion,Purworejo,COD,73037
O13338,9,Makanan,Magelang,COD,209718
O13339,17,Elektronik,Magelang,E-Wallet,154947
O13340,7,Kesehatan,Purworejo,COD,244903
O13341,9,Kesehatan,Semarang,E-Wallet,304564
O13342,13,Elektronik,Purworejo,Kartu Kredit,138610
O13343,6,Fashion,Magelang,COD,304991
O13344,16,Makanan,Solo,E-Wallet,475584
O13345,7,Makanan,Semarang,Kartu Kredit,342181
O13346,3,Rumah Tangga,Solo,Kartu Kredit,335469
O13347,4,Rumah Tangga,Solo,COD,259035
O13348,20,Makanan,Solo,Kartu Kredit,441361
O13349,9,Elektronik,Semarang,Kartu Kredit,232446
O13350,7,Makanan,Magelang,Transfer Bank,182712
O13351,3,Kesehatan,Purworejo,Kartu Kredit,391430
O13352,14,Makanan,Purworejo,E-Wallet,176324
O13353,2,Elektronik,Semarang,Transfer Bank,169633
O13354,17,Kesehatan,Magelang,Transfer Bank,352003
O13355,15,Fashion,Yogyakarta,E-Wallet,385961
O13356,12,Fashion,Solo,Transfer Bank,275480
O13357,15,Kesehatan,Magelang,COD,389330
O13358,5,Fashion,Purworejo,Kartu Kredit,207398
O13359,4,Elektronik,Yogyakarta,COD,195990
O13360,13,Makanan,Magelang,Kartu Kredit,248382
O13361,10,Elektronik,Semarang,Kartu Kredit,360820
O13362,1,Fashion,Solo,Transfer Bank,205037
O13363,17,Elektronik,Magelang,E-Wallet,310363
O13364,16,Rumah Tangga,Solo,Kartu Kredit,181146
O13365,12,Fashion,Solo,COD,206331
O13366,6,Kesehatan,Purworejo,E-Wallet,102641
O13367,17,Elektronik,Purworejo,Transfer Bank,197304
O13368,8,Kesehatan,Semarang,Transfer Bank,307507
O13369,1,Kesehatan,Semarang,Transfer Bank,184485
O13370,8,Fashion,Magelang,Transfer Bank,344600
O13371,19,Kesehatan,Yogyakarta,E-Wallet,389291
O13372,6,Fashion,Solo,Transfer Bank,186544
O13373,3,Elektronik,Yogyakarta,COD,253684
O13374,14,Elektronik,Solo,E-Wallet,133918
O13375,16,Kesehatan,Solo,Kartu Kredit,200920
O13376,6,Rumah Tangga,Purworejo,Kartu Kredit,486246
O13377,13,Makanan,Purworejo,E-Wallet,381691
O13378,1,Rumah Tangga,Yogyakarta,Transfer Bank,371260
O13379,8,Fashion,Semarang,COD,478777
O13380,16,Makanan,Semarang,COD,81121
O13381,16,Makanan,Solo,E-Wallet,212178
O13382,1,Kesehatan,Purworejo,Transfer Bank,91649
O13383,11,Makanan,Purworejo,E-Wallet,202525
O13384,20,Elektronik,Semarang,E-Wallet,420557
O13385,1,Kesehatan,Solo,Kartu Kredit,77314
O13386,7,Fashion,Yogyakarta,Transfer Bank,419433
O13387,6,Kesehatan,Magelang,COD,296898
O13388,13,Makanan,Purworejo,Transfer Bank,121517
O13389,15,Rumah Tangga,Purworejo,E-Wallet,256465
O13390,2,Makanan,Yogyakarta,Kartu Kredit,225833
O13391,4,Makanan,Yogyakarta,Kartu Kredit,444141
O13392,15,Fashion,Semarang,COD,172643
O13393,4,Rumah Tangga,Purworejo,Kartu Kredit,301958
O13394,2,Kesehatan,Magelang,Transfer Bank,62704
O13395,7,Fashion,Yogyakarta,COD,88585
O13396,20,Fashion,Semarang,Transfer Bank,150779
O13397,19,Fashion,Purworejo,Transfer Bank,165026
O13398,15,Fashion,Semarang,COD,376748
O13399,18,Kesehatan,Purworejo,Kartu Kredit,74415
O13400,5,Fashion,Purworejo,COD,484250
O13401,2,Kesehatan,Solo,COD,233806
O13402,5,Rumah Tangga,Yogyakarta,Kartu Kredit,314627
O13403,4,Kesehatan,Magelang,COD,74525
O13404,13,Elektronik,Purworejo,COD,271437
O13405,1,Elektronik,Magelang,COD,146651
O13406,17,Kesehatan,Yogyakarta,Kartu Kredit,423376
O13407,9,Fashion,Yogyakarta,Transfer Bank,425681
O13408,8,Rumah Tangga,Yogyakarta,E-Wallet,248372
O13409,17,Fashion,Purworejo,COD,87065
O13410,18,Elektronik,Purworejo,Kartu Kredit,349637
O13411,4,Fashion,Semarang,Kartu Kredit,189972
O13412,8,Kesehatan,Magelang,COD,396505
O13413,11,Fashion,Magelang,COD,99591
O13414,3,Fashion,Magelang,Transfer Bank,372841
O13415,2,Kesehatan,Magelang,Kartu Kredit,260734
O13416,10,Kesehatan,Yogyakarta,COD,238629
O13417,14,Rumah Tangga,Solo,Transfer Bank,239776
O13418,2,Fashion,Yogyakarta,Kartu Kredit,139059
O13419,5,Makanan,Yogyakarta,COD,325099
O13420,13,Elektronik,Magelang,COD,433725
O13421,11,Kesehatan,Magelang,COD,277589
O13422,15,Kesehatan,Solo,Transfer Bank,223102
O13423,18,Kesehatan,Yogyakarta,Transfer Bank,301498
O13424,11,Makanan,Yogyakarta,Transfer Bank,462582
O13425,4,Elektronik,Purworejo,Kartu Kredit,187020
O13426,9,Makanan,Yogyakarta,Transfer Bank,401947
O13427,10,Fashion,Purworejo,COD,74058
O13428,9,Elektronik,Purworejo,COD,205304
O13429,13,Elektronik,Purworejo,E-Wallet,269333
O13430,15,Rumah Tangga,Solo,Transfer Bank,367721
O13431,4,Elektronik,Purworejo,Kartu Kredit,470902
O13432,11,Kesehatan,Yogyakarta,Kartu Kredit,389729
O13433,6,Fashion,Magelang,COD,234400
O13434,11,Kesehatan,Magelang,E-Wallet,205002
O13435,14,Elektronik,Purworejo,COD,314222
O13436,3,Rumah Tangga,Magelang,COD,312380
O13437,11,Kesehatan,Purworejo,Kartu Kredit,420539
O13438,20,Fashion,Yogyakarta,Kartu Kredit,370648
O13439,17,Makanan,Solo,Transfer Bank,178780
O13440,5,Elektronik,Yogyakarta,E-Wallet,231012
O13441,11,Rumah Tangga,Semarang,COD,359855
O13442,10,Fashion,Magelang,Transfer Bank,237129
O13443,19,Makanan,Purworejo,Transfer Bank,246836
O13444,8,Fashion,Purworejo,COD,399892
O13445,19,Elektronik,Yogyakarta,Transfer Bank,201772
O13446,4,Fashion,Purworejo,Kartu Kredit,491686
O13447,20,Rumah Tangga,Solo,E-Wallet,102324
O13448,3,Elektronik,Solo,COD,465586
O13449,12,Makanan,Yogyakarta,COD,237974
O13450,18,Kesehatan,Purworejo,E-Wallet,170525
O13451,6,Fashion,Solo,COD,122948
O13452,10,Rumah Tangga,Solo,COD,302233
O13453,17,Rumah Tangga,Semarang,E-Wallet,217016
O13454,5,Elektronik,Semarang,Transfer Bank,432717
O13455,18,Elektronik,Solo,Transfer Bank,271451
O13456,19,Elektronik,Solo,E-Wallet,372104
O13457,15,Makanan,Magelang,COD,116444
O13458,19,Rumah Tangga,Yogyakarta,Transfer Bank,270539
O13459,16,Makanan,Yogyakarta,Transfer Bank,448434
O13460,11,Elektronik,Magelang,Transfer Bank,204301
O13461,3,Rumah Tangga,Solo,E-Wallet,475084
O13462,13,Elektronik,Solo,E-Wallet,384626
O13463,12,Rumah Tangga,Magelang,Transfer Bank,175049
O13464,7,Makanan,Semarang,Kartu Kredit,413614
O13465,8,Kesehatan,Purworejo,E-Wallet,321488
O13466,9,Elektronik,Yogyakarta,E-Wallet,353814
O13467,13,Rumah Tangga,Purworejo,Kartu Kredit,383067
O13468,6,Fashion,Purworejo,Kartu Kredit,494869
O13469,11,Elektronik,Magelang,Transfer Bank,200709
O13470,16,Fashion,Yogyakarta,E-Wallet,190387
O13471,12,Fashion,Solo,COD,166108
O13472,16,Fashion,Purworejo,Transfer Bank,297306
O13473,17,Rumah Tangga,Semarang,Transfer Bank,377946
O13474,3,Rumah Tangga,Solo,COD,136183
O13475,16,Fashion,Purworejo,COD,469653
O13476,2,Elektronik,Purworejo,Kartu Kredit,301143
O13477,6,Makanan,Magelang,E-Wallet,165263
O13478,18,Makanan,Solo,COD,311134
O13479,7,Kesehatan,Semarang,Transfer Bank,183970
O13480,4,Makanan,Semarang,Transfer Bank,205293
O13481,13,Rumah Tangga,Magelang,E-Wallet,251410
O13482,10,Fashion,Purworejo,COD,481702
O13483,9,Fashion,Magelang,COD,441448
O13484,20,Rumah Tangga,Purworejo,Kartu Kredit,156900
O13485,17,Elektronik,Yogyakarta,COD,312966
O13486,18,Makanan,Semarang,COD,242753
O13487,9,Rumah Tangga,Semarang,Kartu Kredit,189500
O13488,8,Makanan,Yogyakarta,E-Wallet,138287
O13489,18,Rumah Tangga,Solo,COD,210758
O13490,16,Rumah Tangga,Solo,COD,321996
O13491,17,Rumah Tangga,Yogyakarta,E-Wallet,498708
O13492,8,Fashion,Semarang,Transfer Bank,216297
O13493,12,Makanan,Yogyakarta,COD,71456
O13494,2,Rumah Tangga,Semarang,Transfer Bank,468491
O13495,2,Fashion,Yogyakarta,COD,438668
O13496,14,Makanan,Purworejo,E-Wallet,344881
O13497,15,Elektronik,Solo,COD,127594
O13498,1,Fashion,Yogyakarta,Transfer Bank,469882
O13499,9,Fashion,Magelang,E-Wallet,322379
O13500,7,Elektronik,Yogyakarta,Kartu Kredit,258099
O13501,10,Rumah Tangga,Solo,Transfer Bank,191713
O13502,13,Elektronik,Yogyakarta,E-Wallet,59742
O13503,7,Fashion,Yogyakarta,Kartu Kredit,272702
O13504,8,Kesehatan,Yogyakarta,COD,260562
O13505,12,Elektronik,Yogyakarta,E-Wallet,473493
O13506,5,Fashion,Purworejo,Kartu Kredit,415675
O13507,12,Makanan,Solo,E-Wallet,383736
O13508,8,Kesehatan,Yogyakarta,Kartu Kredit,288981
O13509,20,Rumah Tangga,Magelang,COD,449898
O13510,17,Kesehatan,Solo,Kartu Kredit,109087
O13511,13,Elektronik,Solo,Transfer Bank,84255
O13512,2,Kesehatan,Solo,Kartu Kredit,255481
O13513,7,Fashion,Magelang,Transfer Bank,224236
O13514,2,Fashion,Yogyakarta,COD,375922
O13515,16,Elektronik,Yogyakarta,E-Wallet,257211
O13516,9,Rumah Tangga,Magelang,COD,177634
O13517,10,Makanan,Yogyakarta,COD,404107
O13518,13,Kesehatan,Magelang,COD,69578
O13519,3,Makanan,Semarang,Kartu Kredit,302676
O13520,18,Fashion,Purworejo,Transfer Bank,101384
O13521,4,Makanan,Solo,Transfer Bank,286603
O13522,10,Kesehatan,Solo,COD,357894
O13523,8,Rumah Tangga,Purworejo,Transfer Bank,70775
O13524,17,Rumah Tangga,Magelang,E-Wallet,344023
O13525,18,Makanan,Solo,COD,331181
O13526,1,Elektronik,Purworejo,COD,365695
O13527,19,Kesehatan,Semarang,Transfer Bank,338743
O13528,7,Fashion,Semarang,E-Wallet,405885
O13529,7,Rumah Tangga,Yogyakarta,E-Wallet,311175
O13530,5,Rumah Tangga,Yogyakarta,E-Wallet,326563
O13531,6,Rumah Tangga,Solo,Transfer Bank,253008
O13532,7,Rumah Tangga,Purworejo,E-Wallet,248229
O13533,12,Fashion,Magelang,Kartu Kredit,97758
O13534,10,Kesehatan,Magelang,Kartu Kredit,492207
O13535,18,Kesehatan,Semarang,Transfer Bank,487722
O13536,12,Makanan,Solo,Kartu Kredit,363216
O13537,20,Makanan,Semarang,COD,447333
O13538,9,Rumah Tangga,Yogyakarta,COD,159381
O13539,11,Rumah Tangga,Semarang,COD,336013
O13540,5,Elektronik,Yogyakarta,Kartu Kredit,223633
O13541,2,Kesehatan,Purworejo,E-Wallet,264636
O13542,8,Kesehatan,Yogyakarta,Kartu Kredit,430422
O13543,16,Makanan,Semarang,E-Wallet,232532
O13544,12,Elektronik,Solo,E-Wallet,325831
O13545,20,Kesehatan,Magelang,E-Wallet,418671
O13546,12,Fashion,Yogyakarta,COD,107389
O13547,18,Rumah Tangga,Purworejo,COD,432854
O13548,15,Fashion,Solo,Kartu Kredit,83820
O13549,10,Rumah Tangga,Yogyakarta,Kartu Kredit,373327
O13550,8,Fashion,Purworejo,E-Wallet,204641
O13551,3,Elektronik,Solo,E-Wallet,263374
O13552,18,Fashion,Magelang,COD,465216
O13553,1,Elektronik,Magelang,Transfer Bank,455493
O13554,15,Fashion,Yogyakarta,Transfer Bank,104526
O13555,12,Makanan,Semarang,Kartu Kredit,108016
O13556,16,Rumah Tangga,Magelang,Transfer Bank,457692
O13557,17,Makanan,Magelang,Kartu Kredit,142338
O13558,5,Elektronik,Magelang,E-Wallet,295088
O13559,17,Makanan,Magelang,E-Wallet,367320
O13560,19,Makanan,Yogyakarta,E-Wallet,306582
O13561,6,Kesehatan,Solo,Transfer Bank,433501
O13562,20,Fashion,Semarang,COD,307783
O13563,9,Fashion,Semarang,E-Wallet,220778
O13564,7,Kesehatan,Magelang,COD,290663
O13565,14,Fashion,Purworejo,Kartu Kredit,54523
O13566,4,Elektronik,Yogyakarta,Kartu Kredit,77718
O13567,19,Rumah Tangga,Yogyakarta,Transfer Bank,93369
O13568,4,Makanan,Purworejo,Transfer Bank,114309
O13569,17,Kesehatan,Yogyakarta,E-Wallet,255295
O13570,2,Elektronik,Purworejo,Transfer Bank,219003
O13571,7,Kesehatan,Yogyakarta,Kartu Kredit,227568
O13572,18,Elektronik,Semarang,COD,429522
O13573,6,Fashion,Purworejo,Transfer Bank,114532
O13574,17,Fashion,Yogyakarta,E-Wallet,399571
O13575,18,Makanan,Purworejo,COD,214776
O13576,1,Makanan,Yogyakarta,COD,463760
O13577,10,Elektronik,Purworejo,COD,331649
O13578,18,Kesehatan,Semarang,Transfer Bank,443445
O13579,6,Elektronik,Solo,Kartu Kredit,268266
O13580,17,Fashion,Solo,Transfer Bank,173807
O13581,5,Kesehatan,Solo,Transfer Bank,372915
O13582,7,Makanan,Yogyakarta,Transfer Bank,442491
O13583,14,Fashion,Purworejo,Kartu Kredit,98777
O13584,11,Makanan,Semarang,COD,110633
O13585,8,Makanan,Yogyakarta,COD,449601
O13586,8,Makanan,Solo,Kartu Kredit,267096
O13587,1,Fashion,Solo,Transfer Bank,320894
O13588,16,Elektronik,Magelang,E-Wallet,377756
O13589,9,Makanan,Solo,Transfer Bank,123923
O13590,11,Rumah Tangga,Magelang,Kartu Kredit,357339
O13591,8,Rumah Tangga,Purworejo,Transfer Bank,152074
O13592,8,Fashion,Solo,Kartu Kredit,361309
O13593,19,Rumah Tangga,Semarang,Kartu Kredit,223131
O13594,19,Fashion,Magelang,COD,136110
O13595,6,Fashion,Purworejo,COD,164528
O13596,13,Fashion,Solo,Transfer Bank,320087
O13597,14,Makanan,Yogyakarta,E-Wallet,485557
O13598,1,Kesehatan,Semarang,Transfer Bank,206891
O13599,15,Rumah Tangga,Solo,Kartu Kredit,463241
O13600,6,Rumah Tangga,Yogyakarta,COD,428205
O13601,10,Elektronik,Solo,Transfer Bank,282819
O13602,1,Kesehatan,Solo,COD,219140
O13603,17,Makanan,Solo,Transfer Bank,257546
O13604,12,Rumah Tangga,Yogyakarta,E-Wallet,374334
O13605,12,Fashion,Semarang,E-Wallet,125907
O13606,19,Makanan,Semarang,Kartu Kredit,117722
O13607,7,Makanan,Purworejo,COD,379969
O13608,7,Kesehatan,Semarang,COD,278818
O13609,19,Makanan,Magelang,Kartu Kredit,316744
O13610,13,Elektronik,Magelang,COD,416457
O13611,9,Fashion,Solo,COD,61032
O13612,10,Kesehatan,Magelang,Transfer Bank,292695
O13613,16,Makanan,Solo,E-Wallet,54768
O13614,15,Elektronik,Solo,COD,162526
O13615,7,Kesehatan,Yogyakarta,COD,280351
O13616,13,Kesehatan,Yogyakarta,COD,122305
O13617,15,Fashion,Semarang,Transfer Bank,56270
O13618,16,Elektronik,Yogyakarta,E-Wallet,444392
O13619,6,Rumah Tangga,Solo,COD,340793
O13620,19,Elektronik,Magelang,Transfer Bank,400245
O13621,12,Fashion,Purworejo,E-Wallet,363629
O13622,16,Kesehatan,Solo,E-Wallet,114679
O13623,14,Makanan,Purworejo,COD,302746
O13624,17,Elektronik,Solo,COD,293660
O13625,18,Elektronik,Semarang,Transfer Bank,355531
O13626,1,Makanan,Semarang,Transfer Bank,53547
O13627,4,Fashion,Semarang,COD,207391
O13628,15,Fashion,Purworejo,Kartu Kredit,482098
O13629,1,Makanan,Yogyakarta,COD,343292
O13630,20,Kesehatan,Magelang,E-Wallet,244348
O13631,18,Rumah Tangga,Yogyakarta,E-Wallet,183968
O13632,13,Makanan,Magelang,Kartu Kredit,84110
O13633,9,Fashion,Yogyakarta,COD,393169
O13634,20,Makanan,Purworejo,COD,241260
O13635,11,Makanan,Magelang,COD,458659
O13636,3,Makanan,Semarang,E-Wallet,370541
O13637,9,Rumah Tangga,Solo,Transfer Bank,153996
O13638,8,Makanan,Semarang,Kartu Kredit,302746
O13639,20,Fashion,Magelang,COD,119992
O13640,12,Kesehatan,Purworejo,E-Wallet,113410
O13641,17,Kesehatan,Solo,E-Wallet,72663
O13642,5,Kesehatan,Magelang,E-Wallet,193577
O13643,19,Elektronik,Semarang,E-Wallet,70864
O13644,3,Makanan,Magelang,Transfer Bank,117487
O13645,11,Fashion,Magelang,COD,262229
O13646,13,Kesehatan,Semarang,Transfer Bank,497579
O13647,9,Makanan,Purworejo,E-Wallet,126420
O13648,7,Makanan,Purworejo,Kartu Kredit,109307
O13649,13,Kesehatan,Magelang,Kartu Kredit,84064
O13650,6,Rumah Tangga,Purworejo,COD,369525
O13651,19,Fashion,Yogyakarta,COD,315908
O13652,3,Elektronik,Yogyakarta,Transfer Bank,155434
O13653,8,Makanan,Solo,E-Wallet,148991
O13654,3,Kesehatan,Purworejo,COD,266681
O13655,5,Kesehatan,Semarang,COD,257454
O13656,3,Kesehatan,Solo,Transfer Bank,364949
O13657,15,Rumah Tangga,Magelang,Kartu Kredit,77885
O13658,5,Kesehatan,Semarang,E-Wallet,443672
O13659,20,Fashion,Semarang,E-Wallet,139059
O13660,14,Fashion,Yogyakarta,COD,219676
O13661,5,Makanan,Semarang,COD,475095
O13662,20,Rumah Tangga,Solo,E-Wallet,97916
O13663,19,Kesehatan,Purworejo,E-Wallet,84152
O13664,1,Elektronik,Purworejo,Transfer Bank,375974
O13665,2,Kesehatan,Semarang,Transfer Bank,441264
O13666,16,Fashion,Magelang,COD,393765
O13667,5,Elektronik,Purworejo,COD,84090
O13668,3,Kesehatan,Semarang,E-Wallet,380768
O13669,13,Fashion,Semarang,E-Wallet,301984
O13670,11,Makanan,Solo,E-Wallet,231965
O13671,20,Kesehatan,Solo,Kartu Kredit,114154
O13672,16,Makanan,Yogyakarta,Kartu Kredit,256027
O13673,17,Elektronik,Magelang,Kartu Kredit,483175
O13674,14,Elektronik,Yogyakarta,Transfer Bank,315246
O13675,6,Elektronik,Semarang,COD,397176
O13676,19,Kesehatan,Yogyakarta,Kartu Kredit,50089
O13677,11,Fashion,Solo,Kartu Kredit,313189
O13678,12,Fashion,Purworejo,Kartu Kredit,54099
O13679,8,Rumah Tangga,Semarang,Kartu Kredit,60918
O13680,3,Kesehatan,Semarang,COD,210183
O13681,19,Makanan,Solo,E-Wallet,264462
O13682,8,Rumah Tangga,Yogyakarta,Kartu Kredit,233776
O13683,4,Rumah Tangga,Solo,E-Wallet,88842
O13684,2,Fashion,Semarang,E-Wallet,311519
O13685,20,Rumah Tangga,Semarang,Transfer Bank,201156
O13686,4,Elektronik,Semarang,Kartu Kredit,54747
O13687,6,Elektronik,Magelang,Kartu Kredit,281900
O13688,7,Elektronik,Purworejo,Kartu Kredit,380137
O13689,20,Fashion,Solo,E-Wallet,353135
O13690,6,Kesehatan,Yogyakarta,E-Wallet,269057
O13691,7,Rumah Tangga,Semarang,COD,120090
O13692,14,Makanan,Semarang,Kartu Kredit,302357
O13693,20,Kesehatan,Semarang,Kartu Kredit,334009
O13694,18,Kesehatan,Solo,Transfer Bank,443666
O13695,9,Kesehatan,Solo,E-Wallet,89058
O13696,1,Rumah Tangga,Magelang,E-Wallet,295057
O13697,7,Rumah Tangga,Solo,E-Wallet,145115
O13698,5,Fashion,Yogyakarta,Kartu Kredit,331151
O13699,4,Fashion,Magelang,Transfer Bank,247384
O13700,6,Elektronik,Yogyakarta,Transfer Bank,135343
O13701,17,Rumah Tangga,Magelang,Transfer Bank,312180
O13702,3,Elektronik,Magelang,COD,52328
O13703,5,Kesehatan,Yogyakarta,Kartu Kredit,257576
O13704,9,Elektronik,Magelang,COD,431753
O13705,10,Kesehatan,Solo,Transfer Bank,386397
O13706,2,Makanan,Purworejo,COD,173556
O13707,7,Fashion,Solo,Transfer Bank,277992
O13708,13,Makanan,Semarang,Kartu Kredit,396217
O13709,4,Rumah Tangga,Magelang,Kartu Kredit,133003
O13710,3,Elektronik,Magelang,COD,318052
O13711,10,Elektronik,Yogyakarta,E-Wallet,56907
O13712,9,Makanan,Purworejo,Kartu Kredit,251683
O13713,11,Makanan,Semarang,E-Wallet,285759
O13714,19,Rumah Tangga,Purworejo,E-Wallet,76268
O13715,19,Fashion,Semarang,Transfer Bank,472557
O13716,19,Elektronik,Yogyakarta,E-Wallet,367281
O13717,19,Makanan,Purworejo,Transfer Bank,208406
O13718,16,Elektronik,Magelang,E-Wallet,129733
O13719,14,Elektronik,Semarang,Transfer Bank,210399
O13720,4,Kesehatan,Solo,Transfer Bank,365285
O13721,11,Makanan,Semarang,E-Wallet,391893
O13722,5,Elektronik,Purworejo,COD,142521
O13723,3,Elektronik,Semarang,Kartu Kredit,82063
O13724,10,Fashion,Semarang,E-Wallet,447779
O13725,7,Elektronik,Solo,COD,189885
O13726,8,Elektronik,Purworejo,Kartu Kredit,116760
O13727,18,Kesehatan,Magelang,Transfer Bank,438445
O13728,4,Rumah Tangga,Semarang,Transfer Bank,473855
O13729,7,Elektronik,Solo,Kartu Kredit,306360
O13730,9,Makanan,Solo,COD,417301
O13731,18,Rumah Tangga,Magelang,E-Wallet,437897
O13732,14,Elektronik,Magelang,Transfer Bank,76874
O13733,3,Rumah Tangga,Purworejo,E-Wallet,222442
O13734,1,Elektronik,Solo,E-Wallet,208951
O13735,16,Kesehatan,Magelang,Kartu Kredit,427892
O13736,4,Rumah Tangga,Semarang,Transfer Bank,299455
O13737,9,Elektronik,Yogyakarta,E-Wallet,215686
O13738,15,Rumah Tangga,Purworejo,E-Wallet,226345
O13739,14,Rumah Tangga,Purworejo,COD,490966
O13740,20,Rumah Tangga,Solo,COD,182504
O13741,3,Fashion,Purworejo,Kartu Kredit,431956
O13742,8,Kesehatan,Semarang,COD,328397
O13743,6,Elektronik,Purworejo,E-Wallet,370807
O13744,4,Makanan,Purworejo,COD,315849
O13745,13,Fashion,Yogyakarta,E-Wallet,95141
O13746,1,Elektronik,Semarang,COD,144430
O13747,14,Elektronik,Solo,E-Wallet,495852
O13748,11,Kesehatan,Semarang,Transfer Bank,393219
O13749,19,Makanan,Solo,E-Wallet,188813
O13750,19,Fashion,Solo,COD,476562
O13751,8,Rumah Tangga,Semarang,COD,297918
O13752,17,Elektronik,Magelang,E-Wallet,309455
O13753,9,Makanan,Solo,COD,368861
O13754,1,Makanan,Yogyakarta,Kartu Kredit,185141
O13755,17,Makanan,Solo,Kartu Kredit,397366
O13756,5,Makanan,Semarang,Transfer Bank,132115
O13757,13,Kesehatan,Magelang,Transfer Bank,230768
O13758,9,Elektronik,Yogyakarta,Kartu Kredit,278659
O13759,2,Fashion,Purworejo,Transfer Bank,259053
O13760,19,Makanan,Magelang,COD,445457
O13761,10,Rumah Tangga,Solo,Transfer Bank,114848
O13762,17,Rumah Tangga,Solo,Kartu Kredit,258131
O13763,11,Makanan,Semarang,COD,69298
O13764,14,Rumah Tangga,Purworejo,COD,357131
O13765,4,Kesehatan,Semarang,Transfer Bank,92362
O13766,2,Elektronik,Solo,COD,310505
O13767,17,Kesehatan,Solo,E-Wallet,371861
O13768,12,Makanan,Solo,COD,142097
O13769,19,Rumah Tangga,Semarang,E-Wallet,333584
O13770,17,Fashion,Semarang,Kartu Kredit,81474
O13771,6,Kesehatan,Yogyakarta,Kartu Kredit,474456
O13772,13,Rumah Tangga,Magelang,E-Wallet,233018
O13773,1,Makanan,Semarang,E-Wallet,358531
O13774,11,Elektronik,Magelang,Kartu Kredit,433035
O13775,7,Kesehatan,Purworejo,Transfer Bank,96363
O13776,14,Rumah Tangga,Purworejo,Transfer Bank,176894
O13777,14,Makanan,Magelang,Transfer Bank,283768
O13778,18,Fashion,Solo,Transfer Bank,477284
O13779,14,Kesehatan,Purworejo,Transfer Bank,74455
O13780,6,Rumah Tangga,Purworejo,E-Wallet,335128
O13781,4,Fashion,Solo,E-Wallet,235926
O13782,3,Elektronik,Purworejo,COD,259284
O13783,16,Makanan,Solo,COD,70883
O13784,8,Rumah Tangga,Yogyakarta,E-Wallet,173456
O13785,12,Elektronik,Solo,E-Wallet,125060
O13786,13,Elektronik,Solo,COD,164494
O13787,19,Makanan,Semarang,Transfer Bank,112391
O13788,10,Fashion,Purworejo,COD,125867
O13789,18,Makanan,Magelang,COD,287613
O13790,7,Elektronik,Magelang,Transfer Bank,399553
O13791,20,Makanan,Yogyakarta,E-Wallet,139793
O13792,18,Fashion,Semarang,COD,435442
O13793,12,Rumah Tangga,Yogyakarta,COD,302130
O13794,15,Elektronik,Magelang,E-Wallet,241019
O13795,2,Rumah Tangga,Semarang,E-Wallet,246161
O13796,15,Makanan,Yogyakarta,COD,136390
O13797,15,Makanan,Semarang,Kartu Kredit,327101
O13798,13,Fashion,Purworejo,E-Wallet,450731
O13799,8,Makanan,Solo,Kartu Kredit,278746
O13800,17,Fashion,Semarang,Kartu Kredit,303870
O13801,7,Fashion,Semarang,E-Wallet,285989
O13802,13,Kesehatan,Purworejo,Transfer Bank,390976
O13803,3,Makanan,Semarang,E-Wallet,368884
O13804,15,Fashion,Solo,Transfer Bank,281008
O13805,18,Kesehatan,Purworejo,Kartu Kredit,266494
O13806,18,Elektronik,Yogyakarta,E-Wallet,364792
O13807,9,Rumah Tangga,Solo,Transfer Bank,461936
O13808,16,Fashion,Magelang,COD,319049
O13809,9,Elektronik,Purworejo,Kartu Kredit,88312
O13810,12,Elektronik,Solo,Transfer Bank,330117
O13811,6,Elektronik,Yogyakarta,E-Wallet,246432
O13812,13,Rumah Tangga,Purworejo,COD,60809
O13813,1,Fashion,Semarang,Transfer Bank,185596
O13814,11,Kesehatan,Yogyakarta,Kartu Kredit,247098
O13815,11,Makanan,Solo,Kartu Kredit,454199
O13816,2,Fashion,Magelang,COD,466108
O13817,12,Makanan,Semarang,E-Wallet,147858
O13818,6,Fashion,Solo,Transfer Bank,461237
O13819,5,Kesehatan,Semarang,COD,255071
O13820,18,Kesehatan,Magelang,Transfer Bank,53594
O13821,3,Fashion,Yogyakarta,Kartu Kredit,332524
O13822,20,Fashion,Yogyakarta,COD,347624
O13823,3,Kesehatan,Magelang,COD,109811
O13824,17,Kesehatan,Purworejo,Transfer Bank,431974
O13825,4,Fashion,Purworejo,Transfer Bank,293273
O13826,17,Rumah Tangga,Solo,COD,338460
O13827,16,Fashion,Solo,E-Wallet,187524
O13828,18,Kesehatan,Solo,E-Wallet,303338
O13829,19,Rumah Tangga,Magelang,COD,201904
O13830,8,Makanan,Purworejo,Transfer Bank,81614
O13831,8,Elektronik,Solo,Transfer Bank,134614
O13832,19,Makanan,Magelang,Transfer Bank,117474
O13833,8,Makanan,Purworejo,E-Wallet,87457
O13834,12,Makanan,Purworejo,E-Wallet,83264
O13835,12,Elektronik,Semarang,Transfer Bank,55143
O13836,14,Makanan,Semarang,Transfer Bank,328654
O13837,3,Rumah Tangga,Purworejo,E-Wallet,119589
O13838,7,Fashion,Semarang,Transfer Bank,442831
O13839,19,Kesehatan,Semarang,Kartu Kredit,212169
O13840,2,Makanan,Semarang,Transfer Bank,416253
O13841,5,Fashion,Semarang,Kartu Kredit,353060
O13842,15,Rumah Tangga,Solo,Kartu Kredit,343881
O13843,12,Elektronik,Semarang,Transfer Bank,97817
O13844,20,Elektronik,Solo,Kartu Kredit,393188
O13845,10,Makanan,Solo,Transfer Bank,299457
O13846,7,Kesehatan,Magelang,Transfer Bank,409839
O13847,2,Kesehatan,Solo,E-Wallet,457127
O13848,7,Fashion,Magelang,Transfer Bank,346925
O13849,2,Rumah Tangga,Yogyakarta,Transfer Bank,115661
O13850,18,Rumah Tangga,Solo,COD,240051
O13851,15,Elektronik,Semarang,COD,430486
O13852,14,Makanan,Solo,Kartu Kredit,222436
O13853,11,Elektronik,Purworejo,E-Wallet,442678
O13854,12,Rumah Tangga,Solo,Kartu Kredit,355607
O13855,19,Elektronik,Purworejo,Transfer Bank,410603
O13856,9,Rumah Tangga,Purworejo,COD,210396
O13857,11,Kesehatan,Yogyakarta,E-Wallet,261497
O13858,17,Kesehatan,Purworejo,Kartu Kredit,256475
O13859,4,Rumah Tangga,Magelang,E-Wallet,417435
O13860,2,Fashion,Magelang,Transfer Bank,130868
O13861,20,Rumah Tangga,Magelang,E-Wallet,163812
O13862,14,Elektronik,Purworejo,Kartu Kredit,171081
O13863,10,Elektronik,Semarang,COD,311961
O13864,17,Makanan,Solo,Transfer Bank,347939
O13865,8,Kesehatan,Solo,COD,172098
O13866,10,Rumah Tangga,Magelang,E-Wallet,192040
O13867,6,Rumah Tangga,Purworejo,COD,200992
O13868,10,Rumah Tangga,Magelang,E-Wallet,494782
O13869,12,Elektronik,Solo,Kartu Kredit,128261
O13870,17,Kesehatan,Semarang,Transfer Bank,330506
O13871,2,Makanan,Purworejo,Kartu Kredit,430833
O13872,8,Elektronik,Magelang,Transfer Bank,167331
O13873,16,Fashion,Solo,Transfer Bank,278428
O13874,13,Makanan,Magelang,E-Wallet,166067
O13875,13,Elektronik,Solo,Transfer Bank,219919
O13876,19,Makanan,Magelang,Transfer Bank,52154
O13877,17,Fashion,Purworejo,Transfer Bank,226068
O13878,7,Kesehatan,Yogyakarta,COD,94916
O13879,20,Rumah Tangga,Magelang,COD,141121
O13880,17,Makanan,Yogyakarta,E-Wallet,136035
O13881,10,Fashion,Magelang,Kartu Kredit,91111
O13882,12,Elektronik,Magelang,Transfer Bank,363464
O13883,7,Kesehatan,Semarang,Transfer Bank,427921
O13884,20,Fashion,Purworejo,Transfer Bank,324879
O13885,9,Elektronik,Semarang,E-Wallet,138458
O13886,4,Makanan,Yogyakarta,Kartu Kredit,196069
O13887,6,Fashion,Purworejo,Transfer Bank,125615
O13888,15,Elektronik,Magelang,COD,258858
O13889,2,Rumah Tangga,Magelang,Transfer Bank,445551
O13890,18,Elektronik,Purworejo,E-Wallet,197975
O13891,2,Makanan,Semarang,Transfer Bank,265553
O13892,10,Fashion,Purworejo,COD,62795
O13893,10,Fashion,Magelang,COD,83604
O13894,15,Fashion,Purworejo,Transfer Bank,61992
O13895,6,Makanan,Purworejo,E-Wallet,389594
O13896,4,Fashion,Semarang,Kartu Kredit,216765
O13897,16,Rumah Tangga,Yogyakarta,Kartu Kredit,276551
O13898,7,Fashion,Purworejo,E-Wallet,366920
O13899,3,Kesehatan,Solo,E-Wallet,474969
O13900,6,Makanan,Purworejo,E-Wallet,481104
O13901,19,Kesehatan,Magelang,Kartu Kredit,250922
O13902,6,Rumah Tangga,Magelang,Transfer Bank,264982
O13903,5,Elektronik,Purworejo,Transfer Bank,393124
O13904,17,Makanan,Magelang,Kartu Kredit,213967
O13905,16,Makanan,Semarang,Transfer Bank,252853
O13906,10,Fashion,Magelang,COD,276986
O13907,12,Makanan,Magelang,Transfer Bank,313754
O13908,19,Fashion,Solo,Transfer Bank,369304
O13909,17,Fashion,Semarang,E-Wallet,288177
O13910,20,Makanan,Semarang,E-Wallet,175240
O13911,20,Elektronik,Yogyakarta,Transfer Bank,271567
O13912,10,Fashion,Semarang,E-Wallet,447314
O13913,20,Makanan,Yogyakarta,Kartu Kredit,165268
O13914,6,Makanan,Semarang,Transfer Bank,381594
O13915,16,Rumah Tangga,Solo,E-Wallet,79579
O13916,14,Rumah Tangga,Yogyakarta,E-Wallet,180879
O13917,7,Rumah Tangga,Magelang,COD,249720
O13918,19,Makanan,Purworejo,Kartu Kredit,186409
O13919,2,Elektronik,Yogyakarta,Kartu Kredit,183633
O13920,19,Fashion,Purworejo,E-Wallet,93011
O13921,20,Elektronik,Magelang,COD,112994
O13922,19,Makanan,Yogyakarta,Transfer Bank,182910
O13923,5,Kesehatan,Purworejo,Transfer Bank,381539
O13924,3,Elektronik,Semarang,Kartu Kredit,407458
O13925,19,Fashion,Solo,COD,230248
O13926,10,Elektronik,Solo,E-Wallet,490926
O13927,20,Kesehatan,Magelang,E-Wallet,466042
O13928,8,Rumah Tangga,Magelang,E-Wallet,50921
O13929,14,Elektronik,Purworejo,E-Wallet,209424
O13930,19,Rumah Tangga,Semarang,E-Wallet,195316
O13931,18,Elektronik,Semarang,COD,471472
O13932,18,Elektronik,Semarang,COD,299380
O13933,20,Makanan,Magelang,E-Wallet,52800
O13934,6,Elektronik,Purworejo,Kartu Kredit,219633
O13935,12,Elektronik,Magelang,Transfer Bank,495338
O13936,9,Fashion,Purworejo,Transfer Bank,394665
O13937,7,Kesehatan,Purworejo,E-Wallet,175301
O13938,17,Makanan,Magelang,Transfer Bank,483018
O13939,6,Kesehatan,Solo,COD,112802
O13940,1,Fashion,Magelang,COD,456068
O13941,6,Rumah Tangga,Solo,E-Wallet,154049
O13942,10,Makanan,Magelang,E-Wallet,356787
O13943,11,Rumah Tangga,Solo,Transfer Bank,98160
O13944,18,Fashion,Semarang,COD,123713
O13945,5,Elektronik,Semarang,Transfer Bank,173443
O13946,4,Elektronik,Solo,COD,443489
O13947,3,Rumah Tangga,Semarang,COD,362035
O13948,10,Makanan,Solo,Kartu Kredit,93724
O13949,10,Rumah Tangga,Purworejo,Kartu Kredit,143809
O13950,2,Kesehatan,Yogyakarta,Transfer Bank,240799
O13951,19,Rumah Tangga,Magelang,Kartu Kredit,396537
O13952,15,Rumah Tangga,Solo,COD,277611
O13953,2,Rumah Tangga,Yogyakarta,COD,195979
O13954,2,Rumah Tangga,Purworejo,COD,101867
O13955,6,Makanan,Purworejo,Transfer Bank,416164
O13956,10,Elektronik,Magelang,E-Wallet,404651
O13957,3,Makanan,Yogyakarta,Transfer Bank,388063
O13958,13,Rumah Tangga,Purworejo,COD,55316
O13959,17,Makanan,Semarang,Kartu Kredit,310677
O13960,12,Rumah Tangga,Purworejo,E-Wallet,273588
O13961,10,Elektronik,Purworejo,E-Wallet,425026
O13962,7,Kesehatan,Semarang,COD,305867
O13963,20,Makanan,Purworejo,Transfer Bank,467473
O13964,17,Rumah Tangga,Solo,E-Wallet,317687
O13965,14,Elektronik,Semarang,Kartu Kredit,446200
O13966,17,Makanan,Yogyakarta,COD,355346
O13967,10,Kesehatan,Solo,COD,217313
O13968,3,Rumah Tangga,Purworejo,Transfer Bank,184499
O13969,4,Fashion,Solo,Transfer Bank,251610
O13970,8,Fashion,Solo,Kartu Kredit,349570
O13971,6,Makanan,Purworejo,COD,130169
O13972,10,Fashion,Yogyakarta,Kartu Kredit,356082
O13973,4,Elektronik,Magelang,E-Wallet,327361
O13974,12,Elektronik,Purworejo,COD,464196
O13975,20,Makanan,Yogyakarta,Kartu Kredit,214333
O13976,13,Rumah Tangga,Magelang,Kartu Kredit,357845
O13977,19,Makanan,Magelang,Transfer Bank,362500
O13978,6,Elektronik,Yogyakarta,COD,409155
O13979,14,Fashion,Yogyakarta,Kartu Kredit,477685
O13980,9,Kesehatan,Semarang,E-Wallet,290794
O13981,3,Kesehatan,Magelang,Kartu Kredit,79554
O13982,7,Elektronik,Magelang,E-Wallet,357949
O13983,5,Makanan,Semarang,Kartu Kredit,170568
O13984,14,Makanan,Semarang,Kartu Kredit,320985
O13985,3,Kesehatan,Magelang,Kartu Kredit,278814
O13986,9,Elektronik,Semarang,E-Wallet,451035
O13987,9,Makanan,Solo,E-Wallet,377634
O13988,13,Makanan,Semarang,Kartu Kredit,121211
O13989,11,Elektronik,Purworejo,E-Wallet,322643
O13990,16,Fashion,Purworejo,Kartu Kredit,338227
O13991,11,Kesehatan,Solo,Transfer Bank,404927
O13992,16,Rumah Tangga,Yogyakarta,Transfer Bank,406172
O13993,20,Rumah Tangga,Purworejo,Transfer Bank,59350
O13994,12,Kesehatan,Solo,Kartu Kredit,446955
O13995,9,Rumah Tangga,Yogyakarta,E-Wallet,238513
O13996,19,Makanan,Semarang,E-Wallet,445217
O13997,3,Elektronik,Magelang,COD,290818
O13998,3,Makanan,Solo,COD,226647
O13999,20,Fashion,Solo,E-Wallet,93350
O14000,20,Elektronik,Magelang,Kartu Kredit,360519
O14001,11,Makanan,Semarang,E-Wallet,210992
O14002,20,Makanan,Purworejo,Kartu Kredit,277119
O14003,7,Elektronik,Semarang,E-Wallet,350878
O14004,6,Rumah Tangga,Semarang,E-Wallet,289081
O14005,20,Makanan,Magelang,E-Wallet,242039
O14006,4,Fashion,Purworejo,COD,278115
O14007,13,Makanan,Yogyakarta,COD,367877
O14008,13,Fashion,Semarang,COD,83480
O14009,8,Kesehatan,Purworejo,COD,321293
O14010,17,Fashion,Semarang,Kartu Kredit,60935
O14011,7,Makanan,Semarang,Kartu Kredit,267648
O14012,6,Kesehatan,Purworejo,COD,376612
O14013,8,Elektronik,Solo,E-Wallet,468175
O14014,8,Rumah Tangga,Yogyakarta,Transfer Bank,296264
O14015,20,Rumah Tangga,Magelang,Transfer Bank,378190
O14016,3,Rumah Tangga,Semarang,COD,367427
O14017,7,Fashion,Semarang,Kartu Kredit,190618
O14018,10,Makanan,Semarang,Transfer Bank,212851
O14019,19,Fashion,Magelang,Kartu Kredit,312665
O14020,2,Kesehatan,Solo,COD,329848
O14021,14,Rumah Tangga,Semarang,Kartu Kredit,351696
O14022,17,Kesehatan,Purworejo,E-Wallet,395635
O14023,12,Makanan,Semarang,Transfer Bank,144040
O14024,1,Fashion,Solo,Kartu Kredit,154382
O14025,15,Makanan,Magelang,Transfer Bank,389510
O14026,2,Kesehatan,Solo,COD,76125
O14027,10,Fashion,Yogyakarta,Kartu Kredit,350921
O14028,18,Elektronik,Purworejo,Kartu Kredit,216023
O14029,9,Fashion,Solo,COD,321503
O14030,1,Rumah Tangga,Magelang,Kartu Kredit,487460
O14031,12,Kesehatan,Semarang,COD,83366
O14032,13,Makanan,Purworejo,Kartu Kredit,184459
O14033,15,Elektronik,Yogyakarta,E-Wallet,425691
O14034,4,Fashion,Magelang,COD,261679
O14035,14,Kesehatan,Yogyakarta,Transfer Bank,205191
O14036,15,Rumah Tangga,Semarang,E-Wallet,356105
O14037,7,Rumah Tangga,Magelang,Kartu Kredit,265229
O14038,6,Elektronik,Solo,Transfer Bank,250840
O14039,20,Elektronik,Semarang,COD,482034
O14040,18,Elektronik,Magelang,Transfer Bank,391624
O14041,11,Makanan,Yogyakarta,COD,319832
O14042,6,Elektronik,Semarang,Transfer Bank,291932
O14043,6,Fashion,Purworejo,COD,199644
O14044,13,Elektronik,Semarang,Transfer Bank,323043
O14045,19,Kesehatan,Yogyakarta,COD,57473
O14046,13,Fashion,Magelang,Transfer Bank,468066
O14047,13,Kesehatan,Semarang,COD,280296
O14048,20,Fashion,Magelang,Kartu Kredit,225841
O14049,4,Kesehatan,Solo,COD,304411
O14050,9,Fashion,Solo,E-Wallet,149746
O14051,4,Kesehatan,Solo,E-Wallet,119495
O14052,7,Kesehatan,Magelang,Transfer Bank,296046
O14053,6,Rumah Tangga,Semarang,Transfer Bank,274573
O14054,14,Elektronik,Purworejo,Transfer Bank,297729
O14055,5,Fashion,Solo,Transfer Bank,124196
O14056,1,Fashion,Yogyakarta,COD,133257
O14057,13,Fashion,Purworejo,E-Wallet,317588
O14058,9,Elektronik,Magelang,Transfer Bank,437244
O14059,8,Kesehatan,Semarang,Transfer Bank,336481
O14060,9,Makanan,Solo,Transfer Bank,480224
O14061,15,Rumah Tangga,Solo,COD,200302
O14062,10,Rumah Tangga,Yogyakarta,E-Wallet,135579
O14063,13,Kesehatan,Yogyakarta,COD,215351
O14064,3,Fashion,Magelang,Transfer Bank,120238
O14065,20,Elektronik,Solo,Kartu Kredit,215059
O14066,15,Makanan,Yogyakarta,Kartu Kredit,449336
O14067,19,Makanan,Solo,E-Wallet,486237
O14068,13,Rumah Tangga,Yogyakarta,Transfer Bank,57524
O14069,18,Rumah Tangga,Purworejo,E-Wallet,157943
O14070,20,Fashion,Magelang,COD,189836
O14071,19,Rumah Tangga,Purworejo,E-Wallet,155415
O14072,10,Rumah Tangga,Semarang,Transfer Bank,92018
O14073,7,Rumah Tangga,Yogyakarta,COD,266243
O14074,2,Kesehatan,Purworejo,E-Wallet,392495
O14075,1,Fashion,Yogyakarta,E-Wallet,90860
O14076,13,Elektronik,Purworejo,Transfer Bank,100581
O14077,2,Kesehatan,Purworejo,Kartu Kredit,110155
O14078,8,Rumah Tangga,Magelang,E-Wallet,327807
O14079,3,Elektronik,Purworejo,Kartu Kredit,380367
O14080,12,Rumah Tangga,Magelang,COD,110366
O14081,12,Fashion,Solo,E-Wallet,459743
O14082,12,Fashion,Semarang,E-Wallet,373376
O14083,12,Kesehatan,Magelang,COD,317043
O14084,9,Makanan,Magelang,Transfer Bank,263455
O14085,6,Elektronik,Solo,Transfer Bank,419407
O14086,20,Kesehatan,Magelang,Kartu Kredit,66665
O14087,19,Makanan,Solo,E-Wallet,488236
O14088,14,Kesehatan,Semarang,E-Wallet,257769
O14089,12,Fashion,Semarang,COD,121430
O14090,9,Kesehatan,Magelang,Transfer Bank,271690
O14091,17,Fashion,Yogyakarta,COD,422672
O14092,13,Elektronik,Yogyakarta,Kartu Kredit,144557
O14093,3,Kesehatan,Magelang,Transfer Bank,332052
O14094,16,Makanan,Yogyakarta,E-Wallet,271610
O14095,14,Makanan,Semarang,Transfer Bank,280231
O14096,20,Fashion,Semarang,Kartu Kredit,98007
O14097,8,Rumah Tangga,Yogyakarta,Kartu Kredit,299624
O14098,3,Kesehatan,Solo,COD,210551
O14099,16,Makanan,Solo,COD,214956
O14100,15,Fashion,Magelang,Kartu Kredit,93799
O14101,18,Elektronik,Magelang,E-Wallet,310572
O14102,2,Makanan,Magelang,Kartu Kredit,355543
O14103,2,Makanan,Solo,COD,222980
O14104,15,Kesehatan,Solo,COD,261438
O14105,10,Kesehatan,Solo,E-Wallet,382733
O14106,1,Elektronik,Magelang,E-Wallet,258721
O14107,20,Fashion,Purworejo,COD,189291
O14108,3,Kesehatan,Magelang,Kartu Kredit,379202
O14109,1,Elektronik,Magelang,COD,358784
O14110,4,Elektronik,Solo,E-Wallet,53636
O14111,19,Rumah Tangga,Purworejo,COD,335827
O14112,17,Elektronik,Purworejo,E-Wallet,392107
O14113,11,Fashion,Magelang,COD,452017
O14114,10,Makanan,Purworejo,E-Wallet,298241
O14115,9,Rumah Tangga,Yogyakarta,COD,485995
O14116,17,Kesehatan,Purworejo,E-Wallet,255655
O14117,8,Rumah Tangga,Solo,Transfer Bank,238269
O14118,3,Kesehatan,Semarang,Transfer Bank,478554
O14119,17,Elektronik,Purworejo,Kartu Kredit,385575
O14120,9,Elektronik,Purworejo,E-Wallet,165471
O14121,16,Makanan,Purworejo,E-Wallet,463320
O14122,12,Rumah Tangga,Purworejo,E-Wallet,149868
O14123,6,Fashion,Yogyakarta,Transfer Bank,216075
O14124,12,Rumah Tangga,Purworejo,Kartu Kredit,434589
O14125,19,Makanan,Purworejo,E-Wallet,139903
O14126,12,Fashion,Yogyakarta,Transfer Bank,151219
O14127,18,Kesehatan,Semarang,Kartu Kredit,185158
O14128,9,Elektronik,Solo,Kartu Kredit,52935
O14129,17,Elektronik,Semarang,E-Wallet,399694
O14130,9,Makanan,Purworejo,Transfer Bank,466936
O14131,17,Elektronik,Semarang,Transfer Bank,368032
O14132,6,Makanan,Magelang,COD,141168
O14133,12,Kesehatan,Solo,Kartu Kredit,57867
O14134,15,Elektronik,Semarang,Kartu Kredit,108232
O14135,20,Fashion,Semarang,Transfer Bank,358532
O14136,4,Makanan,Magelang,Kartu Kredit,243112
O14137,10,Rumah Tangga,Yogyakarta,Transfer Bank,440336
O14138,17,Fashion,Magelang,COD,279097
O14139,11,Rumah Tangga,Magelang,Kartu Kredit,237519
O14140,4,Elektronik,Yogyakarta,Kartu Kredit,381918
O14141,12,Elektronik,Yogyakarta,COD,54619
O14142,19,Kesehatan,Yogyakarta,E-Wallet,186685
O14143,3,Elektronik,Semarang,Kartu Kredit,107849
O14144,1,Kesehatan,Solo,E-Wallet,71235
O14145,5,Makanan,Purworejo,E-Wallet,493328
O14146,6,Kesehatan,Purworejo,Kartu Kredit,298651
O14147,9,Kesehatan,Magelang,E-Wallet,449610
O14148,17,Rumah Tangga,Yogyakarta,Kartu Kredit,381165
O14149,9,Kesehatan,Magelang,Transfer Bank,254558
O14150,13,Elektronik,Semarang,COD,95731
O14151,19,Kesehatan,Solo,COD,248296
O14152,11,Fashion,Purworejo,Kartu Kredit,184337
O14153,2,Makanan,Purworejo,Kartu Kredit,289865
O14154,6,Fashion,Solo,Kartu Kredit,202890
O14155,15,Kesehatan,Yogyakarta,E-Wallet,271533
O14156,8,Elektronik,Solo,E-Wallet,299520
O14157,16,Kesehatan,Yogyakarta,Transfer Bank,206365
O14158,12,Kesehatan,Purworejo,Kartu Kredit,414491
O14159,16,Fashion,Magelang,Transfer Bank,337491
O14160,8,Makanan,Solo,Transfer Bank,446454
O14161,4,Rumah Tangga,Purworejo,Transfer Bank,81102
O14162,10,Fashion,Solo,Kartu Kredit,152320
O14163,19,Makanan,Solo,Kartu Kredit,438771
O14164,10,Rumah Tangga,Magelang,Transfer Bank,460308
O14165,18,Fashion,Solo,COD,204762
O14166,1,Rumah Tangga,Purworejo,E-Wallet,308406
O14167,10,Elektronik,Yogyakarta,Transfer Bank,455295
O14168,3,Rumah Tangga,Yogyakarta,E-Wallet,289823
O14169,9,Rumah Tangga,Semarang,Kartu Kredit,216971
O14170,10,Makanan,Semarang,Kartu Kredit,205022
O14171,20,Fashion,Solo,E-Wallet,419620
O14172,1,Elektronik,Yogyakarta,COD,242932
O14173,9,Rumah Tangga,Semarang,COD,430749
O14174,15,Rumah Tangga,Semarang,Kartu Kredit,267674
O14175,9,Elektronik,Semarang,Transfer Bank,352649
O14176,15,Rumah Tangga,Yogyakarta,E-Wallet,285636
O14177,11,Kesehatan,Semarang,COD,384824
O14178,4,Makanan,Yogyakarta,E-Wallet,310583
O14179,15,Fashion,Yogyakarta,E-Wallet,323476
O14180,10,Elektronik,Magelang,E-Wallet,238757
O14181,2,Makanan,Semarang,E-Wallet,440540
O14182,19,Rumah Tangga,Solo,COD,461649
O14183,1,Rumah Tangga,Magelang,Transfer Bank,457160
O14184,15,Makanan,Magelang,COD,147853
O14185,14,Rumah Tangga,Magelang,Kartu Kredit,76956
O14186,7,Kesehatan,Solo,COD,160562
O14187,1,Kesehatan,Semarang,E-Wallet,451317
O14188,19,Kesehatan,Solo,Kartu Kredit,484648
O14189,3,Kesehatan,Solo,Transfer Bank,77358
O14190,15,Makanan,Magelang,Transfer Bank,399981
O14191,15,Rumah Tangga,Purworejo,Transfer Bank,206327
O14192,12,Rumah Tangga,Purworejo,Transfer Bank,323202
O14193,8,Makanan,Solo,COD,188837
O14194,5,Makanan,Semarang,COD,353336
O14195,9,Makanan,Purworejo,Transfer Bank,445180
O14196,7,Makanan,Semarang,COD,269937
O14197,13,Makanan,Magelang,Transfer Bank,82155
O14198,4,Rumah Tangga,Purworejo,COD,116236
O14199,15,Rumah Tangga,Purworejo,Transfer Bank,433369
O14200,12,Elektronik,Yogyakarta,E-Wallet,349275
O14201,13,Rumah Tangga,Purworejo,Kartu Kredit,90825
O14202,1,Kesehatan,Magelang,Transfer Bank,133322
O14203,3,Makanan,Magelang,COD,406232
O14204,11,Rumah Tangga,Magelang,COD,51269
O14205,13,Makanan,Magelang,Transfer Bank,345659
O14206,8,Kesehatan,Solo,COD,272117
O14207,6,Elektronik,Purworejo,E-Wallet,104621
O14208,2,Rumah Tangga,Yogyakarta,Transfer Bank,355942
O14209,20,Makanan,Yogyakarta,COD,187482
O14210,10,Fashion,Solo,COD,242529
O14211,14,Makanan,Purworejo,Kartu Kredit,123960
O14212,17,Fashion,Magelang,Transfer Bank,378428
O14213,5,Makanan,Yogyakarta,COD,498729
O14214,12,Fashion,Yogyakarta,COD,468248
O14215,2,Rumah Tangga,Semarang,COD,160317
O14216,8,Fashion,Semarang,E-Wallet,182139
O14217,11,Makanan,Purworejo,Transfer Bank,83147
O14218,7,Fashion,Purworejo,E-Wallet,248735
O14219,9,Kesehatan,Yogyakarta,Transfer Bank,112129
O14220,8,Elektronik,Magelang,COD,465109
O14221,20,Rumah Tangga,Magelang,COD,168163
O14222,5,Rumah Tangga,Solo,COD,390647
O14223,15,Kesehatan,Yogyakarta,Kartu Kredit,463943
O14224,6,Kesehatan,Yogyakarta,COD,428483
O14225,18,Makanan,Purworejo,COD,148403
O14226,3,Kesehatan,Yogyakarta,Kartu Kredit,127133
O14227,8,Elektronik,Magelang,Kartu Kredit,128473
O14228,15,Elektronik,Semarang,COD,358585
O14229,5,Fashion,Purworejo,E-Wallet,428002
O14230,6,Elektronik,Yogyakarta,COD,464538
O14231,17,Kesehatan,Solo,Kartu Kredit,349432
O14232,12,Kesehatan,Purworejo,E-Wallet,339459
O14233,9,Fashion,Semarang,COD,255514
O14234,6,Makanan,Magelang,Kartu Kredit,495516
O14235,12,Fashion,Magelang,E-Wallet,70417
O14236,14,Makanan,Purworejo,Kartu Kredit,314732
O14237,1,Elektronik,Semarang,E-Wallet,293896
O14238,4,Kesehatan,Solo,Kartu Kredit,389003
O14239,17,Kesehatan,Magelang,E-Wallet,252583
O14240,5,Fashion,Yogyakarta,E-Wallet,181047
O14241,4,Fashion,Yogyakarta,E-Wallet,322641
O14242,11,Fashion,Purworejo,Kartu Kredit,116962
O14243,3,Rumah Tangga,Purworejo,E-Wallet,59314
O14244,9,Elektronik,Magelang,Transfer Bank,93887
O14245,14,Makanan,Yogyakarta,Transfer Bank,109412
O14246,6,Elektronik,Purworejo,COD,428694
O14247,7,Rumah Tangga,Semarang,Kartu Kredit,235220
O14248,8,Fashion,Purworejo,COD,485908
O14249,15,Makanan,Semarang,E-Wallet,132960
O14250,2,Fashion,Yogyakarta,Kartu Kredit,179312
O14251,10,Makanan,Yogyakarta,Transfer Bank,366273
O14252,1,Fashion,Magelang,Transfer Bank,258183
O14253,2,Rumah Tangga,Purworejo,E-Wallet,134743
O14254,3,Elektronik,Solo,Transfer Bank,345852
O14255,2,Makanan,Purworejo,Transfer Bank,87354
O14256,15,Elektronik,Purworejo,Transfer Bank,63401
O14257,16,Elektronik,Purworejo,COD,239163
O14258,15,Elektronik,Yogyakarta,COD,208345
O14259,19,Rumah Tangga,Semarang,E-Wallet,255601
O14260,11,Rumah Tangga,Semarang,Kartu Kredit,371053
O14261,2,Fashion,Solo,Kartu Kredit,81854
O14262,17,Fashion,Purworejo,Kartu Kredit,342932
O14263,1,Rumah Tangga,Magelang,COD,371550
O14264,9,Makanan,Semarang,E-Wallet,433273
O14265,5,Makanan,Purworejo,COD,260029
O14266,6,Fashion,Magelang,E-Wallet,84385
O14267,20,Rumah Tangga,Solo,E-Wallet,424661
O14268,2,Fashion,Yogyakarta,Transfer Bank,112734
O14269,7,Fashion,Yogyakarta,Kartu Kredit,393362
O14270,19,Fashion,Solo,Transfer Bank,364057
O14271,17,Fashion,Magelang,Transfer Bank,143005
O14272,17,Elektronik,Solo,COD,398269
O14273,15,Rumah Tangga,Yogyakarta,Kartu Kredit,489693
O14274,16,Elektronik,Purworejo,Kartu Kredit,222033
O14275,17,Fashion,Yogyakarta,E-Wallet,245963
O14276,11,Kesehatan,Semarang,COD,314563
O14277,18,Elektronik,Solo,Kartu Kredit,212185
O14278,9,Rumah Tangga,Magelang,Transfer Bank,110270
O14279,18,Kesehatan,Magelang,E-Wallet,125450
O14280,16,Rumah Tangga,Yogyakarta,Transfer Bank,56627
O14281,14,Makanan,Yogyakarta,COD,346603
O14282,16,Makanan,Yogyakarta,Transfer Bank,87955
O14283,12,Makanan,Yogyakarta,Transfer Bank,379232
O14284,12,Fashion,Yogyakarta,Kartu Kredit,169969
O14285,2,Elektronik,Purworejo,COD,462655
O14286,12,Kesehatan,Solo,Kartu Kredit,478693
O14287,19,Makanan,Purworejo,Transfer Bank,273906
O14288,18,Elektronik,Solo,E-Wallet,219696
O14289,20,Rumah Tangga,Semarang,E-Wallet,248445
O14290,1,Elektronik,Semarang,Kartu Kredit,179499
O14291,5,Fashion,Purworejo,Kartu Kredit,283161
O14292,9,Elektronik,Purworejo,E-Wallet,210305
O14293,11,Kesehatan,Purworejo,E-Wallet,494930
O14294,19,Kesehatan,Yogyakarta,Kartu Kredit,495632
O14295,12,Makanan,Yogyakarta,Transfer Bank,280380
O14296,8,Fashion,Yogyakarta,COD,71452
O14297,8,Elektronik,Purworejo,E-Wallet,199775
O14298,18,Makanan,Magelang,COD,485956
O14299,18,Kesehatan,Purworejo,Kartu Kredit,484389
O14300,13,Makanan,Solo,Kartu Kredit,383101
O14301,17,Elektronik,Magelang,COD,363132
O14302,8,Kesehatan,Yogyakarta,Kartu Kredit,106825
O14303,16,Fashion,Semarang,COD,439580
O14304,5,Makanan,Yogyakarta,COD,146768
O14305,19,Rumah Tangga,Yogyakarta,Transfer Bank,114256
O14306,13,Kesehatan,Solo,COD,482387
O14307,6,Fashion,Solo,Kartu Kredit,251915
O14308,19,Elektronik,Solo,COD,148401
O14309,12,Kesehatan,Yogyakarta,Kartu Kredit,60847
O14310,6,Elektronik,Solo,E-Wallet,283847
O14311,12,Rumah Tangga,Solo,E-Wallet,391912
O14312,10,Fashion,Purworejo,Transfer Bank,211991
O14313,2,Elektronik,Solo,Kartu Kredit,453261
O14314,1,Rumah Tangga,Semarang,COD,458033
O14315,11,Makanan,Semarang,Transfer Bank,405754
O14316,1,Fashion,Yogyakarta,COD,240427
O14317,8,Makanan,Yogyakarta,E-Wallet,434227
O14318,4,Kesehatan,Yogyakarta,Transfer Bank,323977
O14319,12,Fashion,Semarang,E-Wallet,72078
O14320,11,Makanan,Purworejo,E-Wallet,90925
O14321,5,Kesehatan,Purworejo,Kartu Kredit,112801
O14322,6,Rumah Tangga,Purworejo,E-Wallet,147489
O14323,17,Makanan,Magelang,COD,232426
O14324,1,Elektronik,Solo,COD,208698
O14325,9,Elektronik,Solo,COD,483742
O14326,7,Makanan,Purworejo,E-Wallet,444024
O14327,1,Makanan,Yogyakarta,COD,88442
O14328,11,Makanan,Purworejo,COD,416614
O14329,10,Elektronik,Purworejo,Transfer Bank,227458
O14330,7,Kesehatan,Semarang,E-Wallet,305355
O14331,1,Makanan,Purworejo,E-Wallet,71648
O14332,13,Fashion,Magelang,COD,63680
O14333,3,Elektronik,Purworejo,COD,149993
O14334,4,Fashion,Yogyakarta,E-Wallet,196735
O14335,6,Rumah Tangga,Yogyakarta,Transfer Bank,361005
O14336,8,Kesehatan,Solo,Kartu Kredit,81007
O14337,20,Elektronik,Magelang,Transfer Bank,343800
O14338,16,Elektronik,Yogyakarta,Kartu Kredit,199129
O14339,17,Elektronik,Semarang,Transfer Bank,136855
O14340,5,Fashion,Solo,Kartu Kredit,235169
O14341,18,Elektronik,Magelang,COD,133863
O14342,13,Rumah Tangga,Solo,E-Wallet,54819
O14343,16,Makanan,Yogyakarta,Kartu Kredit,370685
O14344,4,Elektronik,Magelang,E-Wallet,163183
O14345,1,Elektronik,Magelang,Transfer Bank,334946
O14346,14,Fashion,Magelang,COD,164390
O14347,7,Kesehatan,Solo,Transfer Bank,327762
O14348,9,Makanan,Semarang,Transfer Bank,398890
O14349,9,Rumah Tangga,Purworejo,E-Wallet,472192
O14350,18,Elektronik,Magelang,E-Wallet,414390
O14351,20,Fashion,Yogyakarta,Kartu Kredit,377430
O14352,3,Fashion,Solo,E-Wallet,332287
O14353,9,Rumah Tangga,Yogyakarta,Kartu Kredit,79938
O14354,7,Fashion,Yogyakarta,Kartu Kredit,110345
O14355,19,Rumah Tangga,Yogyakarta,E-Wallet,147288
O14356,16,Kesehatan,Magelang,Transfer Bank,285491
O14357,5,Elektronik,Yogyakarta,COD,53963
O14358,14,Rumah Tangga,Magelang,COD,63961
O14359,2,Kesehatan,Yogyakarta,Transfer Bank,380633
O14360,19,Kesehatan,Yogyakarta,Kartu Kredit,487376
O14361,10,Kesehatan,Magelang,Transfer Bank,109967
O14362,4,Kesehatan,Semarang,Kartu Kredit,202544
O14363,19,Fashion,Purworejo,Kartu Kredit,427108
O14364,10,Rumah Tangga,Semarang,Transfer Bank,178594
O14365,20,Makanan,Yogyakarta,Kartu Kredit,75394
O14366,18,Fashion,Solo,COD,128243
O14367,2,Fashion,Purworejo,COD,452387
O14368,3,Elektronik,Magelang,COD,462985
O14369,19,Fashion,Purworejo,COD,125892
O14370,12,Elektronik,Purworejo,Transfer Bank,96504
O14371,16,Elektronik,Yogyakarta,Transfer Bank,378843
O14372,4,Rumah Tangga,Semarang,COD,337167
O14373,16,Makanan,Purworejo,E-Wallet,131845
O14374,4,Kesehatan,Magelang,E-Wallet,179214
O14375,10,Fashion,Solo,COD,330136
O14376,20,Kesehatan,Purworejo,Transfer Bank,296136
O14377,11,Rumah Tangga,Yogyakarta,COD,88454
O14378,14,Elektronik,Semarang,COD,248129
O14379,1,Kesehatan,Magelang,Kartu Kredit,171242
O14380,17,Rumah Tangga,Purworejo,COD,128555
O14381,4,Fashion,Solo,COD,136424
O14382,11,Rumah Tangga,Yogyakarta,Kartu Kredit,343788
O14383,12,Fashion,Yogyakarta,Transfer Bank,145925
O14384,10,Rumah Tangga,Magelang,Transfer Bank,289168
O14385,15,Elektronik,Purworejo,Transfer Bank,473621
O14386,16,Rumah Tangga,Purworejo,E-Wallet,232868
O14387,15,Fashion,Solo,Transfer Bank,65683
O14388,8,Makanan,Yogyakarta,Kartu Kredit,464027
O14389,9,Kesehatan,Solo,Kartu Kredit,441229
O14390,13,Makanan,Magelang,E-Wallet,70441
O14391,19,Makanan,Yogyakarta,E-Wallet,144818
O14392,8,Kesehatan,Solo,COD,387524
O14393,1,Rumah Tangga,Yogyakarta,COD,425803
O14394,20,Kesehatan,Yogyakarta,Transfer Bank,310450
O14395,7,Kesehatan,Purworejo,COD,52353
O14396,1,Makanan,Solo,Kartu Kredit,283272
O14397,1,Rumah Tangga,Magelang,E-Wallet,348501
O14398,6,Elektronik,Purworejo,E-Wallet,79604
O14399,5,Elektronik,Magelang,Kartu Kredit,99383
O14400,11,Makanan,Purworejo,Kartu Kredit,353431
O14401,6,Makanan,Purworejo,Kartu Kredit,396952
O14402,10,Rumah Tangga,Semarang,E-Wallet,178995
O14403,16,Makanan,Purworejo,COD,261560
O14404,9,Makanan,Magelang,E-Wallet,481331
O14405,2,Makanan,Solo,COD,351351
O14406,19,Kesehatan,Semarang,Transfer Bank,73706
O14407,13,Makanan,Semarang,E-Wallet,357937
O14408,20,Makanan,Semarang,Transfer Bank,76180
O14409,4,Fashion,Solo,Kartu Kredit,147971
O14410,15,Elektronik,Purworejo,Kartu Kredit,411354
O14411,6,Kesehatan,Solo,E-Wallet,123314
O14412,20,Fashion,Solo,COD,396594
O14413,6,Makanan,Solo,E-Wallet,96462
O14414,17,Makanan,Purworejo,Kartu Kredit,406127
O14415,9,Fashion,Semarang,E-Wallet,130620
O14416,9,Kesehatan,Magelang,Transfer Bank,179863
O14417,13,Elektronik,Yogyakarta,COD,347490
O14418,3,Makanan,Solo,Kartu Kredit,290270
O14419,19,Elektronik,Magelang,E-Wallet,260806
O14420,19,Rumah Tangga,Solo,Transfer Bank,120531
O14421,13,Elektronik,Purworejo,E-Wallet,385786
O14422,18,Elektronik,Magelang,Transfer Bank,375342
O14423,15,Fashion,Semarang,COD,417194
O14424,9,Rumah Tangga,Purworejo,E-Wallet,113192
O14425,15,Fashion,Yogyakarta,COD,369432
O14426,1,Kesehatan,Magelang,E-Wallet,499701
O14427,19,Kesehatan,Solo,Kartu Kredit,96808
O14428,13,Fashion,Yogyakarta,Transfer Bank,364389
O14429,8,Makanan,Magelang,COD,232347
O14430,16,Elektronik,Yogyakarta,Transfer Bank,57484
O14431,8,Makanan,Purworejo,Transfer Bank,238549
O14432,8,Kesehatan,Magelang,Transfer Bank,192325
O14433,19,Elektronik,Semarang,Transfer Bank,261577
O14434,20,Elektronik,Solo,COD,186904
O14435,7,Kesehatan,Yogyakarta,Kartu Kredit,171977
O14436,5,Elektronik,Semarang,Kartu Kredit,302547
O14437,13,Rumah Tangga,Solo,Kartu Kredit,383880
O14438,3,Elektronik,Semarang,COD,128557
O14439,1,Rumah Tangga,Purworejo,Transfer Bank,285553
O14440,11,Elektronik,Semarang,Transfer Bank,372118
O14441,20,Rumah Tangga,Magelang,Kartu Kredit,94447
O14442,14,Rumah Tangga,Purworejo,E-Wallet,282964
O14443,8,Makanan,Magelang,E-Wallet,314743
O14444,14,Kesehatan,Semarang,E-Wallet,183393
O14445,2,Rumah Tangga,Purworejo,COD,72861
O14446,12,Rumah Tangga,Magelang,E-Wallet,451329
O14447,7,Kesehatan,Magelang,E-Wallet,423341
O14448,12,Elektronik,Magelang,E-Wallet,252052
O14449,10,Makanan,Semarang,Transfer Bank,205115
O14450,10,Fashion,Semarang,E-Wallet,483873
O14451,11,Makanan,Solo,E-Wallet,283273
O14452,2,Fashion,Magelang,Transfer Bank,242732
O14453,7,Makanan,Semarang,Kartu Kredit,114437
O14454,18,Makanan,Solo,E-Wallet,391158
O14455,1,Rumah Tangga,Purworejo,COD,494392
O14456,20,Makanan,Magelang,E-Wallet,74185
O14457,4,Kesehatan,Yogyakarta,COD,186144
O14458,19,Kesehatan,Purworejo,E-Wallet,315223
O14459,16,Rumah Tangga,Yogyakarta,E-Wallet,239701
O14460,11,Elektronik,Semarang,E-Wallet,151664
O14461,3,Elektronik,Yogyakarta,Transfer Bank,68785
O14462,9,Rumah Tangga,Magelang,COD,278047
O14463,20,Fashion,Magelang,COD,356165
O14464,5,Fashion,Purworejo,Transfer Bank,492805
O14465,15,Kesehatan,Semarang,Kartu Kredit,382602
O14466,6,Rumah Tangga,Solo,Kartu Kredit,227537
O14467,19,Rumah Tangga,Purworejo,COD,354399
O14468,14,Makanan,Magelang,Kartu Kredit,422234
O14469,5,Rumah Tangga,Yogyakarta,COD,124441
O14470,14,Makanan,Solo,E-Wallet,182534
O14471,20,Fashion,Purworejo,Kartu Kredit,483620
O14472,16,Kesehatan,Yogyakarta,Kartu Kredit,313249
O14473,15,Elektronik,Solo,COD,323567
O14474,20,Rumah Tangga,Magelang,Transfer Bank,178547
O14475,7,Kesehatan,Purworejo,Kartu Kredit,365814
O14476,18,Elektronik,Solo,Transfer Bank,330853
O14477,7,Rumah Tangga,Purworejo,COD,367605
O14478,3,Fashion,Purworejo,E-Wallet,461149
O14479,9,Makanan,Semarang,Transfer Bank,102571
O14480,19,Makanan,Semarang,COD,458608
O14481,6,Kesehatan,Purworejo,Kartu Kredit,471407
O14482,8,Kesehatan,Yogyakarta,COD,239160
O14483,16,Fashion,Yogyakarta,Transfer Bank,200449
O14484,9,Rumah Tangga,Purworejo,Kartu Kredit,350936
O14485,19,Fashion,Semarang,E-Wallet,295543
O14486,8,Elektronik,Semarang,E-Wallet,210976
O14487,13,Fashion,Magelang,Transfer Bank,498748
O14488,10,Kesehatan,Purworejo,Transfer Bank,179124
O14489,14,Makanan,Purworejo,Kartu Kredit,203460
O14490,4,Kesehatan,Solo,Transfer Bank,361325
O14491,13,Makanan,Magelang,COD,339042
O14492,2,Makanan,Yogyakarta,Transfer Bank,297826
O14493,3,Fashion,Magelang,Transfer Bank,176368
O14494,10,Kesehatan,Purworejo,COD,168025
O14495,10,Makanan,Purworejo,COD,216125
O14496,1,Makanan,Yogyakarta,COD,314104
O14497,3,Elektronik,Solo,E-Wallet,366993
O14498,7,Elektronik,Solo,Kartu Kredit,420867
O14499,17,Fashion,Solo,E-Wallet,469347
O14500,7,Fashion,Purworejo,Kartu Kredit,296279
O14501,3,Kesehatan,Semarang,COD,273909
O14502,3,Fashion,Magelang,COD,249254
O14503,6,Kesehatan,Yogyakarta,E-Wallet,218463
O14504,11,Rumah Tangga,Semarang,COD,273262
O14505,9,Rumah Tangga,Magelang,E-Wallet,346001
O14506,4,Elektronik,Purworejo,Kartu Kredit,89277
O14507,3,Makanan,Semarang,Transfer Bank,324725
O14508,18,Elektronik,Yogyakarta,Transfer Bank,104929
O14509,14,Fashion,Purworejo,Kartu Kredit,57803
O14510,17,Elektronik,Yogyakarta,Kartu Kredit,475584
O14511,3,Fashion,Semarang,Kartu Kredit,495092
O14512,12,Fashion,Purworejo,Kartu Kredit,307474
O14513,15,Elektronik,Purworejo,Kartu Kredit,170493
O14514,11,Fashion,Yogyakarta,Transfer Bank,71948
O14515,5,Rumah Tangga,Semarang,E-Wallet,473542
O14516,16,Kesehatan,Yogyakarta,E-Wallet,98854
O14517,19,Fashion,Magelang,Transfer Bank,346510
O14518,9,Rumah Tangga,Solo,Kartu Kredit,428632
O14519,13,Makanan,Purworejo,COD,244336
O14520,9,Kesehatan,Purworejo,Transfer Bank,453893
O14521,6,Rumah Tangga,Solo,Kartu Kredit,352564
O14522,17,Makanan,Solo,Transfer Bank,457480
O14523,3,Kesehatan,Yogyakarta,E-Wallet,366171
O14524,6,Rumah Tangga,Semarang,E-Wallet,174852
O14525,3,Elektronik,Purworejo,Transfer Bank,282532
O14526,13,Elektronik,Semarang,Transfer Bank,406582
O14527,15,Elektronik,Purworejo,Kartu Kredit,232128
O14528,7,Rumah Tangga,Magelang,COD,495691
O14529,1,Kesehatan,Semarang,E-Wallet,395369
O14530,14,Rumah Tangga,Semarang,COD,353954
O14531,18,Makanan,Magelang,Transfer Bank,440752
O14532,17,Kesehatan,Magelang,Kartu Kredit,499451
O14533,1,Rumah Tangga,Semarang,E-Wallet,155445
O14534,6,Elektronik,Semarang,Kartu Kredit,123645
O14535,1,Kesehatan,Purworejo,E-Wallet,307088
O14536,13,Elektronik,Yogyakarta,Transfer Bank,486164
O14537,9,Rumah Tangga,Yogyakarta,E-Wallet,79361
O14538,14,Makanan,Solo,Transfer Bank,243479
O14539,9,Rumah Tangga,Solo,Kartu Kredit,182827
O14540,3,Makanan,Solo,Transfer Bank,180287
O14541,17,Fashion,Solo,E-Wallet,480669
O14542,1,Makanan,Solo,E-Wallet,195466
O14543,20,Makanan,Semarang,Transfer Bank,207567
O14544,2,Makanan,Magelang,COD,236710
O14545,6,Fashion,Purworejo,COD,408566
O14546,19,Makanan,Yogyakarta,COD,324144
O14547,3,Fashion,Purworejo,Kartu Kredit,452902
O14548,11,Elektronik,Solo,Kartu Kredit,408995
O14549,7,Fashion,Yogyakarta,E-Wallet,441266
O14550,13,Makanan,Solo,Kartu Kredit,186802
O14551,4,Rumah Tangga,Purworejo,Transfer Bank,85521
O14552,15,Makanan,Semarang,Transfer Bank,447616
O14553,10,Kesehatan,Yogyakarta,Transfer Bank,456351
O14554,3,Elektronik,Semarang,COD,147421
O14555,8,Rumah Tangga,Magelang,Kartu Kredit,494404
O14556,17,Makanan,Magelang,Transfer Bank,270530
O14557,16,Elektronik,Semarang,Kartu Kredit,495854
O14558,8,Makanan,Yogyakarta,E-Wallet,68294
O14559,2,Makanan,Solo,Kartu Kredit,86745
O14560,3,Kesehatan,Semarang,E-Wallet,480761
O14561,5,Kesehatan,Yogyakarta,Kartu Kredit,467388
O14562,2,Elektronik,Solo,Kartu Kredit,234512
O14563,2,Makanan,Magelang,E-Wallet,465553
O14564,6,Rumah Tangga,Semarang,Kartu Kredit,150225
O14565,18,Rumah Tangga,Solo,E-Wallet,411469
O14566,5,Rumah Tangga,Semarang,Transfer Bank,245199
O14567,16,Kesehatan,Yogyakarta,Transfer Bank,353533
O14568,9,Makanan,Yogyakarta,E-Wallet,331952
O14569,20,Elektronik,Magelang,E-Wallet,203262
O14570,1,Elektronik,Magelang,E-Wallet,169101
O14571,3,Rumah Tangga,Semarang,Transfer Bank,283881
O14572,13,Makanan,Yogyakarta,Transfer Bank,109822
O14573,16,Fashion,Semarang,Kartu Kredit,412316
O14574,8,Rumah Tangga,Solo,Transfer Bank,230903
O14575,10,Fashion,Purworejo,COD,215337
O14576,19,Rumah Tangga,Magelang,COD,209391
O14577,13,Rumah Tangga,Solo,Kartu Kredit,282366
O14578,15,Fashion,Semarang,COD,319841
O14579,20,Rumah Tangga,Yogyakarta,COD,180592
O14580,2,Fashion,Solo,COD,349218
O14581,9,Rumah Tangga,Semarang,Kartu Kredit,465534
O14582,9,Kesehatan,Yogyakarta,Transfer Bank,227827
O14583,12,Rumah Tangga,Solo,E-Wallet,86425
O14584,2,Elektronik,Solo,Transfer Bank,183873
O14585,10,Elektronik,Semarang,Transfer Bank,302050
O14586,10,Elektronik,Solo,Kartu Kredit,219927
O14587,11,Makanan,Semarang,Kartu Kredit,196755
O14588,11,Elektronik,Solo,COD,349201
O14589,17,Rumah Tangga,Solo,Transfer Bank,231605
O14590,2,Fashion,Semarang,Kartu Kredit,360299
O14591,5,Makanan,Purworejo,Transfer Bank,293447
O14592,13,Rumah Tangga,Yogyakarta,E-Wallet,357012
O14593,1,Rumah Tangga,Yogyakarta,COD,376303
O14594,20,Makanan,Purworejo,Kartu Kredit,263517
O14595,5,Rumah Tangga,Yogyakarta,COD,366723
O14596,4,Elektronik,Semarang,Kartu Kredit,70417
O14597,20,Makanan,Semarang,Kartu Kredit,274634
O14598,18,Elektronik,Magelang,Kartu Kredit,416819
O14599,17,Elektronik,Yogyakarta,COD,429147
O14600,20,Makanan,Purworejo,Transfer Bank,318786
O14601,6,Rumah Tangga,Purworejo,Kartu Kredit,77321
O14602,4,Elektronik,Magelang,Kartu Kredit,318179
O14603,4,Elektronik,Yogyakarta,COD,403572
O14604,15,Rumah Tangga,Semarang,COD,133691
O14605,19,Rumah Tangga,Magelang,Kartu Kredit,96071
O14606,11,Kesehatan,Purworejo,Kartu Kredit,224302
O14607,3,Makanan,Magelang,COD,240330
O14608,15,Rumah Tangga,Magelang,Kartu Kredit,179454
O14609,16,Kesehatan,Yogyakarta,COD,280613
O14610,20,Makanan,Magelang,Transfer Bank,251695
O14611,14,Elektronik,Magelang,Transfer Bank,81682
O14612,4,Makanan,Magelang,Kartu Kredit,92766
O14613,20,Makanan,Solo,Kartu Kredit,228896
O14614,7,Kesehatan,Semarang,COD,93523
O14615,8,Rumah Tangga,Magelang,Kartu Kredit,74247
O14616,4,Kesehatan,Solo,Kartu Kredit,443703
O14617,6,Kesehatan,Semarang,Kartu Kredit,248982
O14618,17,Kesehatan,Solo,E-Wallet,67191
O14619,3,Rumah Tangga,Yogyakarta,E-Wallet,73527
O14620,6,Elektronik,Purworejo,Kartu Kredit,242285
O14621,14,Makanan,Yogyakarta,Kartu Kredit,299369
O14622,14,Rumah Tangga,Solo,Transfer Bank,191011
O14623,7,Fashion,Semarang,Transfer Bank,90712
O14624,19,Makanan,Solo,COD,361737
O14625,20,Fashion,Yogyakarta,COD,401066
O14626,10,Makanan,Solo,E-Wallet,96853
O14627,10,Makanan,Semarang,COD,262529
O14628,14,Fashion,Yogyakarta,COD,99847
O14629,19,Elektronik,Magelang,E-Wallet,470863
O14630,1,Elektronik,Solo,E-Wallet,439819
O14631,18,Elektronik,Yogyakarta,Transfer Bank,82288
O14632,4,Fashion,Magelang,E-Wallet,65586
O14633,5,Kesehatan,Purworejo,E-Wallet,480655
O14634,10,Elektronik,Solo,E-Wallet,271524
O14635,1,Fashion,Purworejo,COD,162502
O14636,13,Fashion,Purworejo,E-Wallet,461447
O14637,16,Fashion,Yogyakarta,E-Wallet,425708
O14638,13,Kesehatan,Magelang,E-Wallet,246249
O14639,2,Rumah Tangga,Yogyakarta,E-Wallet,248607
O14640,18,Kesehatan,Semarang,Kartu Kredit,210690
O14641,12,Rumah Tangga,Magelang,COD,159494
O14642,7,Rumah Tangga,Solo,E-Wallet,417635
O14643,17,Fashion,Yogyakarta,E-Wallet,347752
O14644,15,Rumah Tangga,Solo,Kartu Kredit,489558
O14645,10,Elektronik,Yogyakarta,E-Wallet,325683
O14646,3,Kesehatan,Solo,COD,145804
O14647,15,Elektronik,Solo,COD,179490
O14648,8,Makanan,Purworejo,E-Wallet,403569
O14649,1,Rumah Tangga,Purworejo,E-Wallet,270367
O14650,19,Fashion,Purworejo,COD,176017
O14651,12,Rumah Tangga,Purworejo,COD,130230
O14652,19,Makanan,Semarang,Kartu Kredit,263989
O14653,13,Elektronik,Semarang,E-Wallet,484233
O14654,14,Kesehatan,Magelang,Transfer Bank,149955
O14655,2,Kesehatan,Solo,COD,338302
O14656,9,Rumah Tangga,Yogyakarta,E-Wallet,369794
O14657,3,Rumah Tangga,Purworejo,Transfer Bank,215969
O14658,4,Makanan,Purworejo,E-Wallet,352460
O14659,17,Makanan,Yogyakarta,COD,300542
O14660,9,Elektronik,Semarang,COD,173264
O14661,7,Fashion,Magelang,Kartu Kredit,84448
O14662,19,Kesehatan,Magelang,Transfer Bank,493893
O14663,16,Kesehatan,Magelang,COD,86922
O14664,16,Makanan,Solo,Kartu Kredit,390819
O14665,1,Elektronik,Magelang,Kartu Kredit,346731
O14666,5,Elektronik,Semarang,COD,69891
O14667,20,Kesehatan,Solo,E-Wallet,139710
O14668,7,Fashion,Purworejo,Transfer Bank,336861
O14669,9,Makanan,Semarang,Kartu Kredit,114136
O14670,9,Makanan,Magelang,COD,399276
O14671,20,Fashion,Purworejo,E-Wallet,471669
O14672,6,Kesehatan,Solo,COD,188614
O14673,12,Makanan,Magelang,COD,91748
O14674,17,Fashion,Semarang,Kartu Kredit,398290
O14675,16,Fashion,Magelang,Transfer Bank,492814
O14676,6,Fashion,Semarang,Kartu Kredit,192671
O14677,18,Rumah Tangga,Solo,Transfer Bank,259996
O14678,1,Kesehatan,Semarang,Kartu Kredit,214704
O14679,20,Rumah Tangga,Yogyakarta,Transfer Bank,298767
O14680,1,Kesehatan,Solo,Kartu Kredit,401515
O14681,5,Kesehatan,Solo,Kartu Kredit,458854
O14682,2,Makanan,Magelang,Transfer Bank,246843
O14683,1,Kesehatan,Semarang,E-Wallet,359283
O14684,3,Elektronik,Semarang,Kartu Kredit,490167
O14685,12,Kesehatan,Semarang,COD,393627
O14686,12,Kesehatan,Purworejo,Transfer Bank,151950
O14687,8,Elektronik,Yogyakarta,Transfer Bank,155009
O14688,16,Makanan,Solo,Kartu Kredit,81280
O14689,1,Rumah Tangga,Yogyakarta,E-Wallet,430155
O14690,12,Fashion,Solo,COD,421079
O14691,8,Fashion,Solo,Transfer Bank,90968
O14692,2,Makanan,Purworejo,COD,423410
O14693,1,Rumah Tangga,Semarang,Transfer Bank,426098
O14694,17,Fashion,Magelang,Kartu Kredit,473930
O14695,18,Kesehatan,Yogyakarta,E-Wallet,469525
O14696,12,Elektronik,Semarang,E-Wallet,471208
O14697,18,Elektronik,Solo,Transfer Bank,343929
O14698,8,Rumah Tangga,Purworejo,Transfer Bank,303002
O14699,11,Rumah Tangga,Magelang,COD,264916
O14700,13,Makanan,Purworejo,Kartu Kredit,287081
O14701,4,Makanan,Magelang,Kartu Kredit,386425
O14702,11,Fashion,Solo,Kartu Kredit,473761
O14703,13,Elektronik,Semarang,COD,100786
O14704,1,Fashion,Semarang,E-Wallet,153337
O14705,14,Fashion,Magelang,E-Wallet,218752
O14706,8,Fashion,Solo,Kartu Kredit,141674
O14707,1,Makanan,Yogyakarta,E-Wallet,112614
O14708,16,Rumah Tangga,Solo,Kartu Kredit,329633
O14709,11,Elektronik,Yogyakarta,Transfer Bank,157759
O14710,10,Elektronik,Purworejo,COD,238147
O14711,15,Kesehatan,Purworejo,COD,275715
O14712,9,Elektronik,Yogyakarta,Transfer Bank,434859
O14713,3,Elektronik,Purworejo,Transfer Bank,347322
O14714,3,Fashion,Purworejo,Transfer Bank,268211
O14715,13,Fashion,Yogyakarta,COD,476766
O14716,10,Elektronik,Semarang,E-Wallet,405735
O14717,18,Rumah Tangga,Purworejo,E-Wallet,109588
O14718,10,Kesehatan,Semarang,E-Wallet,56263
O14719,14,Fashion,Solo,COD,222800
O14720,17,Fashion,Solo,COD,379204
O14721,9,Elektronik,Solo,Kartu Kredit,87790
O14722,1,Kesehatan,Semarang,COD,126951
O14723,11,Fashion,Semarang,COD,318240
O14724,10,Rumah Tangga,Purworejo,COD,365901
O14725,19,Kesehatan,Yogyakarta,E-Wallet,438211
O14726,20,Fashion,Solo,COD,464531
O14727,7,Makanan,Yogyakarta,Transfer Bank,152933
O14728,19,Makanan,Semarang,Transfer Bank,481821
O14729,6,Makanan,Yogyakarta,COD,119808
O14730,5,Makanan,Yogyakarta,COD,352971
O14731,2,Makanan,Solo,COD,157048
O14732,13,Kesehatan,Yogyakarta,E-Wallet,376784
O14733,1,Rumah Tangga,Semarang,E-Wallet,195929
O14734,15,Kesehatan,Semarang,E-Wallet,372841
O14735,2,Rumah Tangga,Solo,Kartu Kredit,177755
O14736,17,Makanan,Yogyakarta,Kartu Kredit,128736
O14737,9,Makanan,Semarang,Kartu Kredit,142241
O14738,15,Kesehatan,Semarang,Kartu Kredit,139679
O14739,17,Fashion,Purworejo,Kartu Kredit,173716
O14740,3,Kesehatan,Purworejo,Transfer Bank,99204
O14741,10,Kesehatan,Semarang,E-Wallet,69896
O14742,3,Kesehatan,Purworejo,COD,99590
O14743,16,Rumah Tangga,Solo,E-Wallet,212586
O14744,4,Elektronik,Yogyakarta,COD,343150
O14745,5,Fashion,Semarang,COD,83940
O14746,5,Fashion,Magelang,Transfer Bank,320664
O14747,15,Kesehatan,Purworejo,E-Wallet,144927
O14748,18,Rumah Tangga,Magelang,Transfer Bank,212206
O14749,6,Rumah Tangga,Yogyakarta,COD,395211
O14750,11,Fashion,Semarang,Kartu Kredit,297102
O14751,19,Rumah Tangga,Yogyakarta,Kartu Kredit,287095
O14752,13,Rumah Tangga,Magelang,E-Wallet,55626
O14753,3,Elektronik,Solo,Transfer Bank,293466
O14754,3,Makanan,Magelang,Kartu Kredit,246593
O14755,4,Kesehatan,Semarang,Kartu Kredit,277841
O14756,1,Elektronik,Yogyakarta,E-Wallet,167771
O14757,2,Rumah Tangga,Purworejo,E-Wallet,332459
O14758,1,Elektronik,Solo,Kartu Kredit,72156
O14759,3,Makanan,Yogyakarta,E-Wallet,191585
O14760,12,Kesehatan,Solo,E-Wallet,482849
O14761,17,Makanan,Purworejo,E-Wallet,302442
O14762,10,Rumah Tangga,Solo,Kartu Kredit,490498
O14763,15,Kesehatan,Magelang,COD,126297
O14764,19,Elektronik,Semarang,COD,435740
O14765,1,Kesehatan,Semarang,E-Wallet,250298
O14766,16,Elektronik,Semarang,Kartu Kredit,174487
O14767,12,Kesehatan,Purworejo,Transfer Bank,489707
O14768,16,Fashion,Semarang,COD,124653
O14769,2,Fashion,Semarang,Kartu Kredit,81891
O14770,5,Elektronik,Solo,Transfer Bank,449954
O14771,6,Elektronik,Semarang,Transfer Bank,338639
O14772,2,Elektronik,Yogyakarta,E-Wallet,306603
O14773,14,Fashion,Purworejo,Kartu Kredit,261705
O14774,19,Fashion,Semarang,Kartu Kredit,475699
O14775,6,Rumah Tangga,Magelang,COD,457364
O14776,14,Kesehatan,Solo,Transfer Bank,440270
O14777,9,Rumah Tangga,Yogyakarta,E-Wallet,225591
O14778,4,Rumah Tangga,Magelang,E-Wallet,387921
O14779,17,Fashion,Magelang,COD,140341
O14780,14,Fashion,Purworejo,Transfer Bank,392456
O14781,8,Makanan,Semarang,Transfer Bank,413147
O14782,4,Elektronik,Magelang,E-Wallet,378907
O14783,20,Elektronik,Solo,E-Wallet,177664
O14784,17,Elektronik,Magelang,E-Wallet,372395
O14785,3,Elektronik,Magelang,E-Wallet,368066
O14786,4,Fashion,Semarang,Transfer Bank,418293
O14787,11,Makanan,Magelang,COD,430794
O14788,6,Rumah Tangga,Magelang,Kartu Kredit,162266
O14789,11,Kesehatan,Purworejo,E-Wallet,347759
O14790,7,Elektronik,Magelang,Kartu Kredit,238762
O14791,4,Kesehatan,Solo,E-Wallet,301309
O14792,4,Rumah Tangga,Purworejo,E-Wallet,153970
O14793,4,Makanan,Yogyakarta,Kartu Kredit,456984
O14794,15,Kesehatan,Semarang,COD,166323
O14795,5,Elektronik,Yogyakarta,COD,408315
O14796,13,Fashion,Yogyakarta,E-Wallet,91111
O14797,7,Makanan,Semarang,Kartu Kredit,126374
O14798,2,Makanan,Semarang,Kartu Kredit,464668
O14799,3,Kesehatan,Solo,Kartu Kredit,143515
O14800,20,Fashion,Purworejo,COD,407569
O14801,4,Elektronik,Solo,Kartu Kredit,152904
O14802,12,Elektronik,Magelang,Kartu Kredit,313105
O14803,11,Elektronik,Semarang,Transfer Bank,253327
O14804,13,Kesehatan,Solo,COD,357746
O14805,14,Kesehatan,Yogyakarta,Kartu Kredit,239920
O14806,8,Fashion,Magelang,COD,172054
O14807,6,Fashion,Magelang,Kartu Kredit,473368
O14808,1,Kesehatan,Yogyakarta,COD,58925
O14809,19,Rumah Tangga,Yogyakarta,Kartu Kredit,254438
O14810,3,Makanan,Semarang,Transfer Bank,200297
O14811,9,Kesehatan,Magelang,E-Wallet,247670
O14812,8,Fashion,Purworejo,Kartu Kredit,341486
O14813,16,Elektronik,Magelang,Transfer Bank,429587
O14814,12,Kesehatan,Semarang,Kartu Kredit,349757
O14815,1,Kesehatan,Solo,Transfer Bank,306903
O14816,18,Makanan,Magelang,Transfer Bank,364287
O14817,10,Kesehatan,Purworejo,E-Wallet,140078
O14818,17,Makanan,Semarang,Transfer Bank,403716
O14819,1,Fashion,Semarang,COD,81054
O14820,5,Elektronik,Solo,COD,417969
O14821,20,Kesehatan,Purworejo,Kartu Kredit,285147
O14822,12,Makanan,Semarang,COD,112569
O14823,3,Fashion,Solo,Transfer Bank,467691
O14824,4,Rumah Tangga,Semarang,Transfer Bank,92081
O14825,16,Makanan,Magelang,Transfer Bank,181797
O14826,3,Kesehatan,Solo,E-Wallet,294909
O14827,1,Makanan,Semarang,E-Wallet,94732
O14828,3,Fashion,Purworejo,Kartu Kredit,70064
O14829,18,Makanan,Yogyakarta,COD,441089
O14830,11,Kesehatan,Semarang,E-Wallet,414119
O14831,8,Makanan,Yogyakarta,COD,131855
O14832,13,Elektronik,Solo,Kartu Kredit,70564
O14833,20,Rumah Tangga,Purworejo,E-Wallet,226915
O14834,1,Fashion,Magelang,E-Wallet,90693
O14835,19,Makanan,Yogyakarta,COD,223936
O14836,18,Makanan,Semarang,Transfer Bank,296689
O14837,2,Rumah Tangga,Purworejo,Transfer Bank,358693
O14838,8,Fashion,Yogyakarta,COD,464960
O14839,17,Rumah Tangga,Yogyakarta,Transfer Bank,360652
O14840,14,Kesehatan,Solo,Transfer Bank,487738
O14841,18,Rumah Tangga,Semarang,Kartu Kredit,145897
O14842,13,Kesehatan,Solo,Kartu Kredit,57432
O14843,2,Makanan,Purworejo,E-Wallet,124025
O14844,17,Elektronik,Purworejo,COD,98352
O14845,5,Fashion,Solo,E-Wallet,174118
O14846,12,Fashion,Purworejo,COD,241719
O14847,2,Kesehatan,Solo,COD,307975
O14848,16,Fashion,Purworejo,Kartu Kredit,67609
O14849,9,Elektronik,Magelang,COD,404748
O14850,19,Fashion,Yogyakarta,E-Wallet,244128
O14851,4,Kesehatan,Solo,Transfer Bank,384963
O14852,9,Rumah Tangga,Yogyakarta,Kartu Kredit,215613
O14853,19,Kesehatan,Purworejo,COD,276735
O14854,18,Makanan,Semarang,Transfer Bank,419763
O14855,5,Elektronik,Purworejo,Kartu Kredit,287408
O14856,8,Makanan,Purworejo,Kartu Kredit,171072
O14857,11,Makanan,Solo,COD,359417
O14858,17,Fashion,Semarang,COD,203262
O14859,3,Kesehatan,Solo,COD,239735
O14860,4,Fashion,Solo,Transfer Bank,482348
O14861,2,Fashion,Semarang,Transfer Bank,392862
O14862,3,Elektronik,Purworejo,Transfer Bank,473705
O14863,2,Kesehatan,Magelang,E-Wallet,94644
O14864,19,Makanan,Solo,COD,331098
O14865,4,Rumah Tangga,Yogyakarta,COD,478700
O14866,5,Kesehatan,Solo,E-Wallet,307401
O14867,14,Makanan,Solo,Transfer Bank,441964
O14868,15,Fashion,Yogyakarta,E-Wallet,70178
O14869,2,Elektronik,Yogyakarta,E-Wallet,438844
O14870,17,Kesehatan,Solo,Kartu Kredit,219572
O14871,8,Rumah Tangga,Solo,Transfer Bank,115518
O14872,17,Elektronik,Magelang,Kartu Kredit,362906
O14873,8,Fashion,Semarang,Transfer Bank,355726
O14874,18,Fashion,Purworejo,Transfer Bank,401725
O14875,1,Fashion,Purworejo,Kartu Kredit,479195
O14876,19,Fashion,Purworejo,Transfer Bank,98129
O14877,13,Rumah Tangga,Magelang,COD,201789
O14878,7,Makanan,Yogyakarta,COD,102210
O14879,3,Kesehatan,Semarang,Transfer Bank,490032
O14880,12,Fashion,Purworejo,E-Wallet,50808
O14881,6,Rumah Tangga,Magelang,Transfer Bank,158620
O14882,9,Elektronik,Yogyakarta,Transfer Bank,301824
O14883,8,Rumah Tangga,Magelang,COD,129162
O14884,10,Makanan,Purworejo,E-Wallet,488418
O14885,20,Rumah Tangga,Purworejo,COD,110397
O14886,12,Makanan,Yogyakarta,E-Wallet,157820
O14887,13,Fashion,Solo,COD,204529
O14888,13,Kesehatan,Purworejo,Kartu Kredit,429996
O14889,3,Rumah Tangga,Yogyakarta,Transfer Bank,161492
O14890,12,Fashion,Semarang,COD,318417
O14891,14,Fashion,Semarang,Transfer Bank,215092
O14892,12,Rumah Tangga,Purworejo,Transfer Bank,60039
O14893,7,Kesehatan,Yogyakarta,Kartu Kredit,337734
O14894,9,Kesehatan,Solo,Kartu Kredit,410526
O14895,20,Kesehatan,Semarang,Kartu Kredit,184278
O14896,15,Fashion,Semarang,Kartu Kredit,154710
O14897,13,Fashion,Solo,Transfer Bank,351913
O14898,4,Fashion,Yogyakarta,COD,196364
O14899,5,Rumah Tangga,Semarang,Kartu Kredit,258527
O14900,5,Makanan,Semarang,Kartu Kredit,346495
O14901,18,Kesehatan,Magelang,COD,469569
O14902,20,Elektronik,Semarang,E-Wallet,462207
O14903,12,Makanan,Yogyakarta,Transfer Bank,380295
O14904,10,Rumah Tangga,Purworejo,COD,174114
O14905,1,Elektronik,Solo,Kartu Kredit,396295
O14906,9,Fashion,Magelang,Transfer Bank,116746
O14907,15,Fashion,Magelang,COD,156086
O14908,2,Makanan,Magelang,Kartu Kredit,83484
O14909,4,Rumah Tangga,Solo,E-Wallet,191887
O14910,12,Rumah Tangga,Semarang,COD,51170
O14911,13,Rumah Tangga,Yogyakarta,Kartu Kredit,418254
O14912,5,Elektronik,Solo,Kartu Kredit,69277
O14913,11,Fashion,Semarang,Transfer Bank,356000
O14914,4,Kesehatan,Semarang,Kartu Kredit,330874
O14915,20,Rumah Tangga,Solo,COD,199964
O14916,12,Kesehatan,Solo,COD,439513
O14917,19,Makanan,Yogyakarta,Kartu Kredit,206853
O14918,1,Elektronik,Magelang,Transfer Bank,129123
O14919,9,Rumah Tangga,Purworejo,E-Wallet,297814
O14920,14,Kesehatan,Semarang,E-Wallet,223773
O14921,12,Fashion,Magelang,COD,109225
O14922,7,Elektronik,Purworejo,Kartu Kredit,458308
O14923,9,Elektronik,Magelang,E-Wallet,488322
O14924,17,Kesehatan,Purworejo,Transfer Bank,122618
O14925,19,Rumah Tangga,Solo,COD,81854
O14926,13,Elektronik,Solo,Kartu Kredit,139542
O14927,9,Fashion,Yogyakarta,COD,194786
O14928,16,Rumah Tangga,Solo,E-Wallet,319941
O14929,13,Elektronik,Semarang,Kartu Kredit,139390
O14930,5,Fashion,Yogyakarta,Transfer Bank,389485
O14931,12,Kesehatan,Solo,COD,114065
O14932,5,Makanan,Semarang,E-Wallet,456464
O14933,19,Kesehatan,Yogyakarta,COD,68969
O14934,3,Rumah Tangga,Solo,Transfer Bank,493593
O14935,10,Elektronik,Magelang,COD,273988
O14936,13,Makanan,Solo,Transfer Bank,499323
O14937,2,Makanan,Semarang,COD,160585
O14938,11,Elektronik,Purworejo,COD,364372
O14939,10,Fashion,Purworejo,Transfer Bank,79660
O14940,14,Kesehatan,Purworejo,COD,495039
O14941,16,Rumah Tangga,Magelang,Transfer Bank,312259
O14942,7,Kesehatan,Magelang,Transfer Bank,327421
O14943,14,Kesehatan,Semarang,Transfer Bank,216738
O14944,12,Rumah Tangga,Purworejo,Transfer Bank,235919
O14945,8,Fashion,Purworejo,E-Wallet,323809
O14946,18,Rumah Tangga,Magelang,Kartu Kredit,472566
O14947,16,Fashion,Solo,Transfer Bank,74401
O14948,11,Elektronik,Solo,Kartu Kredit,64216
O14949,17,Rumah Tangga,Purworejo,E-Wallet,449678
O14950,12,Fashion,Yogyakarta,Transfer Bank,98492
O14951,14,Rumah Tangga,Magelang,Transfer Bank,181616
O14952,2,Fashion,Magelang,Transfer Bank,275466
O14953,5,Rumah Tangga,Semarang,Kartu Kredit,315322
O14954,6,Makanan,Solo,Transfer Bank,229065
O14955,3,Elektronik,Magelang,COD,280575
O14956,9,Elektronik,Purworejo,Kartu Kredit,113438
O14957,10,Elektronik,Magelang,E-Wallet,201467
O14958,4,Rumah Tangga,Magelang,COD,364407
O14959,1,Elektronik,Yogyakarta,E-Wallet,214815
O14960,11,Fashion,Semarang,COD,408854
O14961,12,Makanan,Purworejo,COD,93208
O14962,4,Kesehatan,Purworejo,Transfer Bank,104478
O14963,1,Kesehatan,Purworejo,E-Wallet,379254
O14964,19,Kesehatan,Semarang,COD,51981
O14965,17,Rumah Tangga,Solo,COD,400343
O14966,20,Elektronik,Semarang,COD,363599
O14967,8,Makanan,Solo,Transfer Bank,145665
O14968,15,Makanan,Magelang,Kartu Kredit,272697
O14969,20,Kesehatan,Solo,COD,358924
O14970,17,Fashion,Semarang,COD,186322
O14971,12,Kesehatan,Semarang,Kartu Kredit,308578
O14972,6,Makanan,Purworejo,Transfer Bank,246512
O14973,6,Makanan,Yogyakarta,E-Wallet,97958
O14974,17,Elektronik,Semarang,COD,65696
O14975,2,Elektronik,Semarang,Kartu Kredit,269335
O14976,15,Rumah Tangga,Semarang,E-Wallet,104609
O14977,3,Rumah Tangga,Magelang,Transfer Bank,221471
O14978,10,Elektronik,Magelang,E-Wallet,104231
O14979,11,Kesehatan,Solo,Transfer Bank,188337
O14980,6,Fashion,Yogyakarta,E-Wallet,216449
O14981,14,Fashion,Purworejo,Transfer Bank,345600
O14982,8,Kesehatan,Solo,E-Wallet,460426
O14983,9,Kesehatan,Purworejo,Transfer Bank,64572
O14984,6,Makanan,Yogyakarta,E-Wallet,301131
O14985,14,Makanan,Solo,Kartu Kredit,280877
O14986,14,Fashion,Magelang,COD,370369
O14987,7,Fashion,Solo,COD,395894
O14988,11,Rumah Tangga,Semarang,Kartu Kredit,56525
O14989,7,Kesehatan,Magelang,Transfer Bank,359566
O14990,6,Rumah Tangga,Magelang,Transfer Bank,451919
O14991,14,Kesehatan,Purworejo,E-Wallet,427089
O14992,7,Kesehatan,Magelang,Kartu Kredit,306821
O14993,10,Makanan,Purworejo,E-Wallet,451446
O14994,16,Elektronik,Magelang,Transfer Bank,331931
O14995,3,Makanan,Yogyakarta,Transfer Bank,392004
O14996,13,Elektronik,Yogyakarta,Transfer Bank,280306
O14997,20,Kesehatan,Yogyakarta,Transfer Bank,93729
O14998,20,Fashion,Yogyakarta,Kartu Kredit,416658
O14999,4,Rumah Tangga,Purworejo,Kartu Kredit,55609
O15000,16,Rumah Tangga,Purworejo,COD,497131
O15001,7,Kesehatan,Magelang,Transfer Bank,242663
O15002,9,Rumah Tangga,Yogyakarta,Transfer Bank,101203
O15003,14,Makanan,Semarang,COD,96413
O15004,12,Fashion,Purworejo,COD,470833
O15005,8,Rumah Tangga,Semarang,E-Wallet,436695
O15006,15,Fashion,Solo,COD,207459
O15007,13,Rumah Tangga,Solo,Kartu Kredit,423100
O15008,19,Fashion,Solo,Transfer Bank,113136
O15009,16,Makanan,Yogyakarta,Kartu Kredit,308117
O15010,17,Rumah Tangga,Purworejo,Kartu Kredit,495434
O15011,17,Makanan,Yogyakarta,Transfer Bank,154973
O15012,14,Elektronik,Semarang,Transfer Bank,363158
O15013,17,Fashion,Magelang,COD,174473
O15014,10,Fashion,Magelang,Kartu Kredit,319036
O15015,17,Kesehatan,Semarang,Transfer Bank,342268
O15016,5,Fashion,Yogyakarta,COD,276603
O15017,20,Elektronik,Yogyakarta,COD,69824
O15018,5,Makanan,Yogyakarta,Kartu Kredit,221545
O15019,20,Makanan,Purworejo,COD,499650
O15020,17,Kesehatan,Semarang,COD,271156
O15021,8,Kesehatan,Solo,COD,463387
O15022,10,Makanan,Semarang,Transfer Bank,485335
O15023,3,Rumah Tangga,Yogyakarta,E-Wallet,145538
O15024,8,Rumah Tangga,Magelang,Kartu Kredit,386607
O15025,16,Fashion,Magelang,Transfer Bank,385540
O15026,16,Makanan,Semarang,Transfer Bank,491252
O15027,20,Rumah Tangga,Solo,E-Wallet,442850
O15028,14,Kesehatan,Solo,Kartu Kredit,86258
O15029,13,Rumah Tangga,Semarang,Kartu Kredit,234432
O15030,2,Rumah Tangga,Solo,Transfer Bank,220975
O15031,8,Fashion,Purworejo,Kartu Kredit,71186
O15032,13,Makanan,Yogyakarta,Kartu Kredit,344204
O15033,6,Kesehatan,Magelang,Transfer Bank,60042
O15034,1,Fashion,Purworejo,E-Wallet,190472
O15035,15,Rumah Tangga,Magelang,E-Wallet,268513
O15036,16,Kesehatan,Semarang,Transfer Bank,295817
O15037,5,Kesehatan,Purworejo,E-Wallet,179770
O15038,2,Kesehatan,Purworejo,Kartu Kredit,85360
O15039,10,Makanan,Magelang,E-Wallet,60822
O15040,1,Fashion,Magelang,Transfer Bank,220940
O15041,17,Fashion,Magelang,Kartu Kredit,94179
O15042,1,Makanan,Purworejo,Kartu Kredit,335265
O15043,8,Fashion,Magelang,COD,234566
O15044,12,Makanan,Semarang,E-Wallet,376672
O15045,12,Kesehatan,Yogyakarta,E-Wallet,228405
O15046,4,Makanan,Purworejo,Kartu Kredit,296441
O15047,15,Makanan,Yogyakarta,Kartu Kredit,470269
O15048,2,Rumah Tangga,Yogyakarta,Transfer Bank,392115
O15049,6,Fashion,Semarang,Kartu Kredit,491525
O15050,16,Kesehatan,Magelang,E-Wallet,62780
O15051,14,Kesehatan,Solo,Kartu Kredit,251562
O15052,2,Makanan,Purworejo,Transfer Bank,65636
O15053,11,Kesehatan,Semarang,Kartu Kredit,489403
O15054,12,Makanan,Magelang,E-Wallet,260470
O15055,17,Elektronik,Semarang,Transfer Bank,94114
O15056,20,Fashion,Solo,COD,377465
O15057,8,Elektronik,Magelang,COD,267978
O15058,20,Elektronik,Purworejo,E-Wallet,285353
O15059,10,Makanan,Yogyakarta,E-Wallet,415347
O15060,1,Kesehatan,Semarang,E-Wallet,125498
O15061,1,Rumah Tangga,Yogyakarta,Kartu Kredit,261829
O15062,19,Rumah Tangga,Yogyakarta,Kartu Kredit,477807
O15063,9,Kesehatan,Semarang,Transfer Bank,321211
O15064,11,Elektronik,Semarang,Transfer Bank,257750
O15065,19,Rumah Tangga,Solo,COD,337577
O15066,7,Kesehatan,Yogyakarta,Transfer Bank,324482
O15067,4,Kesehatan,Purworejo,Transfer Bank,316765
O15068,13,Rumah Tangga,Solo,Transfer Bank,400108
O15069,15,Elektronik,Purworejo,Transfer Bank,253997
O15070,18,Rumah Tangga,Semarang,COD,449121
O15071,15,Makanan,Semarang,Transfer Bank,363311
O15072,18,Rumah Tangga,Yogyakarta,Kartu Kredit,389114
O15073,1,Kesehatan,Purworejo,E-Wallet,383323
O15074,15,Fashion,Magelang,COD,287948
O15075,6,Makanan,Solo,Kartu Kredit,66047
O15076,14,Rumah Tangga,Magelang,Transfer Bank,485538
O15077,4,Fashion,Semarang,COD,332742
O15078,8,Kesehatan,Yogyakarta,COD,252212
O15079,2,Makanan,Yogyakarta,Transfer Bank,160622
O15080,20,Makanan,Semarang,E-Wallet,102753
O15081,18,Fashion,Yogyakarta,Kartu Kredit,405876
O15082,19,Rumah Tangga,Magelang,COD,176066
O15083,19,Fashion,Solo,Kartu Kredit,243672
O15084,3,Elektronik,Solo,COD,320719
O15085,20,Makanan,Solo,Kartu Kredit,453021
O15086,1,Fashion,Yogyakarta,Kartu Kredit,173894
O15087,20,Rumah Tangga,Magelang,Transfer Bank,416599
O15088,18,Kesehatan,Yogyakarta,COD,275165
O15089,1,Rumah Tangga,Solo,E-Wallet,438228
O15090,5,Rumah Tangga,Purworejo,Kartu Kredit,236264
O15091,1,Makanan,Semarang,COD,70328
O15092,3,Kesehatan,Solo,COD,149289
O15093,11,Elektronik,Purworejo,Transfer Bank,417425
O15094,4,Makanan,Purworejo,COD,457641
O15095,20,Elektronik,Purworejo,Kartu Kredit,100406
O15096,15,Kesehatan,Magelang,COD,70779
O15097,2,Fashion,Solo,COD,244672
O15098,20,Rumah Tangga,Magelang,Kartu Kredit,98435
O15099,20,Rumah Tangga,Semarang,Transfer Bank,444198
O15100,12,Kesehatan,Solo,Kartu Kredit,485897
O15101,20,Elektronik,Purworejo,E-Wallet,497378
O15102,14,Rumah Tangga,Solo,COD,368802
O15103,3,Fashion,Purworejo,E-Wallet,318675
O15104,16,Rumah Tangga,Semarang,Kartu Kredit,468336
O15105,4,Rumah Tangga,Semarang,E-Wallet,293696
O15106,2,Kesehatan,Yogyakarta,COD,448419
O15107,20,Makanan,Magelang,COD,71712
O15108,11,Rumah Tangga,Semarang,Kartu Kredit,290810
O15109,16,Makanan,Magelang,Kartu Kredit,255790
O15110,1,Fashion,Purworejo,E-Wallet,462357
O15111,2,Kesehatan,Solo,E-Wallet,489740
O15112,7,Kesehatan,Magelang,Kartu Kredit,337808
O15113,2,Makanan,Yogyakarta,Transfer Bank,482937
O15114,19,Elektronik,Magelang,COD,64028
O15115,8,Kesehatan,Yogyakarta,Kartu Kredit,328503
O15116,4,Fashion,Magelang,Transfer Bank,248522
O15117,17,Kesehatan,Purworejo,COD,318950
O15118,10,Elektronik,Solo,Kartu Kredit,392577
O15119,19,Makanan,Semarang,E-Wallet,147459
O15120,1,Makanan,Yogyakarta,COD,346438
O15121,15,Rumah Tangga,Solo,E-Wallet,382400
O15122,3,Fashion,Yogyakarta,Kartu Kredit,410037
O15123,19,Elektronik,Yogyakarta,Kartu Kredit,348167
O15124,18,Makanan,Magelang,E-Wallet,432752
O15125,16,Kesehatan,Solo,E-Wallet,232573
O15126,6,Fashion,Yogyakarta,COD,406270
O15127,7,Elektronik,Yogyakarta,Transfer Bank,304528
O15128,16,Kesehatan,Semarang,Transfer Bank,175033
O15129,18,Makanan,Semarang,E-Wallet,334220
O15130,3,Makanan,Magelang,E-Wallet,198105
O15131,5,Kesehatan,Purworejo,COD,357790
O15132,17,Kesehatan,Magelang,Transfer Bank,472204
O15133,11,Fashion,Magelang,COD,388722
O15134,5,Elektronik,Magelang,Transfer Bank,355438
O15135,13,Rumah Tangga,Solo,Kartu Kredit,411480
O15136,13,Rumah Tangga,Magelang,E-Wallet,112761
O15137,3,Fashion,Magelang,E-Wallet,474969
O15138,17,Fashion,Purworejo,E-Wallet,484989
O15139,12,Fashion,Yogyakarta,Transfer Bank,389593
O15140,3,Elektronik,Semarang,Transfer Bank,276168
O15141,1,Fashion,Solo,Transfer Bank,235285
O15142,3,Rumah Tangga,Purworejo,Transfer Bank,457429
O15143,19,Elektronik,Semarang,COD,438478
O15144,15,Kesehatan,Purworejo,Transfer Bank,284172
O15145,1,Fashion,Solo,Transfer Bank,307468
O15146,6,Kesehatan,Yogyakarta,E-Wallet,245626
O15147,20,Kesehatan,Semarang,E-Wallet,385622
O15148,2,Elektronik,Semarang,Transfer Bank,355497
O15149,16,Elektronik,Semarang,COD,163858
O15150,18,Rumah Tangga,Yogyakarta,Transfer Bank,148146
O15151,18,Kesehatan,Purworejo,Transfer Bank,427828
O15152,2,Makanan,Purworejo,E-Wallet,245406
O15153,18,Fashion,Solo,Kartu Kredit,293149
O15154,18,Rumah Tangga,Magelang,E-Wallet,210777
O15155,11,Makanan,Purworejo,Transfer Bank,424228
O15156,13,Elektronik,Yogyakarta,Kartu Kredit,63798
O15157,4,Fashion,Solo,COD,299517
O15158,19,Fashion,Purworejo,COD,181444
O15159,17,Makanan,Solo,E-Wallet,62702
O15160,9,Fashion,Magelang,Kartu Kredit,422004
O15161,4,Rumah Tangga,Purworejo,Kartu Kredit,439882
O15162,7,Kesehatan,Yogyakarta,Transfer Bank,472219
O15163,11,Fashion,Purworejo,Transfer Bank,191727
O15164,5,Kesehatan,Purworejo,Kartu Kredit,415791
O15165,6,Fashion,Magelang,E-Wallet,394218
O15166,18,Rumah Tangga,Purworejo,Transfer Bank,158067
O15167,7,Kesehatan,Magelang,Kartu Kredit,297191
O15168,15,Elektronik,Yogyakarta,E-Wallet,458275
O15169,1,Fashion,Purworejo,Kartu Kredit,246182
O15170,11,Elektronik,Semarang,Kartu Kredit,163937
O15171,16,Kesehatan,Purworejo,Kartu Kredit,498835
O15172,13,Makanan,Yogyakarta,COD,310368
O15173,3,Kesehatan,Solo,Transfer Bank,72913
O15174,13,Fashion,Semarang,COD,197986
O15175,7,Fashion,Magelang,Transfer Bank,296415
O15176,10,Kesehatan,Yogyakarta,E-Wallet,449783
O15177,10,Rumah Tangga,Solo,Kartu Kredit,188660
O15178,8,Kesehatan,Magelang,COD,413408
O15179,20,Fashion,Solo,Transfer Bank,57359
O15180,13,Kesehatan,Purworejo,Kartu Kredit,163384
O15181,9,Rumah Tangga,Solo,COD,152529
O15182,8,Rumah Tangga,Yogyakarta,Transfer Bank,376752
O15183,20,Fashion,Semarang,Transfer Bank,228342
O15184,18,Kesehatan,Purworejo,COD,265068
O15185,5,Elektronik,Purworejo,COD,110876
O15186,15,Elektronik,Solo,COD,169212
O15187,15,Fashion,Magelang,Transfer Bank,191499
O15188,12,Elektronik,Yogyakarta,E-Wallet,466991
O15189,18,Elektronik,Yogyakarta,E-Wallet,464684
O15190,13,Elektronik,Semarang,Kartu Kredit,277620
O15191,20,Fashion,Yogyakarta,Transfer Bank,158820
O15192,12,Makanan,Purworejo,Kartu Kredit,142398
O15193,4,Kesehatan,Solo,E-Wallet,485702
O15194,1,Kesehatan,Magelang,E-Wallet,401656
O15195,15,Elektronik,Purworejo,Kartu Kredit,385027
O15196,18,Kesehatan,Yogyakarta,Kartu Kredit,386922
O15197,13,Makanan,Yogyakarta,COD,181171
O15198,7,Elektronik,Yogyakarta,E-Wallet,441353
O15199,7,Elektronik,Yogyakarta,COD,80332
O15200,14,Makanan,Semarang,Transfer Bank,256291
O15201,4,Fashion,Magelang,COD,300646
O15202,1,Fashion,Purworejo,E-Wallet,421085
O15203,18,Fashion,Solo,Transfer Bank,189734
O15204,14,Kesehatan,Purworejo,Kartu Kredit,491488
O15205,8,Kesehatan,Yogyakarta,COD,62520
O15206,19,Kesehatan,Solo,E-Wallet,158626
O15207,2,Rumah Tangga,Yogyakarta,Transfer Bank,192720
O15208,10,Kesehatan,Magelang,Kartu Kredit,128581
O15209,6,Elektronik,Purworejo,Kartu Kredit,193534
O15210,5,Makanan,Yogyakarta,COD,455240
O15211,19,Elektronik,Purworejo,E-Wallet,188411
O15212,3,Makanan,Solo,Transfer Bank,344671
O15213,9,Kesehatan,Purworejo,COD,483977
O15214,15,Fashion,Yogyakarta,Kartu Kredit,455817
O15215,6,Rumah Tangga,Solo,Kartu Kredit,453200
O15216,4,Fashion,Semarang,Kartu Kredit,427576
O15217,1,Fashion,Solo,Transfer Bank,282491
O15218,14,Makanan,Purworejo,COD,458967
O15219,17,Elektronik,Magelang,Kartu Kredit,332311
O15220,7,Rumah Tangga,Yogyakarta,COD,258416
O15221,20,Fashion,Magelang,COD,69712
O15222,4,Elektronik,Magelang,E-Wallet,109932
O15223,16,Elektronik,Purworejo,Transfer Bank,365778
O15224,5,Rumah Tangga,Solo,E-Wallet,335218
O15225,3,Makanan,Yogyakarta,E-Wallet,236556
O15226,4,Kesehatan,Yogyakarta,COD,395465
O15227,10,Rumah Tangga,Solo,E-Wallet,498659
O15228,8,Kesehatan,Purworejo,Transfer Bank,413985
O15229,6,Elektronik,Yogyakarta,E-Wallet,88432
O15230,1,Fashion,Semarang,E-Wallet,492831
O15231,13,Fashion,Solo,Kartu Kredit,221101
O15232,7,Rumah Tangga,Solo,Kartu Kredit,53887
O15233,7,Rumah Tangga,Semarang,Kartu Kredit,197306
O15234,10,Fashion,Solo,Kartu Kredit,233400
O15235,3,Elektronik,Purworejo,E-Wallet,269767
O15236,14,Makanan,Semarang,E-Wallet,118439
O15237,15,Rumah Tangga,Yogyakarta,E-Wallet,380055
O15238,14,Fashion,Magelang,E-Wallet,149857
O15239,18,Makanan,Magelang,Kartu Kredit,499668
O15240,13,Kesehatan,Yogyakarta,Kartu Kredit,50257
O15241,4,Makanan,Yogyakarta,COD,326322
O15242,20,Kesehatan,Solo,Kartu Kredit,320469
O15243,6,Rumah Tangga,Purworejo,COD,87665
O15244,16,Rumah Tangga,Semarang,Kartu Kredit,450392
O15245,16,Fashion,Purworejo,E-Wallet,374267
O15246,16,Rumah Tangga,Solo,E-Wallet,342837
O15247,10,Elektronik,Magelang,COD,316633
O15248,8,Rumah Tangga,Yogyakarta,Kartu Kredit,170802
O15249,7,Rumah Tangga,Purworejo,Kartu Kredit,491754
O15250,15,Fashion,Solo,E-Wallet,256564
O15251,15,Makanan,Solo,Kartu Kredit,334985
O15252,5,Kesehatan,Solo,COD,450288
O15253,3,Rumah Tangga,Yogyakarta,E-Wallet,370670
O15254,17,Makanan,Yogyakarta,Transfer Bank,58432
O15255,1,Kesehatan,Solo,E-Wallet,166669
O15256,17,Rumah Tangga,Purworejo,E-Wallet,104093
O15257,19,Rumah Tangga,Solo,Transfer Bank,338433
O15258,10,Makanan,Semarang,E-Wallet,76150
O15259,14,Fashion,Magelang,Transfer Bank,412733
O15260,10,Makanan,Purworejo,COD,385160
O15261,1,Rumah Tangga,Yogyakarta,Kartu Kredit,427192
O15262,19,Fashion,Purworejo,COD,135046
O15263,3,Elektronik,Magelang,Kartu Kredit,99354
O15264,2,Kesehatan,Semarang,COD,155590
O15265,4,Kesehatan,Yogyakarta,COD,261206
O15266,10,Makanan,Yogyakarta,E-Wallet,416059
O15267,3,Elektronik,Purworejo,COD,86768
O15268,16,Kesehatan,Solo,Transfer Bank,432009
O15269,12,Makanan,Solo,COD,439318
O15270,12,Rumah Tangga,Purworejo,Transfer Bank,366719
O15271,12,Kesehatan,Yogyakarta,COD,199496
O15272,20,Elektronik,Yogyakarta,E-Wallet,383427
O15273,14,Fashion,Solo,COD,209377
O15274,5,Kesehatan,Yogyakarta,E-Wallet,362934
O15275,16,Fashion,Magelang,E-Wallet,179702
O15276,17,Rumah Tangga,Semarang,Transfer Bank,138751
O15277,5,Kesehatan,Yogyakarta,Kartu Kredit,148430
O15278,11,Makanan,Magelang,Transfer Bank,84942
O15279,17,Fashion,Purworejo,Kartu Kredit,435762
O15280,20,Rumah Tangga,Yogyakarta,Transfer Bank,252558
O15281,14,Rumah Tangga,Magelang,Kartu Kredit,267330
O15282,3,Makanan,Solo,Kartu Kredit,306957
O15283,13,Kesehatan,Purworejo,Kartu Kredit,495121
O15284,12,Fashion,Semarang,E-Wallet,166085
O15285,13,Elektronik,Semarang,Transfer Bank,444636
O15286,4,Fashion,Yogyakarta,Transfer Bank,63846
O15287,19,Makanan,Semarang,Transfer Bank,51845
O15288,19,Rumah Tangga,Solo,COD,298438
O15289,7,Kesehatan,Yogyakarta,COD,331364
O15290,4,Elektronik,Purworejo,COD,390062
O15291,9,Elektronik,Magelang,E-Wallet,156177
O15292,1,Kesehatan,Yogyakarta,Kartu Kredit,404254
O15293,15,Elektronik,Solo,Kartu Kredit,182130
O15294,8,Kesehatan,Yogyakarta,Transfer Bank,439281
O15295,17,Makanan,Magelang,E-Wallet,391104
O15296,16,Kesehatan,Solo,Kartu Kredit,440552
O15297,9,Fashion,Semarang,E-Wallet,141354
O15298,9,Makanan,Semarang,Kartu Kredit,410535
O15299,18,Fashion,Semarang,Transfer Bank,293934
O15300,17,Elektronik,Purworejo,E-Wallet,420175
O15301,15,Elektronik,Magelang,Transfer Bank,431852
O15302,11,Makanan,Purworejo,E-Wallet,373074
O15303,17,Rumah Tangga,Purworejo,Kartu Kredit,471191
O15304,3,Rumah Tangga,Magelang,Kartu Kredit,180708
O15305,9,Rumah Tangga,Yogyakarta,Transfer Bank,162066
O15306,12,Fashion,Semarang,Transfer Bank,156495
O15307,8,Rumah Tangga,Yogyakarta,E-Wallet,272369
O15308,11,Rumah Tangga,Purworejo,COD,159529
O15309,6,Kesehatan,Purworejo,Kartu Kredit,316738
O15310,12,Makanan,Magelang,Transfer Bank,295910
O15311,20,Rumah Tangga,Solo,Kartu Kredit,136193
O15312,6,Makanan,Solo,E-Wallet,195008
O15313,13,Elektronik,Solo,Kartu Kredit,340383
O15314,16,Kesehatan,Purworejo,Kartu Kredit,486964
O15315,17,Kesehatan,Solo,Kartu Kredit,136273
O15316,16,Fashion,Magelang,COD,293553
O15317,10,Elektronik,Semarang,Transfer Bank,366499
O15318,1,Kesehatan,Magelang,COD,427810
O15319,2,Makanan,Solo,COD,78261
O15320,1,Kesehatan,Yogyakarta,E-Wallet,113959
O15321,12,Elektronik,Semarang,COD,341087
O15322,18,Elektronik,Solo,Transfer Bank,55380
O15323,6,Fashion,Semarang,E-Wallet,173043
O15324,16,Elektronik,Purworejo,Kartu Kredit,370555
O15325,8,Makanan,Yogyakarta,Transfer Bank,452329
O15326,13,Makanan,Purworejo,COD,65263
O15327,10,Kesehatan,Solo,COD,234378
O15328,11,Kesehatan,Semarang,Transfer Bank,291841
O15329,18,Makanan,Semarang,E-Wallet,93085
O15330,12,Rumah Tangga,Yogyakarta,E-Wallet,372056
O15331,9,Elektronik,Magelang,E-Wallet,465676
O15332,18,Fashion,Purworejo,COD,155344
O15333,19,Kesehatan,Yogyakarta,E-Wallet,283965
O15334,18,Makanan,Purworejo,Kartu Kredit,297564
O15335,17,Elektronik,Yogyakarta,E-Wallet,78358
O15336,19,Kesehatan,Semarang,Kartu Kredit,444244
O15337,16,Kesehatan,Yogyakarta,E-Wallet,244798
O15338,4,Elektronik,Semarang,E-Wallet,314098
O15339,13,Elektronik,Yogyakarta,Transfer Bank,235617
O15340,1,Makanan,Purworejo,COD,128503
O15341,18,Kesehatan,Semarang,Transfer Bank,159036
O15342,17,Fashion,Solo,E-Wallet,120148
O15343,13,Makanan,Solo,Transfer Bank,344769
O15344,3,Kesehatan,Purworejo,Kartu Kredit,79646
O15345,7,Kesehatan,Magelang,Transfer Bank,304594
O15346,12,Makanan,Semarang,E-Wallet,432045
O15347,16,Elektronik,Solo,Kartu Kredit,373043
O15348,4,Kesehatan,Magelang,COD,486556
O15349,19,Makanan,Magelang,Kartu Kredit,117559
O15350,4,Kesehatan,Semarang,Kartu Kredit,481520
O15351,20,Elektronik,Yogyakarta,Kartu Kredit,185427
O15352,2,Kesehatan,Solo,COD,131754
O15353,6,Elektronik,Semarang,Transfer Bank,172362
O15354,7,Elektronik,Yogyakarta,Kartu Kredit,394081
O15355,12,Rumah Tangga,Yogyakarta,E-Wallet,346320
O15356,3,Kesehatan,Semarang,COD,158046
O15357,6,Rumah Tangga,Magelang,Transfer Bank,321561
O15358,8,Makanan,Solo,Transfer Bank,452135
O15359,15,Fashion,Purworejo,E-Wallet,207656
O15360,9,Elektronik,Semarang,COD,490280
O15361,8,Fashion,Semarang,COD,148284
O15362,9,Elektronik,Solo,COD,319464
O15363,6,Fashion,Solo,E-Wallet,478168
O15364,1,Makanan,Semarang,E-Wallet,188139
O15365,10,Makanan,Yogyakarta,E-Wallet,203125
O15366,14,Makanan,Semarang,Kartu Kredit,156313
O15367,2,Elektronik,Magelang,Kartu Kredit,433534
O15368,19,Elektronik,Semarang,COD,77210
O15369,13,Makanan,Semarang,Kartu Kredit,240885
O15370,6,Fashion,Magelang,Transfer Bank,273353
O15371,1,Kesehatan,Purworejo,COD,66258
O15372,17,Kesehatan,Yogyakarta,E-Wallet,280381
O15373,15,Elektronik,Semarang,COD,278026
O15374,2,Fashion,Yogyakarta,COD,411490
O15375,19,Rumah Tangga,Semarang,E-Wallet,82814
O15376,5,Elektronik,Yogyakarta,E-Wallet,239415
O15377,1,Rumah Tangga,Solo,Kartu Kredit,96187
O15378,13,Makanan,Solo,COD,476317
O15379,6,Rumah Tangga,Magelang,COD,483840
O15380,4,Rumah Tangga,Magelang,E-Wallet,252936
O15381,17,Elektronik,Purworejo,E-Wallet,494684
O15382,2,Rumah Tangga,Semarang,COD,249094
O15383,13,Elektronik,Semarang,COD,93839
O15384,16,Fashion,Solo,Transfer Bank,319830
O15385,2,Fashion,Semarang,E-Wallet,50581
O15386,3,Elektronik,Purworejo,Transfer Bank,234844
O15387,18,Elektronik,Magelang,Kartu Kredit,219194
O15388,9,Fashion,Yogyakarta,Kartu Kredit,348115
O15389,16,Makanan,Yogyakarta,Kartu Kredit,458353
O15390,2,Elektronik,Magelang,COD,418782
O15391,14,Elektronik,Semarang,COD,138711
O15392,2,Rumah Tangga,Semarang,E-Wallet,96089
O15393,18,Fashion,Magelang,Transfer Bank,390187
O15394,15,Makanan,Semarang,Kartu Kredit,385073
O15395,11,Makanan,Purworejo,Transfer Bank,386130
O15396,1,Rumah Tangga,Purworejo,Transfer Bank,136130
O15397,17,Fashion,Solo,Kartu Kredit,275877
O15398,1,Makanan,Semarang,E-Wallet,188260
O15399,6,Rumah Tangga,Magelang,COD,191033
O15400,13,Elektronik,Semarang,Kartu Kredit,163131
O15401,3,Kesehatan,Semarang,E-Wallet,433700
O15402,7,Makanan,Magelang,COD,144631
O15403,5,Rumah Tangga,Solo,COD,150054
O15404,2,Kesehatan,Yogyakarta,Kartu Kredit,121042
O15405,6,Kesehatan,Purworejo,Transfer Bank,97766
O15406,1,Makanan,Yogyakarta,Kartu Kredit,437862
O15407,3,Rumah Tangga,Purworejo,COD,302907
O15408,16,Fashion,Magelang,E-Wallet,103196
O15409,14,Fashion,Solo,Kartu Kredit,68266
O15410,7,Elektronik,Magelang,Kartu Kredit,329872
O15411,20,Makanan,Semarang,E-Wallet,292492
O15412,4,Elektronik,Magelang,E-Wallet,193071
O15413,13,Kesehatan,Semarang,COD,168700
O15414,17,Fashion,Semarang,Transfer Bank,266706
O15415,6,Kesehatan,Magelang,E-Wallet,278959
O15416,10,Elektronik,Solo,COD,265636
O15417,20,Elektronik,Solo,Kartu Kredit,138613
O15418,15,Fashion,Semarang,E-Wallet,386106
O15419,14,Fashion,Magelang,Kartu Kredit,241131
O15420,16,Kesehatan,Purworejo,E-Wallet,430802
O15421,10,Fashion,Magelang,E-Wallet,485962
O15422,7,Rumah Tangga,Semarang,Transfer Bank,415798
O15423,6,Fashion,Semarang,Kartu Kredit,152228
O15424,11,Elektronik,Purworejo,COD,380707
O15425,9,Elektronik,Semarang,COD,485397
O15426,2,Fashion,Magelang,E-Wallet,342243
O15427,2,Kesehatan,Purworejo,COD,185343
O15428,15,Fashion,Purworejo,E-Wallet,436021
O15429,8,Fashion,Semarang,E-Wallet,432496
O15430,7,Makanan,Purworejo,Transfer Bank,233481
O15431,9,Kesehatan,Solo,COD,283822
O15432,10,Fashion,Semarang,COD,310078
O15433,15,Makanan,Yogyakarta,E-Wallet,90449
O15434,9,Kesehatan,Yogyakarta,E-Wallet,372147
O15435,11,Makanan,Magelang,COD,222012
O15436,16,Elektronik,Solo,COD,268647
O15437,9,Elektronik,Purworejo,E-Wallet,271656
O15438,5,Makanan,Solo,COD,392035
O15439,18,Kesehatan,Purworejo,Kartu Kredit,123970
O15440,11,Elektronik,Yogyakarta,E-Wallet,499942
O15441,2,Makanan,Solo,Kartu Kredit,166799
O15442,9,Elektronik,Magelang,Transfer Bank,216820
O15443,19,Makanan,Magelang,E-Wallet,377276
O15444,1,Fashion,Semarang,Kartu Kredit,395571
O15445,9,Makanan,Yogyakarta,Transfer Bank,96777
O15446,8,Fashion,Magelang,E-Wallet,215338
O15447,10,Elektronik,Purworejo,Kartu Kredit,419655
O15448,4,Elektronik,Yogyakarta,Transfer Bank,84534
O15449,9,Kesehatan,Magelang,COD,463451
O15450,15,Fashion,Magelang,E-Wallet,100834
O15451,15,Elektronik,Semarang,Transfer Bank,393939
O15452,9,Fashion,Magelang,Kartu Kredit,202443
O15453,2,Rumah Tangga,Solo,E-Wallet,254511
O15454,7,Fashion,Solo,COD,83861
O15455,14,Makanan,Purworejo,Kartu Kredit,105496
O15456,16,Rumah Tangga,Purworejo,Transfer Bank,446544
O15457,6,Kesehatan,Yogyakarta,Kartu Kredit,410882
O15458,2,Rumah Tangga,Magelang,E-Wallet,456149
O15459,8,Fashion,Solo,COD,296221
O15460,3,Kesehatan,Semarang,E-Wallet,205568
O15461,11,Makanan,Solo,E-Wallet,247748
O15462,13,Elektronik,Semarang,E-Wallet,189906
O15463,8,Elektronik,Yogyakarta,E-Wallet,217400
O15464,5,Makanan,Solo,COD,144138
O15465,19,Rumah Tangga,Magelang,Kartu Kredit,253435
O15466,12,Fashion,Solo,Transfer Bank,377362
O15467,17,Makanan,Semarang,Kartu Kredit,272563
O15468,17,Rumah Tangga,Purworejo,Transfer Bank,122715
O15469,16,Fashion,Semarang,COD,352612
O15470,12,Makanan,Magelang,COD,309240
O15471,15,Kesehatan,Semarang,COD,411929
O15472,14,Makanan,Magelang,Kartu Kredit,76167
O15473,2,Makanan,Magelang,COD,394492
O15474,11,Rumah Tangga,Semarang,Transfer Bank,205018
O15475,20,Rumah Tangga,Purworejo,Kartu Kredit,128106
O15476,10,Elektronik,Purworejo,Transfer Bank,236096
O15477,7,Kesehatan,Semarang,Kartu Kredit,119665
O15478,4,Kesehatan,Semarang,Transfer Bank,166776
O15479,12,Makanan,Purworejo,Kartu Kredit,135676
O15480,14,Rumah Tangga,Solo,Kartu Kredit,268015
O15481,1,Fashion,Purworejo,Kartu Kredit,110262
O15482,18,Elektronik,Purworejo,Transfer Bank,188038
O15483,1,Kesehatan,Yogyakarta,Kartu Kredit,498873
O15484,5,Rumah Tangga,Magelang,COD,354038
O15485,2,Kesehatan,Yogyakarta,E-Wallet,286596
O15486,3,Kesehatan,Purworejo,E-Wallet,169079
O15487,6,Kesehatan,Purworejo,COD,154602
O15488,3,Fashion,Solo,E-Wallet,165582
O15489,6,Elektronik,Yogyakarta,Transfer Bank,254416
O15490,16,Elektronik,Solo,COD,337746
O15491,4,Kesehatan,Yogyakarta,Transfer Bank,447887
O15492,4,Rumah Tangga,Solo,Kartu Kredit,462332
O15493,12,Kesehatan,Semarang,Kartu Kredit,159488
O15494,7,Fashion,Purworejo,COD,105849
O15495,10,Rumah Tangga,Solo,E-Wallet,385254
O15496,20,Elektronik,Magelang,COD,202212
O15497,18,Rumah Tangga,Solo,Transfer Bank,405339
O15498,10,Rumah Tangga,Purworejo,Kartu Kredit,249210
O15499,15,Rumah Tangga,Semarang,E-Wallet,219073
O15500,17,Rumah Tangga,Semarang,COD,217843
O15501,1,Kesehatan,Solo,Kartu Kredit,157195
O15502,6,Fashion,Yogyakarta,Transfer Bank,476404
O15503,16,Rumah Tangga,Solo,E-Wallet,134563
O15504,12,Elektronik,Solo,E-Wallet,358223
O15505,18,Rumah Tangga,Solo,E-Wallet,94524
O15506,8,Fashion,Yogyakarta,E-Wallet,309061
O15507,20,Makanan,Semarang,Transfer Bank,182596
O15508,14,Makanan,Solo,E-Wallet,360084
O15509,4,Rumah Tangga,Semarang,Kartu Kredit,499216
O15510,2,Rumah Tangga,Yogyakarta,E-Wallet,273623
O15511,6,Rumah Tangga,Semarang,COD,61108
O15512,3,Fashion,Semarang,Transfer Bank,320454
O15513,14,Fashion,Solo,Kartu Kredit,340141
O15514,12,Rumah Tangga,Solo,E-Wallet,67763
O15515,14,Makanan,Yogyakarta,COD,334959
O15516,12,Makanan,Magelang,Kartu Kredit,187569
O15517,17,Rumah Tangga,Semarang,Kartu Kredit,446654
O15518,2,Fashion,Magelang,E-Wallet,406815
O15519,10,Elektronik,Solo,COD,248939
O15520,9,Rumah Tangga,Yogyakarta,Transfer Bank,399685
O15521,4,Kesehatan,Purworejo,COD,258809
O15522,19,Kesehatan,Purworejo,Transfer Bank,88894
O15523,1,Rumah Tangga,Yogyakarta,COD,471520
O15524,19,Makanan,Yogyakarta,COD,102738
O15525,6,Rumah Tangga,Purworejo,Kartu Kredit,400666
O15526,2,Makanan,Solo,COD,498654
O15527,13,Elektronik,Solo,Kartu Kredit,135124
O15528,11,Kesehatan,Yogyakarta,COD,180369
O15529,6,Fashion,Magelang,COD,489760
O15530,9,Rumah Tangga,Magelang,Transfer Bank,178749
O15531,3,Kesehatan,Semarang,Kartu Kredit,244508
O15532,2,Kesehatan,Solo,Transfer Bank,402463
O15533,3,Rumah Tangga,Magelang,Transfer Bank,77022
O15534,15,Makanan,Yogyakarta,E-Wallet,73961
O15535,2,Fashion,Semarang,Transfer Bank,422067
O15536,16,Rumah Tangga,Yogyakarta,E-Wallet,478370
O15537,8,Makanan,Yogyakarta,Transfer Bank,131832
O15538,15,Makanan,Solo,E-Wallet,159625
O15539,3,Makanan,Magelang,Transfer Bank,226594
O15540,8,Fashion,Semarang,COD,450359
O15541,4,Makanan,Semarang,Transfer Bank,139818
O15542,1,Fashion,Yogyakarta,COD,116656
O15543,5,Fashion,Yogyakarta,Kartu Kredit,247029
O15544,19,Makanan,Purworejo,E-Wallet,375015
O15545,12,Makanan,Purworejo,Kartu Kredit,188458
O15546,8,Fashion,Semarang,E-Wallet,424255
O15547,16,Makanan,Semarang,Kartu Kredit,118903
O15548,16,Elektronik,Purworejo,COD,228094
O15549,6,Makanan,Purworejo,Transfer Bank,322252
O15550,12,Makanan,Solo,Transfer Bank,349131
O15551,7,Kesehatan,Semarang,E-Wallet,275198
O15552,1,Kesehatan,Magelang,E-Wallet,484266
O15553,6,Makanan,Semarang,COD,402964
O15554,13,Fashion,Semarang,Transfer Bank,219998
O15555,10,Kesehatan,Semarang,Transfer Bank,90122
O15556,14,Kesehatan,Magelang,COD,187532
O15557,3,Makanan,Yogyakarta,Kartu Kredit,101346
O15558,15,Rumah Tangga,Purworejo,Kartu Kredit,135995
O15559,2,Makanan,Semarang,Kartu Kredit,172025
O15560,8,Makanan,Purworejo,E-Wallet,124082
O15561,3,Elektronik,Purworejo,Kartu Kredit,449121
O15562,12,Rumah Tangga,Yogyakarta,Kartu Kredit,209816
O15563,20,Fashion,Semarang,COD,162452
O15564,14,Makanan,Purworejo,Transfer Bank,198417
O15565,4,Makanan,Magelang,Kartu Kredit,457973
O15566,9,Kesehatan,Purworejo,E-Wallet,197063
O15567,11,Kesehatan,Solo,Transfer Bank,88321
O15568,2,Elektronik,Purworejo,COD,461206
O15569,9,Elektronik,Semarang,Kartu Kredit,287689
O15570,6,Makanan,Yogyakarta,E-Wallet,455953
O15571,8,Makanan,Solo,Kartu Kredit,216192
O15572,13,Kesehatan,Semarang,E-Wallet,493789
O15573,15,Makanan,Solo,COD,304046
O15574,6,Rumah Tangga,Purworejo,E-Wallet,68279
O15575,1,Makanan,Yogyakarta,COD,371659
O15576,13,Fashion,Semarang,E-Wallet,352041
O15577,10,Rumah Tangga,Solo,Kartu Kredit,386071
O15578,13,Elektronik,Purworejo,E-Wallet,95796
O15579,11,Kesehatan,Purworejo,E-Wallet,139945
O15580,2,Rumah Tangga,Yogyakarta,Kartu Kredit,110269
O15581,12,Elektronik,Purworejo,Kartu Kredit,57582
O15582,18,Elektronik,Yogyakarta,COD,218180
O15583,14,Fashion,Yogyakarta,Kartu Kredit,460118
O15584,18,Rumah Tangga,Magelang,COD,349107
O15585,3,Fashion,Magelang,COD,141950
O15586,7,Kesehatan,Semarang,Transfer Bank,264194
O15587,3,Makanan,Purworejo,COD,385762
O15588,5,Rumah Tangga,Purworejo,E-Wallet,50788
O15589,18,Rumah Tangga,Magelang,Kartu Kredit,432985
O15590,9,Elektronik,Solo,COD,125637
O15591,15,Fashion,Solo,COD,132314
O15592,8,Rumah Tangga,Semarang,Transfer Bank,250567
O15593,2,Fashion,Semarang,Transfer Bank,122340
O15594,13,Makanan,Solo,COD,307580
O15595,1,Kesehatan,Purworejo,Transfer Bank,207872
O15596,7,Kesehatan,Solo,COD,467898
O15597,4,Elektronik,Yogyakarta,Transfer Bank,395567
O15598,9,Fashion,Semarang,E-Wallet,246522
O15599,9,Kesehatan,Solo,E-Wallet,257699
O15600,17,Rumah Tangga,Purworejo,COD,318310
O15601,7,Elektronik,Magelang,COD,412946
O15602,8,Kesehatan,Solo,COD,150803
O15603,12,Makanan,Solo,Kartu Kredit,333802
O15604,18,Elektronik,Semarang,E-Wallet,339345
O15605,15,Kesehatan,Solo,Transfer Bank,240325
O15606,2,Fashion,Magelang,Kartu Kredit,105982
O15607,3,Rumah Tangga,Solo,Kartu Kredit,445981
O15608,17,Elektronik,Purworejo,COD,86061
O15609,1,Rumah Tangga,Semarang,Transfer Bank,468097
O15610,2,Makanan,Solo,COD,313763
O15611,11,Kesehatan,Solo,Kartu Kredit,463876
O15612,9,Makanan,Semarang,Kartu Kredit,210555
O15613,8,Rumah Tangga,Solo,E-Wallet,153959
O15614,12,Elektronik,Solo,COD,443359
O15615,7,Elektronik,Solo,E-Wallet,88377
O15616,4,Fashion,Semarang,COD,150345
O15617,16,Elektronik,Purworejo,COD,211834
O15618,10,Elektronik,Semarang,E-Wallet,378627
O15619,9,Makanan,Yogyakarta,COD,161857
O15620,5,Kesehatan,Yogyakarta,Kartu Kredit,60209
O15621,1,Fashion,Purworejo,COD,347374
O15622,10,Rumah Tangga,Semarang,E-Wallet,377020
O15623,2,Makanan,Semarang,COD,185595
O15624,8,Fashion,Semarang,Kartu Kredit,59329
O15625,13,Fashion,Purworejo,COD,335739
O15626,20,Kesehatan,Solo,Transfer Bank,391000
O15627,18,Elektronik,Semarang,Transfer Bank,469532
O15628,8,Makanan,Purworejo,COD,410077
O15629,8,Rumah Tangga,Semarang,E-Wallet,193175
O15630,19,Fashion,Solo,Transfer Bank,92994
O15631,10,Makanan,Magelang,E-Wallet,54724
O15632,9,Fashion,Solo,E-Wallet,278801
O15633,4,Fashion,Yogyakarta,Transfer Bank,311627
O15634,10,Fashion,Purworejo,Kartu Kredit,227245
O15635,12,Fashion,Semarang,E-Wallet,319868
O15636,5,Rumah Tangga,Magelang,Transfer Bank,390325
O15637,4,Makanan,Yogyakarta,COD,93624
O15638,13,Fashion,Semarang,Transfer Bank,413549
O15639,11,Elektronik,Magelang,Kartu Kredit,439246
O15640,19,Kesehatan,Yogyakarta,Transfer Bank,81791
O15641,16,Makanan,Yogyakarta,Kartu Kredit,402430
O15642,9,Elektronik,Magelang,COD,376902
O15643,20,Elektronik,Semarang,COD,474801
O15644,6,Rumah Tangga,Purworejo,E-Wallet,302145
O15645,12,Makanan,Semarang,Kartu Kredit,388424
O15646,15,Kesehatan,Semarang,Kartu Kredit,242515
O15647,18,Kesehatan,Yogyakarta,Transfer Bank,261256
O15648,1,Fashion,Purworejo,E-Wallet,238039
O15649,15,Kesehatan,Magelang,Transfer Bank,428861
O15650,2,Fashion,Solo,Transfer Bank,212901
O15651,5,Makanan,Semarang,Kartu Kredit,102534
O15652,7,Fashion,Magelang,Transfer Bank,407801
O15653,1,Kesehatan,Semarang,E-Wallet,409596
O15654,14,Fashion,Magelang,Kartu Kredit,475318
O15655,14,Elektronik,Purworejo,Kartu Kredit,473865
O15656,11,Rumah Tangga,Semarang,COD,445852
O15657,4,Elektronik,Yogyakarta,Kartu Kredit,377841
O15658,6,Fashion,Solo,E-Wallet,266745
O15659,16,Elektronik,Magelang,Transfer Bank,214175
O15660,2,Kesehatan,Purworejo,COD,282126
O15661,3,Kesehatan,Solo,E-Wallet,100495
O15662,7,Kesehatan,Purworejo,Kartu Kredit,381581
O15663,2,Fashion,Semarang,COD,478968
O15664,20,Fashion,Yogyakarta,Kartu Kredit,375945
O15665,16,Rumah Tangga,Solo,Transfer Bank,95523
O15666,20,Rumah Tangga,Purworejo,COD,351181
O15667,13,Elektronik,Yogyakarta,Transfer Bank,202440
O15668,15,Makanan,Magelang,COD,462855
O15669,7,Rumah Tangga,Solo,Transfer Bank,253993
O15670,18,Makanan,Magelang,E-Wallet,459126
O15671,9,Makanan,Solo,COD,238956
O15672,3,Rumah Tangga,Semarang,Transfer Bank,138158
O15673,17,Kesehatan,Solo,COD,379340
O15674,6,Fashion,Semarang,Kartu Kredit,302095
O15675,7,Rumah Tangga,Solo,E-Wallet,249551
O15676,1,Fashion,Purworejo,COD,378595
O15677,14,Kesehatan,Solo,Transfer Bank,174192
O15678,9,Makanan,Purworejo,E-Wallet,151741
O15679,17,Makanan,Semarang,COD,205904
O15680,4,Elektronik,Semarang,COD,237821
O15681,2,Makanan,Purworejo,COD,137058
O15682,9,Kesehatan,Solo,Transfer Bank,466067
O15683,16,Fashion,Semarang,Transfer Bank,250784
O15684,16,Rumah Tangga,Yogyakarta,E-Wallet,233848
O15685,14,Kesehatan,Semarang,Kartu Kredit,292908
O15686,12,Kesehatan,Solo,Transfer Bank,77872
O15687,3,Rumah Tangga,Magelang,Kartu Kredit,111457
O15688,3,Kesehatan,Yogyakarta,COD,64879
O15689,19,Fashion,Semarang,COD,366813
O15690,18,Makanan,Semarang,COD,278468
O15691,4,Makanan,Magelang,Kartu Kredit,290517
O15692,9,Makanan,Magelang,Kartu Kredit,386067
O15693,5,Rumah Tangga,Semarang,Kartu Kredit,177972
O15694,13,Fashion,Magelang,COD,325309
O15695,16,Kesehatan,Solo,COD,349585
O15696,20,Kesehatan,Yogyakarta,Kartu Kredit,133820
O15697,18,Fashion,Solo,COD,368237
O15698,16,Fashion,Semarang,E-Wallet,400362
O15699,10,Elektronik,Semarang,Transfer Bank,135981
O15700,13,Rumah Tangga,Solo,Transfer Bank,65939
O15701,2,Makanan,Semarang,Transfer Bank,313654
O15702,12,Elektronik,Yogyakarta,COD,102926
O15703,16,Rumah Tangga,Purworejo,Transfer Bank,112778
O15704,13,Rumah Tangga,Yogyakarta,COD,378027
O15705,11,Rumah Tangga,Solo,COD,227779
O15706,13,Rumah Tangga,Solo,COD,286156
O15707,19,Makanan,Semarang,COD,264423
O15708,15,Rumah Tangga,Purworejo,COD,199708
O15709,17,Elektronik,Yogyakarta,Transfer Bank,470949
O15710,7,Kesehatan,Solo,E-Wallet,391874
O15711,9,Rumah Tangga,Yogyakarta,COD,214538
O15712,1,Makanan,Yogyakarta,Transfer Bank,375895
O15713,10,Fashion,Yogyakarta,COD,90408
O15714,13,Kesehatan,Purworejo,COD,268214
O15715,19,Fashion,Magelang,Kartu Kredit,53679
O15716,12,Fashion,Magelang,COD,204492
O15717,7,Elektronik,Solo,Kartu Kredit,483403
O15718,13,Kesehatan,Semarang,Kartu Kredit,366211
O15719,16,Fashion,Purworejo,E-Wallet,325115
O15720,16,Elektronik,Purworejo,Transfer Bank,221876
O15721,11,Fashion,Purworejo,E-Wallet,196951
O15722,12,Fashion,Solo,Kartu Kredit,172690
O15723,19,Rumah Tangga,Semarang,COD,334565
O15724,12,Elektronik,Magelang,Kartu Kredit,388260
O15725,16,Makanan,Purworejo,Kartu Kredit,278149
O15726,12,Kesehatan,Semarang,COD,157130
O15727,13,Fashion,Magelang,Kartu Kredit,179787
O15728,6,Makanan,Solo,E-Wallet,102433
O15729,7,Makanan,Yogyakarta,Transfer Bank,191943
O15730,6,Makanan,Solo,COD,278310
O15731,5,Fashion,Solo,COD,377025
O15732,5,Makanan,Solo,Transfer Bank,96098
O15733,12,Rumah Tangga,Solo,Kartu Kredit,111301
O15734,14,Makanan,Solo,Transfer Bank,357152
O15735,1,Kesehatan,Semarang,COD,366704
O15736,18,Fashion,Semarang,COD,116690
O15737,6,Elektronik,Yogyakarta,COD,115148
O15738,13,Elektronik,Yogyakarta,Transfer Bank,143381
O15739,13,Kesehatan,Yogyakarta,E-Wallet,415759
O15740,2,Makanan,Purworejo,Transfer Bank,354529
O15741,19,Makanan,Yogyakarta,Transfer Bank,241360
O15742,16,Kesehatan,Purworejo,COD,92698
O15743,12,Kesehatan,Magelang,E-Wallet,335742
O15744,2,Fashion,Semarang,COD,335676
O15745,2,Elektronik,Magelang,COD,483466
O15746,3,Kesehatan,Yogyakarta,COD,123305
O15747,16,Kesehatan,Magelang,Transfer Bank,70816
O15748,12,Fashion,Solo,Transfer Bank,363966
O15749,4,Makanan,Yogyakarta,Kartu Kredit,223276
O15750,18,Rumah Tangga,Yogyakarta,Kartu Kredit,235133
O15751,14,Fashion,Semarang,COD,72454
O15752,3,Makanan,Solo,Transfer Bank,141012
O15753,11,Fashion,Semarang,E-Wallet,383149
O15754,19,Elektronik,Magelang,Transfer Bank,118162
O15755,5,Makanan,Magelang,Transfer Bank,240571
O15756,7,Kesehatan,Magelang,E-Wallet,499168
O15757,10,Kesehatan,Semarang,COD,122514
O15758,12,Fashion,Purworejo,E-Wallet,223059
O15759,20,Makanan,Magelang,COD,198723
O15760,15,Makanan,Purworejo,Kartu Kredit,183773
O15761,20,Rumah Tangga,Yogyakarta,E-Wallet,311107
O15762,12,Rumah Tangga,Semarang,Kartu Kredit,453209
O15763,16,Elektronik,Semarang,E-Wallet,221074
O15764,8,Makanan,Semarang,E-Wallet,458354
O15765,17,Rumah Tangga,Solo,COD,401526
O15766,11,Makanan,Yogyakarta,COD,457111
O15767,16,Kesehatan,Semarang,COD,110010
O15768,2,Elektronik,Yogyakarta,E-Wallet,291465
O15769,17,Kesehatan,Purworejo,COD,100273
O15770,5,Fashion,Purworejo,COD,351011
O15771,13,Makanan,Solo,Transfer Bank,457426
O15772,13,Rumah Tangga,Yogyakarta,Kartu Kredit,484042
O15773,18,Elektronik,Solo,COD,419070
O15774,4,Fashion,Semarang,Transfer Bank,367293
O15775,9,Elektronik,Purworejo,COD,191928
O15776,9,Makanan,Yogyakarta,Kartu Kredit,457154
O15777,17,Rumah Tangga,Magelang,Transfer Bank,331535
O15778,2,Rumah Tangga,Yogyakarta,Kartu Kredit,229847
O15779,20,Kesehatan,Magelang,COD,195699
O15780,15,Fashion,Solo,Transfer Bank,173201
O15781,8,Kesehatan,Semarang,Transfer Bank,390010
O15782,1,Elektronik,Magelang,E-Wallet,122178
O15783,14,Fashion,Purworejo,Transfer Bank,131798
O15784,19,Rumah Tangga,Solo,Transfer Bank,140804
O15785,9,Elektronik,Purworejo,E-Wallet,331531
O15786,13,Kesehatan,Yogyakarta,Kartu Kredit,465737
O15787,5,Fashion,Semarang,Transfer Bank,53114
O15788,1,Kesehatan,Solo,COD,196787
O15789,17,Elektronik,Solo,Kartu Kredit,360904
O15790,13,Fashion,Magelang,Transfer Bank,101584
O15791,18,Elektronik,Magelang,Transfer Bank,292610
O15792,19,Fashion,Magelang,E-Wallet,185379
O15793,8,Rumah Tangga,Solo,Transfer Bank,153803
O15794,3,Makanan,Purworejo,E-Wallet,82684
O15795,4,Kesehatan,Magelang,Kartu Kredit,376766
O15796,20,Kesehatan,Purworejo,Transfer Bank,387670
O15797,8,Elektronik,Purworejo,Transfer Bank,450789
O15798,7,Rumah Tangga,Purworejo,COD,60926
O15799,19,Rumah Tangga,Yogyakarta,E-Wallet,145523
O15800,1,Fashion,Solo,COD,453268
O15801,4,Elektronik,Semarang,E-Wallet,134719
O15802,3,Elektronik,Semarang,Kartu Kredit,58513
O15803,20,Elektronik,Magelang,Kartu Kredit,216125
O15804,18,Fashion,Magelang,COD,296540
O15805,6,Fashion,Yogyakarta,Kartu Kredit,64875
O15806,11,Elektronik,Magelang,Kartu Kredit,271337
O15807,20,Rumah Tangga,Magelang,Kartu Kredit,74385
O15808,12,Fashion,Solo,Transfer Bank,378957
O15809,12,Elektronik,Magelang,E-Wallet,273941
O15810,20,Fashion,Semarang,COD,143937
O15811,13,Makanan,Purworejo,E-Wallet,492676
O15812,20,Rumah Tangga,Magelang,Transfer Bank,103501
O15813,7,Elektronik,Solo,Transfer Bank,237746
O15814,9,Makanan,Purworejo,Kartu Kredit,473248
O15815,16,Kesehatan,Yogyakarta,COD,213291
O15816,18,Kesehatan,Yogyakarta,COD,471245
O15817,18,Makanan,Yogyakarta,COD,361305
O15818,19,Elektronik,Semarang,Kartu Kredit,303851
O15819,12,Elektronik,Purworejo,COD,395213
O15820,16,Elektronik,Semarang,Transfer Bank,94626
O15821,17,Rumah Tangga,Magelang,Transfer Bank,327818
O15822,2,Rumah Tangga,Magelang,Kartu Kredit,71095
O15823,9,Elektronik,Purworejo,Kartu Kredit,162180
O15824,11,Makanan,Yogyakarta,Transfer Bank,364643
O15825,1,Fashion,Solo,Kartu Kredit,161010
O15826,5,Kesehatan,Yogyakarta,Transfer Bank,197773
O15827,20,Rumah Tangga,Purworejo,Kartu Kredit,50158
O15828,11,Makanan,Yogyakarta,Transfer Bank,264046
O15829,3,Kesehatan,Semarang,E-Wallet,185574
O15830,16,Kesehatan,Yogyakarta,E-Wallet,214503
O15831,12,Fashion,Semarang,COD,439537
O15832,12,Elektronik,Yogyakarta,E-Wallet,468277
O15833,6,Rumah Tangga,Magelang,COD,329600
O15834,16,Fashion,Magelang,Transfer Bank,195586
O15835,4,Elektronik,Yogyakarta,E-Wallet,165524
O15836,3,Kesehatan,Semarang,E-Wallet,126111
O15837,6,Fashion,Magelang,E-Wallet,267010
O15838,8,Kesehatan,Magelang,Transfer Bank,184427
O15839,15,Fashion,Solo,COD,105981
O15840,10,Makanan,Purworejo,Transfer Bank,345839
O15841,20,Fashion,Solo,Kartu Kredit,123054
O15842,1,Makanan,Yogyakarta,Kartu Kredit,200977
O15843,16,Fashion,Purworejo,COD,355465
O15844,19,Fashion,Yogyakarta,Transfer Bank,102942
O15845,18,Fashion,Solo,Transfer Bank,485235
O15846,2,Makanan,Semarang,Kartu Kredit,236484
O15847,2,Fashion,Magelang,Transfer Bank,424793
O15848,9,Kesehatan,Semarang,Transfer Bank,382886
O15849,6,Makanan,Magelang,Kartu Kredit,342889
O15850,5,Elektronik,Purworejo,Kartu Kredit,448276
O15851,5,Elektronik,Semarang,E-Wallet,440792
O15852,1,Kesehatan,Solo,COD,50158
O15853,4,Fashion,Solo,Kartu Kredit,233849
O15854,6,Rumah Tangga,Semarang,Kartu Kredit,400549
O15855,2,Elektronik,Purworejo,E-Wallet,65244
O15856,20,Elektronik,Magelang,COD,393118
O15857,4,Fashion,Purworejo,COD,393833
O15858,10,Rumah Tangga,Semarang,E-Wallet,234036
O15859,17,Kesehatan,Semarang,Transfer Bank,258432
O15860,2,Fashion,Yogyakarta,Transfer Bank,228727
O15861,8,Fashion,Magelang,E-Wallet,77439
O15862,9,Fashion,Yogyakarta,Kartu Kredit,94541
O15863,1,Rumah Tangga,Magelang,COD,409456
O15864,7,Kesehatan,Magelang,E-Wallet,448514
O15865,6,Makanan,Solo,Kartu Kredit,160281
O15866,19,Elektronik,Purworejo,COD,389447
O15867,10,Rumah Tangga,Purworejo,COD,136304
O15868,15,Fashion,Purworejo,Kartu Kredit,448003
O15869,14,Elektronik,Yogyakarta,Transfer Bank,68585
O15870,4,Rumah Tangga,Purworejo,E-Wallet,486989
O15871,18,Rumah Tangga,Semarang,COD,419993
O15872,19,Makanan,Magelang,Kartu Kredit,436503
O15873,14,Fashion,Semarang,E-Wallet,435394
O15874,3,Fashion,Semarang,Transfer Bank,490456
O15875,19,Kesehatan,Purworejo,E-Wallet,53995
O15876,11,Kesehatan,Magelang,E-Wallet,377502
O15877,20,Fashion,Purworejo,COD,442854
O15878,17,Fashion,Solo,COD,191702
O15879,1,Rumah Tangga,Yogyakarta,COD,426960
O15880,13,Rumah Tangga,Solo,Transfer Bank,367575
O15881,7,Makanan,Purworejo,E-Wallet,316681
O15882,4,Elektronik,Solo,Transfer Bank,437789
O15883,7,Rumah Tangga,Magelang,Transfer Bank,217764
O15884,9,Kesehatan,Magelang,E-Wallet,399078
O15885,15,Kesehatan,Magelang,COD,265604
O15886,15,Rumah Tangga,Magelang,Transfer Bank,153880
O15887,9,Makanan,Purworejo,E-Wallet,439419
O15888,12,Elektronik,Yogyakarta,COD,306953
O15889,5,Elektronik,Yogyakarta,COD,309721
O15890,17,Elektronik,Semarang,Kartu Kredit,72047
O15891,20,Fashion,Yogyakarta,Transfer Bank,309731
O15892,14,Makanan,Solo,Kartu Kredit,342222
O15893,4,Kesehatan,Purworejo,E-Wallet,331726
O15894,9,Fashion,Purworejo,Transfer Bank,234941
O15895,3,Fashion,Solo,COD,190030
O15896,9,Elektronik,Magelang,Kartu Kredit,251393
O15897,1,Kesehatan,Semarang,COD,278705
O15898,4,Kesehatan,Magelang,E-Wallet,439968
O15899,3,Makanan,Semarang,Transfer Bank,472188
O15900,9,Kesehatan,Solo,Kartu Kredit,93389
O15901,5,Elektronik,Solo,COD,473395
O15902,3,Makanan,Purworejo,Kartu Kredit,180442
O15903,3,Elektronik,Solo,E-Wallet,362772
O15904,17,Kesehatan,Semarang,Kartu Kredit,439620
O15905,9,Kesehatan,Yogyakarta,COD,157150
O15906,15,Elektronik,Magelang,Transfer Bank,71277
O15907,5,Rumah Tangga,Yogyakarta,E-Wallet,243591
O15908,15,Makanan,Solo,COD,396037
O15909,2,Elektronik,Purworejo,E-Wallet,360869
O15910,10,Makanan,Purworejo,Kartu Kredit,369441
O15911,5,Elektronik,Semarang,Transfer Bank,176848
O15912,3,Fashion,Purworejo,Kartu Kredit,394654
O15913,5,Rumah Tangga,Magelang,COD,465214
O15914,8,Elektronik,Solo,COD,176189
O15915,2,Rumah Tangga,Solo,Kartu Kredit,300825
O15916,8,Rumah Tangga,Semarang,E-Wallet,473004
O15917,20,Fashion,Yogyakarta,Kartu Kredit,452520
O15918,19,Elektronik,Yogyakarta,Transfer Bank,425560
O15919,15,Rumah Tangga,Yogyakarta,Kartu Kredit,107821
O15920,16,Rumah Tangga,Purworejo,Transfer Bank,456918
O15921,1,Makanan,Solo,COD,94515
O15922,12,Elektronik,Yogyakarta,COD,109289
O15923,11,Elektronik,Yogyakarta,COD,101850
O15924,12,Kesehatan,Solo,COD,377282
O15925,10,Rumah Tangga,Purworejo,COD,343532
O15926,16,Makanan,Solo,Transfer Bank,314459
O15927,15,Makanan,Semarang,Transfer Bank,166985
O15928,18,Makanan,Purworejo,Transfer Bank,307861
O15929,16,Rumah Tangga,Semarang,Kartu Kredit,283011
O15930,20,Fashion,Yogyakarta,Kartu Kredit,158276
O15931,20,Kesehatan,Magelang,COD,117152
O15932,19,Rumah Tangga,Yogyakarta,E-Wallet,248600
O15933,11,Makanan,Magelang,Kartu Kredit,290407
O15934,6,Elektronik,Magelang,Transfer Bank,354736
O15935,8,Elektronik,Magelang,COD,92515
O15936,12,Elektronik,Solo,Kartu Kredit,277310
O15937,16,Fashion,Purworejo,E-Wallet,329150
O15938,6,Kesehatan,Yogyakarta,E-Wallet,239487
O15939,12,Elektronik,Magelang,COD,178535
O15940,1,Fashion,Purworejo,E-Wallet,393148
O15941,14,Kesehatan,Purworejo,COD,256811
O15942,20,Rumah Tangga,Magelang,E-Wallet,146126
O15943,12,Fashion,Magelang,Transfer Bank,419855
O15944,10,Kesehatan,Semarang,Kartu Kredit,294518
O15945,14,Fashion,Yogyakarta,Kartu Kredit,124671
O15946,14,Elektronik,Yogyakarta,Kartu Kredit,166222
O15947,11,Elektronik,Yogyakarta,Kartu Kredit,239780
O15948,16,Elektronik,Purworejo,Kartu Kredit,272192
O15949,10,Rumah Tangga,Yogyakarta,COD,238201
O15950,18,Rumah Tangga,Solo,Transfer Bank,159811
O15951,3,Makanan,Magelang,Transfer Bank,477124
O15952,3,Makanan,Yogyakarta,Kartu Kredit,317566
O15953,10,Makanan,Purworejo,Kartu Kredit,239356
O15954,1,Elektronik,Solo,Transfer Bank,464019
O15955,11,Fashion,Magelang,Transfer Bank,343464
O15956,8,Rumah Tangga,Solo,Kartu Kredit,250042
O15957,20,Elektronik,Semarang,COD,290151
O15958,19,Elektronik,Solo,Kartu Kredit,54200
O15959,3,Elektronik,Solo,Kartu Kredit,481513
O15960,1,Elektronik,Purworejo,Kartu Kredit,243588
O15961,19,Rumah Tangga,Solo,Kartu Kredit,468025
O15962,11,Makanan,Purworejo,COD,129788
O15963,17,Fashion,Solo,E-Wallet,218248
O15964,4,Elektronik,Semarang,Kartu Kredit,331828
O15965,7,Elektronik,Solo,COD,376370
O15966,19,Fashion,Magelang,Kartu Kredit,238012
O15967,20,Makanan,Purworejo,E-Wallet,283156
O15968,15,Fashion,Purworejo,Kartu Kredit,93343
O15969,11,Makanan,Magelang,Kartu Kredit,418002
O15970,14,Fashion,Magelang,Kartu Kredit,268591
O15971,19,Fashion,Yogyakarta,Kartu Kredit,215149
O15972,3,Elektronik,Magelang,Transfer Bank,346808
O15973,9,Makanan,Purworejo,E-Wallet,136403
O15974,6,Fashion,Yogyakarta,E-Wallet,70160
O15975,18,Elektronik,Yogyakarta,Kartu Kredit,73276
O15976,10,Rumah Tangga,Magelang,E-Wallet,421844
O15977,10,Makanan,Semarang,Transfer Bank,311855
O15978,16,Fashion,Semarang,Kartu Kredit,400024
O15979,8,Makanan,Solo,COD,127335
O15980,5,Rumah Tangga,Purworejo,Transfer Bank,97779
O15981,17,Makanan,Semarang,COD,484814
O15982,11,Rumah Tangga,Solo,Transfer Bank,339131
O15983,14,Elektronik,Purworejo,Kartu Kredit,417716
O15984,18,Makanan,Magelang,E-Wallet,68037
O15985,13,Fashion,Yogyakarta,Transfer Bank,102961
O15986,18,Kesehatan,Purworejo,Transfer Bank,55334
O15987,13,Rumah Tangga,Semarang,E-Wallet,399632
O15988,7,Fashion,Purworejo,Kartu Kredit,319010
O15989,16,Rumah Tangga,Yogyakarta,Kartu Kredit,71524
O15990,18,Elektronik,Purworejo,COD,495091
O15991,2,Rumah Tangga,Magelang,COD,228381
O15992,19,Fashion,Purworejo,Transfer Bank,201378
O15993,3,Makanan,Purworejo,Kartu Kredit,247622
O15994,7,Makanan,Yogyakarta,Kartu Kredit,368394
O15995,5,Kesehatan,Yogyakarta,Kartu Kredit,237099
O15996,7,Elektronik,Purworejo,Transfer Bank,53143
O15997,8,Kesehatan,Magelang,E-Wallet,321600
O15998,2,Fashion,Semarang,COD,178428
O15999,14,Makanan,Magelang,E-Wallet,294103
O16000,2,Elektronik,Semarang,Transfer Bank,296670
O16001,5,Rumah Tangga,Yogyakarta,COD,497014
O16002,12,Fashion,Yogyakarta,Kartu Kredit,450097
O16003,13,Makanan,Purworejo,COD,247874
O16004,13,Kesehatan,Purworejo,Kartu Kredit,254132
O16005,11,Kesehatan,Solo,E-Wallet,460756
O16006,14,Elektronik,Semarang,Transfer Bank,283987
O16007,5,Rumah Tangga,Yogyakarta,COD,257016
O16008,19,Kesehatan,Purworejo,COD,425436
O16009,3,Kesehatan,Semarang,COD,282946
O16010,3,Makanan,Purworejo,COD,111824
O16011,8,Fashion,Yogyakarta,COD,406114
O16012,3,Kesehatan,Semarang,Kartu Kredit,361161
O16013,7,Elektronik,Magelang,COD,283495
O16014,12,Elektronik,Solo,Kartu Kredit,194527
O16015,13,Rumah Tangga,Solo,Transfer Bank,191307
O16016,1,Elektronik,Purworejo,E-Wallet,154261
O16017,17,Kesehatan,Purworejo,E-Wallet,331997
O16018,18,Fashion,Magelang,E-Wallet,418048
O16019,2,Elektronik,Semarang,Transfer Bank,50834
O16020,4,Kesehatan,Yogyakarta,Transfer Bank,104222
O16021,3,Rumah Tangga,Purworejo,Kartu Kredit,187771
O16022,1,Rumah Tangga,Solo,COD,341346
O16023,18,Fashion,Solo,E-Wallet,472807
O16024,5,Fashion,Yogyakarta,E-Wallet,162539
O16025,2,Kesehatan,Solo,E-Wallet,219493
O16026,2,Kesehatan,Yogyakarta,COD,181124
O16027,13,Elektronik,Semarang,Kartu Kredit,438475
O16028,16,Makanan,Purworejo,Transfer Bank,278853
O16029,18,Fashion,Semarang,E-Wallet,52205
O16030,14,Rumah Tangga,Semarang,Kartu Kredit,423395
O16031,3,Rumah Tangga,Purworejo,Kartu Kredit,102561
O16032,12,Makanan,Solo,COD,190748
O16033,4,Fashion,Semarang,COD,471895
O16034,18,Rumah Tangga,Yogyakarta,Transfer Bank,399348
O16035,7,Makanan,Magelang,Kartu Kredit,151022
O16036,13,Fashion,Yogyakarta,COD,496127
O16037,11,Elektronik,Semarang,Kartu Kredit,205405
O16038,7,Fashion,Solo,COD,347691
O16039,14,Makanan,Yogyakarta,COD,217296
O16040,7,Elektronik,Yogyakarta,E-Wallet,87349
O16041,9,Elektronik,Purworejo,COD,227396
O16042,9,Elektronik,Yogyakarta,Transfer Bank,406575
O16043,19,Rumah Tangga,Yogyakarta,E-Wallet,400487
O16044,7,Rumah Tangga,Magelang,E-Wallet,423967
O16045,20,Elektronik,Purworejo,E-Wallet,264862
O16046,1,Elektronik,Magelang,COD,414502
O16047,1,Rumah Tangga,Yogyakarta,Kartu Kredit,337471
O16048,8,Makanan,Yogyakarta,Kartu Kredit,124818
O16049,15,Rumah Tangga,Yogyakarta,E-Wallet,243886
O16050,18,Rumah Tangga,Purworejo,E-Wallet,293082
O16051,5,Rumah Tangga,Yogyakarta,E-Wallet,342580
O16052,12,Makanan,Magelang,E-Wallet,59209
O16053,15,Elektronik,Solo,COD,309123
O16054,14,Elektronik,Magelang,Kartu Kredit,446826
O16055,10,Fashion,Purworejo,COD,458579
O16056,16,Rumah Tangga,Solo,E-Wallet,432217
O16057,2,Fashion,Solo,Kartu Kredit,199626
O16058,11,Kesehatan,Yogyakarta,COD,387749
O16059,13,Kesehatan,Solo,Kartu Kredit,242925
O16060,20,Elektronik,Magelang,Transfer Bank,280508
O16061,7,Makanan,Purworejo,Transfer Bank,120472
O16062,8,Rumah Tangga,Solo,Transfer Bank,56993
O16063,9,Kesehatan,Yogyakarta,E-Wallet,127930
O16064,5,Kesehatan,Purworejo,COD,341836
O16065,6,Fashion,Semarang,E-Wallet,92470
O16066,13,Makanan,Purworejo,E-Wallet,205470
O16067,19,Kesehatan,Magelang,E-Wallet,358969
O16068,7,Makanan,Purworejo,COD,406965
O16069,16,Rumah Tangga,Magelang,Kartu Kredit,323917
O16070,18,Elektronik,Semarang,Kartu Kredit,100504
O16071,2,Rumah Tangga,Semarang,COD,372892
O16072,4,Fashion,Yogyakarta,Transfer Bank,54834
O16073,7,Rumah Tangga,Purworejo,Transfer Bank,195148
O16074,12,Elektronik,Purworejo,COD,204936
O16075,8,Kesehatan,Yogyakarta,Kartu Kredit,398009
O16076,11,Elektronik,Yogyakarta,E-Wallet,279962
O16077,11,Fashion,Purworejo,COD,302370
O16078,14,Elektronik,Magelang,COD,456589
O16079,9,Fashion,Magelang,COD,173635
O16080,4,Rumah Tangga,Yogyakarta,E-Wallet,216316
O16081,14,Elektronik,Purworejo,Transfer Bank,131194
O16082,9,Fashion,Yogyakarta,E-Wallet,162264
O16083,2,Fashion,Solo,Transfer Bank,105804
O16084,20,Fashion,Semarang,COD,176798
O16085,16,Makanan,Yogyakarta,COD,110356
O16086,3,Fashion,Purworejo,E-Wallet,331512
O16087,8,Fashion,Semarang,Transfer Bank,176233
O16088,15,Rumah Tangga,Solo,Transfer Bank,100192
O16089,13,Makanan,Magelang,Kartu Kredit,130653
O16090,4,Makanan,Magelang,Kartu Kredit,138740
O16091,6,Kesehatan,Semarang,Transfer Bank,251311
O16092,18,Fashion,Semarang,Kartu Kredit,178047
O16093,16,Fashion,Semarang,Transfer Bank,86856
O16094,20,Fashion,Magelang,Kartu Kredit,123705
O16095,3,Kesehatan,Yogyakarta,E-Wallet,246846
O16096,10,Kesehatan,Yogyakarta,Kartu Kredit,219091
O16097,4,Kesehatan,Solo,Kartu Kredit,169971
O16098,5,Kesehatan,Semarang,E-Wallet,92615
O16099,5,Elektronik,Solo,COD,394837
O16100,20,Elektronik,Solo,COD,210830
O16101,17,Fashion,Yogyakarta,E-Wallet,429027
O16102,3,Rumah Tangga,Semarang,E-Wallet,497619
O16103,17,Makanan,Yogyakarta,E-Wallet,327796
O16104,1,Makanan,Solo,E-Wallet,408806
O16105,5,Fashion,Solo,Transfer Bank,247375
O16106,9,Makanan,Solo,E-Wallet,136800
O16107,13,Elektronik,Purworejo,E-Wallet,134611
O16108,16,Fashion,Semarang,COD,470958
O16109,17,Makanan,Magelang,Kartu Kredit,107002
O16110,2,Fashion,Semarang,COD,477640
O16111,18,Fashion,Magelang,E-Wallet,313841
O16112,20,Elektronik,Magelang,Transfer Bank,173302
O16113,12,Elektronik,Purworejo,Kartu Kredit,271752
O16114,15,Kesehatan,Purworejo,COD,69244
O16115,3,Kesehatan,Solo,Transfer Bank,488826
O16116,8,Kesehatan,Yogyakarta,COD,282273
O16117,4,Elektronik,Semarang,COD,322368
O16118,7,Makanan,Yogyakarta,Transfer Bank,310698
O16119,18,Makanan,Yogyakarta,Kartu Kredit,51662
O16120,1,Fashion,Yogyakarta,Transfer Bank,258366
O16121,7,Fashion,Purworejo,Kartu Kredit,223224
O16122,20,Makanan,Magelang,E-Wallet,288371
O16123,11,Elektronik,Yogyakarta,COD,115892
O16124,12,Elektronik,Purworejo,E-Wallet,438431
O16125,12,Kesehatan,Solo,COD,320227
O16126,19,Fashion,Yogyakarta,Kartu Kredit,152230
O16127,3,Rumah Tangga,Solo,Transfer Bank,342475
O16128,15,Makanan,Yogyakarta,Transfer Bank,128292
O16129,6,Elektronik,Yogyakarta,COD,125255
O16130,9,Rumah Tangga,Purworejo,Transfer Bank,84764
O16131,11,Rumah Tangga,Purworejo,E-Wallet,456376
O16132,3,Rumah Tangga,Solo,E-Wallet,446078
O16133,6,Elektronik,Magelang,Kartu Kredit,173475
O16134,2,Rumah Tangga,Magelang,Transfer Bank,417491
O16135,2,Fashion,Semarang,Kartu Kredit,478729
O16136,15,Fashion,Yogyakarta,COD,393801
O16137,13,Makanan,Solo,COD,361314
O16138,3,Fashion,Semarang,Kartu Kredit,268659
O16139,3,Kesehatan,Magelang,Transfer Bank,336848
O16140,9,Kesehatan,Solo,Kartu Kredit,204664
O16141,4,Makanan,Purworejo,Kartu Kredit,333191
O16142,13,Elektronik,Solo,Kartu Kredit,220250
O16143,5,Kesehatan,Yogyakarta,Kartu Kredit,389030
O16144,19,Makanan,Magelang,Kartu Kredit,277445
O16145,19,Kesehatan,Solo,Kartu Kredit,290919
O16146,11,Fashion,Semarang,Kartu Kredit,138227
O16147,5,Kesehatan,Magelang,Transfer Bank,219587
O16148,3,Elektronik,Solo,COD,420560
O16149,13,Fashion,Semarang,Transfer Bank,218835
O16150,13,Makanan,Solo,COD,169080
O16151,5,Kesehatan,Solo,COD,86109
O16152,3,Fashion,Yogyakarta,E-Wallet,368141
O16153,11,Fashion,Semarang,Transfer Bank,309969
O16154,14,Fashion,Solo,E-Wallet,220597
O16155,7,Fashion,Purworejo,Kartu Kredit,137253
O16156,16,Makanan,Purworejo,Kartu Kredit,202027
O16157,19,Kesehatan,Solo,E-Wallet,220885
O16158,10,Fashion,Solo,Kartu Kredit,345981
O16159,4,Fashion,Solo,Transfer Bank,348167
O16160,19,Fashion,Yogyakarta,Transfer Bank,471522
O16161,7,Elektronik,Semarang,E-Wallet,252334
O16162,1,Kesehatan,Purworejo,Kartu Kredit,339400
O16163,12,Makanan,Semarang,COD,100605
O16164,7,Makanan,Magelang,Kartu Kredit,386522
O16165,10,Fashion,Magelang,COD,271880
O16166,9,Kesehatan,Semarang,Kartu Kredit,62011
O16167,10,Rumah Tangga,Semarang,Kartu Kredit,240323
O16168,5,Fashion,Magelang,Kartu Kredit,102408
O16169,7,Rumah Tangga,Purworejo,E-Wallet,271173
O16170,13,Kesehatan,Magelang,Transfer Bank,314292
O16171,20,Kesehatan,Magelang,E-Wallet,100222
O16172,7,Elektronik,Purworejo,COD,442626
O16173,4,Makanan,Purworejo,Transfer Bank,177193
O16174,5,Makanan,Solo,Transfer Bank,316707
O16175,10,Elektronik,Magelang,COD,459395
O16176,15,Rumah Tangga,Yogyakarta,Transfer Bank,56765
O16177,20,Kesehatan,Semarang,COD,390630
O16178,3,Kesehatan,Semarang,E-Wallet,197528
O16179,12,Rumah Tangga,Yogyakarta,Transfer Bank,467092
O16180,15,Fashion,Semarang,E-Wallet,372072
O16181,3,Makanan,Purworejo,Transfer Bank,222871
O16182,9,Rumah Tangga,Purworejo,Kartu Kredit,444978
O16183,11,Kesehatan,Solo,E-Wallet,96417
O16184,6,Kesehatan,Solo,COD,357642
O16185,17,Makanan,Magelang,COD,171184
O16186,8,Makanan,Solo,Transfer Bank,136070
O16187,5,Elektronik,Semarang,E-Wallet,476569
O16188,11,Fashion,Purworejo,Transfer Bank,428169
O16189,5,Makanan,Semarang,COD,227901
O16190,3,Fashion,Yogyakarta,Transfer Bank,147257
O16191,16,Fashion,Magelang,COD,187788
O16192,18,Rumah Tangga,Magelang,COD,303116
O16193,4,Elektronik,Magelang,E-Wallet,187726
O16194,9,Makanan,Solo,COD,103868
O16195,5,Rumah Tangga,Semarang,COD,144539
O16196,18,Elektronik,Magelang,COD,77479
O16197,7,Fashion,Magelang,Kartu Kredit,418336
O16198,14,Rumah Tangga,Purworejo,Transfer Bank,336826
O16199,7,Kesehatan,Yogyakarta,Transfer Bank,477646
O16200,3,Fashion,Solo,Transfer Bank,123441
O16201,18,Makanan,Purworejo,Transfer Bank,291253
O16202,5,Fashion,Purworejo,Kartu Kredit,144342
O16203,16,Rumah Tangga,Solo,E-Wallet,255658
O16204,18,Fashion,Magelang,Kartu Kredit,415673
O16205,16,Kesehatan,Semarang,Transfer Bank,95425
O16206,19,Kesehatan,Semarang,Kartu Kredit,362349
O16207,15,Rumah Tangga,Yogyakarta,E-Wallet,153525
O16208,5,Fashion,Solo,Kartu Kredit,205878
O16209,13,Fashion,Solo,Kartu Kredit,76554
O16210,17,Makanan,Purworejo,Transfer Bank,443844
O16211,20,Makanan,Solo,Transfer Bank,60268
O16212,2,Kesehatan,Magelang,COD,168998
O16213,14,Makanan,Magelang,E-Wallet,177094
O16214,9,Makanan,Solo,COD,171150
O16215,5,Makanan,Yogyakarta,COD,176843
O16216,19,Kesehatan,Solo,Kartu Kredit,247860
O16217,9,Makanan,Magelang,COD,178603
O16218,12,Fashion,Semarang,Transfer Bank,176447
O16219,12,Elektronik,Purworejo,E-Wallet,296147
O16220,13,Makanan,Yogyakarta,E-Wallet,127460
O16221,18,Elektronik,Semarang,COD,489586
O16222,11,Fashion,Solo,E-Wallet,233746
O16223,3,Makanan,Yogyakarta,Kartu Kredit,204537
O16224,9,Fashion,Purworejo,Transfer Bank,117372
O16225,9,Elektronik,Magelang,E-Wallet,118463
O16226,20,Fashion,Yogyakarta,COD,102059
O16227,19,Elektronik,Yogyakarta,Transfer Bank,215180
O16228,13,Elektronik,Yogyakarta,Kartu Kredit,491780
O16229,2,Makanan,Magelang,Kartu Kredit,410624
O16230,7,Makanan,Purworejo,Kartu Kredit,485688
O16231,11,Elektronik,Purworejo,Kartu Kredit,452902
O16232,18,Elektronik,Purworejo,E-Wallet,191169
O16233,13,Fashion,Semarang,Kartu Kredit,52126
O16234,14,Elektronik,Semarang,COD,253612
O16235,18,Fashion,Purworejo,Kartu Kredit,286112
O16236,3,Rumah Tangga,Purworejo,E-Wallet,203419
O16237,20,Fashion,Yogyakarta,COD,318575
O16238,20,Fashion,Semarang,E-Wallet,60832
O16239,17,Kesehatan,Purworejo,Transfer Bank,62933
O16240,17,Rumah Tangga,Magelang,E-Wallet,119106
O16241,6,Makanan,Magelang,E-Wallet,201230
O16242,17,Kesehatan,Purworejo,Kartu Kredit,427646
O16243,5,Rumah Tangga,Magelang,Kartu Kredit,332769
O16244,7,Kesehatan,Semarang,E-Wallet,489279
O16245,3,Elektronik,Purworejo,Transfer Bank,445357
O16246,2,Kesehatan,Purworejo,Transfer Bank,210104
O16247,13,Rumah Tangga,Semarang,COD,132639
O16248,18,Rumah Tangga,Solo,E-Wallet,118506
O16249,13,Elektronik,Magelang,Transfer Bank,173546
O16250,20,Kesehatan,Magelang,Transfer Bank,157099
O16251,9,Kesehatan,Semarang,E-Wallet,177418
O16252,2,Elektronik,Semarang,E-Wallet,269557
O16253,5,Kesehatan,Magelang,COD,239514
O16254,15,Kesehatan,Purworejo,Transfer Bank,322366
O16255,12,Fashion,Solo,COD,77600
O16256,18,Rumah Tangga,Semarang,Kartu Kredit,435732
O16257,17,Rumah Tangga,Semarang,Kartu Kredit,397450
O16258,1,Fashion,Semarang,E-Wallet,141862
O16259,9,Elektronik,Semarang,COD,229992
O16260,13,Rumah Tangga,Semarang,Transfer Bank,174102
O16261,4,Makanan,Magelang,E-Wallet,352306
O16262,16,Kesehatan,Magelang,E-Wallet,196679
O16263,10,Kesehatan,Solo,Kartu Kredit,394985
O16264,17,Makanan,Magelang,E-Wallet,444950
O16265,7,Kesehatan,Purworejo,Transfer Bank,248055
O16266,13,Elektronik,Semarang,Transfer Bank,307188
O16267,1,Kesehatan,Semarang,COD,92851
O16268,7,Kesehatan,Purworejo,Transfer Bank,496569
O16269,6,Kesehatan,Semarang,Kartu Kredit,434033
O16270,19,Fashion,Magelang,Transfer Bank,455303
O16271,5,Fashion,Magelang,COD,154603
O16272,12,Fashion,Purworejo,Kartu Kredit,454214
O16273,13,Kesehatan,Purworejo,E-Wallet,438947
O16274,19,Fashion,Purworejo,E-Wallet,405859
O16275,15,Makanan,Solo,COD,143923
O16276,5,Rumah Tangga,Solo,E-Wallet,440620
O16277,4,Makanan,Yogyakarta,Kartu Kredit,410385
O16278,18,Makanan,Semarang,Kartu Kredit,154998
O16279,16,Elektronik,Semarang,COD,204446
O16280,10,Rumah Tangga,Solo,Transfer Bank,176365
O16281,17,Fashion,Semarang,COD,289801
O16282,16,Makanan,Solo,Transfer Bank,438635
O16283,14,Kesehatan,Purworejo,E-Wallet,76759
O16284,18,Kesehatan,Semarang,Transfer Bank,448377
O16285,13,Kesehatan,Purworejo,E-Wallet,288434
O16286,4,Kesehatan,Yogyakarta,Kartu Kredit,305786
O16287,15,Fashion,Solo,Kartu Kredit,278824
O16288,7,Rumah Tangga,Yogyakarta,Transfer Bank,345180
O16289,16,Kesehatan,Magelang,Transfer Bank,273296
O16290,2,Makanan,Semarang,COD,252567
O16291,6,Elektronik,Yogyakarta,COD,262205
O16292,2,Elektronik,Yogyakarta,COD,371518
O16293,17,Rumah Tangga,Yogyakarta,Kartu Kredit,439205
O16294,16,Fashion,Yogyakarta,COD,309627
O16295,6,Fashion,Magelang,Transfer Bank,250160
O16296,5,Makanan,Solo,E-Wallet,96236
O16297,13,Elektronik,Solo,Transfer Bank,210540
O16298,11,Fashion,Yogyakarta,Kartu Kredit,354126
O16299,1,Rumah Tangga,Solo,Transfer Bank,295882
O16300,3,Kesehatan,Semarang,E-Wallet,340511
O16301,16,Fashion,Magelang,E-Wallet,106692
O16302,8,Makanan,Semarang,E-Wallet,320567
O16303,3,Rumah Tangga,Solo,Kartu Kredit,366218
O16304,8,Kesehatan,Magelang,COD,276727
O16305,19,Fashion,Solo,Kartu Kredit,69236
O16306,3,Kesehatan,Solo,COD,431646
O16307,19,Fashion,Yogyakarta,E-Wallet,251875
O16308,19,Fashion,Purworejo,E-Wallet,323271
O16309,1,Kesehatan,Solo,COD,387735
O16310,6,Elektronik,Yogyakarta,COD,196686
O16311,20,Fashion,Yogyakarta,Transfer Bank,461094
O16312,18,Elektronik,Yogyakarta,Transfer Bank,283896
O16313,14,Makanan,Magelang,Transfer Bank,460406
O16314,6,Fashion,Yogyakarta,Kartu Kredit,363224
O16315,5,Rumah Tangga,Semarang,Transfer Bank,241610
O16316,6,Fashion,Semarang,Kartu Kredit,107741
O16317,18,Kesehatan,Solo,E-Wallet,347653
O16318,17,Makanan,Purworejo,Kartu Kredit,107084
O16319,14,Fashion,Solo,Transfer Bank,445289
O16320,14,Elektronik,Semarang,E-Wallet,420891
O16321,3,Makanan,Purworejo,COD,112795
O16322,19,Makanan,Purworejo,COD,293064
O16323,19,Makanan,Yogyakarta,Transfer Bank,281040
O16324,19,Kesehatan,Purworejo,Transfer Bank,145117
O16325,18,Elektronik,Magelang,COD,418432
O16326,4,Fashion,Yogyakarta,Kartu Kredit,494227
O16327,6,Fashion,Semarang,Transfer Bank,149040
O16328,4,Elektronik,Semarang,E-Wallet,221958
O16329,19,Fashion,Solo,Kartu Kredit,82864
O16330,3,Kesehatan,Magelang,E-Wallet,447896
O16331,5,Makanan,Solo,Kartu Kredit,393968
O16332,8,Makanan,Purworejo,Kartu Kredit,390640
O16333,20,Kesehatan,Purworejo,Kartu Kredit,93396
O16334,9,Elektronik,Semarang,E-Wallet,419292
O16335,20,Elektronik,Yogyakarta,Kartu Kredit,411999
O16336,20,Makanan,Magelang,COD,220333
O16337,14,Elektronik,Solo,Transfer Bank,361960
O16338,6,Makanan,Semarang,E-Wallet,344378
O16339,18,Makanan,Semarang,COD,311833
O16340,15,Kesehatan,Purworejo,Kartu Kredit,340423
O16341,3,Makanan,Semarang,Transfer Bank,459588
O16342,11,Elektronik,Yogyakarta,E-Wallet,416114
O16343,2,Elektronik,Yogyakarta,Transfer Bank,415517
O16344,9,Elektronik,Purworejo,Transfer Bank,313342
O16345,19,Fashion,Yogyakarta,COD,240323
O16346,18,Elektronik,Purworejo,E-Wallet,403776
O16347,4,Fashion,Yogyakarta,E-Wallet,421304
O16348,17,Makanan,Solo,Kartu Kredit,418248
O16349,1,Kesehatan,Solo,Kartu Kredit,343566
O16350,3,Kesehatan,Yogyakarta,Kartu Kredit,112934
O16351,9,Makanan,Semarang,COD,234176
O16352,9,Fashion,Semarang,Transfer Bank,203585
O16353,10,Rumah Tangga,Magelang,E-Wallet,290241
O16354,4,Elektronik,Yogyakarta,COD,240734
O16355,8,Kesehatan,Solo,E-Wallet,366660
O16356,1,Kesehatan,Purworejo,COD,129958
O16357,8,Makanan,Solo,COD,349153
O16358,13,Makanan,Solo,COD,205267
O16359,3,Rumah Tangga,Solo,Kartu Kredit,444585
O16360,16,Rumah Tangga,Yogyakarta,COD,196471
O16361,2,Makanan,Purworejo,Transfer Bank,192371
O16362,7,Fashion,Purworejo,Transfer Bank,196173
O16363,6,Kesehatan,Purworejo,Kartu Kredit,390406
O16364,4,Makanan,Semarang,Transfer Bank,415854
O16365,14,Elektronik,Yogyakarta,Transfer Bank,132625
O16366,12,Fashion,Magelang,E-Wallet,481870
O16367,5,Rumah Tangga,Yogyakarta,COD,194607
O16368,1,Elektronik,Magelang,Kartu Kredit,189198
O16369,13,Rumah Tangga,Magelang,Transfer Bank,91639
O16370,6,Fashion,Solo,Kartu Kredit,428923
O16371,19,Rumah Tangga,Magelang,E-Wallet,418801
O16372,9,Fashion,Semarang,E-Wallet,436390
O16373,9,Kesehatan,Magelang,E-Wallet,73994
O16374,14,Fashion,Semarang,COD,466071
O16375,11,Fashion,Semarang,COD,273286
O16376,11,Fashion,Purworejo,Transfer Bank,330179
O16377,11,Makanan,Semarang,E-Wallet,431221
O16378,14,Rumah Tangga,Solo,E-Wallet,133909
O16379,7,Rumah Tangga,Purworejo,Transfer Bank,92139
O16380,12,Elektronik,Magelang,Kartu Kredit,50836
O16381,16,Rumah Tangga,Magelang,Kartu Kredit,186947
O16382,1,Fashion,Semarang,E-Wallet,329116
O16383,5,Rumah Tangga,Yogyakarta,Kartu Kredit,288601
O16384,14,Fashion,Purworejo,COD,406254
O16385,5,Makanan,Semarang,COD,271190
O16386,16,Kesehatan,Purworejo,Transfer Bank,63791
O16387,4,Fashion,Purworejo,COD,72928
O16388,8,Kesehatan,Solo,Transfer Bank,176467
O16389,7,Makanan,Solo,Kartu Kredit,65258
O16390,11,Rumah Tangga,Yogyakarta,COD,106792
O16391,20,Makanan,Yogyakarta,Kartu Kredit,462868
O16392,12,Rumah Tangga,Semarang,Transfer Bank,212839
O16393,7,Makanan,Semarang,Kartu Kredit,106805
O16394,16,Elektronik,Purworejo,Transfer Bank,76344
O16395,18,Elektronik,Magelang,Kartu Kredit,125779
O16396,16,Fashion,Yogyakarta,Transfer Bank,52854
O16397,3,Makanan,Yogyakarta,COD,215076
O16398,14,Fashion,Magelang,E-Wallet,62150
O16399,9,Rumah Tangga,Semarang,Transfer Bank,143031
O16400,15,Elektronik,Semarang,E-Wallet,281996
O16401,7,Rumah Tangga,Semarang,Transfer Bank,174079
O16402,20,Kesehatan,Semarang,Kartu Kredit,144758
O16403,11,Elektronik,Solo,Kartu Kredit,205591
O16404,14,Makanan,Solo,Kartu Kredit,447576
O16405,3,Fashion,Purworejo,Kartu Kredit,65454
O16406,11,Fashion,Solo,Transfer Bank,109701
O16407,3,Elektronik,Purworejo,Transfer Bank,432493
O16408,5,Fashion,Yogyakarta,Transfer Bank,455161
O16409,14,Kesehatan,Magelang,Transfer Bank,140008
O16410,14,Makanan,Yogyakarta,Transfer Bank,153523
O16411,2,Fashion,Magelang,Transfer Bank,333629
O16412,10,Rumah Tangga,Magelang,Transfer Bank,375684
O16413,1,Kesehatan,Solo,Transfer Bank,449968
O16414,20,Fashion,Purworejo,Kartu Kredit,223146
O16415,12,Makanan,Yogyakarta,COD,303070
O16416,19,Rumah Tangga,Magelang,E-Wallet,380347
O16417,5,Rumah Tangga,Semarang,COD,405525
O16418,16,Kesehatan,Magelang,Transfer Bank,433287
O16419,15,Makanan,Magelang,Transfer Bank,120550
O16420,18,Fashion,Yogyakarta,Transfer Bank,496596
O16421,18,Makanan,Purworejo,E-Wallet,477488
O16422,12,Kesehatan,Magelang,Transfer Bank,409215
O16423,3,Elektronik,Solo,Kartu Kredit,379921
O16424,16,Rumah Tangga,Semarang,Transfer Bank,231411
O16425,20,Elektronik,Purworejo,Kartu Kredit,336716
O16426,19,Kesehatan,Magelang,COD,223637
O16427,18,Elektronik,Semarang,Transfer Bank,391179
O16428,15,Makanan,Magelang,E-Wallet,450516
O16429,14,Fashion,Yogyakarta,Transfer Bank,270835
O16430,2,Makanan,Yogyakarta,COD,450804
O16431,9,Makanan,Yogyakarta,E-Wallet,135160
O16432,5,Kesehatan,Magelang,Transfer Bank,54230
O16433,16,Fashion,Solo,Kartu Kredit,350280
O16434,16,Fashion,Magelang,Transfer Bank,428507
O16435,9,Makanan,Solo,Transfer Bank,245250
O16436,10,Elektronik,Magelang,Kartu Kredit,478761
O16437,14,Elektronik,Magelang,Transfer Bank,189282
O16438,8,Fashion,Yogyakarta,COD,469824
O16439,16,Makanan,Semarang,COD,342935
O16440,5,Rumah Tangga,Solo,COD,166567
O16441,14,Fashion,Magelang,Kartu Kredit,287736
O16442,1,Makanan,Magelang,Transfer Bank,479883
O16443,11,Elektronik,Magelang,Transfer Bank,289554
O16444,18,Makanan,Yogyakarta,Transfer Bank,282591
O16445,10,Kesehatan,Yogyakarta,COD,219038
O16446,17,Makanan,Semarang,E-Wallet,490586
O16447,16,Rumah Tangga,Yogyakarta,Transfer Bank,277328
O16448,12,Elektronik,Solo,E-Wallet,282673
O16449,9,Kesehatan,Semarang,COD,215043
O16450,4,Kesehatan,Yogyakarta,Transfer Bank,362369
O16451,19,Kesehatan,Solo,COD,260237
O16452,19,Rumah Tangga,Semarang,COD,284082
O16453,1,Makanan,Magelang,COD,427421
O16454,12,Makanan,Solo,E-Wallet,414500
O16455,16,Kesehatan,Semarang,COD,91470
O16456,6,Makanan,Yogyakarta,Kartu Kredit,211871
O16457,6,Elektronik,Solo,E-Wallet,313212
O16458,12,Elektronik,Purworejo,COD,447911
O16459,20,Kesehatan,Magelang,Kartu Kredit,449976
O16460,11,Rumah Tangga,Solo,Kartu Kredit,434932
O16461,12,Makanan,Purworejo,Transfer Bank,103499
O16462,18,Fashion,Semarang,Kartu Kredit,220203
O16463,14,Makanan,Purworejo,Transfer Bank,244894
O16464,5,Makanan,Purworejo,COD,107555
O16465,13,Kesehatan,Semarang,COD,70489
O16466,19,Fashion,Magelang,Kartu Kredit,424116
O16467,7,Kesehatan,Yogyakarta,Kartu Kredit,320084
O16468,11,Makanan,Yogyakarta,E-Wallet,343076
O16469,15,Fashion,Semarang,COD,212929
O16470,4,Kesehatan,Yogyakarta,COD,449671
O16471,9,Kesehatan,Yogyakarta,Kartu Kredit,205218
O16472,12,Makanan,Semarang,E-Wallet,224187
O16473,19,Makanan,Solo,E-Wallet,383502
O16474,12,Rumah Tangga,Purworejo,COD,496190
O16475,16,Elektronik,Magelang,E-Wallet,306689
O16476,5,Elektronik,Purworejo,E-Wallet,219877
O16477,14,Elektronik,Yogyakarta,E-Wallet,454281
O16478,8,Rumah Tangga,Solo,COD,165153
O16479,20,Rumah Tangga,Semarang,Transfer Bank,235869
O16480,11,Rumah Tangga,Magelang,Transfer Bank,119956
O16481,2,Fashion,Purworejo,E-Wallet,70001
O16482,15,Makanan,Yogyakarta,COD,349268
O16483,16,Rumah Tangga,Semarang,COD,56470
O16484,16,Kesehatan,Yogyakarta,Kartu Kredit,486595
O16485,10,Fashion,Purworejo,Kartu Kredit,497593
O16486,12,Elektronik,Magelang,Transfer Bank,498165
O16487,6,Rumah Tangga,Semarang,Kartu Kredit,393201
O16488,7,Makanan,Magelang,COD,331250
O16489,20,Fashion,Purworejo,Transfer Bank,466421
O16490,17,Kesehatan,Purworejo,COD,239504
O16491,3,Fashion,Solo,E-Wallet,199620
O16492,3,Elektronik,Solo,Transfer Bank,73344
O16493,11,Kesehatan,Solo,Transfer Bank,311773
O16494,9,Rumah Tangga,Magelang,Kartu Kredit,71247
O16495,6,Elektronik,Magelang,COD,118985
O16496,3,Kesehatan,Semarang,Transfer Bank,497511
O16497,7,Rumah Tangga,Purworejo,Kartu Kredit,173727
O16498,15,Fashion,Semarang,COD,271833
O16499,19,Makanan,Magelang,Transfer Bank,438624
O16500,1,Fashion,Yogyakarta,COD,480247
O16501,7,Kesehatan,Solo,Transfer Bank,467902
O16502,10,Elektronik,Solo,Kartu Kredit,162109
O16503,5,Makanan,Semarang,Transfer Bank,149468
O16504,11,Elektronik,Magelang,E-Wallet,104573
O16505,17,Rumah Tangga,Purworejo,Kartu Kredit,166484
O16506,7,Elektronik,Solo,Kartu Kredit,115913
O16507,5,Rumah Tangga,Solo,Kartu Kredit,120816
O16508,1,Kesehatan,Magelang,Transfer Bank,489715
O16509,7,Makanan,Purworejo,Kartu Kredit,404847
O16510,10,Makanan,Magelang,Kartu Kredit,78796
O16511,14,Elektronik,Magelang,Kartu Kredit,204584
O16512,4,Makanan,Yogyakarta,COD,390878
O16513,14,Fashion,Solo,Transfer Bank,447043
O16514,10,Makanan,Magelang,COD,55830
O16515,9,Fashion,Yogyakarta,Transfer Bank,335599
O16516,18,Kesehatan,Yogyakarta,E-Wallet,135694
O16517,5,Rumah Tangga,Magelang,Transfer Bank,130868
O16518,9,Fashion,Semarang,Transfer Bank,417753
O16519,10,Fashion,Purworejo,Kartu Kredit,422201
O16520,18,Fashion,Magelang,E-Wallet,158989
O16521,2,Kesehatan,Solo,COD,435624
O16522,14,Kesehatan,Magelang,Kartu Kredit,233234
O16523,15,Elektronik,Solo,E-Wallet,429637
O16524,3,Kesehatan,Semarang,COD,187745
O16525,4,Elektronik,Yogyakarta,Transfer Bank,105242
O16526,6,Makanan,Solo,COD,418585
O16527,18,Fashion,Purworejo,Kartu Kredit,88669
O16528,5,Rumah Tangga,Purworejo,Kartu Kredit,489749
O16529,4,Kesehatan,Magelang,COD,293004
O16530,7,Kesehatan,Yogyakarta,Transfer Bank,379357
O16531,6,Elektronik,Yogyakarta,COD,394765
O16532,15,Fashion,Yogyakarta,COD,476917
O16533,10,Makanan,Semarang,Transfer Bank,475876
O16534,7,Makanan,Purworejo,COD,470240
O16535,12,Makanan,Solo,E-Wallet,429607
O16536,12,Rumah Tangga,Yogyakarta,Transfer Bank,319878
O16537,2,Makanan,Semarang,E-Wallet,272883
O16538,13,Elektronik,Semarang,Kartu Kredit,479055
O16539,19,Rumah Tangga,Yogyakarta,COD,399892
O16540,13,Rumah Tangga,Yogyakarta,E-Wallet,359543
O16541,10,Kesehatan,Magelang,Kartu Kredit,418105
O16542,9,Kesehatan,Semarang,COD,431142
O16543,20,Kesehatan,Semarang,COD,212326
O16544,3,Makanan,Purworejo,E-Wallet,397749
O16545,2,Kesehatan,Purworejo,E-Wallet,165029
O16546,20,Elektronik,Yogyakarta,E-Wallet,368798
O16547,12,Kesehatan,Purworejo,Transfer Bank,413097
O16548,19,Rumah Tangga,Solo,Kartu Kredit,63033
O16549,13,Elektronik,Yogyakarta,Transfer Bank,156427
O16550,17,Fashion,Semarang,Kartu Kredit,258992
O16551,18,Rumah Tangga,Semarang,Kartu Kredit,224571
O16552,6,Elektronik,Purworejo,Transfer Bank,225355
O16553,17,Elektronik,Purworejo,COD,397678
O16554,17,Elektronik,Solo,COD,309434
O16555,7,Kesehatan,Solo,Transfer Bank,261512
O16556,9,Kesehatan,Solo,Transfer Bank,496660
O16557,4,Elektronik,Magelang,COD,253095
O16558,10,Rumah Tangga,Semarang,E-Wallet,151137
O16559,18,Rumah Tangga,Solo,Kartu Kredit,94095
O16560,18,Rumah Tangga,Solo,Transfer Bank,429771
O16561,8,Rumah Tangga,Magelang,COD,52516
O16562,5,Rumah Tangga,Magelang,E-Wallet,152559
O16563,16,Rumah Tangga,Purworejo,Transfer Bank,304907
O16564,16,Kesehatan,Semarang,E-Wallet,344956
O16565,17,Elektronik,Semarang,Kartu Kredit,70856
O16566,10,Makanan,Yogyakarta,Kartu Kredit,212453
O16567,12,Kesehatan,Semarang,Kartu Kredit,425447
O16568,6,Makanan,Yogyakarta,Transfer Bank,95811
O16569,4,Fashion,Solo,Transfer Bank,93030
O16570,11,Makanan,Purworejo,COD,396663
O16571,17,Elektronik,Semarang,Transfer Bank,185481
O16572,9,Fashion,Purworejo,Kartu Kredit,412671
O16573,13,Makanan,Semarang,Kartu Kredit,411361
O16574,11,Makanan,Purworejo,COD,251810
O16575,9,Fashion,Yogyakarta,Transfer Bank,387098
O16576,13,Rumah Tangga,Yogyakarta,COD,444811
O16577,20,Rumah Tangga,Solo,Transfer Bank,194174
O16578,9,Fashion,Magelang,Kartu Kredit,408461
O16579,12,Elektronik,Semarang,COD,366477
O16580,18,Fashion,Semarang,COD,130116
O16581,13,Rumah Tangga,Solo,COD,332449
O16582,8,Fashion,Semarang,COD,450607
O16583,1,Fashion,Purworejo,E-Wallet,73479
O16584,20,Makanan,Solo,Transfer Bank,182427
O16585,17,Makanan,Semarang,Transfer Bank,387001
O16586,1,Kesehatan,Yogyakarta,Transfer Bank,446816
O16587,13,Kesehatan,Magelang,Transfer Bank,380100
O16588,18,Fashion,Magelang,Transfer Bank,491993
O16589,4,Rumah Tangga,Semarang,Transfer Bank,406525
O16590,13,Elektronik,Magelang,COD,184320
O16591,17,Rumah Tangga,Purworejo,Kartu Kredit,324073
O16592,16,Makanan,Solo,E-Wallet,190013
O16593,3,Elektronik,Solo,COD,280806
O16594,7,Elektronik,Magelang,Kartu Kredit,421717
O16595,9,Rumah Tangga,Yogyakarta,Transfer Bank,308368
O16596,14,Elektronik,Solo,Kartu Kredit,218565
O16597,3,Fashion,Semarang,E-Wallet,456741
O16598,11,Makanan,Yogyakarta,COD,421994
O16599,12,Kesehatan,Yogyakarta,E-Wallet,235097
O16600,10,Fashion,Magelang,Transfer Bank,163346
O16601,8,Makanan,Semarang,COD,195912
O16602,1,Rumah Tangga,Semarang,E-Wallet,293595
O16603,5,Makanan,Magelang,COD,118734
O16604,6,Elektronik,Solo,E-Wallet,244905
O16605,14,Rumah Tangga,Semarang,COD,129995
O16606,9,Rumah Tangga,Purworejo,E-Wallet,117660
O16607,9,Rumah Tangga,Yogyakarta,Kartu Kredit,117749
O16608,16,Fashion,Purworejo,Kartu Kredit,125987
O16609,1,Kesehatan,Solo,Transfer Bank,332206
O16610,9,Fashion,Solo,Transfer Bank,333918
O16611,3,Rumah Tangga,Magelang,Transfer Bank,206802
O16612,12,Fashion,Magelang,E-Wallet,265312
O16613,19,Elektronik,Magelang,Kartu Kredit,250892
O16614,19,Makanan,Magelang,COD,260754
O16615,15,Kesehatan,Purworejo,Transfer Bank,194873
O16616,2,Makanan,Purworejo,Transfer Bank,319740
O16617,9,Makanan,Magelang,Kartu Kredit,50471
O16618,8,Rumah Tangga,Solo,Kartu Kredit,116814
O16619,4,Fashion,Purworejo,COD,297133
O16620,19,Fashion,Solo,Kartu Kredit,422310
O16621,5,Elektronik,Yogyakarta,E-Wallet,73500
O16622,6,Makanan,Purworejo,Transfer Bank,396752
O16623,12,Elektronik,Solo,E-Wallet,464163
O16624,16,Rumah Tangga,Yogyakarta,E-Wallet,414966
O16625,16,Fashion,Semarang,Kartu Kredit,330152
O16626,11,Fashion,Magelang,COD,372514
O16627,6,Fashion,Semarang,Transfer Bank,237693
O16628,15,Kesehatan,Magelang,E-Wallet,487348
O16629,11,Fashion,Semarang,E-Wallet,340976
O16630,11,Makanan,Yogyakarta,COD,109145
O16631,12,Elektronik,Solo,Kartu Kredit,441473
O16632,13,Kesehatan,Yogyakarta,E-Wallet,251292
O16633,4,Makanan,Purworejo,COD,451084
O16634,1,Rumah Tangga,Yogyakarta,E-Wallet,240403
O16635,12,Kesehatan,Purworejo,COD,364861
O16636,5,Makanan,Purworejo,Transfer Bank,456268
O16637,8,Rumah Tangga,Purworejo,COD,448031
O16638,7,Kesehatan,Semarang,COD,467508
O16639,9,Elektronik,Purworejo,COD,88420
O16640,11,Makanan,Semarang,E-Wallet,206891
O16641,6,Elektronik,Purworejo,COD,435235
O16642,18,Rumah Tangga,Yogyakarta,COD,288250
O16643,5,Kesehatan,Purworejo,COD,305066
O16644,15,Elektronik,Purworejo,Kartu Kredit,379533
O16645,7,Makanan,Yogyakarta,Kartu Kredit,439768
O16646,12,Rumah Tangga,Solo,COD,174584
O16647,14,Rumah Tangga,Yogyakarta,Kartu Kredit,63575
O16648,8,Makanan,Yogyakarta,Transfer Bank,474189
O16649,19,Elektronik,Purworejo,Kartu Kredit,420516
O16650,18,Makanan,Magelang,E-Wallet,267338
O16651,5,Fashion,Solo,COD,159306
O16652,8,Makanan,Magelang,COD,161168
O16653,11,Rumah Tangga,Purworejo,E-Wallet,393936
O16654,8,Fashion,Semarang,Kartu Kredit,364843
O16655,3,Fashion,Purworejo,Transfer Bank,326165
O16656,20,Makanan,Magelang,Transfer Bank,428139
O16657,1,Rumah Tangga,Purworejo,COD,156275
O16658,7,Fashion,Magelang,Transfer Bank,131526
O16659,17,Kesehatan,Semarang,Kartu Kredit,278144
O16660,14,Rumah Tangga,Purworejo,COD,237971
O16661,13,Makanan,Magelang,E-Wallet,77076
O16662,13,Rumah Tangga,Solo,COD,273866
O16663,15,Kesehatan,Solo,Kartu Kredit,330683
O16664,10,Elektronik,Magelang,Kartu Kredit,74886
O16665,16,Elektronik,Yogyakarta,Kartu Kredit,340725
O16666,8,Fashion,Purworejo,E-Wallet,486299
O16667,10,Makanan,Purworejo,Transfer Bank,315245
O16668,18,Kesehatan,Magelang,E-Wallet,389239
O16669,2,Makanan,Solo,Transfer Bank,351195
O16670,3,Fashion,Purworejo,Kartu Kredit,391406
O16671,7,Kesehatan,Yogyakarta,COD,400565
O16672,8,Rumah Tangga,Magelang,Kartu Kredit,57456
O16673,17,Kesehatan,Solo,COD,456510
O16674,18,Makanan,Purworejo,COD,195332
O16675,9,Elektronik,Semarang,Transfer Bank,448447
O16676,8,Fashion,Magelang,Kartu Kredit,398983
O16677,1,Kesehatan,Semarang,Kartu Kredit,442623
O16678,19,Fashion,Semarang,E-Wallet,272602
O16679,10,Fashion,Solo,COD,141857
O16680,4,Rumah Tangga,Purworejo,E-Wallet,321186
O16681,1,Fashion,Yogyakarta,E-Wallet,68313
O16682,10,Kesehatan,Semarang,E-Wallet,381957
O16683,17,Kesehatan,Yogyakarta,E-Wallet,62146
O16684,6,Fashion,Solo,COD,372379
O16685,17,Elektronik,Solo,E-Wallet,299940
O16686,1,Elektronik,Semarang,E-Wallet,492013
O16687,10,Elektronik,Magelang,Kartu Kredit,173513
O16688,5,Fashion,Magelang,E-Wallet,457777
O16689,14,Rumah Tangga,Magelang,Kartu Kredit,225017
O16690,11,Fashion,Semarang,Transfer Bank,105306
O16691,14,Elektronik,Magelang,Kartu Kredit,305252
O16692,10,Elektronik,Magelang,COD,206490
O16693,4,Elektronik,Semarang,Transfer Bank,55748
O16694,6,Makanan,Purworejo,E-Wallet,492250
O16695,3,Fashion,Purworejo,Transfer Bank,241997
O16696,20,Kesehatan,Solo,Transfer Bank,330300
O16697,7,Elektronik,Semarang,Transfer Bank,55494
O16698,3,Makanan,Solo,E-Wallet,92466
O16699,11,Fashion,Magelang,Kartu Kredit,205099
O16700,7,Kesehatan,Purworejo,COD,253663
O16701,2,Kesehatan,Solo,Kartu Kredit,70014
O16702,18,Makanan,Purworejo,Transfer Bank,102058
O16703,6,Kesehatan,Yogyakarta,Kartu Kredit,471441
O16704,8,Makanan,Yogyakarta,COD,412109
O16705,16,Makanan,Yogyakarta,Kartu Kredit,383699
O16706,4,Rumah Tangga,Purworejo,Kartu Kredit,439378
O16707,11,Fashion,Semarang,E-Wallet,232841
O16708,20,Rumah Tangga,Solo,Kartu Kredit,344660
O16709,8,Elektronik,Purworejo,Transfer Bank,195779
O16710,6,Rumah Tangga,Solo,COD,264970
O16711,10,Kesehatan,Semarang,E-Wallet,82342
O16712,14,Kesehatan,Semarang,COD,318148
O16713,12,Kesehatan,Magelang,COD,465576
O16714,19,Makanan,Purworejo,COD,302503
O16715,20,Fashion,Magelang,E-Wallet,296829
O16716,19,Elektronik,Yogyakarta,E-Wallet,462837
O16717,9,Makanan,Yogyakarta,Transfer Bank,332533
O16718,20,Makanan,Purworejo,E-Wallet,171979
O16719,2,Kesehatan,Solo,COD,226738
O16720,3,Kesehatan,Semarang,Transfer Bank,282631
O16721,4,Kesehatan,Magelang,Transfer Bank,56674
O16722,3,Fashion,Semarang,COD,204139
O16723,20,Kesehatan,Purworejo,Kartu Kredit,265070
O16724,14,Rumah Tangga,Yogyakarta,E-Wallet,73763
O16725,15,Kesehatan,Semarang,Transfer Bank,326421
O16726,7,Rumah Tangga,Purworejo,Transfer Bank,387971
O16727,11,Elektronik,Solo,Transfer Bank,492393
O16728,4,Rumah Tangga,Magelang,Transfer Bank,95615
O16729,6,Rumah Tangga,Semarang,E-Wallet,214790
O16730,18,Rumah Tangga,Semarang,COD,436800
O16731,18,Elektronik,Magelang,E-Wallet,303120
O16732,14,Elektronik,Magelang,E-Wallet,207438
O16733,9,Kesehatan,Magelang,Kartu Kredit,346969
O16734,14,Rumah Tangga,Solo,COD,115187
O16735,14,Kesehatan,Yogyakarta,Kartu Kredit,166811
O16736,7,Makanan,Solo,Kartu Kredit,405050
O16737,14,Elektronik,Purworejo,Transfer Bank,410406
O16738,2,Elektronik,Yogyakarta,Transfer Bank,70112
O16739,1,Rumah Tangga,Purworejo,Kartu Kredit,400526
O16740,17,Fashion,Solo,E-Wallet,313800
O16741,6,Rumah Tangga,Solo,E-Wallet,71238
O16742,17,Kesehatan,Purworejo,E-Wallet,226288
O16743,3,Makanan,Magelang,E-Wallet,469512
O16744,15,Fashion,Semarang,COD,408210
O16745,7,Rumah Tangga,Purworejo,Transfer Bank,450127
O16746,11,Kesehatan,Yogyakarta,COD,122306
O16747,8,Makanan,Yogyakarta,COD,350577
O16748,10,Makanan,Purworejo,Kartu Kredit,146828
O16749,6,Elektronik,Yogyakarta,E-Wallet,112691
O16750,4,Kesehatan,Solo,COD,307417
O16751,6,Kesehatan,Magelang,COD,252715
O16752,10,Kesehatan,Purworejo,Kartu Kredit,339912
O16753,13,Fashion,Semarang,COD,294267
O16754,3,Makanan,Yogyakarta,Kartu Kredit,134741
O16755,6,Makanan,Purworejo,COD,444205
O16756,2,Fashion,Solo,E-Wallet,83928
O16757,13,Rumah Tangga,Yogyakarta,E-Wallet,93227
O16758,17,Makanan,Semarang,COD,427642
O16759,6,Kesehatan,Semarang,Kartu Kredit,397770
O16760,10,Elektronik,Yogyakarta,E-Wallet,241497
O16761,12,Rumah Tangga,Solo,COD,248881
O16762,17,Elektronik,Yogyakarta,Transfer Bank,390690
O16763,16,Fashion,Purworejo,E-Wallet,73841
O16764,7,Rumah Tangga,Solo,Transfer Bank,82185
O16765,2,Rumah Tangga,Semarang,Transfer Bank,127688
O16766,4,Elektronik,Purworejo,E-Wallet,433451
O16767,5,Elektronik,Purworejo,Transfer Bank,276682
O16768,12,Rumah Tangga,Semarang,Kartu Kredit,204796
O16769,11,Makanan,Solo,COD,421257
O16770,6,Fashion,Semarang,Transfer Bank,129824
O16771,10,Fashion,Semarang,COD,264179
O16772,10,Rumah Tangga,Yogyakarta,E-Wallet,288637
O16773,1,Elektronik,Solo,E-Wallet,371131
O16774,4,Rumah Tangga,Semarang,E-Wallet,290358
O16775,3,Kesehatan,Magelang,Transfer Bank,479620
O16776,11,Elektronik,Magelang,COD,110614
O16777,10,Fashion,Magelang,Transfer Bank,476016
O16778,6,Rumah Tangga,Solo,COD,102746
O16779,9,Elektronik,Semarang,Kartu Kredit,403206
O16780,10,Rumah Tangga,Yogyakarta,Kartu Kredit,446823
O16781,20,Elektronik,Semarang,COD,453239
O16782,19,Makanan,Semarang,Transfer Bank,154376
O16783,17,Rumah Tangga,Yogyakarta,Kartu Kredit,469232
O16784,17,Fashion,Magelang,COD,310948
O16785,6,Fashion,Yogyakarta,Kartu Kredit,296582
O16786,17,Fashion,Magelang,Transfer Bank,399685
O16787,17,Fashion,Purworejo,Transfer Bank,293352
O16788,10,Makanan,Semarang,E-Wallet,86534
O16789,19,Kesehatan,Magelang,Kartu Kredit,306535
O16790,15,Fashion,Purworejo,Transfer Bank,470835
O16791,17,Elektronik,Magelang,Kartu Kredit,99150
O16792,13,Makanan,Solo,E-Wallet,343225
O16793,2,Fashion,Magelang,E-Wallet,284597
O16794,3,Kesehatan,Magelang,COD,432085
O16795,7,Rumah Tangga,Semarang,Kartu Kredit,315154
O16796,3,Rumah Tangga,Purworejo,COD,71865
O16797,4,Elektronik,Purworejo,E-Wallet,324925
O16798,18,Elektronik,Solo,Transfer Bank,264332
O16799,8,Kesehatan,Solo,COD,247823
O16800,2,Elektronik,Magelang,Kartu Kredit,155684
O16801,14,Kesehatan,Magelang,E-Wallet,275719
O16802,8,Elektronik,Purworejo,COD,493078
O16803,8,Kesehatan,Purworejo,Transfer Bank,446205
O16804,3,Rumah Tangga,Semarang,COD,126988
O16805,18,Rumah Tangga,Magelang,COD,67875
O16806,1,Rumah Tangga,Semarang,Transfer Bank,202427
O16807,16,Makanan,Solo,E-Wallet,83497
O16808,18,Rumah Tangga,Magelang,E-Wallet,230283
O16809,8,Makanan,Magelang,Kartu Kredit,127807
O16810,12,Makanan,Purworejo,E-Wallet,152193
O16811,14,Elektronik,Magelang,Kartu Kredit,464719
O16812,8,Rumah Tangga,Semarang,Kartu Kredit,180349
O16813,3,Makanan,Solo,E-Wallet,245905
O16814,17,Elektronik,Solo,Kartu Kredit,76675
O16815,17,Elektronik,Semarang,Transfer Bank,486508
O16816,16,Elektronik,Magelang,E-Wallet,424175
O16817,18,Kesehatan,Yogyakarta,Kartu Kredit,241411
O16818,8,Fashion,Purworejo,Kartu Kredit,87823
O16819,10,Kesehatan,Purworejo,Transfer Bank,178753
O16820,3,Elektronik,Purworejo,E-Wallet,217119
O16821,15,Makanan,Semarang,Transfer Bank,477407
O16822,15,Elektronik,Semarang,COD,268422
O16823,5,Fashion,Semarang,E-Wallet,149252
O16824,3,Makanan,Purworejo,Kartu Kredit,412668
O16825,19,Fashion,Solo,E-Wallet,91443
O16826,20,Kesehatan,Purworejo,E-Wallet,248732
O16827,10,Kesehatan,Solo,E-Wallet,464420
O16828,20,Rumah Tangga,Purworejo,COD,310822
O16829,6,Kesehatan,Semarang,Kartu Kredit,340566
O16830,10,Makanan,Semarang,COD,126952
O16831,10,Kesehatan,Yogyakarta,COD,407627
O16832,6,Makanan,Magelang,COD,436537
O16833,10,Kesehatan,Solo,Kartu Kredit,214983
O16834,13,Rumah Tangga,Solo,Transfer Bank,485585
O16835,20,Rumah Tangga,Purworejo,Transfer Bank,335687
O16836,1,Elektronik,Solo,COD,129109
O16837,4,Elektronik,Yogyakarta,Transfer Bank,72199
O16838,6,Fashion,Semarang,Kartu Kredit,240339
O16839,10,Makanan,Semarang,Kartu Kredit,60464
O16840,16,Makanan,Magelang,E-Wallet,125037
O16841,13,Elektronik,Semarang,E-Wallet,497456
O16842,11,Makanan,Magelang,Kartu Kredit,120536
O16843,18,Makanan,Purworejo,E-Wallet,248904
O16844,4,Makanan,Yogyakarta,COD,62514
O16845,16,Makanan,Magelang,Kartu Kredit,339310
O16846,4,Fashion,Yogyakarta,E-Wallet,345839
O16847,12,Rumah Tangga,Semarang,Transfer Bank,250085
O16848,13,Makanan,Semarang,Transfer Bank,453931
O16849,8,Fashion,Semarang,COD,491734
O16850,14,Rumah Tangga,Semarang,Transfer Bank,202512
O16851,1,Fashion,Semarang,COD,366024
O16852,13,Elektronik,Yogyakarta,E-Wallet,152167
O16853,4,Makanan,Semarang,Transfer Bank,157232
O16854,20,Elektronik,Magelang,COD,337219
O16855,6,Fashion,Semarang,Kartu Kredit,259244
O16856,15,Elektronik,Solo,Kartu Kredit,124133
O16857,15,Makanan,Solo,COD,199324
O16858,16,Fashion,Solo,E-Wallet,339638
O16859,2,Makanan,Solo,Kartu Kredit,285142
O16860,8,Rumah Tangga,Purworejo,Kartu Kredit,198329
O16861,8,Rumah Tangga,Yogyakarta,Kartu Kredit,59219
O16862,15,Makanan,Solo,E-Wallet,207153
O16863,20,Kesehatan,Magelang,Kartu Kredit,319819
O16864,8,Elektronik,Purworejo,Transfer Bank,376098
O16865,7,Makanan,Yogyakarta,E-Wallet,65063
O16866,10,Makanan,Semarang,COD,438246
O16867,14,Makanan,Magelang,COD,168061
O16868,15,Elektronik,Solo,Kartu Kredit,249246
O16869,9,Elektronik,Magelang,COD,263878
O16870,14,Elektronik,Solo,COD,304724
O16871,4,Makanan,Magelang,E-Wallet,274831
O16872,4,Kesehatan,Magelang,Transfer Bank,325367
O16873,8,Kesehatan,Purworejo,COD,91899
O16874,3,Fashion,Purworejo,Transfer Bank,229476
O16875,1,Rumah Tangga,Solo,E-Wallet,288838
O16876,6,Fashion,Magelang,Kartu Kredit,390329
O16877,12,Elektronik,Semarang,COD,440745
O16878,18,Makanan,Purworejo,Kartu Kredit,86927
O16879,20,Rumah Tangga,Semarang,Kartu Kredit,82270
O16880,15,Fashion,Magelang,E-Wallet,206556
O16881,7,Fashion,Purworejo,Kartu Kredit,411841
O16882,16,Kesehatan,Semarang,COD,280914
O16883,3,Elektronik,Purworejo,Kartu Kredit,54316
O16884,16,Fashion,Yogyakarta,E-Wallet,375810
O16885,2,Kesehatan,Semarang,Kartu Kredit,280197
O16886,11,Makanan,Semarang,Kartu Kredit,294605
O16887,16,Kesehatan,Magelang,Kartu Kredit,154949
O16888,7,Kesehatan,Purworejo,Kartu Kredit,178379
O16889,12,Rumah Tangga,Solo,E-Wallet,417846
O16890,7,Kesehatan,Yogyakarta,E-Wallet,61271
O16891,5,Rumah Tangga,Solo,Kartu Kredit,446950
O16892,19,Elektronik,Solo,Transfer Bank,386057
O16893,15,Elektronik,Purworejo,COD,313169
O16894,12,Makanan,Semarang,COD,275639
O16895,4,Fashion,Purworejo,E-Wallet,116398
O16896,9,Makanan,Solo,Transfer Bank,408233
O16897,4,Kesehatan,Semarang,Kartu Kredit,317622
O16898,14,Kesehatan,Purworejo,Transfer Bank,157530
O16899,14,Fashion,Magelang,Kartu Kredit,205679
O16900,11,Rumah Tangga,Solo,COD,378745
O16901,2,Fashion,Solo,E-Wallet,495711
O16902,11,Kesehatan,Purworejo,Kartu Kredit,495285
O16903,3,Elektronik,Magelang,Kartu Kredit,113784
O16904,5,Fashion,Purworejo,E-Wallet,230880
O16905,16,Rumah Tangga,Magelang,E-Wallet,315069
O16906,1,Elektronik,Purworejo,E-Wallet,279038
O16907,1,Rumah Tangga,Solo,Transfer Bank,174123
O16908,13,Elektronik,Purworejo,COD,399190
O16909,8,Makanan,Solo,COD,76664
O16910,12,Rumah Tangga,Solo,Transfer Bank,367765
O16911,18,Makanan,Solo,Transfer Bank,363016
O16912,20,Makanan,Semarang,Transfer Bank,353248
O16913,6,Rumah Tangga,Solo,COD,346528
O16914,1,Rumah Tangga,Yogyakarta,COD,118197
O16915,1,Rumah Tangga,Solo,Transfer Bank,283761
O16916,12,Kesehatan,Magelang,E-Wallet,364731
O16917,18,Elektronik,Magelang,E-Wallet,197292
O16918,13,Elektronik,Purworejo,COD,257025
O16919,20,Rumah Tangga,Semarang,Kartu Kredit,263365
O16920,1,Elektronik,Magelang,Kartu Kredit,137914
O16921,6,Elektronik,Magelang,Transfer Bank,228040
O16922,10,Kesehatan,Semarang,E-Wallet,107524
O16923,2,Makanan,Semarang,E-Wallet,107648
O16924,4,Makanan,Semarang,Kartu Kredit,176096
O16925,1,Rumah Tangga,Magelang,Transfer Bank,322057
O16926,3,Rumah Tangga,Purworejo,COD,247018
O16927,19,Makanan,Magelang,COD,340750
O16928,1,Rumah Tangga,Solo,E-Wallet,402004
O16929,1,Makanan,Solo,COD,372884
O16930,19,Kesehatan,Purworejo,Kartu Kredit,362686
O16931,18,Rumah Tangga,Solo,Kartu Kredit,177055
O16932,5,Elektronik,Solo,COD,331707
O16933,14,Elektronik,Purworejo,E-Wallet,178393
O16934,12,Elektronik,Purworejo,E-Wallet,396643
O16935,16,Makanan,Yogyakarta,Kartu Kredit,77691
O16936,4,Elektronik,Semarang,COD,56991
O16937,19,Fashion,Purworejo,E-Wallet,158704
O16938,4,Makanan,Magelang,E-Wallet,191207
O16939,14,Elektronik,Purworejo,Kartu Kredit,390216
O16940,7,Makanan,Semarang,COD,484373
O16941,6,Rumah Tangga,Yogyakarta,E-Wallet,108239
O16942,12,Rumah Tangga,Magelang,Transfer Bank,373746
O16943,14,Kesehatan,Solo,E-Wallet,104289
O16944,3,Fashion,Purworejo,E-Wallet,134777
O16945,4,Elektronik,Magelang,COD,115036
O16946,18,Kesehatan,Yogyakarta,E-Wallet,174281
O16947,16,Kesehatan,Purworejo,COD,297291
O16948,7,Elektronik,Solo,COD,231522
O16949,14,Rumah Tangga,Semarang,COD,259478
O16950,1,Elektronik,Yogyakarta,Kartu Kredit,119848
O16951,11,Rumah Tangga,Semarang,Kartu Kredit,262869
O16952,20,Fashion,Purworejo,E-Wallet,69811
O16953,11,Rumah Tangga,Solo,COD,370515
O16954,18,Fashion,Yogyakarta,Transfer Bank,93531
O16955,6,Makanan,Purworejo,COD,88669
O16956,1,Rumah Tangga,Yogyakarta,E-Wallet,225663
O16957,17,Fashion,Magelang,Transfer Bank,90467
O16958,11,Rumah Tangga,Solo,Transfer Bank,388405
O16959,5,Rumah Tangga,Purworejo,Kartu Kredit,238793
O16960,11,Makanan,Semarang,Transfer Bank,218798
O16961,13,Rumah Tangga,Solo,COD,256252
O16962,4,Makanan,Purworejo,COD,335656
O16963,8,Rumah Tangga,Purworejo,Transfer Bank,324255
O16964,13,Fashion,Semarang,Transfer Bank,208793
O16965,6,Fashion,Semarang,Transfer Bank,334582
O16966,9,Rumah Tangga,Yogyakarta,Transfer Bank,123750
O16967,6,Rumah Tangga,Semarang,Transfer Bank,244649
O16968,12,Rumah Tangga,Solo,Transfer Bank,317249
O16969,13,Kesehatan,Semarang,Transfer Bank,272872
O16970,4,Kesehatan,Yogyakarta,Kartu Kredit,146076
O16971,20,Makanan,Solo,COD,363282
O16972,6,Kesehatan,Semarang,Kartu Kredit,269190
O16973,3,Fashion,Solo,Transfer Bank,351044
O16974,17,Rumah Tangga,Purworejo,E-Wallet,310468
O16975,13,Kesehatan,Yogyakarta,Transfer Bank,375848
O16976,2,Makanan,Magelang,Transfer Bank,379487
O16977,6,Makanan,Purworejo,Transfer Bank,56820
O16978,12,Rumah Tangga,Semarang,COD,435405
O16979,10,Rumah Tangga,Yogyakarta,COD,314272
O16980,18,Kesehatan,Purworejo,Transfer Bank,406963
O16981,15,Elektronik,Yogyakarta,Kartu Kredit,217851
O16982,8,Elektronik,Magelang,COD,203807
O16983,20,Makanan,Semarang,Transfer Bank,259091
O16984,3,Rumah Tangga,Purworejo,E-Wallet,100075
O16985,16,Elektronik,Purworejo,Kartu Kredit,224978
O16986,8,Makanan,Solo,Transfer Bank,303981
O16987,6,Kesehatan,Purworejo,E-Wallet,295643
O16988,18,Rumah Tangga,Yogyakarta,E-Wallet,272412
O16989,18,Fashion,Magelang,Transfer Bank,410041
O16990,5,Rumah Tangga,Purworejo,E-Wallet,80484
O16991,5,Rumah Tangga,Magelang,COD,232034
O16992,7,Elektronik,Magelang,COD,260896
O16993,9,Elektronik,Magelang,Kartu Kredit,362210
O16994,3,Fashion,Semarang,E-Wallet,298743
O16995,20,Fashion,Magelang,E-Wallet,53427
O16996,9,Fashion,Solo,COD,171303
O16997,17,Fashion,Semarang,COD,453603
O16998,10,Makanan,Semarang,E-Wallet,342397
O16999,6,Elektronik,Semarang,Kartu Kredit,332168
O17000,11,Kesehatan,Yogyakarta,COD,262148
O17001,1,Elektronik,Magelang,Kartu Kredit,228034
O17002,3,Makanan,Purworejo,Transfer Bank,493202
O17003,7,Kesehatan,Solo,Kartu Kredit,498344
O17004,16,Elektronik,Solo,E-Wallet,220642
O17005,17,Elektronik,Semarang,COD,182028
O17006,3,Kesehatan,Purworejo,Transfer Bank,431997
O17007,15,Fashion,Solo,COD,188921
O17008,4,Elektronik,Magelang,E-Wallet,163783
O17009,7,Rumah Tangga,Yogyakarta,Kartu Kredit,89761
O17010,6,Kesehatan,Magelang,Transfer Bank,329559
O17011,9,Makanan,Yogyakarta,E-Wallet,367884
O17012,19,Fashion,Semarang,E-Wallet,415440
O17013,9,Fashion,Solo,Kartu Kredit,356766
O17014,9,Makanan,Magelang,Kartu Kredit,306586
O17015,19,Makanan,Yogyakarta,Kartu Kredit,291295
O17016,10,Fashion,Yogyakarta,COD,168189
O17017,17,Fashion,Purworejo,E-Wallet,291776
O17018,5,Fashion,Semarang,Transfer Bank,261232
O17019,8,Elektronik,Semarang,E-Wallet,121078
O17020,9,Kesehatan,Magelang,Transfer Bank,280033
O17021,20,Elektronik,Yogyakarta,Transfer Bank,199983
O17022,13,Fashion,Solo,Kartu Kredit,269872
O17023,18,Elektronik,Semarang,E-Wallet,324259
O17024,1,Rumah Tangga,Semarang,Transfer Bank,240236
O17025,19,Elektronik,Magelang,COD,365531
O17026,2,Fashion,Yogyakarta,Transfer Bank,492838
O17027,8,Makanan,Magelang,Kartu Kredit,118292
O17028,10,Kesehatan,Yogyakarta,Transfer Bank,84098
O17029,20,Kesehatan,Magelang,COD,480378
O17030,7,Makanan,Purworejo,E-Wallet,125244
O17031,16,Rumah Tangga,Purworejo,Transfer Bank,86549
O17032,13,Kesehatan,Semarang,Kartu Kredit,126023
O17033,14,Rumah Tangga,Magelang,Transfer Bank,89672
O17034,5,Elektronik,Solo,COD,95265
O17035,4,Elektronik,Purworejo,Transfer Bank,174407
O17036,14,Rumah Tangga,Magelang,Kartu Kredit,386290
O17037,15,Kesehatan,Solo,Kartu Kredit,390067
O17038,12,Rumah Tangga,Semarang,Kartu Kredit,145594
O17039,12,Rumah Tangga,Solo,Kartu Kredit,108399
O17040,18,Kesehatan,Magelang,Transfer Bank,336252
O17041,2,Makanan,Semarang,Kartu Kredit,375475
O17042,8,Kesehatan,Purworejo,Transfer Bank,406956
O17043,14,Elektronik,Semarang,COD,327523
O17044,5,Fashion,Semarang,COD,388939
O17045,19,Fashion,Purworejo,Transfer Bank,263998
O17046,2,Makanan,Purworejo,Transfer Bank,239405
O17047,7,Makanan,Semarang,COD,242990
O17048,1,Fashion,Purworejo,COD,110118
O17049,7,Rumah Tangga,Magelang,COD,462627
O17050,16,Makanan,Solo,Transfer Bank,73435
O17051,17,Makanan,Purworejo,E-Wallet,408908
O17052,3,Kesehatan,Purworejo,COD,134689
O17053,1,Kesehatan,Solo,Kartu Kredit,321815
O17054,7,Kesehatan,Solo,Kartu Kredit,127643
O17055,6,Elektronik,Purworejo,Transfer Bank,182478
O17056,8,Kesehatan,Yogyakarta,Kartu Kredit,231057
O17057,8,Fashion,Solo,Transfer Bank,244656
O17058,5,Fashion,Semarang,Kartu Kredit,285645
O17059,17,Elektronik,Solo,COD,372743
O17060,20,Fashion,Solo,Kartu Kredit,62180
O17061,15,Makanan,Magelang,E-Wallet,471856
O17062,17,Elektronik,Solo,Transfer Bank,432500
O17063,4,Makanan,Magelang,Kartu Kredit,386942
O17064,19,Kesehatan,Yogyakarta,Transfer Bank,118690
O17065,16,Makanan,Yogyakarta,Kartu Kredit,181787
O17066,16,Elektronik,Solo,COD,267569
O17067,11,Fashion,Solo,Transfer Bank,385164
O17068,13,Fashion,Solo,Kartu Kredit,307648
O17069,11,Kesehatan,Solo,Kartu Kredit,356504
O17070,2,Elektronik,Yogyakarta,E-Wallet,331046
O17071,15,Fashion,Solo,Kartu Kredit,442417
O17072,7,Elektronik,Magelang,Transfer Bank,420996
O17073,17,Makanan,Yogyakarta,COD,179291
O17074,8,Kesehatan,Yogyakarta,E-Wallet,116368
O17075,20,Makanan,Solo,Transfer Bank,56447
O17076,1,Kesehatan,Solo,Transfer Bank,269021
O17077,2,Makanan,Semarang,Transfer Bank,388658
O17078,9,Elektronik,Purworejo,COD,312197
O17079,18,Kesehatan,Solo,E-Wallet,280461
O17080,20,Makanan,Magelang,Kartu Kredit,450694
O17081,5,Elektronik,Semarang,COD,122843
O17082,14,Elektronik,Semarang,COD,434723
O17083,1,Elektronik,Purworejo,Transfer Bank,81025
O17084,2,Fashion,Yogyakarta,Kartu Kredit,221395
O17085,3,Elektronik,Magelang,E-Wallet,377843
O17086,3,Rumah Tangga,Semarang,E-Wallet,294629
O17087,20,Elektronik,Yogyakarta,COD,342574
O17088,6,Elektronik,Solo,E-Wallet,457945
O17089,6,Kesehatan,Semarang,Transfer Bank,206389
O17090,7,Elektronik,Purworejo,COD,330362
O17091,12,Fashion,Semarang,E-Wallet,410449
O17092,17,Kesehatan,Purworejo,Transfer Bank,438291
O17093,10,Makanan,Magelang,Transfer Bank,402765
O17094,4,Makanan,Purworejo,Transfer Bank,397126
O17095,19,Rumah Tangga,Semarang,COD,462987
O17096,16,Elektronik,Magelang,E-Wallet,193299
O17097,1,Makanan,Semarang,E-Wallet,487683
O17098,16,Elektronik,Solo,COD,322622
O17099,1,Rumah Tangga,Yogyakarta,COD,194649
O17100,8,Fashion,Yogyakarta,Transfer Bank,399948
O17101,13,Kesehatan,Yogyakarta,Transfer Bank,279042
O17102,16,Fashion,Yogyakarta,Kartu Kredit,342173
O17103,5,Kesehatan,Magelang,E-Wallet,329531
O17104,4,Fashion,Solo,Transfer Bank,72496
O17105,2,Elektronik,Solo,E-Wallet,271025
O17106,8,Rumah Tangga,Magelang,COD,221191
O17107,15,Kesehatan,Purworejo,Kartu Kredit,398341
O17108,9,Makanan,Solo,E-Wallet,412900
O17109,3,Kesehatan,Purworejo,Kartu Kredit,230992
O17110,14,Fashion,Magelang,COD,496014
O17111,13,Fashion,Semarang,COD,438119
O17112,1,Elektronik,Purworejo,E-Wallet,143656
O17113,7,Fashion,Purworejo,E-Wallet,142566
O17114,1,Makanan,Magelang,Kartu Kredit,331115
O17115,7,Elektronik,Semarang,COD,155728
O17116,14,Rumah Tangga,Magelang,Transfer Bank,446758
O17117,15,Makanan,Magelang,Kartu Kredit,284467
O17118,1,Elektronik,Yogyakarta,COD,69756
O17119,10,Makanan,Semarang,Kartu Kredit,228036
O17120,1,Kesehatan,Purworejo,E-Wallet,186153
O17121,12,Rumah Tangga,Semarang,Transfer Bank,176283
O17122,13,Rumah Tangga,Solo,E-Wallet,293210
O17123,8,Elektronik,Magelang,Kartu Kredit,204471
O17124,4,Rumah Tangga,Magelang,E-Wallet,437232
O17125,16,Rumah Tangga,Solo,Kartu Kredit,116457
O17126,10,Makanan,Purworejo,COD,204039
O17127,11,Makanan,Purworejo,Kartu Kredit,87973
O17128,16,Elektronik,Purworejo,Kartu Kredit,225633
O17129,12,Elektronik,Semarang,Kartu Kredit,336370
O17130,5,Kesehatan,Solo,E-Wallet,148146
O17131,1,Elektronik,Magelang,E-Wallet,123691
O17132,6,Elektronik,Yogyakarta,Transfer Bank,254801
O17133,18,Kesehatan,Yogyakarta,E-Wallet,422610
O17134,7,Elektronik,Purworejo,Kartu Kredit,349470
O17135,5,Rumah Tangga,Magelang,Transfer Bank,406036
O17136,16,Elektronik,Yogyakarta,Kartu Kredit,76022
O17137,4,Makanan,Semarang,COD,117357
O17138,17,Kesehatan,Magelang,Transfer Bank,384866
O17139,20,Fashion,Purworejo,Transfer Bank,456062
O17140,16,Elektronik,Semarang,COD,180076
O17141,12,Fashion,Purworejo,E-Wallet,252018
O17142,17,Makanan,Yogyakarta,Kartu Kredit,330423
O17143,2,Fashion,Solo,Transfer Bank,67884
O17144,15,Fashion,Semarang,Kartu Kredit,264067
O17145,9,Fashion,Semarang,Transfer Bank,300281
O17146,16,Makanan,Semarang,E-Wallet,222270
O17147,11,Kesehatan,Solo,E-Wallet,229726
O17148,16,Kesehatan,Magelang,Transfer Bank,336257
O17149,4,Elektronik,Magelang,E-Wallet,126701
O17150,6,Fashion,Magelang,E-Wallet,74392
O17151,14,Fashion,Semarang,Transfer Bank,207943
O17152,11,Makanan,Magelang,Kartu Kredit,452595
O17153,20,Makanan,Semarang,Transfer Bank,324720
O17154,17,Fashion,Magelang,Kartu Kredit,465800
O17155,10,Kesehatan,Purworejo,Kartu Kredit,316724
O17156,16,Fashion,Solo,COD,489559
O17157,2,Makanan,Yogyakarta,COD,71773
O17158,13,Kesehatan,Purworejo,E-Wallet,69843
O17159,14,Rumah Tangga,Solo,E-Wallet,289940
O17160,20,Fashion,Purworejo,COD,78734
O17161,10,Kesehatan,Purworejo,COD,231149
O17162,9,Fashion,Solo,COD,477658
O17163,11,Makanan,Solo,Transfer Bank,391955
O17164,16,Rumah Tangga,Semarang,COD,379252
O17165,2,Fashion,Magelang,Kartu Kredit,150689
O17166,14,Elektronik,Magelang,E-Wallet,460906
O17167,10,Kesehatan,Purworejo,Transfer Bank,97575
O17168,8,Elektronik,Semarang,Kartu Kredit,61578
O17169,1,Kesehatan,Yogyakarta,E-Wallet,68351
O17170,16,Elektronik,Purworejo,E-Wallet,59308
O17171,18,Makanan,Solo,Kartu Kredit,149349
O17172,6,Kesehatan,Solo,Kartu Kredit,232848
O17173,9,Kesehatan,Yogyakarta,COD,73404
O17174,11,Rumah Tangga,Yogyakarta,E-Wallet,226055
O17175,4,Makanan,Magelang,COD,261645
O17176,15,Elektronik,Solo,E-Wallet,151029
O17177,1,Makanan,Magelang,E-Wallet,67366
O17178,4,Makanan,Magelang,COD,463319
O17179,2,Makanan,Yogyakarta,COD,328247
O17180,14,Rumah Tangga,Semarang,E-Wallet,164049
O17181,19,Fashion,Solo,E-Wallet,222661
O17182,9,Fashion,Solo,Transfer Bank,423965
O17183,2,Makanan,Solo,Transfer Bank,335165
O17184,18,Rumah Tangga,Semarang,Kartu Kredit,398775
O17185,17,Makanan,Magelang,Transfer Bank,124899
O17186,3,Makanan,Purworejo,Transfer Bank,334299
O17187,19,Fashion,Purworejo,Transfer Bank,406741
O17188,5,Fashion,Semarang,Kartu Kredit,402149
O17189,8,Rumah Tangga,Solo,E-Wallet,130306
O17190,10,Rumah Tangga,Yogyakarta,E-Wallet,497545
O17191,3,Rumah Tangga,Yogyakarta,Transfer Bank,158469
O17192,15,Elektronik,Magelang,Transfer Bank,264583
O17193,4,Makanan,Solo,COD,208093
O17194,5,Elektronik,Yogyakarta,Transfer Bank,173317
O17195,2,Elektronik,Solo,Transfer Bank,295274
O17196,9,Kesehatan,Magelang,COD,372447
O17197,10,Kesehatan,Yogyakarta,Transfer Bank,158679
O17198,7,Rumah Tangga,Magelang,Kartu Kredit,174646
O17199,12,Rumah Tangga,Purworejo,COD,156249
O17200,16,Rumah Tangga,Magelang,Transfer Bank,269871
O17201,16,Fashion,Purworejo,E-Wallet,415481
O17202,6,Fashion,Yogyakarta,Transfer Bank,256354
O17203,18,Elektronik,Semarang,E-Wallet,173259
O17204,7,Kesehatan,Semarang,COD,205806
O17205,14,Fashion,Purworejo,Kartu Kredit,289000
O17206,9,Elektronik,Yogyakarta,Transfer Bank,323900
O17207,11,Rumah Tangga,Purworejo,Kartu Kredit,465361
O17208,11,Makanan,Semarang,COD,242349
O17209,15,Fashion,Magelang,Kartu Kredit,327079
O17210,18,Elektronik,Purworejo,Transfer Bank,188755
O17211,7,Rumah Tangga,Purworejo,COD,380174
O17212,9,Rumah Tangga,Semarang,Kartu Kredit,401520
O17213,7,Rumah Tangga,Purworejo,COD,486754
O17214,13,Fashion,Solo,COD,285645
O17215,1,Elektronik,Magelang,Kartu Kredit,101087
O17216,18,Elektronik,Magelang,Transfer Bank,62362
O17217,7,Fashion,Solo,E-Wallet,430264
O17218,8,Elektronik,Purworejo,Transfer Bank,59455
O17219,20,Elektronik,Solo,E-Wallet,184938
O17220,10,Rumah Tangga,Solo,E-Wallet,308865
O17221,9,Elektronik,Yogyakarta,Transfer Bank,215846
O17222,11,Elektronik,Purworejo,E-Wallet,219146
O17223,16,Rumah Tangga,Semarang,Kartu Kredit,175735
O17224,12,Makanan,Magelang,Transfer Bank,127204
O17225,2,Fashion,Purworejo,Kartu Kredit,238133
O17226,20,Fashion,Semarang,E-Wallet,323285
O17227,5,Rumah Tangga,Magelang,Transfer Bank,297454
O17228,6,Elektronik,Magelang,COD,110023
O17229,7,Fashion,Magelang,E-Wallet,169615
O17230,12,Kesehatan,Yogyakarta,COD,84035
O17231,16,Makanan,Semarang,Kartu Kredit,68075
O17232,5,Kesehatan,Semarang,Transfer Bank,456964
O17233,18,Fashion,Solo,Kartu Kredit,369500
O17234,18,Kesehatan,Semarang,Kartu Kredit,112342
O17235,9,Kesehatan,Purworejo,Kartu Kredit,311527
O17236,18,Kesehatan,Solo,Kartu Kredit,399110
O17237,5,Elektronik,Purworejo,Kartu Kredit,73513
O17238,5,Fashion,Solo,COD,378263
O17239,13,Rumah Tangga,Semarang,E-Wallet,411383
O17240,13,Kesehatan,Magelang,Transfer Bank,245627
O17241,2,Elektronik,Solo,E-Wallet,368572
O17242,16,Fashion,Yogyakarta,E-Wallet,204028
O17243,5,Makanan,Yogyakarta,Transfer Bank,261493
O17244,7,Fashion,Purworejo,Kartu Kredit,89499
O17245,5,Elektronik,Purworejo,COD,334325
O17246,19,Makanan,Solo,E-Wallet,117960
O17247,4,Rumah Tangga,Solo,E-Wallet,57250
O17248,10,Fashion,Semarang,Transfer Bank,171454
O17249,20,Fashion,Yogyakarta,E-Wallet,465290
O17250,14,Elektronik,Purworejo,Kartu Kredit,489079
O17251,13,Makanan,Semarang,COD,335167
O17252,4,Kesehatan,Yogyakarta,Transfer Bank,194105
O17253,5,Rumah Tangga,Magelang,COD,460690
O17254,1,Kesehatan,Magelang,Kartu Kredit,310797
O17255,14,Fashion,Purworejo,Kartu Kredit,181347
O17256,11,Elektronik,Purworejo,COD,379586
O17257,4,Elektronik,Purworejo,Transfer Bank,306385
O17258,13,Kesehatan,Semarang,Transfer Bank,479371
O17259,8,Fashion,Solo,Transfer Bank,413733
O17260,14,Elektronik,Semarang,Kartu Kredit,337187
O17261,15,Elektronik,Semarang,Transfer Bank,419666
O17262,7,Makanan,Magelang,COD,436805
O17263,9,Elektronik,Yogyakarta,COD,414264
O17264,8,Fashion,Semarang,Kartu Kredit,332521
O17265,7,Elektronik,Magelang,Transfer Bank,412443
O17266,11,Rumah Tangga,Purworejo,Transfer Bank,206169
O17267,16,Elektronik,Semarang,COD,241064
O17268,18,Makanan,Purworejo,COD,54602
O17269,4,Fashion,Semarang,Transfer Bank,412700
O17270,18,Kesehatan,Magelang,E-Wallet,217074
O17271,19,Kesehatan,Semarang,Transfer Bank,96483
O17272,2,Kesehatan,Yogyakarta,E-Wallet,102152
O17273,20,Rumah Tangga,Purworejo,COD,228193
O17274,9,Rumah Tangga,Solo,COD,221698
O17275,5,Kesehatan,Magelang,COD,293665
O17276,5,Elektronik,Purworejo,E-Wallet,145490
O17277,7,Makanan,Purworejo,Transfer Bank,289959
O17278,6,Rumah Tangga,Solo,Transfer Bank,263892
O17279,19,Elektronik,Solo,COD,174776
O17280,8,Elektronik,Yogyakarta,Kartu Kredit,203244
O17281,18,Makanan,Solo,E-Wallet,276639
O17282,14,Elektronik,Magelang,Kartu Kredit,99981
O17283,1,Kesehatan,Solo,COD,449103
O17284,5,Kesehatan,Solo,Kartu Kredit,393067
O17285,14,Rumah Tangga,Purworejo,COD,391994
O17286,8,Kesehatan,Semarang,Kartu Kredit,318144
O17287,17,Kesehatan,Magelang,COD,281980
O17288,14,Fashion,Magelang,Transfer Bank,280214
O17289,20,Rumah Tangga,Magelang,Kartu Kredit,292949
O17290,20,Fashion,Magelang,E-Wallet,76989
O17291,18,Kesehatan,Solo,Transfer Bank,312745
O17292,17,Fashion,Semarang,Transfer Bank,454529
O17293,3,Rumah Tangga,Semarang,COD,129666
O17294,14,Fashion,Yogyakarta,E-Wallet,249660
O17295,3,Fashion,Semarang,Kartu Kredit,269322
O17296,4,Makanan,Solo,COD,292242
O17297,1,Elektronik,Semarang,Kartu Kredit,411915
O17298,12,Fashion,Solo,E-Wallet,223044
O17299,10,Makanan,Solo,Transfer Bank,148631
O17300,6,Rumah Tangga,Magelang,COD,184915
O17301,14,Kesehatan,Purworejo,COD,228690
O17302,17,Elektronik,Yogyakarta,Transfer Bank,76245
O17303,7,Rumah Tangga,Semarang,Transfer Bank,441945
O17304,4,Rumah Tangga,Purworejo,Kartu Kredit,242721
O17305,5,Rumah Tangga,Purworejo,Transfer Bank,190571
O17306,9,Rumah Tangga,Yogyakarta,Transfer Bank,338292
O17307,8,Kesehatan,Magelang,Kartu Kredit,182658
O17308,9,Rumah Tangga,Purworejo,Transfer Bank,262908
O17309,1,Kesehatan,Semarang,E-Wallet,273094
O17310,10,Makanan,Solo,Kartu Kredit,466351
O17311,17,Elektronik,Solo,Transfer Bank,485111
O17312,19,Fashion,Magelang,E-Wallet,463399
O17313,6,Makanan,Semarang,Transfer Bank,68806
O17314,4,Kesehatan,Semarang,E-Wallet,114412
O17315,12,Elektronik,Yogyakarta,E-Wallet,249364
O17316,14,Kesehatan,Purworejo,COD,470493
O17317,8,Fashion,Solo,E-Wallet,236366
O17318,9,Fashion,Solo,COD,391130
O17319,4,Kesehatan,Magelang,COD,357637
O17320,16,Rumah Tangga,Yogyakarta,Kartu Kredit,276249
O17321,2,Elektronik,Semarang,Kartu Kredit,299049
O17322,11,Elektronik,Semarang,Transfer Bank,225286
O17323,2,Rumah Tangga,Purworejo,Kartu Kredit,172614
O17324,16,Rumah Tangga,Yogyakarta,COD,395752
O17325,11,Kesehatan,Yogyakarta,Transfer Bank,140047
O17326,8,Rumah Tangga,Magelang,Transfer Bank,86809
O17327,8,Makanan,Semarang,Transfer Bank,491175
O17328,17,Fashion,Purworejo,Kartu Kredit,248364
O17329,7,Makanan,Solo,Kartu Kredit,124989
O17330,3,Fashion,Solo,E-Wallet,289414
O17331,15,Elektronik,Yogyakarta,Transfer Bank,367603
O17332,4,Fashion,Purworejo,E-Wallet,330445
O17333,16,Rumah Tangga,Solo,Kartu Kredit,147217
O17334,15,Elektronik,Yogyakarta,E-Wallet,495497
O17335,6,Fashion,Yogyakarta,COD,319825
O17336,10,Elektronik,Magelang,Kartu Kredit,441378
O17337,19,Elektronik,Magelang,COD,139747
O17338,13,Kesehatan,Magelang,Transfer Bank,399463
O17339,6,Rumah Tangga,Purworejo,Transfer Bank,149951
O17340,12,Fashion,Solo,E-Wallet,101861
O17341,2,Rumah Tangga,Yogyakarta,E-Wallet,298611
O17342,8,Rumah Tangga,Purworejo,Kartu Kredit,213549
O17343,16,Makanan,Purworejo,COD,308592
O17344,11,Elektronik,Solo,E-Wallet,348939
O17345,12,Fashion,Solo,COD,448072
O17346,16,Makanan,Semarang,COD,307454
O17347,5,Makanan,Semarang,Transfer Bank,427914
O17348,19,Fashion,Solo,Kartu Kredit,433147
O17349,18,Kesehatan,Magelang,Kartu Kredit,161967
O17350,5,Makanan,Purworejo,Transfer Bank,250668
O17351,1,Elektronik,Semarang,COD,312531
O17352,4,Fashion,Solo,COD,135348
O17353,13,Makanan,Yogyakarta,Kartu Kredit,403925
O17354,11,Kesehatan,Semarang,Transfer Bank,471129
O17355,7,Kesehatan,Semarang,Transfer Bank,301242
O17356,5,Elektronik,Magelang,E-Wallet,345018
O17357,2,Makanan,Solo,COD,216666
O17358,6,Makanan,Yogyakarta,COD,288444
O17359,18,Fashion,Magelang,Transfer Bank,303181
O17360,9,Fashion,Magelang,Transfer Bank,248196
O17361,5,Rumah Tangga,Magelang,Transfer Bank,300566
O17362,11,Kesehatan,Yogyakarta,Transfer Bank,471980
O17363,18,Makanan,Purworejo,Kartu Kredit,483990
O17364,19,Makanan,Semarang,Transfer Bank,148646
O17365,18,Kesehatan,Purworejo,Transfer Bank,58261
O17366,9,Rumah Tangga,Magelang,COD,252831
O17367,11,Makanan,Magelang,E-Wallet,448528
O17368,10,Elektronik,Magelang,Transfer Bank,256500
O17369,2,Makanan,Solo,E-Wallet,358420
O17370,14,Kesehatan,Purworejo,COD,470577
O17371,4,Makanan,Magelang,COD,406450
O17372,6,Kesehatan,Yogyakarta,E-Wallet,300190
O17373,10,Elektronik,Magelang,E-Wallet,435650
O17374,6,Elektronik,Yogyakarta,Kartu Kredit,235144
O17375,18,Rumah Tangga,Solo,Kartu Kredit,115813
O17376,14,Rumah Tangga,Magelang,Transfer Bank,184253
O17377,9,Rumah Tangga,Yogyakarta,COD,82227
O17378,10,Fashion,Magelang,E-Wallet,64430
O17379,16,Fashion,Magelang,COD,228915
O17380,12,Fashion,Magelang,Transfer Bank,271351
O17381,17,Kesehatan,Purworejo,COD,154503
O17382,18,Makanan,Solo,Transfer Bank,55456
O17383,10,Elektronik,Magelang,E-Wallet,108847
O17384,7,Rumah Tangga,Semarang,Transfer Bank,213732
O17385,16,Fashion,Solo,Transfer Bank,437131
O17386,4,Elektronik,Semarang,E-Wallet,111159
O17387,13,Kesehatan,Solo,Kartu Kredit,429191
O17388,16,Kesehatan,Purworejo,Transfer Bank,260967
O17389,13,Fashion,Semarang,E-Wallet,332411
O17390,2,Rumah Tangga,Solo,Kartu Kredit,370678
O17391,16,Fashion,Magelang,E-Wallet,82866
O17392,1,Fashion,Solo,E-Wallet,53185
O17393,10,Elektronik,Yogyakarta,COD,212874
O17394,14,Kesehatan,Magelang,Transfer Bank,62110
O17395,13,Elektronik,Semarang,Kartu Kredit,356296
O17396,10,Fashion,Solo,Kartu Kredit,119949
O17397,2,Fashion,Semarang,COD,416438
O17398,10,Elektronik,Solo,E-Wallet,485762
O17399,11,Kesehatan,Yogyakarta,E-Wallet,74643
O17400,16,Fashion,Purworejo,E-Wallet,151034
O17401,4,Kesehatan,Purworejo,Kartu Kredit,298990
O17402,6,Fashion,Yogyakarta,COD,93671
O17403,13,Fashion,Magelang,Transfer Bank,196836
O17404,14,Makanan,Magelang,COD,59789
O17405,8,Rumah Tangga,Semarang,Transfer Bank,426870
O17406,2,Elektronik,Yogyakarta,Transfer Bank,330270
O17407,10,Rumah Tangga,Semarang,E-Wallet,99510
O17408,15,Elektronik,Yogyakarta,Kartu Kredit,167908
O17409,15,Kesehatan,Solo,COD,191159
O17410,11,Kesehatan,Semarang,COD,122716
O17411,11,Elektronik,Semarang,Kartu Kredit,393098
O17412,18,Kesehatan,Yogyakarta,E-Wallet,115997
O17413,9,Rumah Tangga,Semarang,E-Wallet,314999
O17414,5,Makanan,Solo,Transfer Bank,306517
O17415,12,Kesehatan,Purworejo,Transfer Bank,331546
O17416,5,Makanan,Magelang,E-Wallet,128990
O17417,13,Makanan,Solo,Transfer Bank,262621
O17418,19,Fashion,Yogyakarta,COD,313074
O17419,10,Fashion,Magelang,Transfer Bank,179917
O17420,20,Fashion,Semarang,Transfer Bank,226335
O17421,9,Fashion,Solo,Kartu Kredit,187714
O17422,20,Makanan,Solo,COD,408231
O17423,10,Elektronik,Solo,E-Wallet,432590
O17424,20,Fashion,Solo,Kartu Kredit,462757
O17425,13,Makanan,Yogyakarta,COD,284067
O17426,6,Makanan,Solo,Transfer Bank,329872
O17427,8,Makanan,Solo,E-Wallet,115452
O17428,17,Kesehatan,Purworejo,Kartu Kredit,228615
O17429,11,Elektronik,Purworejo,Kartu Kredit,118464
O17430,12,Rumah Tangga,Semarang,Kartu Kredit,159561
O17431,17,Rumah Tangga,Solo,E-Wallet,138160
O17432,20,Elektronik,Semarang,Transfer Bank,239123
O17433,12,Elektronik,Yogyakarta,COD,442962
O17434,13,Makanan,Yogyakarta,E-Wallet,63390
O17435,4,Fashion,Semarang,Kartu Kredit,201222
O17436,6,Makanan,Purworejo,E-Wallet,211663
O17437,5,Kesehatan,Magelang,COD,415941
O17438,19,Rumah Tangga,Purworejo,Transfer Bank,95537
O17439,2,Elektronik,Yogyakarta,Kartu Kredit,245625
O17440,9,Kesehatan,Magelang,E-Wallet,192953
O17441,11,Kesehatan,Semarang,COD,337207
O17442,16,Kesehatan,Solo,Kartu Kredit,437998
O17443,11,Fashion,Semarang,COD,329551
O17444,13,Fashion,Semarang,Kartu Kredit,61197
O17445,20,Makanan,Yogyakarta,Transfer Bank,443160
O17446,2,Fashion,Purworejo,Transfer Bank,109799
O17447,18,Makanan,Yogyakarta,COD,414394
O17448,16,Rumah Tangga,Purworejo,COD,498353
O17449,2,Makanan,Solo,Transfer Bank,321674
O17450,8,Fashion,Semarang,E-Wallet,148578
O17451,12,Kesehatan,Semarang,COD,323424
O17452,12,Makanan,Purworejo,E-Wallet,371409
O17453,7,Kesehatan,Magelang,E-Wallet,116497
O17454,5,Rumah Tangga,Yogyakarta,Transfer Bank,478399
O17455,17,Fashion,Semarang,Transfer Bank,160643
O17456,10,Rumah Tangga,Semarang,E-Wallet,353092
O17457,20,Elektronik,Yogyakarta,Kartu Kredit,161903
O17458,18,Rumah Tangga,Magelang,Kartu Kredit,85201
O17459,3,Kesehatan,Purworejo,E-Wallet,436568
O17460,10,Fashion,Semarang,COD,219485
O17461,17,Kesehatan,Solo,Transfer Bank,375116
O17462,12,Rumah Tangga,Magelang,Kartu Kredit,191073
O17463,18,Makanan,Solo,Transfer Bank,74972
O17464,11,Elektronik,Magelang,E-Wallet,319600
O17465,1,Rumah Tangga,Semarang,Kartu Kredit,233358
O17466,9,Elektronik,Semarang,Transfer Bank,157373
O17467,10,Rumah Tangga,Yogyakarta,Kartu Kredit,323622
O17468,11,Fashion,Magelang,E-Wallet,453704
O17469,18,Rumah Tangga,Magelang,E-Wallet,348380
O17470,17,Fashion,Magelang,COD,70946
O17471,2,Elektronik,Solo,E-Wallet,139171
O17472,13,Makanan,Magelang,Kartu Kredit,190653
O17473,3,Makanan,Yogyakarta,E-Wallet,127358
O17474,19,Elektronik,Yogyakarta,COD,183341
O17475,5,Kesehatan,Purworejo,Transfer Bank,221804
O17476,9,Fashion,Purworejo,Transfer Bank,476104
O17477,9,Elektronik,Purworejo,E-Wallet,338204
O17478,11,Fashion,Magelang,E-Wallet,119877
O17479,12,Makanan,Yogyakarta,E-Wallet,66680
O17480,14,Elektronik,Magelang,Kartu Kredit,263933
O17481,7,Kesehatan,Purworejo,Kartu Kredit,439785
O17482,5,Elektronik,Yogyakarta,Kartu Kredit,393598
O17483,2,Fashion,Purworejo,Transfer Bank,350321
O17484,8,Kesehatan,Purworejo,E-Wallet,167811
O17485,11,Elektronik,Purworejo,Kartu Kredit,200037
O17486,13,Makanan,Semarang,Kartu Kredit,428904
O17487,14,Kesehatan,Semarang,COD,405016
O17488,3,Makanan,Purworejo,COD,319118
O17489,6,Rumah Tangga,Purworejo,COD,180445
O17490,6,Fashion,Semarang,COD,102749
O17491,16,Kesehatan,Semarang,Transfer Bank,171831
O17492,4,Makanan,Purworejo,E-Wallet,248930
O17493,15,Fashion,Purworejo,COD,98476
O17494,7,Fashion,Semarang,Transfer Bank,115555
O17495,4,Fashion,Solo,Transfer Bank,486232
O17496,6,Elektronik,Solo,Transfer Bank,346784
O17497,17,Elektronik,Purworejo,E-Wallet,113515
O17498,6,Makanan,Solo,COD,293074
O17499,7,Makanan,Magelang,Kartu Kredit,281878
O17500,13,Kesehatan,Yogyakarta,COD,219021
O17501,9,Elektronik,Purworejo,E-Wallet,243596
O17502,10,Fashion,Yogyakarta,COD,178539
O17503,16,Rumah Tangga,Yogyakarta,Transfer Bank,263641
O17504,11,Kesehatan,Solo,Transfer Bank,187185
O17505,11,Kesehatan,Yogyakarta,COD,401671
O17506,8,Kesehatan,Semarang,Transfer Bank,449134
O17507,10,Elektronik,Solo,E-Wallet,235336
O17508,11,Kesehatan,Magelang,COD,330621
O17509,11,Rumah Tangga,Solo,COD,71719
O17510,8,Makanan,Magelang,Kartu Kredit,174491
O17511,8,Makanan,Magelang,Kartu Kredit,134004
O17512,3,Fashion,Purworejo,COD,181500
O17513,13,Elektronik,Magelang,E-Wallet,331598
O17514,3,Kesehatan,Magelang,Kartu Kredit,389413
O17515,10,Kesehatan,Semarang,Kartu Kredit,149537
O17516,13,Makanan,Magelang,Transfer Bank,386559
O17517,9,Elektronik,Yogyakarta,Kartu Kredit,363957
O17518,19,Elektronik,Purworejo,Kartu Kredit,58501
O17519,20,Kesehatan,Semarang,E-Wallet,207099
O17520,20,Elektronik,Solo,E-Wallet,185496
O17521,15,Rumah Tangga,Purworejo,COD,358024
O17522,18,Elektronik,Purworejo,Transfer Bank,190212
O17523,17,Kesehatan,Magelang,Kartu Kredit,422936
O17524,3,Makanan,Solo,Transfer Bank,305119
O17525,1,Makanan,Semarang,E-Wallet,99638
O17526,17,Elektronik,Solo,Transfer Bank,375843
O17527,2,Elektronik,Yogyakarta,Transfer Bank,236504
O17528,8,Makanan,Yogyakarta,E-Wallet,131418
O17529,20,Fashion,Magelang,Kartu Kredit,461123
O17530,8,Elektronik,Purworejo,E-Wallet,296832
O17531,4,Rumah Tangga,Yogyakarta,Kartu Kredit,407619
O17532,16,Makanan,Purworejo,Kartu Kredit,389803
O17533,18,Kesehatan,Solo,Transfer Bank,249009
O17534,6,Kesehatan,Yogyakarta,COD,214238
O17535,1,Fashion,Solo,COD,470392
O17536,11,Makanan,Semarang,Transfer Bank,64130
O17537,8,Kesehatan,Semarang,Transfer Bank,390093
O17538,15,Fashion,Yogyakarta,Transfer Bank,457095
O17539,5,Kesehatan,Purworejo,E-Wallet,368629
O17540,3,Kesehatan,Magelang,Transfer Bank,119064
O17541,13,Makanan,Yogyakarta,Kartu Kredit,180672
O17542,11,Kesehatan,Semarang,E-Wallet,241905
O17543,19,Kesehatan,Yogyakarta,E-Wallet,188364
O17544,6,Rumah Tangga,Solo,COD,423633
O17545,18,Elektronik,Yogyakarta,E-Wallet,118581
O17546,20,Elektronik,Purworejo,E-Wallet,159837
O17547,2,Kesehatan,Yogyakarta,Transfer Bank,344424
O17548,20,Makanan,Semarang,COD,267399
O17549,7,Makanan,Semarang,Transfer Bank,491146
O17550,16,Kesehatan,Yogyakarta,E-Wallet,351019
O17551,6,Rumah Tangga,Magelang,COD,431624
O17552,5,Makanan,Solo,Transfer Bank,207672
O17553,6,Kesehatan,Yogyakarta,COD,415633
O17554,11,Kesehatan,Purworejo,E-Wallet,140251
O17555,12,Makanan,Magelang,Transfer Bank,491710
O17556,18,Makanan,Yogyakarta,Kartu Kredit,424819
O17557,5,Makanan,Semarang,E-Wallet,273853
O17558,14,Kesehatan,Semarang,Kartu Kredit,309297
O17559,20,Rumah Tangga,Solo,Transfer Bank,306887
O17560,13,Makanan,Solo,Kartu Kredit,70849
O17561,2,Fashion,Purworejo,Transfer Bank,297253
O17562,4,Makanan,Purworejo,Kartu Kredit,480235
O17563,20,Makanan,Solo,Transfer Bank,477925
O17564,4,Makanan,Magelang,Kartu Kredit,257845
O17565,18,Makanan,Solo,E-Wallet,474838
O17566,15,Makanan,Purworejo,COD,55838
O17567,15,Kesehatan,Magelang,Kartu Kredit,408541
O17568,3,Makanan,Magelang,E-Wallet,323539
O17569,15,Rumah Tangga,Semarang,Kartu Kredit,489971
O17570,9,Rumah Tangga,Magelang,COD,429977
O17571,1,Kesehatan,Purworejo,E-Wallet,255288
O17572,12,Kesehatan,Purworejo,Transfer Bank,406042
O17573,5,Elektronik,Solo,Transfer Bank,478323
O17574,6,Makanan,Purworejo,COD,451073
O17575,4,Rumah Tangga,Semarang,COD,172800
O17576,19,Elektronik,Semarang,COD,111377
O17577,2,Makanan,Semarang,E-Wallet,242230
O17578,9,Elektronik,Yogyakarta,E-Wallet,442307
O17579,4,Kesehatan,Semarang,Kartu Kredit,106251
O17580,4,Fashion,Magelang,Transfer Bank,234855
O17581,2,Kesehatan,Magelang,Transfer Bank,101298
O17582,18,Fashion,Magelang,Kartu Kredit,439129
O17583,18,Makanan,Yogyakarta,COD,399499
O17584,18,Fashion,Semarang,E-Wallet,411823
O17585,18,Rumah Tangga,Yogyakarta,E-Wallet,306524
O17586,14,Makanan,Semarang,COD,124717
O17587,20,Kesehatan,Solo,Transfer Bank,347381
O17588,20,Fashion,Purworejo,COD,383318
O17589,12,Makanan,Yogyakarta,Kartu Kredit,495503
O17590,19,Kesehatan,Magelang,Kartu Kredit,292959
O17591,9,Elektronik,Magelang,COD,271200
O17592,10,Elektronik,Magelang,Transfer Bank,218731
O17593,4,Elektronik,Yogyakarta,Transfer Bank,258456
O17594,18,Rumah Tangga,Semarang,Transfer Bank,314789
O17595,2,Kesehatan,Solo,Kartu Kredit,393905
O17596,19,Fashion,Semarang,Transfer Bank,477557
O17597,2,Rumah Tangga,Purworejo,Kartu Kredit,224914
O17598,10,Elektronik,Purworejo,COD,165967
O17599,2,Rumah Tangga,Magelang,Kartu Kredit,278866
O17600,3,Makanan,Semarang,COD,173680
O17601,14,Elektronik,Magelang,COD,426385
O17602,7,Fashion,Magelang,E-Wallet,179926
O17603,10,Elektronik,Yogyakarta,Kartu Kredit,124891
O17604,5,Makanan,Semarang,E-Wallet,95175
O17605,7,Elektronik,Yogyakarta,E-Wallet,152031
O17606,20,Elektronik,Yogyakarta,Transfer Bank,348770
O17607,6,Elektronik,Semarang,Kartu Kredit,254984
O17608,4,Rumah Tangga,Purworejo,COD,417718
O17609,3,Fashion,Magelang,Transfer Bank,242235
O17610,14,Elektronik,Magelang,Kartu Kredit,465511
O17611,5,Rumah Tangga,Purworejo,Transfer Bank,425798
O17612,16,Kesehatan,Solo,Kartu Kredit,140269
O17613,15,Rumah Tangga,Magelang,COD,437286
O17614,18,Elektronik,Solo,Kartu Kredit,448426
O17615,2,Makanan,Magelang,E-Wallet,234997
O17616,3,Kesehatan,Solo,COD,244726
O17617,3,Makanan,Solo,E-Wallet,56143
O17618,2,Fashion,Yogyakarta,E-Wallet,387384
O17619,17,Fashion,Solo,COD,185772
O17620,20,Kesehatan,Yogyakarta,E-Wallet,374216
O17621,2,Makanan,Purworejo,COD,457218
O17622,11,Rumah Tangga,Semarang,Kartu Kredit,456373
O17623,2,Kesehatan,Yogyakarta,Transfer Bank,169840
O17624,12,Kesehatan,Semarang,Kartu Kredit,345106
O17625,2,Rumah Tangga,Semarang,Kartu Kredit,81731
O17626,10,Rumah Tangga,Yogyakarta,Transfer Bank,412176
O17627,6,Rumah Tangga,Solo,Transfer Bank,490028
O17628,2,Kesehatan,Yogyakarta,COD,483951
O17629,5,Fashion,Semarang,Kartu Kredit,225146
O17630,4,Fashion,Magelang,Kartu Kredit,388537
O17631,13,Kesehatan,Yogyakarta,COD,102101
O17632,8,Fashion,Solo,COD,117644
O17633,16,Kesehatan,Yogyakarta,Transfer Bank,392741
O17634,6,Elektronik,Yogyakarta,COD,213792
O17635,12,Fashion,Solo,E-Wallet,114366
O17636,9,Makanan,Yogyakarta,E-Wallet,89162
O17637,17,Elektronik,Semarang,COD,262442
O17638,14,Rumah Tangga,Magelang,Transfer Bank,406226
O17639,11,Makanan,Solo,E-Wallet,160248
O17640,14,Rumah Tangga,Yogyakarta,Transfer Bank,478062
O17641,15,Rumah Tangga,Solo,COD,455574
O17642,16,Rumah Tangga,Yogyakarta,Kartu Kredit,151900
O17643,17,Makanan,Magelang,COD,172221
O17644,18,Kesehatan,Magelang,COD,418673
O17645,13,Rumah Tangga,Yogyakarta,E-Wallet,219372
O17646,15,Elektronik,Yogyakarta,E-Wallet,179898
O17647,3,Makanan,Magelang,Transfer Bank,300157
O17648,5,Fashion,Yogyakarta,E-Wallet,98303
O17649,4,Elektronik,Yogyakarta,COD,461276
O17650,14,Makanan,Purworejo,Kartu Kredit,253729
O17651,18,Makanan,Semarang,COD,65556
O17652,4,Kesehatan,Purworejo,Transfer Bank,322323
O17653,11,Makanan,Purworejo,E-Wallet,59499
O17654,14,Rumah Tangga,Magelang,COD,492998
O17655,4,Fashion,Magelang,E-Wallet,468789
O17656,19,Fashion,Yogyakarta,E-Wallet,475774
O17657,3,Fashion,Solo,Transfer Bank,458328
O17658,6,Elektronik,Purworejo,Transfer Bank,136636
O17659,5,Elektronik,Semarang,Transfer Bank,204516
O17660,12,Fashion,Purworejo,Transfer Bank,303201
O17661,18,Elektronik,Solo,E-Wallet,493574
O17662,11,Makanan,Yogyakarta,Transfer Bank,80659
O17663,5,Makanan,Yogyakarta,COD,57918
O17664,8,Rumah Tangga,Solo,COD,128270
O17665,18,Fashion,Semarang,Transfer Bank,389863
O17666,4,Fashion,Semarang,E-Wallet,140167
O17667,18,Rumah Tangga,Magelang,E-Wallet,158934
O17668,9,Rumah Tangga,Semarang,COD,269155
O17669,6,Kesehatan,Yogyakarta,COD,266877
O17670,13,Fashion,Magelang,E-Wallet,408866
O17671,16,Elektronik,Semarang,Transfer Bank,279667
O17672,19,Fashion,Solo,Transfer Bank,327319
O17673,12,Rumah Tangga,Yogyakarta,E-Wallet,447218
O17674,9,Rumah Tangga,Semarang,Kartu Kredit,142524
O17675,14,Elektronik,Purworejo,Transfer Bank,305349
O17676,11,Kesehatan,Semarang,Kartu Kredit,213001
O17677,17,Makanan,Magelang,Transfer Bank,228985
O17678,13,Kesehatan,Magelang,E-Wallet,76841
O17679,6,Elektronik,Solo,COD,96443
O17680,4,Rumah Tangga,Yogyakarta,Transfer Bank,468786
O17681,9,Kesehatan,Yogyakarta,Kartu Kredit,96669
O17682,12,Elektronik,Purworejo,Transfer Bank,341180
O17683,12,Fashion,Yogyakarta,E-Wallet,410023
O17684,3,Makanan,Semarang,Kartu Kredit,230571
O17685,3,Kesehatan,Solo,COD,174907
O17686,11,Elektronik,Semarang,Transfer Bank,489490
O17687,5,Elektronik,Semarang,E-Wallet,160715
O17688,20,Rumah Tangga,Solo,Transfer Bank,262481
O17689,8,Fashion,Semarang,Transfer Bank,339485
O17690,6,Elektronik,Yogyakarta,Kartu Kredit,219978
O17691,20,Elektronik,Semarang,Transfer Bank,241266
O17692,15,Elektronik,Purworejo,E-Wallet,62652
O17693,9,Kesehatan,Purworejo,Transfer Bank,478831
O17694,4,Kesehatan,Magelang,Kartu Kredit,480367
O17695,13,Kesehatan,Yogyakarta,COD,238415
O17696,1,Fashion,Yogyakarta,Transfer Bank,200411
O17697,15,Fashion,Purworejo,E-Wallet,243447
O17698,13,Fashion,Yogyakarta,Transfer Bank,384905
O17699,12,Rumah Tangga,Magelang,E-Wallet,75458
O17700,14,Fashion,Yogyakarta,E-Wallet,361188
O17701,12,Elektronik,Solo,Transfer Bank,294963
O17702,20,Elektronik,Magelang,COD,108808
O17703,6,Elektronik,Yogyakarta,Kartu Kredit,391050
O17704,11,Elektronik,Solo,COD,200037
O17705,19,Makanan,Solo,E-Wallet,110713
O17706,15,Makanan,Yogyakarta,E-Wallet,414394
O17707,14,Fashion,Semarang,COD,262559
O17708,8,Rumah Tangga,Semarang,E-Wallet,164624
O17709,6,Elektronik,Semarang,COD,441636
O17710,19,Kesehatan,Semarang,COD,107703
O17711,10,Fashion,Magelang,Kartu Kredit,386323
O17712,3,Makanan,Purworejo,Transfer Bank,396087
O17713,11,Kesehatan,Solo,E-Wallet,435947
O17714,5,Fashion,Semarang,COD,482700
O17715,13,Elektronik,Solo,Transfer Bank,398570
O17716,16,Rumah Tangga,Semarang,E-Wallet,296788
O17717,15,Rumah Tangga,Magelang,COD,179093
O17718,9,Kesehatan,Magelang,E-Wallet,281982
O17719,1,Rumah Tangga,Solo,E-Wallet,487161
O17720,17,Kesehatan,Semarang,Kartu Kredit,180793
O17721,6,Makanan,Yogyakarta,Transfer Bank,152612
O17722,2,Elektronik,Solo,Kartu Kredit,327449
O17723,20,Rumah Tangga,Purworejo,Transfer Bank,257113
O17724,18,Elektronik,Solo,Kartu Kredit,340235
O17725,13,Kesehatan,Yogyakarta,Kartu Kredit,220542
O17726,11,Elektronik,Solo,Kartu Kredit,171697
O17727,5,Fashion,Purworejo,Transfer Bank,426112
O17728,15,Kesehatan,Semarang,Kartu Kredit,464548
O17729,5,Rumah Tangga,Semarang,Kartu Kredit,319571
O17730,18,Fashion,Semarang,COD,76049
O17731,14,Rumah Tangga,Purworejo,Kartu Kredit,250302
O17732,8,Makanan,Purworejo,Kartu Kredit,388414
O17733,12,Makanan,Solo,COD,315197
O17734,8,Rumah Tangga,Yogyakarta,Kartu Kredit,371012
O17735,19,Kesehatan,Semarang,COD,229027
O17736,19,Rumah Tangga,Purworejo,COD,69865
O17737,20,Rumah Tangga,Solo,COD,363616
O17738,13,Kesehatan,Magelang,E-Wallet,124824
O17739,14,Makanan,Purworejo,COD,124221
O17740,15,Fashion,Yogyakarta,Kartu Kredit,207710
O17741,9,Makanan,Semarang,Kartu Kredit,432928
O17742,14,Rumah Tangga,Solo,Transfer Bank,323575
O17743,19,Rumah Tangga,Magelang,Kartu Kredit,97494
O17744,7,Fashion,Purworejo,Transfer Bank,107144
O17745,12,Makanan,Solo,E-Wallet,455975
O17746,10,Fashion,Solo,E-Wallet,112171
O17747,19,Rumah Tangga,Yogyakarta,Transfer Bank,414206
O17748,19,Elektronik,Magelang,E-Wallet,451284
O17749,9,Rumah Tangga,Yogyakarta,Kartu Kredit,200042
O17750,17,Makanan,Yogyakarta,Kartu Kredit,361421
O17751,4,Rumah Tangga,Yogyakarta,COD,85798
O17752,3,Makanan,Solo,Transfer Bank,107909
O17753,12,Makanan,Yogyakarta,COD,266838
O17754,18,Fashion,Semarang,E-Wallet,224484
O17755,20,Rumah Tangga,Magelang,Kartu Kredit,324380
O17756,9,Makanan,Yogyakarta,Kartu Kredit,108696
O17757,14,Kesehatan,Semarang,Transfer Bank,408908
O17758,20,Fashion,Semarang,Kartu Kredit,387726
O17759,17,Rumah Tangga,Yogyakarta,COD,490060
O17760,11,Elektronik,Solo,COD,482900
O17761,2,Elektronik,Purworejo,COD,414056
O17762,4,Elektronik,Semarang,E-Wallet,249809
O17763,18,Elektronik,Magelang,E-Wallet,370597
O17764,15,Makanan,Magelang,Transfer Bank,467115
O17765,7,Kesehatan,Purworejo,COD,86255
O17766,18,Elektronik,Yogyakarta,Kartu Kredit,269703
O17767,1,Kesehatan,Semarang,Kartu Kredit,418761
O17768,3,Elektronik,Yogyakarta,Transfer Bank,65573
O17769,10,Makanan,Semarang,Transfer Bank,70881
O17770,14,Elektronik,Purworejo,COD,325554
O17771,16,Elektronik,Purworejo,COD,254807
O17772,5,Fashion,Magelang,Transfer Bank,334801
O17773,17,Makanan,Yogyakarta,Kartu Kredit,344085
O17774,9,Fashion,Yogyakarta,COD,294466
O17775,18,Makanan,Semarang,Transfer Bank,476590
O17776,9,Fashion,Semarang,E-Wallet,452181
O17777,8,Makanan,Magelang,Kartu Kredit,53903
O17778,5,Fashion,Solo,Transfer Bank,341783
O17779,8,Fashion,Semarang,Kartu Kredit,318287
O17780,20,Elektronik,Semarang,Transfer Bank,307012
O17781,17,Elektronik,Semarang,E-Wallet,156008
O17782,9,Rumah Tangga,Yogyakarta,COD,283615
O17783,9,Elektronik,Yogyakarta,Transfer Bank,362260
O17784,16,Fashion,Yogyakarta,Transfer Bank,432183
O17785,1,Makanan,Semarang,E-Wallet,63630
O17786,1,Fashion,Solo,E-Wallet,211682
O17787,19,Kesehatan,Magelang,Transfer Bank,486962
O17788,1,Kesehatan,Solo,Transfer Bank,267945
O17789,5,Fashion,Purworejo,Transfer Bank,127645
O17790,3,Makanan,Yogyakarta,Transfer Bank,129274
O17791,5,Kesehatan,Purworejo,E-Wallet,120387
O17792,2,Rumah Tangga,Purworejo,COD,498416
O17793,10,Makanan,Semarang,Transfer Bank,80590
O17794,18,Rumah Tangga,Yogyakarta,E-Wallet,108335
O17795,20,Makanan,Magelang,E-Wallet,98588
O17796,11,Kesehatan,Semarang,Transfer Bank,163845
O17797,7,Elektronik,Yogyakarta,E-Wallet,263818
O17798,4,Elektronik,Solo,Kartu Kredit,148852
O17799,20,Fashion,Purworejo,COD,290500
O17800,19,Elektronik,Purworejo,Transfer Bank,219588
O17801,6,Kesehatan,Yogyakarta,Transfer Bank,365280
O17802,20,Elektronik,Semarang,E-Wallet,236855
O17803,15,Makanan,Yogyakarta,Transfer Bank,372927
O17804,1,Kesehatan,Purworejo,Transfer Bank,392225
O17805,17,Makanan,Purworejo,Kartu Kredit,163820
O17806,7,Fashion,Yogyakarta,E-Wallet,337901
O17807,2,Kesehatan,Solo,COD,162162
O17808,14,Rumah Tangga,Solo,Transfer Bank,297790
O17809,13,Fashion,Magelang,Transfer Bank,149146
O17810,8,Elektronik,Yogyakarta,Kartu Kredit,287890
O17811,6,Rumah Tangga,Yogyakarta,Transfer Bank,408957
O17812,7,Rumah Tangga,Solo,Kartu Kredit,377608
O17813,8,Fashion,Purworejo,Kartu Kredit,351836
O17814,19,Elektronik,Magelang,COD,415605
O17815,6,Elektronik,Yogyakarta,E-Wallet,339023
O17816,18,Fashion,Magelang,Transfer Bank,473767
O17817,3,Kesehatan,Solo,Kartu Kredit,410381
O17818,18,Rumah Tangga,Yogyakarta,Kartu Kredit,165503
O17819,15,Kesehatan,Purworejo,Transfer Bank,387602
O17820,17,Makanan,Magelang,Kartu Kredit,203248
O17821,5,Elektronik,Magelang,E-Wallet,324705
O17822,6,Rumah Tangga,Purworejo,E-Wallet,155914
O17823,4,Kesehatan,Semarang,Kartu Kredit,465584
O17824,20,Kesehatan,Semarang,E-Wallet,255102
O17825,20,Kesehatan,Yogyakarta,COD,113924
O17826,16,Rumah Tangga,Purworejo,E-Wallet,418304
O17827,19,Fashion,Solo,Transfer Bank,177929
O17828,19,Makanan,Semarang,Transfer Bank,188492
O17829,12,Elektronik,Magelang,Transfer Bank,209241
O17830,19,Kesehatan,Semarang,E-Wallet,225749
O17831,8,Rumah Tangga,Yogyakarta,Kartu Kredit,236021
O17832,19,Kesehatan,Yogyakarta,Transfer Bank,284927
O17833,20,Kesehatan,Magelang,Kartu Kredit,111638
O17834,19,Makanan,Magelang,COD,370802
O17835,15,Makanan,Magelang,Kartu Kredit,282118
O17836,19,Rumah Tangga,Yogyakarta,Kartu Kredit,285087
O17837,18,Makanan,Semarang,COD,239986
O17838,8,Fashion,Semarang,E-Wallet,61797
O17839,8,Rumah Tangga,Magelang,Kartu Kredit,276562
O17840,9,Rumah Tangga,Purworejo,E-Wallet,342270
O17841,18,Fashion,Magelang,Kartu Kredit,292590
O17842,10,Elektronik,Yogyakarta,COD,181140
O17843,8,Kesehatan,Semarang,COD,329843
O17844,13,Rumah Tangga,Magelang,COD,93181
O17845,17,Fashion,Purworejo,Transfer Bank,53042
O17846,16,Fashion,Solo,COD,494018
O17847,9,Makanan,Yogyakarta,COD,134968
O17848,6,Elektronik,Solo,COD,305614
O17849,18,Makanan,Purworejo,Transfer Bank,202555
O17850,15,Rumah Tangga,Purworejo,Kartu Kredit,251516
O17851,6,Makanan,Magelang,COD,415240
O17852,19,Fashion,Magelang,Transfer Bank,100885
O17853,7,Elektronik,Yogyakarta,Transfer Bank,167027
O17854,3,Rumah Tangga,Solo,Transfer Bank,444108
O17855,16,Makanan,Yogyakarta,Transfer Bank,221597
O17856,13,Elektronik,Solo,E-Wallet,147876
O17857,12,Rumah Tangga,Solo,Transfer Bank,255932
O17858,3,Kesehatan,Semarang,E-Wallet,223603
O17859,18,Elektronik,Magelang,E-Wallet,372956
O17860,13,Makanan,Purworejo,Kartu Kredit,160012
O17861,16,Makanan,Yogyakarta,E-Wallet,368889
O17862,11,Elektronik,Magelang,COD,419219
O17863,4,Makanan,Purworejo,E-Wallet,91498
O17864,3,Rumah Tangga,Purworejo,COD,76986
O17865,17,Makanan,Yogyakarta,COD,247306
O17866,10,Fashion,Solo,COD,392414
O17867,8,Fashion,Magelang,Kartu Kredit,80534
O17868,1,Makanan,Magelang,Transfer Bank,487207
O17869,14,Kesehatan,Yogyakarta,E-Wallet,376593
O17870,2,Fashion,Magelang,Transfer Bank,276712
O17871,19,Makanan,Yogyakarta,E-Wallet,370885
O17872,5,Fashion,Magelang,Kartu Kredit,452449
O17873,17,Fashion,Purworejo,Kartu Kredit,376191
O17874,1,Makanan,Purworejo,E-Wallet,154790
O17875,14,Elektronik,Magelang,COD,182558
O17876,17,Kesehatan,Semarang,Transfer Bank,256708
O17877,5,Makanan,Purworejo,Transfer Bank,123590
O17878,13,Rumah Tangga,Semarang,E-Wallet,453118
O17879,20,Makanan,Yogyakarta,COD,305123
O17880,3,Kesehatan,Purworejo,Kartu Kredit,79664
O17881,20,Fashion,Yogyakarta,Kartu Kredit,472478
O17882,12,Makanan,Semarang,Kartu Kredit,303740
O17883,16,Makanan,Yogyakarta,Kartu Kredit,280525
O17884,7,Elektronik,Yogyakarta,E-Wallet,228515
O17885,18,Makanan,Magelang,COD,439392
O17886,5,Fashion,Semarang,Transfer Bank,363814
O17887,13,Rumah Tangga,Solo,COD,411387
O17888,17,Elektronik,Magelang,COD,480589
O17889,2,Rumah Tangga,Solo,Kartu Kredit,150195
O17890,2,Makanan,Solo,Transfer Bank,85076
O17891,15,Kesehatan,Solo,Kartu Kredit,105468
O17892,18,Rumah Tangga,Solo,Transfer Bank,397633
O17893,12,Kesehatan,Semarang,Kartu Kredit,268651
O17894,8,Makanan,Magelang,E-Wallet,363882
O17895,7,Rumah Tangga,Yogyakarta,Kartu Kredit,90245
O17896,1,Kesehatan,Yogyakarta,E-Wallet,146057
O17897,20,Kesehatan,Semarang,Transfer Bank,294555
O17898,10,Makanan,Yogyakarta,Kartu Kredit,342151
O17899,13,Elektronik,Semarang,Kartu Kredit,289491
O17900,17,Kesehatan,Purworejo,Transfer Bank,227594
O17901,10,Rumah Tangga,Solo,COD,346501
O17902,12,Elektronik,Yogyakarta,Transfer Bank,400979
O17903,16,Makanan,Magelang,COD,321890
O17904,9,Fashion,Semarang,Transfer Bank,272106
O17905,17,Fashion,Yogyakarta,E-Wallet,453931
O17906,4,Elektronik,Semarang,Kartu Kredit,317337
O17907,2,Fashion,Purworejo,COD,133820
O17908,5,Fashion,Solo,Kartu Kredit,325284
O17909,13,Makanan,Solo,COD,373978
O17910,2,Rumah Tangga,Yogyakarta,Kartu Kredit,228746
O17911,3,Fashion,Purworejo,E-Wallet,99529
O17912,11,Makanan,Purworejo,COD,81665
O17913,5,Fashion,Solo,E-Wallet,466897
O17914,14,Kesehatan,Purworejo,COD,190556
O17915,8,Kesehatan,Yogyakarta,Transfer Bank,231712
O17916,18,Rumah Tangga,Yogyakarta,COD,274540
O17917,13,Makanan,Purworejo,E-Wallet,478743
O17918,5,Elektronik,Semarang,E-Wallet,243203
O17919,5,Fashion,Purworejo,Transfer Bank,230306
O17920,4,Rumah Tangga,Magelang,Transfer Bank,198978
O17921,9,Rumah Tangga,Purworejo,Transfer Bank,120137
O17922,20,Makanan,Yogyakarta,COD,290231
O17923,5,Elektronik,Yogyakarta,Kartu Kredit,97184
O17924,15,Fashion,Magelang,Transfer Bank,97161
O17925,12,Fashion,Semarang,Kartu Kredit,85282
O17926,7,Kesehatan,Magelang,COD,385090
O17927,2,Elektronik,Yogyakarta,Transfer Bank,473279
O17928,12,Rumah Tangga,Semarang,Kartu Kredit,145226
O17929,9,Kesehatan,Magelang,Transfer Bank,354625
O17930,1,Fashion,Magelang,Kartu Kredit,302502
O17931,8,Elektronik,Magelang,Kartu Kredit,200013
O17932,7,Kesehatan,Magelang,E-Wallet,124544
O17933,13,Makanan,Solo,Kartu Kredit,417685
O17934,6,Makanan,Purworejo,Transfer Bank,116257
O17935,10,Kesehatan,Purworejo,COD,137072
O17936,1,Fashion,Solo,COD,57468
O17937,2,Fashion,Solo,Kartu Kredit,462029
O17938,19,Kesehatan,Magelang,Transfer Bank,407798
O17939,12,Elektronik,Purworejo,COD,191120
O17940,17,Rumah Tangga,Solo,Kartu Kredit,76355
O17941,4,Kesehatan,Yogyakarta,Kartu Kredit,91737
O17942,9,Elektronik,Yogyakarta,E-Wallet,300122
O17943,14,Makanan,Semarang,E-Wallet,131259
O17944,18,Fashion,Semarang,COD,421537
O17945,14,Rumah Tangga,Solo,E-Wallet,366641
O17946,3,Makanan,Purworejo,E-Wallet,220620
O17947,10,Elektronik,Solo,E-Wallet,442330
O17948,12,Rumah Tangga,Yogyakarta,COD,238551
O17949,15,Rumah Tangga,Magelang,E-Wallet,304041
O17950,9,Elektronik,Magelang,COD,304372
O17951,12,Rumah Tangga,Magelang,Kartu Kredit,272717
O17952,2,Elektronik,Solo,Transfer Bank,55107
O17953,14,Makanan,Purworejo,Kartu Kredit,97023
O17954,11,Fashion,Yogyakarta,Transfer Bank,361030
O17955,15,Elektronik,Solo,COD,102041
O17956,16,Rumah Tangga,Semarang,COD,140545
O17957,11,Rumah Tangga,Purworejo,E-Wallet,420602
O17958,18,Elektronik,Semarang,COD,463331
O17959,3,Kesehatan,Yogyakarta,E-Wallet,421870
O17960,1,Kesehatan,Yogyakarta,E-Wallet,176885
O17961,8,Fashion,Solo,COD,53966
O17962,8,Kesehatan,Yogyakarta,Transfer Bank,51921
O17963,19,Elektronik,Solo,Kartu Kredit,160211
O17964,7,Fashion,Purworejo,Kartu Kredit,55803
O17965,15,Fashion,Purworejo,COD,145776
O17966,16,Kesehatan,Purworejo,Kartu Kredit,337596
O17967,20,Elektronik,Purworejo,COD,147587
O17968,15,Elektronik,Solo,Transfer Bank,268971
O17969,5,Makanan,Solo,Transfer Bank,114942
O17970,2,Elektronik,Semarang,Kartu Kredit,400199
O17971,13,Elektronik,Magelang,Transfer Bank,349458
O17972,17,Fashion,Solo,E-Wallet,283154
O17973,1,Fashion,Yogyakarta,E-Wallet,402910
O17974,7,Elektronik,Yogyakarta,Transfer Bank,428291
O17975,19,Fashion,Semarang,COD,494476
O17976,12,Rumah Tangga,Solo,COD,276880
O17977,11,Elektronik,Magelang,Transfer Bank,349423
O17978,13,Rumah Tangga,Yogyakarta,COD,349696
O17979,14,Kesehatan,Yogyakarta,E-Wallet,467420
O17980,7,Makanan,Yogyakarta,Kartu Kredit,416140
O17981,6,Rumah Tangga,Purworejo,Kartu Kredit,309453
O17982,18,Kesehatan,Magelang,Transfer Bank,323237
O17983,3,Elektronik,Yogyakarta,E-Wallet,195504
O17984,6,Rumah Tangga,Semarang,Kartu Kredit,474618
O17985,2,Fashion,Yogyakarta,E-Wallet,79840
O17986,7,Makanan,Yogyakarta,E-Wallet,454086
O17987,16,Rumah Tangga,Magelang,Transfer Bank,396963
O17988,20,Makanan,Solo,Kartu Kredit,296903
O17989,5,Kesehatan,Yogyakarta,Kartu Kredit,85818
O17990,17,Kesehatan,Yogyakarta,Transfer Bank,119971
O17991,16,Fashion,Purworejo,Kartu Kredit,83313
O17992,19,Rumah Tangga,Yogyakarta,E-Wallet,220107
O17993,10,Makanan,Magelang,COD,165904
O17994,12,Kesehatan,Magelang,Kartu Kredit,63559
O17995,12,Rumah Tangga,Yogyakarta,Transfer Bank,469653
O17996,4,Kesehatan,Purworejo,Kartu Kredit,358803
O17997,8,Rumah Tangga,Magelang,Transfer Bank,196400
O17998,7,Rumah Tangga,Purworejo,Transfer Bank,145627
O17999,7,Makanan,Magelang,COD,388586
O18000,9,Kesehatan,Yogyakarta,Kartu Kredit,453947
O18001,2,Kesehatan,Purworejo,E-Wallet,333987
O18002,19,Makanan,Solo,Transfer Bank,422380
O18003,17,Fashion,Purworejo,COD,398758
O18004,3,Elektronik,Yogyakarta,COD,371028
O18005,5,Kesehatan,Solo,Kartu Kredit,196631
O18006,11,Makanan,Semarang,Transfer Bank,117697
O18007,5,Makanan,Yogyakarta,E-Wallet,149729
O18008,18,Fashion,Magelang,Transfer Bank,92955
O18009,15,Fashion,Purworejo,E-Wallet,359907
O18010,16,Makanan,Solo,Kartu Kredit,399213
O18011,8,Rumah Tangga,Magelang,E-Wallet,426687
O18012,2,Fashion,Yogyakarta,E-Wallet,393119
O18013,20,Fashion,Semarang,Transfer Bank,301536
O18014,11,Kesehatan,Yogyakarta,Kartu Kredit,286609
O18015,2,Fashion,Purworejo,E-Wallet,330359
O18016,20,Rumah Tangga,Yogyakarta,COD,150963
O18017,7,Makanan,Purworejo,Transfer Bank,421066
O18018,7,Rumah Tangga,Purworejo,Kartu Kredit,139173
O18019,14,Kesehatan,Semarang,Transfer Bank,450218
O18020,16,Kesehatan,Magelang,Transfer Bank,287825
O18021,11,Elektronik,Purworejo,E-Wallet,348519
O18022,17,Rumah Tangga,Yogyakarta,E-Wallet,137160
O18023,15,Kesehatan,Solo,COD,115544
O18024,8,Kesehatan,Purworejo,COD,228727
O18025,2,Fashion,Solo,Kartu Kredit,390633
O18026,5,Elektronik,Purworejo,COD,239800
O18027,18,Makanan,Purworejo,Transfer Bank,210350
O18028,10,Elektronik,Magelang,E-Wallet,302761
O18029,18,Makanan,Purworejo,Kartu Kredit,137771
O18030,19,Kesehatan,Solo,E-Wallet,267169
O18031,11,Fashion,Solo,COD,229498
O18032,16,Rumah Tangga,Solo,COD,198218
O18033,11,Elektronik,Magelang,Kartu Kredit,299421
O18034,5,Kesehatan,Yogyakarta,Transfer Bank,197159
O18035,13,Makanan,Yogyakarta,Kartu Kredit,81924
O18036,12,Kesehatan,Magelang,E-Wallet,405586
O18037,11,Kesehatan,Solo,Transfer Bank,253664
O18038,6,Kesehatan,Magelang,Transfer Bank,433326
O18039,2,Rumah Tangga,Yogyakarta,Kartu Kredit,493506
O18040,20,Makanan,Purworejo,Transfer Bank,363947
O18041,9,Rumah Tangga,Magelang,E-Wallet,186314
O18042,5,Fashion,Purworejo,Kartu Kredit,92172
O18043,8,Rumah Tangga,Yogyakarta,E-Wallet,203449
O18044,12,Makanan,Yogyakarta,Transfer Bank,75638
O18045,9,Rumah Tangga,Purworejo,Transfer Bank,62654
O18046,19,Rumah Tangga,Magelang,COD,401585
O18047,20,Makanan,Yogyakarta,Transfer Bank,421568
O18048,2,Makanan,Purworejo,COD,325361
O18049,6,Rumah Tangga,Semarang,Transfer Bank,195142
O18050,7,Makanan,Purworejo,E-Wallet,178447
O18051,14,Fashion,Magelang,COD,446323
O18052,12,Rumah Tangga,Purworejo,Transfer Bank,393782
O18053,8,Kesehatan,Solo,Transfer Bank,319711
O18054,20,Rumah Tangga,Magelang,Transfer Bank,492343
O18055,7,Makanan,Solo,E-Wallet,284692
O18056,6,Elektronik,Magelang,Kartu Kredit,472426
O18057,20,Elektronik,Semarang,E-Wallet,54034
O18058,2,Fashion,Solo,Transfer Bank,52572
O18059,2,Elektronik,Solo,Transfer Bank,363061
O18060,5,Rumah Tangga,Solo,Kartu Kredit,226538
O18061,6,Kesehatan,Semarang,E-Wallet,128753
O18062,15,Fashion,Purworejo,Transfer Bank,223574
O18063,4,Makanan,Purworejo,COD,307590
O18064,18,Rumah Tangga,Solo,Transfer Bank,360879
O18065,1,Kesehatan,Semarang,E-Wallet,359456
O18066,13,Makanan,Magelang,COD,401787
O18067,3,Kesehatan,Magelang,E-Wallet,216996
O18068,18,Makanan,Magelang,Kartu Kredit,250413
O18069,13,Makanan,Magelang,E-Wallet,142842
O18070,20,Rumah Tangga,Solo,Kartu Kredit,365143
O18071,8,Rumah Tangga,Semarang,Transfer Bank,377958
O18072,18,Makanan,Solo,E-Wallet,387841
O18073,8,Kesehatan,Yogyakarta,Transfer Bank,473980
O18074,18,Rumah Tangga,Solo,E-Wallet,419049
O18075,18,Rumah Tangga,Purworejo,Transfer Bank,58117
O18076,9,Makanan,Solo,E-Wallet,96104
O18077,4,Makanan,Magelang,E-Wallet,126970
O18078,19,Elektronik,Magelang,Kartu Kredit,432334
O18079,11,Elektronik,Magelang,Transfer Bank,395250
O18080,20,Kesehatan,Semarang,COD,361522
O18081,1,Elektronik,Purworejo,COD,242811
O18082,1,Rumah Tangga,Yogyakarta,Kartu Kredit,71005
O18083,3,Elektronik,Purworejo,Transfer Bank,121549
O18084,14,Makanan,Magelang,Transfer Bank,338662
O18085,10,Fashion,Solo,E-Wallet,266390
O18086,4,Makanan,Purworejo,COD,251265
O18087,12,Fashion,Semarang,Transfer Bank,455262
O18088,2,Rumah Tangga,Purworejo,Kartu Kredit,123659
O18089,4,Kesehatan,Yogyakarta,E-Wallet,341581
O18090,5,Elektronik,Purworejo,Kartu Kredit,477346
O18091,9,Makanan,Solo,COD,121627
O18092,19,Fashion,Solo,COD,482491
O18093,15,Elektronik,Magelang,Transfer Bank,447439
O18094,10,Elektronik,Purworejo,E-Wallet,437226
O18095,11,Kesehatan,Solo,Kartu Kredit,359314
O18096,13,Kesehatan,Purworejo,Kartu Kredit,297581
O18097,4,Elektronik,Purworejo,COD,159587
O18098,20,Fashion,Semarang,COD,114670
O18099,17,Kesehatan,Solo,Kartu Kredit,198922
O18100,6,Fashion,Yogyakarta,E-Wallet,381162
O18101,6,Makanan,Solo,E-Wallet,262396
O18102,11,Rumah Tangga,Magelang,Transfer Bank,82190
O18103,14,Makanan,Semarang,COD,54694
O18104,7,Rumah Tangga,Purworejo,E-Wallet,314425
O18105,14,Kesehatan,Semarang,Transfer Bank,466429
O18106,10,Fashion,Solo,COD,257912
O18107,13,Rumah Tangga,Magelang,COD,373515
O18108,17,Kesehatan,Solo,Transfer Bank,335828
O18109,1,Kesehatan,Solo,E-Wallet,491747
O18110,7,Fashion,Semarang,E-Wallet,238503
O18111,5,Makanan,Purworejo,Kartu Kredit,498963
O18112,1,Makanan,Solo,COD,102233
O18113,6,Makanan,Semarang,Kartu Kredit,150807
O18114,6,Kesehatan,Purworejo,E-Wallet,131650
O18115,19,Makanan,Magelang,Kartu Kredit,212408
O18116,13,Rumah Tangga,Purworejo,Kartu Kredit,379799
O18117,4,Kesehatan,Solo,E-Wallet,328372
O18118,15,Elektronik,Semarang,E-Wallet,274488
O18119,4,Kesehatan,Magelang,Kartu Kredit,166371
O18120,2,Fashion,Magelang,E-Wallet,370184
O18121,17,Kesehatan,Semarang,Transfer Bank,144311
O18122,19,Fashion,Solo,E-Wallet,285171
O18123,10,Rumah Tangga,Semarang,Transfer Bank,129407
O18124,6,Makanan,Solo,Kartu Kredit,263966
O18125,2,Fashion,Purworejo,Kartu Kredit,315769
O18126,16,Elektronik,Semarang,Transfer Bank,225177
O18127,5,Elektronik,Solo,Kartu Kredit,253430
O18128,15,Rumah Tangga,Solo,Kartu Kredit,93604
O18129,12,Makanan,Yogyakarta,Transfer Bank,398321
O18130,20,Fashion,Magelang,Kartu Kredit,397071
O18131,15,Elektronik,Yogyakarta,Transfer Bank,391469
O18132,18,Fashion,Solo,Kartu Kredit,415759
O18133,1,Rumah Tangga,Yogyakarta,Transfer Bank,270067
O18134,8,Elektronik,Purworejo,E-Wallet,429325
O18135,7,Makanan,Semarang,E-Wallet,324000
O18136,7,Rumah Tangga,Solo,E-Wallet,271494
O18137,7,Makanan,Solo,E-Wallet,302474
O18138,14,Kesehatan,Magelang,E-Wallet,471536
O18139,4,Rumah Tangga,Solo,Transfer Bank,312315
O18140,19,Rumah Tangga,Semarang,Transfer Bank,132288
O18141,3,Kesehatan,Yogyakarta,COD,316484
O18142,7,Rumah Tangga,Magelang,E-Wallet,286552
O18143,19,Makanan,Purworejo,Kartu Kredit,78970
O18144,4,Elektronik,Semarang,Transfer Bank,283900
O18145,13,Kesehatan,Yogyakarta,Transfer Bank,195708
O18146,14,Makanan,Semarang,Transfer Bank,348447
O18147,12,Fashion,Purworejo,Kartu Kredit,485155
O18148,16,Rumah Tangga,Yogyakarta,Transfer Bank,302820
O18149,19,Kesehatan,Yogyakarta,Transfer Bank,444027
O18150,5,Kesehatan,Semarang,Transfer Bank,249457
O18151,16,Fashion,Yogyakarta,E-Wallet,306449
O18152,12,Makanan,Semarang,COD,391374
O18153,15,Fashion,Magelang,Transfer Bank,141286
O18154,15,Kesehatan,Purworejo,E-Wallet,357183
O18155,17,Rumah Tangga,Purworejo,COD,132771
O18156,15,Fashion,Purworejo,Transfer Bank,377333
O18157,15,Fashion,Yogyakarta,COD,365256
O18158,4,Elektronik,Magelang,COD,311320
O18159,3,Rumah Tangga,Semarang,E-Wallet,339983
O18160,14,Elektronik,Purworejo,Transfer Bank,85467
O18161,14,Fashion,Yogyakarta,Kartu Kredit,282066
O18162,18,Makanan,Magelang,Kartu Kredit,131975
O18163,19,Kesehatan,Solo,COD,88429
O18164,12,Makanan,Yogyakarta,Transfer Bank,116270
O18165,16,Elektronik,Purworejo,E-Wallet,417183
O18166,15,Rumah Tangga,Purworejo,E-Wallet,373978
O18167,1,Fashion,Solo,E-Wallet,92700
O18168,13,Elektronik,Semarang,E-Wallet,221114
O18169,14,Rumah Tangga,Purworejo,Transfer Bank,393251
O18170,13,Fashion,Yogyakarta,Kartu Kredit,327290
O18171,11,Kesehatan,Solo,Transfer Bank,50952
O18172,11,Elektronik,Yogyakarta,Transfer Bank,264033
O18173,16,Fashion,Yogyakarta,Transfer Bank,134461
O18174,8,Kesehatan,Semarang,Transfer Bank,302384
O18175,18,Makanan,Yogyakarta,COD,208139
O18176,15,Rumah Tangga,Purworejo,Kartu Kredit,337609
O18177,11,Makanan,Magelang,Kartu Kredit,135691
O18178,1,Fashion,Solo,Kartu Kredit,241141
O18179,18,Kesehatan,Purworejo,Transfer Bank,296894
O18180,4,Kesehatan,Solo,Transfer Bank,72574
O18181,8,Fashion,Magelang,Transfer Bank,174648
O18182,7,Makanan,Magelang,E-Wallet,439019
O18183,7,Kesehatan,Magelang,E-Wallet,111975
O18184,1,Kesehatan,Semarang,E-Wallet,102525
O18185,9,Kesehatan,Semarang,Kartu Kredit,76202
O18186,13,Fashion,Solo,Transfer Bank,451555
O18187,11,Elektronik,Purworejo,COD,292598
O18188,14,Makanan,Solo,Transfer Bank,88905
O18189,19,Makanan,Solo,Kartu Kredit,497555
O18190,11,Rumah Tangga,Yogyakarta,Kartu Kredit,247352
O18191,15,Rumah Tangga,Magelang,Kartu Kredit,295720
O18192,9,Makanan,Solo,Kartu Kredit,307564
O18193,7,Elektronik,Magelang,COD,195294
O18194,18,Kesehatan,Magelang,COD,402389
O18195,10,Fashion,Magelang,Kartu Kredit,200536
O18196,19,Elektronik,Semarang,COD,244787
O18197,4,Rumah Tangga,Solo,COD,143348
O18198,11,Fashion,Magelang,COD,359850
O18199,1,Makanan,Solo,E-Wallet,356816
O18200,2,Rumah Tangga,Magelang,Transfer Bank,383495
O18201,10,Makanan,Magelang,COD,326203
O18202,12,Kesehatan,Solo,COD,180080
O18203,1,Makanan,Purworejo,Kartu Kredit,62027
O18204,17,Rumah Tangga,Solo,Transfer Bank,493154
O18205,18,Makanan,Solo,Transfer Bank,385541
O18206,17,Makanan,Magelang,COD,173935
O18207,13,Elektronik,Magelang,Kartu Kredit,251054
O18208,19,Kesehatan,Semarang,Kartu Kredit,482421
O18209,6,Elektronik,Yogyakarta,Transfer Bank,336139
O18210,7,Kesehatan,Solo,Kartu Kredit,414680
O18211,3,Makanan,Purworejo,COD,142126
O18212,4,Elektronik,Purworejo,E-Wallet,113286
O18213,7,Kesehatan,Yogyakarta,Kartu Kredit,162015
O18214,2,Rumah Tangga,Yogyakarta,COD,62803
O18215,20,Kesehatan,Magelang,E-Wallet,408627
O18216,9,Fashion,Yogyakarta,Transfer Bank,90327
O18217,13,Elektronik,Yogyakarta,Kartu Kredit,339027
O18218,3,Rumah Tangga,Magelang,Transfer Bank,57524
O18219,16,Rumah Tangga,Solo,COD,123477
O18220,13,Elektronik,Purworejo,COD,234990
O18221,3,Elektronik,Yogyakarta,Transfer Bank,60894
O18222,16,Kesehatan,Purworejo,E-Wallet,384928
O18223,2,Kesehatan,Yogyakarta,Transfer Bank,218200
O18224,7,Rumah Tangga,Purworejo,Kartu Kredit,94241
O18225,18,Kesehatan,Yogyakarta,E-Wallet,204712
O18226,13,Elektronik,Yogyakarta,Kartu Kredit,132316
O18227,13,Rumah Tangga,Magelang,Kartu Kredit,235527
O18228,5,Fashion,Solo,COD,160224
O18229,11,Rumah Tangga,Semarang,Kartu Kredit,149963
O18230,10,Kesehatan,Magelang,Transfer Bank,471761
O18231,19,Kesehatan,Semarang,Transfer Bank,401793
O18232,15,Elektronik,Solo,COD,125067
O18233,10,Makanan,Magelang,COD,100523
O18234,18,Makanan,Purworejo,COD,315910
O18235,5,Elektronik,Yogyakarta,Transfer Bank,440237
O18236,19,Kesehatan,Solo,Transfer Bank,460973
O18237,3,Elektronik,Magelang,COD,59700
O18238,5,Fashion,Yogyakarta,E-Wallet,226912
O18239,11,Kesehatan,Semarang,Transfer Bank,159922
O18240,10,Kesehatan,Semarang,Kartu Kredit,275973
O18241,17,Makanan,Yogyakarta,COD,266371
O18242,18,Fashion,Purworejo,Transfer Bank,451937
O18243,19,Rumah Tangga,Yogyakarta,COD,264785
O18244,3,Elektronik,Solo,Kartu Kredit,281471
O18245,19,Rumah Tangga,Semarang,E-Wallet,231280
O18246,19,Elektronik,Solo,Transfer Bank,488029
O18247,12,Makanan,Purworejo,E-Wallet,428242
O18248,8,Kesehatan,Solo,COD,339835
O18249,9,Kesehatan,Semarang,E-Wallet,242383
O18250,11,Elektronik,Yogyakarta,COD,109051
O18251,11,Fashion,Magelang,COD,315341
O18252,4,Makanan,Purworejo,E-Wallet,178442
O18253,15,Kesehatan,Solo,E-Wallet,194801
O18254,15,Rumah Tangga,Magelang,E-Wallet,197163
O18255,7,Rumah Tangga,Yogyakarta,Kartu Kredit,157452
O18256,1,Kesehatan,Solo,COD,482583
O18257,5,Fashion,Purworejo,COD,197129
O18258,19,Elektronik,Purworejo,Transfer Bank,251161
O18259,19,Makanan,Semarang,Kartu Kredit,434017
O18260,20,Kesehatan,Semarang,COD,315522
O18261,5,Makanan,Solo,E-Wallet,483025
O18262,20,Fashion,Yogyakarta,Transfer Bank,164984
O18263,7,Makanan,Semarang,Transfer Bank,432390
O18264,5,Rumah Tangga,Solo,COD,86434
O18265,20,Rumah Tangga,Purworejo,E-Wallet,185377
O18266,10,Kesehatan,Yogyakarta,Transfer Bank,477608
O18267,16,Kesehatan,Magelang,Kartu Kredit,204418
O18268,12,Elektronik,Magelang,COD,199428
O18269,13,Makanan,Purworejo,E-Wallet,261126
O18270,15,Makanan,Semarang,Kartu Kredit,422819
O18271,7,Elektronik,Yogyakarta,Transfer Bank,416042
O18272,12,Makanan,Yogyakarta,Kartu Kredit,220940
O18273,18,Kesehatan,Semarang,COD,430253
O18274,13,Elektronik,Semarang,COD,220116
O18275,8,Kesehatan,Magelang,COD,111307
O18276,1,Elektronik,Solo,COD,361762
O18277,1,Elektronik,Yogyakarta,Transfer Bank,262842
O18278,12,Fashion,Purworejo,Transfer Bank,296720
O18279,2,Fashion,Solo,Transfer Bank,494642
O18280,7,Rumah Tangga,Semarang,COD,339894
O18281,18,Fashion,Purworejo,Transfer Bank,394698
O18282,14,Makanan,Solo,Transfer Bank,76536
O18283,5,Elektronik,Purworejo,E-Wallet,218122
O18284,20,Rumah Tangga,Purworejo,E-Wallet,194850
O18285,2,Rumah Tangga,Solo,Transfer Bank,80210
O18286,6,Elektronik,Yogyakarta,COD,50497
O18287,6,Kesehatan,Yogyakarta,Kartu Kredit,326236
O18288,2,Fashion,Solo,COD,97751
O18289,6,Makanan,Solo,Kartu Kredit,84183
O18290,17,Fashion,Purworejo,COD,69575
O18291,11,Rumah Tangga,Yogyakarta,Transfer Bank,124192
O18292,1,Rumah Tangga,Semarang,COD,281130
O18293,6,Rumah Tangga,Yogyakarta,Kartu Kredit,447949
O18294,10,Kesehatan,Yogyakarta,Transfer Bank,202822
O18295,18,Rumah Tangga,Solo,Transfer Bank,151268
O18296,17,Makanan,Solo,Transfer Bank,63957
O18297,6,Kesehatan,Yogyakarta,E-Wallet,265118
O18298,9,Fashion,Semarang,E-Wallet,403045
O18299,10,Makanan,Magelang,Transfer Bank,219545
O18300,3,Makanan,Purworejo,E-Wallet,372437
O18301,12,Kesehatan,Magelang,COD,494435
O18302,6,Fashion,Purworejo,Kartu Kredit,332388
O18303,4,Makanan,Solo,E-Wallet,430665
O18304,18,Kesehatan,Magelang,Transfer Bank,479239
O18305,7,Rumah Tangga,Purworejo,E-Wallet,63543
O18306,5,Kesehatan,Solo,Transfer Bank,239514
O18307,9,Fashion,Magelang,Kartu Kredit,159055
O18308,7,Kesehatan,Purworejo,Kartu Kredit,179156
O18309,16,Elektronik,Yogyakarta,Transfer Bank,88843
O18310,15,Fashion,Semarang,Transfer Bank,267298
O18311,6,Fashion,Purworejo,COD,168156
O18312,10,Rumah Tangga,Purworejo,Transfer Bank,453140
O18313,16,Rumah Tangga,Solo,COD,218499
O18314,18,Elektronik,Yogyakarta,Kartu Kredit,189413
O18315,1,Makanan,Purworejo,COD,236743
O18316,19,Makanan,Semarang,COD,173781
O18317,19,Elektronik,Magelang,Kartu Kredit,284423
O18318,20,Elektronik,Purworejo,E-Wallet,83352
O18319,8,Kesehatan,Yogyakarta,Transfer Bank,184968
O18320,15,Fashion,Magelang,Transfer Bank,312791
O18321,11,Makanan,Yogyakarta,Transfer Bank,86512
O18322,20,Fashion,Yogyakarta,E-Wallet,337870
O18323,5,Fashion,Yogyakarta,Transfer Bank,305310
O18324,17,Kesehatan,Yogyakarta,E-Wallet,430107
O18325,10,Kesehatan,Semarang,E-Wallet,173974
O18326,5,Makanan,Purworejo,COD,70290
O18327,13,Makanan,Yogyakarta,Transfer Bank,252312
O18328,12,Fashion,Yogyakarta,E-Wallet,249443
O18329,6,Makanan,Semarang,Kartu Kredit,287978
O18330,10,Elektronik,Solo,COD,250414
O18331,18,Kesehatan,Solo,COD,439747
O18332,11,Makanan,Semarang,E-Wallet,481521
O18333,14,Elektronik,Solo,COD,327754
O18334,14,Elektronik,Magelang,E-Wallet,183428
O18335,19,Rumah Tangga,Magelang,COD,486177
O18336,1,Fashion,Yogyakarta,E-Wallet,311958
O18337,11,Makanan,Semarang,Kartu Kredit,409617
O18338,11,Rumah Tangga,Purworejo,Transfer Bank,194875
O18339,18,Elektronik,Yogyakarta,E-Wallet,226109
O18340,15,Elektronik,Magelang,Kartu Kredit,61272
O18341,9,Kesehatan,Semarang,E-Wallet,118057
O18342,16,Kesehatan,Semarang,Transfer Bank,207220
O18343,7,Fashion,Yogyakarta,Transfer Bank,303147
O18344,13,Rumah Tangga,Solo,Kartu Kredit,378837
O18345,3,Fashion,Magelang,Kartu Kredit,170847
O18346,5,Fashion,Purworejo,COD,398231
O18347,9,Rumah Tangga,Semarang,Transfer Bank,478347
O18348,3,Fashion,Purworejo,Kartu Kredit,251298
O18349,20,Makanan,Semarang,COD,408312
O18350,2,Fashion,Purworejo,Transfer Bank,263527
O18351,17,Makanan,Yogyakarta,COD,378395
O18352,14,Elektronik,Semarang,Transfer Bank,291835
O18353,2,Makanan,Purworejo,E-Wallet,257252
O18354,17,Makanan,Semarang,COD,484230
O18355,4,Elektronik,Purworejo,COD,317261
O18356,1,Makanan,Magelang,E-Wallet,350498
O18357,11,Elektronik,Yogyakarta,Transfer Bank,482648
O18358,2,Rumah Tangga,Semarang,E-Wallet,196827
O18359,6,Fashion,Purworejo,Kartu Kredit,460516
O18360,14,Kesehatan,Solo,Kartu Kredit,221243
O18361,13,Elektronik,Solo,COD,448978
O18362,18,Fashion,Solo,E-Wallet,270123
O18363,18,Elektronik,Yogyakarta,Transfer Bank,464190
O18364,19,Rumah Tangga,Yogyakarta,Kartu Kredit,382418
O18365,11,Fashion,Semarang,E-Wallet,248242
O18366,17,Fashion,Solo,Transfer Bank,481730
O18367,13,Fashion,Magelang,Transfer Bank,113445
O18368,16,Rumah Tangga,Semarang,Transfer Bank,253604
O18369,8,Kesehatan,Yogyakarta,COD,186577
O18370,15,Rumah Tangga,Magelang,Kartu Kredit,194647
O18371,6,Rumah Tangga,Purworejo,COD,88912
O18372,17,Kesehatan,Yogyakarta,Kartu Kredit,358836
O18373,11,Fashion,Yogyakarta,COD,247688
O18374,2,Kesehatan,Purworejo,E-Wallet,311097
O18375,2,Kesehatan,Magelang,COD,454996
O18376,18,Fashion,Magelang,Kartu Kredit,265003
O18377,15,Fashion,Yogyakarta,COD,74654
O18378,18,Fashion,Yogyakarta,Transfer Bank,330924
O18379,5,Kesehatan,Magelang,Transfer Bank,419025
O18380,10,Kesehatan,Purworejo,Transfer Bank,182160
O18381,3,Fashion,Solo,E-Wallet,167377
O18382,3,Rumah Tangga,Solo,Transfer Bank,494471
O18383,9,Elektronik,Yogyakarta,COD,365637
O18384,19,Elektronik,Yogyakarta,Kartu Kredit,406586
O18385,14,Rumah Tangga,Solo,Transfer Bank,365204
O18386,5,Rumah Tangga,Purworejo,COD,333530
O18387,5,Fashion,Yogyakarta,COD,409359
O18388,11,Elektronik,Yogyakarta,Kartu Kredit,427538
O18389,19,Kesehatan,Purworejo,Kartu Kredit,210956
O18390,16,Elektronik,Semarang,Transfer Bank,60302
O18391,20,Rumah Tangga,Yogyakarta,E-Wallet,210102
O18392,9,Fashion,Purworejo,E-Wallet,235937
O18393,2,Kesehatan,Solo,Kartu Kredit,64059
O18394,15,Makanan,Purworejo,Transfer Bank,373425
O18395,1,Makanan,Magelang,E-Wallet,338720
O18396,5,Kesehatan,Magelang,E-Wallet,220795
O18397,5,Rumah Tangga,Semarang,COD,422553
O18398,14,Fashion,Yogyakarta,Transfer Bank,205943
O18399,8,Fashion,Magelang,E-Wallet,132510
O18400,2,Rumah Tangga,Solo,E-Wallet,407790
O18401,17,Kesehatan,Solo,Transfer Bank,211124
O18402,14,Kesehatan,Semarang,COD,107219
O18403,6,Makanan,Purworejo,E-Wallet,197397
O18404,20,Kesehatan,Yogyakarta,Transfer Bank,336673
O18405,19,Kesehatan,Purworejo,E-Wallet,395434
O18406,17,Makanan,Purworejo,Transfer Bank,417367
O18407,9,Rumah Tangga,Purworejo,E-Wallet,227330
O18408,6,Rumah Tangga,Purworejo,Transfer Bank,473136
O18409,13,Elektronik,Magelang,COD,139712
O18410,3,Rumah Tangga,Yogyakarta,Transfer Bank,73578
O18411,16,Kesehatan,Yogyakarta,Transfer Bank,261347
O18412,10,Makanan,Magelang,Transfer Bank,170938
O18413,17,Elektronik,Magelang,COD,207445
O18414,16,Rumah Tangga,Semarang,COD,238611
O18415,3,Rumah Tangga,Purworejo,COD,399716
O18416,14,Kesehatan,Yogyakarta,COD,379880
O18417,12,Elektronik,Semarang,E-Wallet,381900
O18418,11,Fashion,Magelang,Kartu Kredit,496995
O18419,17,Fashion,Solo,COD,309453
O18420,3,Kesehatan,Yogyakarta,Kartu Kredit,336219
O18421,2,Elektronik,Purworejo,Kartu Kredit,95069
O18422,8,Elektronik,Magelang,Kartu Kredit,366876
O18423,14,Rumah Tangga,Semarang,Transfer Bank,412224
O18424,4,Rumah Tangga,Purworejo,Transfer Bank,92889
O18425,6,Elektronik,Semarang,Transfer Bank,263373
O18426,15,Fashion,Magelang,COD,335640
O18427,19,Makanan,Purworejo,Transfer Bank,435470
O18428,12,Rumah Tangga,Solo,Kartu Kredit,471585
O18429,16,Kesehatan,Yogyakarta,Kartu Kredit,64107
O18430,16,Fashion,Solo,Transfer Bank,375958
O18431,11,Elektronik,Purworejo,E-Wallet,485262
O18432,8,Fashion,Purworejo,COD,334163
O18433,6,Makanan,Semarang,Transfer Bank,422511
O18434,5,Rumah Tangga,Magelang,Kartu Kredit,392321
O18435,2,Elektronik,Solo,COD,284187
O18436,17,Makanan,Semarang,E-Wallet,448359
O18437,13,Makanan,Semarang,Transfer Bank,451222
O18438,8,Elektronik,Magelang,E-Wallet,396475
O18439,9,Makanan,Yogyakarta,E-Wallet,181350
O18440,12,Elektronik,Yogyakarta,COD,262663
O18441,7,Fashion,Purworejo,Kartu Kredit,443252
O18442,19,Makanan,Purworejo,Transfer Bank,256126
O18443,8,Kesehatan,Magelang,COD,75557
O18444,16,Elektronik,Yogyakarta,Transfer Bank,209326
O18445,16,Kesehatan,Magelang,E-Wallet,76501
O18446,7,Rumah Tangga,Semarang,Transfer Bank,331090
O18447,6,Fashion,Purworejo,Kartu Kredit,402168
O18448,9,Rumah Tangga,Purworejo,Kartu Kredit,140350
O18449,7,Kesehatan,Yogyakarta,COD,168320
O18450,12,Elektronik,Purworejo,Transfer Bank,414201
O18451,10,Elektronik,Solo,COD,75254
O18452,10,Rumah Tangga,Purworejo,COD,385719
O18453,4,Makanan,Solo,Kartu Kredit,212386
O18454,8,Kesehatan,Solo,COD,193500
O18455,1,Fashion,Semarang,COD,90343
O18456,3,Elektronik,Purworejo,Kartu Kredit,282424
O18457,20,Fashion,Semarang,Transfer Bank,59185
O18458,9,Kesehatan,Yogyakarta,Kartu Kredit,328338
O18459,8,Makanan,Yogyakarta,E-Wallet,215393
O18460,10,Makanan,Solo,COD,318278
O18461,6,Kesehatan,Semarang,Transfer Bank,136434
O18462,16,Kesehatan,Purworejo,COD,175704
O18463,11,Kesehatan,Purworejo,COD,154606
O18464,14,Kesehatan,Semarang,E-Wallet,355220
O18465,9,Makanan,Purworejo,E-Wallet,228791
O18466,17,Elektronik,Yogyakarta,E-Wallet,175864
O18467,10,Kesehatan,Magelang,Kartu Kredit,76144
O18468,8,Kesehatan,Purworejo,Transfer Bank,316265
O18469,4,Rumah Tangga,Yogyakarta,Transfer Bank,72059
O18470,6,Kesehatan,Magelang,COD,418512
O18471,4,Makanan,Magelang,Transfer Bank,492755
O18472,20,Makanan,Semarang,Transfer Bank,318275
O18473,14,Fashion,Purworejo,E-Wallet,422855
O18474,18,Makanan,Solo,Transfer Bank,312309
O18475,18,Kesehatan,Magelang,COD,149579
O18476,6,Fashion,Solo,Transfer Bank,113754
O18477,20,Rumah Tangga,Purworejo,Transfer Bank,219051
O18478,16,Fashion,Magelang,Transfer Bank,305127
O18479,9,Rumah Tangga,Yogyakarta,Transfer Bank,227436
O18480,12,Fashion,Yogyakarta,Kartu Kredit,277826
O18481,20,Fashion,Yogyakarta,COD,306932
O18482,15,Fashion,Purworejo,Kartu Kredit,124913
O18483,1,Makanan,Purworejo,E-Wallet,127852
O18484,18,Fashion,Yogyakarta,Transfer Bank,211154
O18485,4,Fashion,Yogyakarta,Kartu Kredit,437152
O18486,3,Makanan,Yogyakarta,COD,491901
O18487,10,Makanan,Solo,COD,163835
O18488,18,Fashion,Purworejo,Transfer Bank,308633
O18489,12,Kesehatan,Magelang,E-Wallet,75909
O18490,1,Makanan,Solo,COD,395718
O18491,17,Makanan,Yogyakarta,E-Wallet,494068
O18492,14,Rumah Tangga,Purworejo,Transfer Bank,154333
O18493,20,Makanan,Purworejo,COD,113581
O18494,8,Rumah Tangga,Semarang,Transfer Bank,280162
O18495,19,Kesehatan,Semarang,Transfer Bank,269459
O18496,19,Kesehatan,Magelang,Kartu Kredit,144725
O18497,11,Elektronik,Yogyakarta,Kartu Kredit,434337
O18498,20,Makanan,Yogyakarta,Transfer Bank,227159
O18499,2,Fashion,Solo,Transfer Bank,98503
O18500,9,Rumah Tangga,Purworejo,Transfer Bank,391231
O18501,13,Kesehatan,Magelang,COD,392057
O18502,18,Kesehatan,Magelang,Kartu Kredit,467180
O18503,6,Fashion,Purworejo,Transfer Bank,152235
O18504,18,Elektronik,Semarang,E-Wallet,265309
O18505,7,Makanan,Solo,Kartu Kredit,154785
O18506,17,Fashion,Yogyakarta,Kartu Kredit,82883
O18507,9,Rumah Tangga,Magelang,E-Wallet,243291
O18508,12,Fashion,Magelang,Transfer Bank,307939
O18509,4,Rumah Tangga,Semarang,Transfer Bank,131608
O18510,2,Kesehatan,Magelang,Kartu Kredit,172466
O18511,12,Rumah Tangga,Magelang,Transfer Bank,356682
O18512,14,Fashion,Yogyakarta,Kartu Kredit,378846
O18513,6,Elektronik,Purworejo,E-Wallet,153054
O18514,9,Rumah Tangga,Semarang,Transfer Bank,316551
O18515,15,Rumah Tangga,Magelang,COD,415619
O18516,10,Kesehatan,Magelang,E-Wallet,369542
O18517,20,Fashion,Yogyakarta,Transfer Bank,278537
O18518,3,Rumah Tangga,Solo,Transfer Bank,301726
O18519,19,Makanan,Purworejo,Kartu Kredit,353480
O18520,18,Kesehatan,Solo,Kartu Kredit,185972
O18521,2,Rumah Tangga,Semarang,COD,87928
O18522,7,Fashion,Solo,Transfer Bank,372896
O18523,11,Elektronik,Yogyakarta,COD,302641
O18524,11,Fashion,Magelang,E-Wallet,258382
O18525,13,Rumah Tangga,Purworejo,COD,356295
O18526,8,Kesehatan,Yogyakarta,E-Wallet,416265
O18527,14,Rumah Tangga,Semarang,Kartu Kredit,320447
O18528,1,Makanan,Purworejo,Transfer Bank,401822
O18529,6,Elektronik,Yogyakarta,E-Wallet,391271
O18530,10,Makanan,Solo,E-Wallet,106693
O18531,14,Kesehatan,Semarang,Kartu Kredit,315358
O18532,2,Makanan,Yogyakarta,Kartu Kredit,274423
O18533,11,Elektronik,Purworejo,COD,489076
O18534,17,Makanan,Yogyakarta,COD,339426
O18535,14,Fashion,Semarang,Kartu Kredit,104014
O18536,16,Elektronik,Semarang,Transfer Bank,306770
O18537,7,Makanan,Magelang,COD,365505
O18538,2,Fashion,Magelang,Transfer Bank,396097
O18539,2,Kesehatan,Magelang,Kartu Kredit,264814
O18540,5,Makanan,Semarang,Kartu Kredit,90152
O18541,10,Makanan,Purworejo,E-Wallet,390045
O18542,6,Makanan,Purworejo,Kartu Kredit,480246
O18543,20,Rumah Tangga,Purworejo,Transfer Bank,286554
O18544,16,Kesehatan,Purworejo,Kartu Kredit,369556
O18545,14,Kesehatan,Semarang,Transfer Bank,105537
O18546,15,Makanan,Solo,Transfer Bank,244042
O18547,15,Kesehatan,Solo,Transfer Bank,337754
O18548,5,Makanan,Semarang,Transfer Bank,370502
O18549,7,Elektronik,Solo,E-Wallet,312489
O18550,7,Fashion,Solo,COD,201227
O18551,10,Makanan,Purworejo,Kartu Kredit,348178
O18552,19,Makanan,Semarang,Transfer Bank,254118
O18553,5,Kesehatan,Semarang,COD,428032
O18554,19,Rumah Tangga,Yogyakarta,Transfer Bank,176386
O18555,6,Rumah Tangga,Purworejo,Kartu Kredit,87539
O18556,7,Makanan,Solo,COD,492090
O18557,9,Elektronik,Yogyakarta,Kartu Kredit,236026
O18558,4,Kesehatan,Yogyakarta,Transfer Bank,173275
O18559,13,Kesehatan,Magelang,Transfer Bank,325264
O18560,11,Fashion,Semarang,COD,433717
O18561,17,Makanan,Yogyakarta,Kartu Kredit,108307
O18562,6,Rumah Tangga,Solo,E-Wallet,59045
O18563,8,Rumah Tangga,Solo,E-Wallet,110786
O18564,14,Makanan,Purworejo,E-Wallet,248599
O18565,8,Makanan,Magelang,Kartu Kredit,275746
O18566,7,Elektronik,Magelang,COD,478639
O18567,17,Rumah Tangga,Magelang,Transfer Bank,272563
O18568,19,Fashion,Solo,E-Wallet,397184
O18569,13,Kesehatan,Solo,Kartu Kredit,377911
O18570,6,Makanan,Purworejo,Transfer Bank,373458
O18571,19,Kesehatan,Semarang,E-Wallet,339157
O18572,16,Rumah Tangga,Solo,COD,431918
O18573,8,Fashion,Semarang,COD,216581
O18574,10,Rumah Tangga,Purworejo,Transfer Bank,171924
O18575,18,Rumah Tangga,Semarang,COD,185225
O18576,11,Rumah Tangga,Magelang,COD,297204
O18577,3,Fashion,Yogyakarta,Transfer Bank,261031
O18578,7,Rumah Tangga,Purworejo,COD,304700
O18579,17,Elektronik,Solo,COD,206509
O18580,18,Makanan,Solo,E-Wallet,267995
O18581,17,Elektronik,Semarang,COD,254915
O18582,14,Fashion,Solo,COD,422538
O18583,7,Kesehatan,Purworejo,COD,428162
O18584,9,Makanan,Yogyakarta,Transfer Bank,363120
O18585,1,Kesehatan,Yogyakarta,COD,212504
O18586,16,Fashion,Purworejo,COD,84544
O18587,16,Makanan,Semarang,Transfer Bank,496044
O18588,6,Makanan,Magelang,COD,368409
O18589,14,Makanan,Solo,Transfer Bank,136018
O18590,20,Makanan,Magelang,Transfer Bank,493774
O18591,10,Rumah Tangga,Yogyakarta,COD,332725
O18592,16,Rumah Tangga,Solo,Kartu Kredit,344031
O18593,5,Rumah Tangga,Yogyakarta,E-Wallet,142062
O18594,8,Fashion,Semarang,Kartu Kredit,291477
O18595,5,Rumah Tangga,Magelang,COD,376559
O18596,14,Makanan,Magelang,Kartu Kredit,255420
O18597,8,Rumah Tangga,Yogyakarta,COD,83600
O18598,18,Makanan,Yogyakarta,E-Wallet,67925
O18599,1,Kesehatan,Magelang,Kartu Kredit,367327
O18600,10,Kesehatan,Yogyakarta,COD,375221
O18601,13,Fashion,Purworejo,E-Wallet,226020
O18602,5,Elektronik,Yogyakarta,COD,409972
O18603,2,Elektronik,Magelang,Kartu Kredit,368069
O18604,20,Rumah Tangga,Yogyakarta,Kartu Kredit,221966
O18605,13,Rumah Tangga,Yogyakarta,COD,84665
O18606,5,Rumah Tangga,Semarang,COD,379283
O18607,7,Elektronik,Solo,Kartu Kredit,396945
O18608,11,Rumah Tangga,Semarang,E-Wallet,405985
O18609,5,Elektronik,Purworejo,Transfer Bank,188926
O18610,3,Fashion,Solo,Transfer Bank,74488
O18611,16,Fashion,Solo,E-Wallet,178070
O18612,6,Rumah Tangga,Yogyakarta,Transfer Bank,373520
O18613,2,Kesehatan,Purworejo,Kartu Kredit,116319
O18614,19,Rumah Tangga,Solo,Kartu Kredit,123724
O18615,14,Fashion,Purworejo,E-Wallet,254466
O18616,17,Fashion,Purworejo,Kartu Kredit,293540
O18617,9,Rumah Tangga,Yogyakarta,COD,109068
O18618,14,Elektronik,Purworejo,E-Wallet,125649
O18619,8,Makanan,Magelang,E-Wallet,52507
O18620,18,Fashion,Purworejo,Transfer Bank,127404
O18621,14,Kesehatan,Magelang,E-Wallet,465323
O18622,16,Rumah Tangga,Yogyakarta,COD,96077
O18623,8,Makanan,Yogyakarta,Kartu Kredit,471357
O18624,1,Fashion,Solo,Kartu Kredit,241582
O18625,20,Elektronik,Yogyakarta,E-Wallet,497069
O18626,2,Elektronik,Purworejo,Kartu Kredit,447334
O18627,18,Makanan,Magelang,Kartu Kredit,368494
O18628,2,Fashion,Yogyakarta,Kartu Kredit,244115
O18629,18,Rumah Tangga,Yogyakarta,E-Wallet,381933
O18630,10,Makanan,Semarang,E-Wallet,171136
O18631,20,Kesehatan,Yogyakarta,Transfer Bank,300903
O18632,1,Makanan,Solo,COD,81241
O18633,17,Elektronik,Magelang,E-Wallet,202819
O18634,14,Elektronik,Yogyakarta,Kartu Kredit,463133
O18635,14,Makanan,Yogyakarta,E-Wallet,56868
O18636,8,Makanan,Semarang,Kartu Kredit,480874
O18637,13,Rumah Tangga,Semarang,Transfer Bank,157686
O18638,3,Makanan,Purworejo,COD,403759
O18639,20,Elektronik,Solo,Transfer Bank,484338
O18640,19,Rumah Tangga,Purworejo,COD,51121
O18641,1,Elektronik,Magelang,Transfer Bank,366806
O18642,14,Makanan,Magelang,COD,172317
O18643,3,Rumah Tangga,Solo,E-Wallet,402605
O18644,11,Kesehatan,Purworejo,Transfer Bank,302877
O18645,5,Rumah Tangga,Solo,Transfer Bank,213496
O18646,13,Makanan,Purworejo,E-Wallet,454696
O18647,8,Makanan,Purworejo,Kartu Kredit,497513
O18648,13,Elektronik,Purworejo,Kartu Kredit,79488
O18649,6,Elektronik,Semarang,Transfer Bank,477834
O18650,11,Rumah Tangga,Semarang,Transfer Bank,193198
O18651,16,Elektronik,Magelang,COD,308717
O18652,4,Makanan,Purworejo,Transfer Bank,471520
O18653,14,Rumah Tangga,Purworejo,E-Wallet,348469
O18654,3,Rumah Tangga,Semarang,Kartu Kredit,60254
O18655,8,Kesehatan,Magelang,Transfer Bank,398863
O18656,2,Kesehatan,Purworejo,COD,468527
O18657,9,Makanan,Semarang,COD,167113
O18658,14,Makanan,Magelang,Transfer Bank,293010
O18659,8,Rumah Tangga,Semarang,E-Wallet,408061
O18660,16,Elektronik,Yogyakarta,COD,401890
O18661,3,Elektronik,Purworejo,Transfer Bank,84058
O18662,16,Kesehatan,Semarang,Kartu Kredit,375310
O18663,19,Makanan,Yogyakarta,Transfer Bank,87576
O18664,16,Fashion,Semarang,COD,100052
O18665,5,Elektronik,Magelang,Kartu Kredit,165179
O18666,18,Fashion,Solo,COD,246971
O18667,9,Rumah Tangga,Yogyakarta,COD,154273
O18668,10,Fashion,Semarang,E-Wallet,435815
O18669,20,Kesehatan,Purworejo,Transfer Bank,51011
O18670,14,Elektronik,Semarang,E-Wallet,436291
O18671,12,Makanan,Yogyakarta,Kartu Kredit,388941
O18672,7,Makanan,Purworejo,Transfer Bank,248772
O18673,20,Rumah Tangga,Semarang,Transfer Bank,378832
O18674,5,Fashion,Semarang,E-Wallet,130921
O18675,3,Fashion,Purworejo,Kartu Kredit,294178
O18676,6,Elektronik,Semarang,Kartu Kredit,92719
O18677,18,Elektronik,Solo,Kartu Kredit,144173
O18678,16,Kesehatan,Solo,Kartu Kredit,63083
O18679,16,Elektronik,Yogyakarta,COD,251380
O18680,17,Fashion,Solo,E-Wallet,193554
O18681,19,Elektronik,Purworejo,Transfer Bank,492657
O18682,11,Fashion,Purworejo,COD,172559
O18683,17,Rumah Tangga,Yogyakarta,COD,85392
O18684,20,Fashion,Magelang,Transfer Bank,243349
O18685,8,Elektronik,Purworejo,E-Wallet,283689
O18686,12,Fashion,Magelang,Kartu Kredit,333634
O18687,20,Rumah Tangga,Semarang,COD,200303
O18688,13,Kesehatan,Yogyakarta,Transfer Bank,424116
O18689,14,Makanan,Yogyakarta,Transfer Bank,194247
O18690,17,Rumah Tangga,Yogyakarta,Kartu Kredit,421693
O18691,1,Rumah Tangga,Solo,Kartu Kredit,302128
O18692,12,Kesehatan,Magelang,Kartu Kredit,158094
O18693,10,Rumah Tangga,Solo,COD,271120
O18694,10,Makanan,Yogyakarta,Transfer Bank,124062
O18695,17,Kesehatan,Solo,COD,225819
O18696,11,Fashion,Solo,COD,174853
O18697,3,Elektronik,Solo,E-Wallet,255834
O18698,16,Fashion,Yogyakarta,Kartu Kredit,51730
O18699,4,Rumah Tangga,Solo,E-Wallet,138056
O18700,1,Makanan,Magelang,COD,263930
O18701,5,Fashion,Semarang,COD,309157
O18702,10,Makanan,Yogyakarta,Kartu Kredit,444550
O18703,9,Elektronik,Magelang,Kartu Kredit,351376
O18704,9,Rumah Tangga,Magelang,E-Wallet,216995
O18705,13,Makanan,Magelang,Transfer Bank,245054
O18706,17,Kesehatan,Solo,COD,408675
O18707,1,Elektronik,Solo,E-Wallet,394085
O18708,16,Makanan,Magelang,Transfer Bank,333135
O18709,18,Rumah Tangga,Magelang,COD,105893
O18710,11,Kesehatan,Solo,COD,336455
O18711,4,Kesehatan,Semarang,Transfer Bank,358227
O18712,16,Fashion,Purworejo,E-Wallet,345734
O18713,19,Makanan,Solo,E-Wallet,304709
O18714,15,Makanan,Semarang,Kartu Kredit,161900
O18715,13,Makanan,Yogyakarta,E-Wallet,121163
O18716,15,Elektronik,Purworejo,COD,228292
O18717,5,Elektronik,Yogyakarta,COD,321899
O18718,15,Makanan,Magelang,Transfer Bank,335872
O18719,20,Kesehatan,Purworejo,E-Wallet,378710
O18720,3,Elektronik,Yogyakarta,COD,375456
O18721,2,Fashion,Magelang,E-Wallet,367774
O18722,13,Makanan,Yogyakarta,COD,91452
O18723,4,Makanan,Semarang,E-Wallet,198658
O18724,18,Elektronik,Solo,Kartu Kredit,459087
O18725,9,Makanan,Purworejo,Kartu Kredit,281280
O18726,5,Rumah Tangga,Purworejo,Kartu Kredit,111125
O18727,13,Makanan,Solo,Transfer Bank,350910
O18728,5,Makanan,Purworejo,COD,143097
O18729,12,Makanan,Magelang,COD,473578
O18730,19,Makanan,Yogyakarta,COD,289414
O18731,8,Makanan,Solo,Transfer Bank,312025
O18732,10,Kesehatan,Solo,COD,268279
O18733,1,Rumah Tangga,Purworejo,COD,70930
O18734,6,Kesehatan,Purworejo,E-Wallet,335113
O18735,14,Fashion,Purworejo,E-Wallet,400392
O18736,19,Rumah Tangga,Semarang,Transfer Bank,82497
O18737,9,Kesehatan,Semarang,Transfer Bank,261969
O18738,12,Fashion,Yogyakarta,COD,371898
O18739,3,Kesehatan,Yogyakarta,Kartu Kredit,414045
O18740,9,Fashion,Semarang,Kartu Kredit,90981
O18741,4,Fashion,Magelang,COD,452819
O18742,16,Kesehatan,Yogyakarta,COD,271603
O18743,13,Kesehatan,Purworejo,E-Wallet,58894
O18744,10,Makanan,Semarang,COD,321830
O18745,14,Kesehatan,Purworejo,E-Wallet,122003
O18746,12,Makanan,Yogyakarta,E-Wallet,352468
O18747,14,Kesehatan,Purworejo,Kartu Kredit,52240
O18748,16,Kesehatan,Purworejo,E-Wallet,90434
O18749,17,Makanan,Solo,COD,330266
O18750,18,Makanan,Semarang,E-Wallet,143456
O18751,12,Rumah Tangga,Purworejo,COD,379777
O18752,4,Fashion,Solo,Transfer Bank,388571
O18753,17,Rumah Tangga,Semarang,E-Wallet,152552
O18754,2,Fashion,Solo,Kartu Kredit,80563
O18755,4,Elektronik,Yogyakarta,E-Wallet,383791
O18756,8,Elektronik,Yogyakarta,E-Wallet,486393
O18757,20,Fashion,Semarang,E-Wallet,450780
O18758,17,Fashion,Purworejo,Kartu Kredit,127815
O18759,11,Elektronik,Purworejo,COD,290819
O18760,6,Elektronik,Magelang,Transfer Bank,284509
O18761,7,Elektronik,Solo,COD,287072
O18762,6,Rumah Tangga,Purworejo,COD,270384
O18763,5,Fashion,Magelang,Kartu Kredit,390019
O18764,19,Makanan,Semarang,Transfer Bank,400438
O18765,1,Fashion,Purworejo,E-Wallet,169631
O18766,6,Makanan,Semarang,Kartu Kredit,381877
O18767,7,Rumah Tangga,Purworejo,COD,67348
O18768,14,Makanan,Magelang,Transfer Bank,273191
O18769,20,Elektronik,Semarang,COD,343803
O18770,7,Kesehatan,Solo,COD,367887
O18771,15,Elektronik,Purworejo,Transfer Bank,172572
O18772,2,Fashion,Yogyakarta,COD,494181
O18773,13,Rumah Tangga,Purworejo,Transfer Bank,336817
O18774,18,Fashion,Purworejo,E-Wallet,231268
O18775,9,Kesehatan,Solo,Kartu Kredit,270971
O18776,8,Elektronik,Semarang,Transfer Bank,392065
O18777,17,Rumah Tangga,Magelang,COD,425879
O18778,4,Elektronik,Yogyakarta,COD,187881
O18779,3,Rumah Tangga,Yogyakarta,COD,186171
O18780,16,Kesehatan,Solo,Kartu Kredit,239496
O18781,1,Elektronik,Solo,Kartu Kredit,138810
O18782,5,Rumah Tangga,Yogyakarta,COD,267143
O18783,2,Fashion,Semarang,COD,373876
O18784,19,Rumah Tangga,Solo,COD,216674
O18785,20,Makanan,Solo,Transfer Bank,351544
O18786,7,Rumah Tangga,Magelang,E-Wallet,165060
O18787,1,Rumah Tangga,Yogyakarta,E-Wallet,256827
O18788,14,Rumah Tangga,Purworejo,Kartu Kredit,436912
O18789,13,Elektronik,Purworejo,Transfer Bank,77321
O18790,15,Fashion,Yogyakarta,Transfer Bank,399920
O18791,8,Fashion,Purworejo,E-Wallet,410953
O18792,6,Fashion,Magelang,Transfer Bank,220445
O18793,13,Elektronik,Magelang,COD,482375
O18794,15,Fashion,Purworejo,COD,226440
O18795,7,Elektronik,Purworejo,Transfer Bank,248850
O18796,9,Fashion,Yogyakarta,COD,261255
O18797,10,Fashion,Solo,Kartu Kredit,79137
O18798,9,Kesehatan,Solo,Kartu Kredit,131229
O18799,9,Fashion,Magelang,COD,76089
O18800,12,Fashion,Magelang,Kartu Kredit,267062
O18801,5,Rumah Tangga,Magelang,E-Wallet,190079
O18802,11,Rumah Tangga,Yogyakarta,Kartu Kredit,370417
O18803,17,Rumah Tangga,Solo,E-Wallet,108910
O18804,20,Kesehatan,Yogyakarta,E-Wallet,155221
O18805,17,Fashion,Yogyakarta,E-Wallet,482724
O18806,14,Elektronik,Magelang,COD,332836
O18807,7,Makanan,Yogyakarta,COD,187257
O18808,17,Kesehatan,Solo,COD,172689
O18809,7,Elektronik,Magelang,E-Wallet,88858
O18810,3,Fashion,Purworejo,Transfer Bank,312854
O18811,1,Elektronik,Purworejo,Transfer Bank,262267
O18812,10,Fashion,Yogyakarta,Kartu Kredit,469298
O18813,14,Fashion,Solo,Kartu Kredit,383876
O18814,16,Elektronik,Solo,Kartu Kredit,261493
O18815,11,Rumah Tangga,Purworejo,Transfer Bank,453007
O18816,2,Kesehatan,Yogyakarta,E-Wallet,438206
O18817,20,Kesehatan,Semarang,COD,93919
O18818,20,Fashion,Purworejo,Kartu Kredit,331850
O18819,15,Makanan,Magelang,Kartu Kredit,292721
O18820,14,Fashion,Yogyakarta,Transfer Bank,326389
O18821,4,Fashion,Magelang,Transfer Bank,112381
O18822,5,Fashion,Purworejo,Kartu Kredit,59977
O18823,7,Elektronik,Purworejo,Transfer Bank,54861
O18824,12,Makanan,Yogyakarta,Transfer Bank,232028
O18825,18,Rumah Tangga,Purworejo,Transfer Bank,358088
O18826,14,Rumah Tangga,Semarang,Transfer Bank,144302
O18827,15,Elektronik,Semarang,E-Wallet,309694
O18828,6,Makanan,Solo,COD,462965
O18829,20,Makanan,Magelang,Kartu Kredit,133095
O18830,5,Rumah Tangga,Semarang,E-Wallet,61992
O18831,16,Rumah Tangga,Yogyakarta,Transfer Bank,183008
O18832,19,Rumah Tangga,Solo,Kartu Kredit,127552
O18833,15,Kesehatan,Purworejo,COD,160829
O18834,14,Elektronik,Purworejo,COD,97281
O18835,10,Elektronik,Yogyakarta,Kartu Kredit,111251
O18836,8,Makanan,Solo,Kartu Kredit,403454
O18837,6,Rumah Tangga,Magelang,Kartu Kredit,288712
O18838,13,Rumah Tangga,Magelang,E-Wallet,208234
O18839,9,Rumah Tangga,Purworejo,Transfer Bank,282865
O18840,8,Fashion,Yogyakarta,Transfer Bank,388513
O18841,20,Makanan,Yogyakarta,COD,260784
O18842,14,Kesehatan,Semarang,Transfer Bank,72013
O18843,8,Elektronik,Magelang,COD,155867
O18844,13,Makanan,Purworejo,Kartu Kredit,179651
O18845,1,Elektronik,Magelang,Kartu Kredit,311496
O18846,11,Fashion,Semarang,COD,303814
O18847,5,Elektronik,Yogyakarta,Kartu Kredit,321006
O18848,11,Fashion,Purworejo,Transfer Bank,229858
O18849,2,Rumah Tangga,Magelang,Transfer Bank,203943
O18850,5,Kesehatan,Yogyakarta,COD,102260
O18851,8,Fashion,Magelang,COD,86465
O18852,11,Fashion,Solo,Transfer Bank,77469
O18853,5,Rumah Tangga,Magelang,Transfer Bank,152480
O18854,2,Makanan,Magelang,COD,309965
O18855,4,Makanan,Solo,Transfer Bank,421867
O18856,16,Kesehatan,Semarang,Transfer Bank,251571
O18857,13,Rumah Tangga,Purworejo,COD,425743
O18858,15,Fashion,Purworejo,Kartu Kredit,163494
O18859,11,Kesehatan,Purworejo,E-Wallet,401654
O18860,3,Rumah Tangga,Purworejo,COD,425719
O18861,10,Elektronik,Magelang,Transfer Bank,316140
O18862,11,Makanan,Semarang,Kartu Kredit,383876
O18863,13,Kesehatan,Magelang,COD,410711
O18864,20,Rumah Tangga,Yogyakarta,Kartu Kredit,442604
O18865,10,Rumah Tangga,Magelang,COD,381940
O18866,5,Kesehatan,Purworejo,E-Wallet,240083
O18867,4,Rumah Tangga,Yogyakarta,Kartu Kredit,390330
O18868,12,Kesehatan,Semarang,Transfer Bank,88854
O18869,6,Fashion,Solo,COD,84296
O18870,13,Kesehatan,Semarang,Kartu Kredit,362330
O18871,6,Elektronik,Semarang,Transfer Bank,327313
O18872,6,Fashion,Purworejo,COD,156568
O18873,12,Elektronik,Magelang,Transfer Bank,324666
O18874,4,Elektronik,Yogyakarta,E-Wallet,148861
O18875,4,Rumah Tangga,Semarang,COD,312627
O18876,11,Makanan,Magelang,Kartu Kredit,394677
O18877,9,Kesehatan,Semarang,COD,310145
O18878,20,Kesehatan,Purworejo,Kartu Kredit,354067
O18879,9,Kesehatan,Yogyakarta,Transfer Bank,314583
O18880,5,Fashion,Yogyakarta,E-Wallet,289147
O18881,17,Kesehatan,Purworejo,COD,260171
O18882,18,Elektronik,Solo,Transfer Bank,76562
O18883,16,Elektronik,Magelang,Transfer Bank,172277
O18884,15,Elektronik,Solo,COD,143334
O18885,4,Kesehatan,Magelang,COD,102199
O18886,7,Fashion,Semarang,Kartu Kredit,266069
O18887,16,Fashion,Solo,COD,384220
O18888,8,Makanan,Semarang,E-Wallet,292556
O18889,7,Elektronik,Magelang,Kartu Kredit,381314
O18890,6,Elektronik,Purworejo,Kartu Kredit,331413
O18891,10,Fashion,Semarang,E-Wallet,357077
O18892,1,Kesehatan,Semarang,COD,357269
O18893,18,Fashion,Semarang,COD,163790
O18894,10,Fashion,Magelang,Kartu Kredit,329855
O18895,1,Rumah Tangga,Semarang,Transfer Bank,74484
O18896,15,Elektronik,Semarang,COD,259284
O18897,4,Fashion,Purworejo,Kartu Kredit,138051
O18898,12,Rumah Tangga,Purworejo,E-Wallet,347138
O18899,7,Kesehatan,Semarang,Kartu Kredit,337864
O18900,20,Rumah Tangga,Semarang,COD,103263
O18901,7,Rumah Tangga,Semarang,Transfer Bank,171029
O18902,4,Makanan,Semarang,Kartu Kredit,246899
O18903,10,Kesehatan,Solo,Kartu Kredit,244229
O18904,19,Rumah Tangga,Purworejo,E-Wallet,445560
O18905,13,Fashion,Yogyakarta,COD,434232
O18906,18,Kesehatan,Solo,E-Wallet,336702
O18907,18,Fashion,Magelang,COD,247955
O18908,19,Elektronik,Purworejo,Transfer Bank,246976
O18909,9,Rumah Tangga,Magelang,Kartu Kredit,209400
O18910,8,Makanan,Purworejo,E-Wallet,62677
O18911,10,Rumah Tangga,Solo,Kartu Kredit,190804
O18912,8,Elektronik,Purworejo,Transfer Bank,331822
O18913,10,Rumah Tangga,Solo,E-Wallet,212655
O18914,4,Makanan,Yogyakarta,Kartu Kredit,222379
O18915,13,Fashion,Solo,Kartu Kredit,312720
O18916,10,Elektronik,Solo,COD,371950
O18917,9,Rumah Tangga,Semarang,COD,489000
O18918,17,Kesehatan,Semarang,COD,275366
O18919,10,Makanan,Magelang,Transfer Bank,364080
O18920,4,Elektronik,Yogyakarta,Transfer Bank,156959
O18921,5,Fashion,Purworejo,E-Wallet,57566
O18922,11,Elektronik,Yogyakarta,E-Wallet,299021
O18923,4,Makanan,Yogyakarta,Kartu Kredit,312457
O18924,5,Kesehatan,Solo,E-Wallet,481291
O18925,6,Rumah Tangga,Purworejo,E-Wallet,367457
O18926,10,Makanan,Purworejo,COD,397424
O18927,8,Makanan,Purworejo,COD,499684
O18928,11,Fashion,Solo,Kartu Kredit,368686
O18929,3,Rumah Tangga,Purworejo,E-Wallet,50417
O18930,9,Rumah Tangga,Solo,COD,129737
O18931,5,Elektronik,Semarang,Transfer Bank,103582
O18932,15,Elektronik,Magelang,COD,434991
O18933,20,Elektronik,Magelang,COD,191744
O18934,5,Fashion,Magelang,Kartu Kredit,173295
O18935,17,Kesehatan,Magelang,COD,424633
O18936,2,Rumah Tangga,Purworejo,Transfer Bank,138647
O18937,12,Rumah Tangga,Magelang,E-Wallet,164243
O18938,10,Kesehatan,Yogyakarta,E-Wallet,353463
O18939,9,Makanan,Solo,COD,93532
O18940,10,Makanan,Semarang,E-Wallet,458750
O18941,11,Rumah Tangga,Semarang,E-Wallet,374388
O18942,11,Kesehatan,Solo,E-Wallet,294510
O18943,6,Kesehatan,Semarang,COD,432887
O18944,16,Fashion,Purworejo,Transfer Bank,113008
O18945,12,Fashion,Yogyakarta,Kartu Kredit,124134
O18946,16,Rumah Tangga,Semarang,E-Wallet,212243
O18947,10,Makanan,Magelang,COD,461116
O18948,13,Fashion,Magelang,E-Wallet,73254
O18949,5,Kesehatan,Purworejo,E-Wallet,215284
O18950,9,Fashion,Magelang,E-Wallet,480798
O18951,11,Rumah Tangga,Purworejo,COD,194784
O18952,20,Rumah Tangga,Magelang,Kartu Kredit,55538
O18953,7,Kesehatan,Magelang,Kartu Kredit,76100
O18954,13,Kesehatan,Magelang,COD,249280
O18955,8,Elektronik,Yogyakarta,COD,476543
O18956,14,Elektronik,Semarang,Transfer Bank,218358
O18957,12,Rumah Tangga,Purworejo,E-Wallet,366934
O18958,9,Elektronik,Semarang,Transfer Bank,357317
O18959,14,Elektronik,Purworejo,Kartu Kredit,370164
O18960,8,Fashion,Magelang,Kartu Kredit,362451
O18961,15,Rumah Tangga,Solo,Transfer Bank,147626
O18962,18,Rumah Tangga,Magelang,Kartu Kredit,249462
O18963,5,Fashion,Purworejo,COD,103542
O18964,6,Fashion,Solo,Kartu Kredit,432529
O18965,13,Makanan,Magelang,Transfer Bank,130037
O18966,13,Makanan,Solo,E-Wallet,210246
O18967,19,Kesehatan,Yogyakarta,Kartu Kredit,414821
O18968,10,Elektronik,Yogyakarta,COD,102261
O18969,15,Kesehatan,Semarang,Kartu Kredit,362089
O18970,12,Fashion,Semarang,E-Wallet,209709
O18971,9,Rumah Tangga,Solo,E-Wallet,298149
O18972,2,Makanan,Semarang,E-Wallet,289342
O18973,9,Makanan,Purworejo,Transfer Bank,138093
O18974,1,Elektronik,Magelang,Kartu Kredit,237972
O18975,11,Rumah Tangga,Purworejo,Transfer Bank,437639
O18976,2,Rumah Tangga,Magelang,Transfer Bank,67293
O18977,13,Makanan,Solo,Kartu Kredit,268986
O18978,11,Elektronik,Semarang,COD,417240
O18979,12,Kesehatan,Purworejo,Transfer Bank,83999
O18980,2,Kesehatan,Magelang,Kartu Kredit,131484
O18981,6,Kesehatan,Purworejo,COD,87410
O18982,12,Rumah Tangga,Semarang,Transfer Bank,295419
O18983,13,Kesehatan,Magelang,E-Wallet,498033
O18984,17,Elektronik,Yogyakarta,COD,170757
O18985,18,Elektronik,Solo,E-Wallet,313331
O18986,16,Rumah Tangga,Semarang,E-Wallet,325394
O18987,7,Kesehatan,Yogyakarta,COD,398706
O18988,12,Elektronik,Magelang,COD,345908
O18989,8,Elektronik,Purworejo,E-Wallet,461567
O18990,20,Rumah Tangga,Semarang,E-Wallet,411796
O18991,6,Elektronik,Semarang,Kartu Kredit,454085
O18992,3,Fashion,Solo,E-Wallet,267254
O18993,20,Rumah Tangga,Solo,COD,478589
O18994,15,Rumah Tangga,Solo,E-Wallet,323830
O18995,1,Makanan,Solo,COD,387772
O18996,14,Rumah Tangga,Magelang,E-Wallet,212596
O18997,11,Elektronik,Magelang,Transfer Bank,150612
O18998,19,Makanan,Purworejo,Kartu Kredit,211174
O18999,14,Kesehatan,Semarang,E-Wallet,359992
O19000,19,Rumah Tangga,Yogyakarta,Transfer Bank,98269
O19001,12,Fashion,Purworejo,Transfer Bank,379609
O19002,1,Fashion,Semarang,Kartu Kredit,363038
O19003,12,Makanan,Magelang,E-Wallet,276309
O19004,2,Elektronik,Yogyakarta,E-Wallet,367285
O19005,13,Elektronik,Magelang,E-Wallet,228682
O19006,5,Rumah Tangga,Purworejo,Transfer Bank,85609
O19007,6,Elektronik,Magelang,COD,481208
O19008,9,Elektronik,Semarang,COD,237535
O19009,12,Elektronik,Semarang,E-Wallet,110699
O19010,4,Fashion,Magelang,COD,420690
O19011,7,Kesehatan,Solo,Kartu Kredit,180032
O19012,19,Fashion,Yogyakarta,Transfer Bank,359723
O19013,17,Elektronik,Semarang,Transfer Bank,306967
O19014,5,Elektronik,Solo,Transfer Bank,378390
O19015,9,Kesehatan,Magelang,COD,331169
O19016,20,Fashion,Yogyakarta,Kartu Kredit,228595
O19017,12,Elektronik,Solo,COD,308816
O19018,12,Elektronik,Yogyakarta,Kartu Kredit,132254
O19019,13,Kesehatan,Solo,COD,387502
O19020,17,Kesehatan,Magelang,Kartu Kredit,84379
O19021,2,Rumah Tangga,Purworejo,Transfer Bank,448488
O19022,15,Elektronik,Magelang,Transfer Bank,70808
O19023,17,Fashion,Purworejo,E-Wallet,426412
O19024,16,Fashion,Purworejo,Transfer Bank,405374
O19025,9,Kesehatan,Magelang,Transfer Bank,235431
O19026,2,Fashion,Magelang,Kartu Kredit,182832
O19027,15,Kesehatan,Yogyakarta,E-Wallet,339014
O19028,18,Elektronik,Purworejo,Kartu Kredit,158866
O19029,17,Kesehatan,Semarang,E-Wallet,266015
O19030,15,Elektronik,Magelang,Transfer Bank,458464
O19031,17,Elektronik,Purworejo,Kartu Kredit,143906
O19032,17,Kesehatan,Magelang,Transfer Bank,156843
O19033,10,Elektronik,Magelang,Transfer Bank,438359
O19034,4,Rumah Tangga,Solo,Transfer Bank,425994
O19035,19,Rumah Tangga,Yogyakarta,COD,330990
O19036,4,Kesehatan,Semarang,Kartu Kredit,486569
O19037,11,Fashion,Yogyakarta,Transfer Bank,117970
O19038,1,Rumah Tangga,Purworejo,Transfer Bank,184135
O19039,10,Kesehatan,Magelang,COD,160022
O19040,14,Kesehatan,Semarang,COD,348484
O19041,5,Kesehatan,Semarang,COD,374266
O19042,12,Kesehatan,Semarang,COD,462469
O19043,10,Kesehatan,Magelang,E-Wallet,431205
O19044,13,Rumah Tangga,Magelang,Kartu Kredit,433010
O19045,17,Makanan,Purworejo,COD,337963
O19046,16,Kesehatan,Yogyakarta,E-Wallet,397541
O19047,4,Makanan,Magelang,COD,322903
O19048,18,Rumah Tangga,Solo,E-Wallet,124760
O19049,13,Elektronik,Yogyakarta,E-Wallet,369600
O19050,4,Rumah Tangga,Purworejo,Kartu Kredit,266784
O19051,4,Makanan,Semarang,COD,360355
O19052,13,Elektronik,Semarang,E-Wallet,329533
O19053,11,Makanan,Magelang,Transfer Bank,83518
O19054,10,Elektronik,Semarang,COD,233306
O19055,13,Kesehatan,Magelang,COD,376040
O19056,8,Fashion,Yogyakarta,Kartu Kredit,187632
O19057,20,Rumah Tangga,Magelang,Kartu Kredit,233813
O19058,9,Makanan,Solo,Kartu Kredit,306540
O19059,18,Elektronik,Purworejo,Transfer Bank,483750
O19060,17,Kesehatan,Purworejo,Transfer Bank,117520
O19061,19,Rumah Tangga,Magelang,COD,151515
O19062,8,Kesehatan,Semarang,Transfer Bank,326304
O19063,6,Elektronik,Yogyakarta,Kartu Kredit,319952
O19064,5,Makanan,Yogyakarta,Kartu Kredit,415349
O19065,9,Elektronik,Semarang,Kartu Kredit,304059
O19066,15,Makanan,Yogyakarta,E-Wallet,333683
O19067,4,Makanan,Purworejo,COD,238450
O19068,11,Fashion,Yogyakarta,COD,486792
O19069,7,Makanan,Purworejo,COD,81107
O19070,19,Makanan,Solo,Kartu Kredit,409039
O19071,12,Rumah Tangga,Semarang,Kartu Kredit,478317
O19072,10,Rumah Tangga,Yogyakarta,Kartu Kredit,356681
O19073,8,Rumah Tangga,Yogyakarta,E-Wallet,357380
O19074,18,Kesehatan,Solo,COD,256089
O19075,8,Fashion,Yogyakarta,Kartu Kredit,249911
O19076,2,Elektronik,Solo,Kartu Kredit,211600
O19077,7,Makanan,Magelang,COD,77992
O19078,20,Fashion,Semarang,COD,216385
O19079,10,Elektronik,Purworejo,E-Wallet,148969
O19080,18,Rumah Tangga,Solo,Transfer Bank,472938
O19081,4,Fashion,Magelang,Transfer Bank,232550
O19082,11,Fashion,Purworejo,Kartu Kredit,436426
O19083,12,Rumah Tangga,Semarang,COD,391904
O19084,7,Kesehatan,Magelang,Kartu Kredit,493403
O19085,20,Rumah Tangga,Purworejo,E-Wallet,202670
O19086,9,Elektronik,Solo,COD,435701
O19087,10,Elektronik,Purworejo,Transfer Bank,180144
O19088,15,Rumah Tangga,Yogyakarta,Kartu Kredit,357061
O19089,16,Fashion,Purworejo,Transfer Bank,439857
O19090,2,Rumah Tangga,Purworejo,E-Wallet,91814
O19091,8,Rumah Tangga,Magelang,Kartu Kredit,159045
O19092,13,Rumah Tangga,Solo,Transfer Bank,263557
O19093,12,Makanan,Purworejo,COD,332259
O19094,12,Kesehatan,Yogyakarta,Transfer Bank,362591
O19095,18,Makanan,Solo,E-Wallet,204578
O19096,4,Fashion,Solo,Transfer Bank,62115
O19097,5,Kesehatan,Solo,Transfer Bank,56284
O19098,16,Elektronik,Magelang,E-Wallet,460413
O19099,6,Elektronik,Yogyakarta,Transfer Bank,499713
O19100,11,Kesehatan,Solo,E-Wallet,373953
O19101,4,Makanan,Purworejo,E-Wallet,88143
O19102,16,Makanan,Semarang,Transfer Bank,351217
O19103,5,Kesehatan,Magelang,Kartu Kredit,304588
O19104,17,Makanan,Purworejo,Transfer Bank,352663
O19105,20,Elektronik,Solo,Transfer Bank,473741
O19106,20,Makanan,Yogyakarta,COD,366890
O19107,20,Rumah Tangga,Purworejo,Transfer Bank,237214
O19108,11,Elektronik,Semarang,COD,235318
O19109,8,Makanan,Yogyakarta,COD,288295
O19110,6,Rumah Tangga,Magelang,Kartu Kredit,90328
O19111,15,Fashion,Semarang,Kartu Kredit,419146
O19112,15,Makanan,Solo,COD,326802
O19113,9,Rumah Tangga,Magelang,Kartu Kredit,356680
O19114,3,Fashion,Semarang,Kartu Kredit,132081
O19115,11,Elektronik,Solo,Kartu Kredit,229234
O19116,19,Elektronik,Yogyakarta,COD,241608
O19117,19,Fashion,Purworejo,E-Wallet,261763
O19118,4,Fashion,Purworejo,COD,182543
O19119,18,Elektronik,Magelang,Kartu Kredit,331767
O19120,5,Makanan,Purworejo,Kartu Kredit,200996
O19121,3,Rumah Tangga,Yogyakarta,Transfer Bank,285185
O19122,16,Fashion,Solo,Kartu Kredit,246472
O19123,1,Elektronik,Yogyakarta,COD,190699
O19124,14,Makanan,Solo,Transfer Bank,151419
O19125,20,Elektronik,Solo,COD,475961
O19126,5,Elektronik,Semarang,Kartu Kredit,155677
O19127,20,Elektronik,Semarang,Transfer Bank,305213
O19128,15,Elektronik,Yogyakarta,COD,184074
O19129,4,Kesehatan,Magelang,E-Wallet,211906
O19130,7,Fashion,Solo,Transfer Bank,62115
O19131,3,Rumah Tangga,Semarang,E-Wallet,168713
O19132,12,Makanan,Semarang,E-Wallet,440266
O19133,17,Kesehatan,Solo,E-Wallet,368440
O19134,19,Fashion,Purworejo,Kartu Kredit,460834
O19135,17,Kesehatan,Purworejo,E-Wallet,61865
O19136,17,Rumah Tangga,Solo,E-Wallet,231993
O19137,10,Fashion,Yogyakarta,Kartu Kredit,370781
O19138,9,Kesehatan,Yogyakarta,Transfer Bank,483008
O19139,10,Elektronik,Yogyakarta,COD,273301
O19140,6,Kesehatan,Magelang,COD,482549
O19141,1,Makanan,Magelang,Kartu Kredit,277604
O19142,16,Makanan,Semarang,Kartu Kredit,185065
O19143,8,Kesehatan,Yogyakarta,Transfer Bank,343582
O19144,9,Fashion,Magelang,Kartu Kredit,328384
O19145,17,Elektronik,Solo,Kartu Kredit,64432
O19146,11,Elektronik,Magelang,COD,488375
O19147,5,Rumah Tangga,Yogyakarta,Kartu Kredit,167130
O19148,10,Fashion,Solo,E-Wallet,308707
O19149,20,Kesehatan,Yogyakarta,Kartu Kredit,192220
O19150,15,Rumah Tangga,Solo,Kartu Kredit,463851
O19151,16,Makanan,Purworejo,Kartu Kredit,463301
O19152,10,Elektronik,Semarang,E-Wallet,185165
O19153,18,Makanan,Solo,Transfer Bank,351912
O19154,19,Kesehatan,Magelang,Kartu Kredit,364783
O19155,19,Fashion,Semarang,E-Wallet,315628
O19156,10,Rumah Tangga,Semarang,Transfer Bank,83546
O19157,4,Kesehatan,Solo,COD,106530
O19158,13,Rumah Tangga,Yogyakarta,Kartu Kredit,375620
O19159,19,Elektronik,Purworejo,Transfer Bank,376199
O19160,17,Makanan,Purworejo,COD,375127
O19161,3,Kesehatan,Yogyakarta,Kartu Kredit,230768
O19162,9,Makanan,Magelang,COD,333795
O19163,19,Rumah Tangga,Magelang,COD,251973
O19164,8,Rumah Tangga,Purworejo,E-Wallet,182541
O19165,14,Fashion,Yogyakarta,Kartu Kredit,239518
O19166,9,Elektronik,Yogyakarta,E-Wallet,105786
O19167,15,Rumah Tangga,Solo,Kartu Kredit,68856
O19168,20,Elektronik,Purworejo,E-Wallet,243569
O19169,6,Rumah Tangga,Solo,E-Wallet,164745
O19170,4,Fashion,Solo,Transfer Bank,354313
O19171,14,Kesehatan,Magelang,E-Wallet,230982
O19172,11,Makanan,Purworejo,Transfer Bank,495376
O19173,9,Elektronik,Magelang,COD,368429
O19174,8,Elektronik,Yogyakarta,COD,358382
O19175,11,Makanan,Solo,Kartu Kredit,50509
O19176,8,Kesehatan,Solo,Transfer Bank,169446
O19177,16,Rumah Tangga,Yogyakarta,E-Wallet,353025
O19178,5,Rumah Tangga,Semarang,COD,219178
O19179,2,Elektronik,Yogyakarta,E-Wallet,251277
O19180,3,Rumah Tangga,Semarang,COD,396009
O19181,12,Elektronik,Magelang,E-Wallet,436368
O19182,8,Makanan,Semarang,Transfer Bank,453755
O19183,6,Makanan,Semarang,COD,288142
O19184,4,Makanan,Purworejo,COD,177770
O19185,4,Kesehatan,Yogyakarta,E-Wallet,78150
O19186,14,Elektronik,Semarang,E-Wallet,253728
O19187,7,Rumah Tangga,Semarang,Transfer Bank,470205
O19188,7,Makanan,Purworejo,COD,77350
O19189,2,Elektronik,Semarang,Transfer Bank,217375
O19190,7,Kesehatan,Solo,Kartu Kredit,99369
O19191,18,Rumah Tangga,Magelang,COD,335982
O19192,8,Kesehatan,Magelang,Kartu Kredit,271439
O19193,11,Kesehatan,Purworejo,E-Wallet,259503
O19194,20,Elektronik,Solo,COD,237499
O19195,13,Rumah Tangga,Semarang,Transfer Bank,418645
O19196,3,Elektronik,Yogyakarta,COD,218644
O19197,13,Elektronik,Semarang,Kartu Kredit,339893
O19198,19,Makanan,Semarang,Transfer Bank,217454
O19199,4,Rumah Tangga,Purworejo,E-Wallet,226732
O19200,20,Rumah Tangga,Solo,Transfer Bank,121446
O19201,19,Makanan,Yogyakarta,COD,224931
O19202,5,Kesehatan,Magelang,Transfer Bank,52808
O19203,15,Makanan,Purworejo,Kartu Kredit,495345
O19204,20,Rumah Tangga,Purworejo,Kartu Kredit,186221
O19205,15,Elektronik,Purworejo,COD,353581
O19206,5,Elektronik,Solo,Transfer Bank,496265
O19207,6,Elektronik,Yogyakarta,E-Wallet,476676
O19208,11,Fashion,Purworejo,COD,439103
O19209,1,Elektronik,Semarang,E-Wallet,94844
O19210,17,Rumah Tangga,Solo,E-Wallet,477489
O19211,17,Makanan,Solo,Transfer Bank,459575
O19212,7,Makanan,Semarang,Transfer Bank,370932
O19213,6,Elektronik,Solo,Kartu Kredit,452219
O19214,18,Fashion,Solo,E-Wallet,341383
O19215,16,Fashion,Semarang,Transfer Bank,497924
O19216,13,Kesehatan,Magelang,Transfer Bank,499876
O19217,8,Fashion,Purworejo,E-Wallet,141715
O19218,13,Makanan,Yogyakarta,Transfer Bank,212356
O19219,7,Elektronik,Semarang,E-Wallet,415232
O19220,3,Rumah Tangga,Magelang,Kartu Kredit,407587
O19221,13,Makanan,Semarang,COD,432769
O19222,19,Kesehatan,Yogyakarta,Transfer Bank,219448
O19223,5,Kesehatan,Solo,E-Wallet,101355
O19224,7,Rumah Tangga,Magelang,Kartu Kredit,221422
O19225,10,Fashion,Magelang,Transfer Bank,57380
O19226,17,Elektronik,Purworejo,COD,485710
O19227,17,Rumah Tangga,Solo,COD,225834
O19228,14,Elektronik,Magelang,COD,287537
O19229,2,Rumah Tangga,Purworejo,Transfer Bank,493389
O19230,11,Rumah Tangga,Purworejo,E-Wallet,347617
O19231,7,Elektronik,Solo,E-Wallet,242831
O19232,4,Makanan,Semarang,E-Wallet,212530
O19233,13,Kesehatan,Semarang,Transfer Bank,403615
O19234,17,Fashion,Yogyakarta,E-Wallet,360518
O19235,13,Kesehatan,Magelang,E-Wallet,197023
O19236,13,Kesehatan,Magelang,COD,61196
O19237,5,Makanan,Yogyakarta,COD,349976
O19238,9,Fashion,Semarang,E-Wallet,145775
O19239,8,Makanan,Magelang,Transfer Bank,258274
O19240,18,Makanan,Yogyakarta,Transfer Bank,391101
O19241,4,Fashion,Magelang,Transfer Bank,389278
O19242,16,Elektronik,Yogyakarta,Kartu Kredit,483881
O19243,14,Fashion,Yogyakarta,E-Wallet,124062
O19244,19,Elektronik,Semarang,Kartu Kredit,104577
O19245,19,Rumah Tangga,Yogyakarta,Transfer Bank,255320
O19246,6,Rumah Tangga,Yogyakarta,Transfer Bank,464744
O19247,13,Rumah Tangga,Solo,COD,56660
O19248,15,Kesehatan,Magelang,COD,310853
O19249,11,Rumah Tangga,Purworejo,COD,145573
O19250,19,Rumah Tangga,Yogyakarta,COD,133740
O19251,13,Fashion,Yogyakarta,COD,120703
O19252,4,Kesehatan,Yogyakarta,COD,84215
O19253,17,Elektronik,Purworejo,E-Wallet,245801
O19254,10,Kesehatan,Purworejo,E-Wallet,312743
O19255,9,Fashion,Magelang,Transfer Bank,438729
O19256,2,Elektronik,Solo,Transfer Bank,182744
O19257,16,Kesehatan,Semarang,E-Wallet,346267
O19258,6,Fashion,Magelang,Transfer Bank,337348
O19259,16,Kesehatan,Purworejo,Transfer Bank,477121
O19260,10,Kesehatan,Yogyakarta,E-Wallet,449460
O19261,14,Kesehatan,Yogyakarta,Kartu Kredit,164584
O19262,4,Rumah Tangga,Semarang,Transfer Bank,413116
O19263,5,Elektronik,Purworejo,Transfer Bank,134401
O19264,7,Kesehatan,Magelang,Kartu Kredit,285854
O19265,9,Kesehatan,Solo,Transfer Bank,394808
O19266,17,Fashion,Solo,E-Wallet,281547
O19267,17,Elektronik,Purworejo,Transfer Bank,169124
O19268,14,Kesehatan,Solo,Kartu Kredit,165518
O19269,3,Kesehatan,Purworejo,Transfer Bank,156730
O19270,4,Rumah Tangga,Magelang,E-Wallet,177560
O19271,19,Makanan,Purworejo,COD,468529
O19272,2,Elektronik,Semarang,Kartu Kredit,172057
O19273,7,Elektronik,Yogyakarta,COD,338908
O19274,1,Fashion,Purworejo,E-Wallet,292098
O19275,17,Elektronik,Semarang,Kartu Kredit,272590
O19276,20,Fashion,Yogyakarta,Kartu Kredit,160452
O19277,17,Kesehatan,Semarang,Kartu Kredit,178160
O19278,4,Kesehatan,Magelang,COD,310447
O19279,6,Rumah Tangga,Yogyakarta,COD,143018
O19280,8,Makanan,Yogyakarta,Kartu Kredit,359548
O19281,2,Makanan,Purworejo,Kartu Kredit,313475
O19282,18,Rumah Tangga,Semarang,Kartu Kredit,317069
O19283,2,Rumah Tangga,Yogyakarta,E-Wallet,251812
O19284,17,Kesehatan,Yogyakarta,Kartu Kredit,102666
O19285,15,Makanan,Semarang,Transfer Bank,365840
O19286,14,Makanan,Purworejo,E-Wallet,324203
O19287,18,Kesehatan,Solo,E-Wallet,338242
O19288,17,Rumah Tangga,Solo,Kartu Kredit,323511
O19289,11,Makanan,Yogyakarta,Transfer Bank,410228
O19290,3,Rumah Tangga,Purworejo,E-Wallet,266299
O19291,2,Rumah Tangga,Yogyakarta,E-Wallet,220397
O19292,14,Kesehatan,Solo,COD,485824
O19293,7,Rumah Tangga,Magelang,E-Wallet,325827
O19294,4,Elektronik,Solo,Transfer Bank,332073
O19295,4,Elektronik,Magelang,Transfer Bank,72671
O19296,13,Elektronik,Semarang,COD,487227
O19297,15,Rumah Tangga,Yogyakarta,Kartu Kredit,245094
O19298,10,Kesehatan,Solo,E-Wallet,278058
O19299,5,Rumah Tangga,Magelang,COD,55340
O19300,6,Elektronik,Magelang,COD,349663
O19301,10,Fashion,Purworejo,COD,105205
O19302,7,Makanan,Purworejo,COD,129482
O19303,5,Fashion,Purworejo,Transfer Bank,101730
O19304,19,Rumah Tangga,Solo,Kartu Kredit,141731
O19305,14,Kesehatan,Magelang,COD,220923
O19306,7,Rumah Tangga,Magelang,Transfer Bank,70905
O19307,14,Rumah Tangga,Yogyakarta,Transfer Bank,113228
O19308,12,Makanan,Purworejo,E-Wallet,481034
O19309,6,Makanan,Purworejo,Kartu Kredit,73246
O19310,18,Fashion,Purworejo,E-Wallet,484815
O19311,13,Kesehatan,Semarang,E-Wallet,167304
O19312,5,Rumah Tangga,Semarang,Kartu Kredit,420675
O19313,5,Makanan,Purworejo,COD,366539
O19314,18,Elektronik,Semarang,E-Wallet,439452
O19315,8,Rumah Tangga,Solo,Transfer Bank,284387
O19316,2,Rumah Tangga,Semarang,Kartu Kredit,259307
O19317,11,Fashion,Semarang,Kartu Kredit,410146
O19318,14,Kesehatan,Purworejo,Kartu Kredit,475296
O19319,4,Elektronik,Solo,E-Wallet,257529
O19320,13,Rumah Tangga,Purworejo,COD,340341
O19321,9,Fashion,Magelang,E-Wallet,346841
O19322,7,Elektronik,Magelang,E-Wallet,316093
O19323,15,Rumah Tangga,Semarang,Transfer Bank,222697
O19324,15,Elektronik,Purworejo,E-Wallet,471853
O19325,1,Fashion,Yogyakarta,COD,409879
O19326,6,Elektronik,Purworejo,COD,293623
O19327,7,Makanan,Purworejo,Kartu Kredit,167944
O19328,9,Kesehatan,Solo,COD,294597
O19329,14,Kesehatan,Semarang,Transfer Bank,467540
O19330,13,Kesehatan,Solo,Kartu Kredit,201547
O19331,10,Fashion,Semarang,Transfer Bank,161320
O19332,5,Fashion,Yogyakarta,COD,394153
O19333,7,Elektronik,Solo,Kartu Kredit,289808
O19334,14,Rumah Tangga,Magelang,COD,104694
O19335,9,Makanan,Yogyakarta,E-Wallet,339885
O19336,20,Elektronik,Yogyakarta,COD,155203
O19337,7,Fashion,Magelang,Kartu Kredit,130112
O19338,11,Fashion,Yogyakarta,Transfer Bank,298012
O19339,9,Fashion,Purworejo,E-Wallet,303047
O19340,4,Kesehatan,Magelang,Transfer Bank,52098
O19341,7,Rumah Tangga,Magelang,COD,214661
O19342,15,Makanan,Semarang,Transfer Bank,168898
O19343,9,Fashion,Yogyakarta,Kartu Kredit,495848
O19344,8,Rumah Tangga,Semarang,E-Wallet,467651
O19345,6,Makanan,Purworejo,COD,156020
O19346,10,Elektronik,Magelang,COD,185609
O19347,20,Elektronik,Semarang,COD,437028
O19348,9,Rumah Tangga,Yogyakarta,Transfer Bank,204986
O19349,4,Makanan,Yogyakarta,E-Wallet,421927
O19350,13,Elektronik,Yogyakarta,E-Wallet,466852
O19351,18,Rumah Tangga,Yogyakarta,Transfer Bank,108123
O19352,8,Makanan,Solo,Transfer Bank,308864
O19353,13,Fashion,Yogyakarta,Transfer Bank,111402
O19354,13,Rumah Tangga,Yogyakarta,E-Wallet,239932
O19355,3,Elektronik,Magelang,Kartu Kredit,149813
O19356,20,Elektronik,Solo,COD,145207
O19357,14,Elektronik,Magelang,Kartu Kredit,321034
O19358,8,Makanan,Purworejo,COD,309171
O19359,18,Kesehatan,Magelang,COD,61202
O19360,17,Rumah Tangga,Magelang,E-Wallet,339508
O19361,9,Fashion,Yogyakarta,Transfer Bank,162399
O19362,15,Elektronik,Purworejo,COD,356699
O19363,14,Fashion,Semarang,E-Wallet,414770
O19364,18,Kesehatan,Semarang,COD,398461
O19365,6,Fashion,Purworejo,E-Wallet,422313
O19366,7,Fashion,Yogyakarta,Transfer Bank,88838
O19367,15,Elektronik,Solo,Transfer Bank,366500
O19368,12,Kesehatan,Purworejo,Kartu Kredit,438660
O19369,11,Elektronik,Semarang,COD,64747
O19370,12,Kesehatan,Semarang,E-Wallet,59617
O19371,5,Elektronik,Semarang,COD,263348
O19372,19,Elektronik,Purworejo,Kartu Kredit,92757
O19373,8,Elektronik,Semarang,E-Wallet,385285
O19374,15,Makanan,Yogyakarta,E-Wallet,129819
O19375,9,Fashion,Solo,Transfer Bank,366681
O19376,17,Fashion,Purworejo,Transfer Bank,106750
O19377,8,Makanan,Semarang,E-Wallet,76066
O19378,15,Fashion,Yogyakarta,Kartu Kredit,240090
O19379,15,Makanan,Solo,E-Wallet,397098
O19380,7,Fashion,Solo,Transfer Bank,272567
O19381,19,Makanan,Magelang,COD,119729
O19382,5,Fashion,Yogyakarta,COD,446184
O19383,6,Makanan,Purworejo,Transfer Bank,103003
O19384,5,Rumah Tangga,Semarang,E-Wallet,436204
O19385,18,Fashion,Solo,Kartu Kredit,486031
O19386,15,Fashion,Purworejo,Transfer Bank,129806
O19387,12,Rumah Tangga,Yogyakarta,COD,491863
O19388,17,Rumah Tangga,Yogyakarta,E-Wallet,131082
O19389,4,Kesehatan,Purworejo,Transfer Bank,353305
O19390,19,Kesehatan,Semarang,Kartu Kredit,491692
O19391,5,Kesehatan,Semarang,E-Wallet,71819
O19392,9,Elektronik,Purworejo,Kartu Kredit,285266
O19393,16,Rumah Tangga,Semarang,COD,470610
O19394,5,Elektronik,Solo,E-Wallet,475500
O19395,1,Kesehatan,Semarang,COD,183725
O19396,12,Makanan,Magelang,COD,201420
O19397,13,Elektronik,Solo,E-Wallet,489264
O19398,19,Fashion,Yogyakarta,Kartu Kredit,393726
O19399,5,Kesehatan,Magelang,Transfer Bank,312335
O19400,16,Elektronik,Semarang,E-Wallet,431641
O19401,2,Fashion,Magelang,E-Wallet,261468
O19402,15,Fashion,Yogyakarta,Kartu Kredit,378980
O19403,5,Rumah Tangga,Yogyakarta,COD,53571
O19404,19,Kesehatan,Semarang,COD,296331
O19405,15,Rumah Tangga,Magelang,Kartu Kredit,171089
O19406,15,Rumah Tangga,Magelang,E-Wallet,440992
O19407,7,Elektronik,Purworejo,COD,468038
O19408,11,Fashion,Magelang,COD,57710
O19409,14,Kesehatan,Solo,Kartu Kredit,276940
O19410,10,Elektronik,Yogyakarta,Kartu Kredit,402662
O19411,6,Elektronik,Semarang,Kartu Kredit,267083
O19412,8,Kesehatan,Yogyakarta,E-Wallet,175643
O19413,12,Makanan,Magelang,Kartu Kredit,379022
O19414,20,Kesehatan,Solo,COD,202719
O19415,7,Fashion,Yogyakarta,E-Wallet,176607
O19416,12,Makanan,Solo,COD,167144
O19417,10,Fashion,Magelang,COD,104295
O19418,20,Elektronik,Semarang,COD,428584
O19419,6,Kesehatan,Purworejo,Kartu Kredit,425606
O19420,14,Fashion,Magelang,COD,192009
O19421,9,Fashion,Purworejo,E-Wallet,119630
O19422,15,Elektronik,Purworejo,Transfer Bank,392932
O19423,10,Makanan,Magelang,Transfer Bank,415118
O19424,1,Makanan,Yogyakarta,Kartu Kredit,416064
O19425,20,Fashion,Purworejo,Transfer Bank,204420
O19426,10,Makanan,Yogyakarta,Transfer Bank,117398
O19427,19,Elektronik,Magelang,Transfer Bank,129349
O19428,11,Makanan,Semarang,Kartu Kredit,454169
O19429,8,Kesehatan,Magelang,COD,333269
O19430,17,Makanan,Purworejo,E-Wallet,496952
O19431,18,Fashion,Magelang,Transfer Bank,91349
O19432,17,Makanan,Solo,COD,135672
O19433,12,Makanan,Yogyakarta,COD,156849
O19434,10,Kesehatan,Yogyakarta,COD,287463
O19435,2,Elektronik,Yogyakarta,E-Wallet,69843
O19436,16,Elektronik,Yogyakarta,Transfer Bank,344877
O19437,15,Rumah Tangga,Semarang,COD,374213
O19438,6,Fashion,Solo,Transfer Bank,142269
O19439,7,Makanan,Yogyakarta,E-Wallet,324737
O19440,1,Rumah Tangga,Solo,COD,63130
O19441,10,Kesehatan,Magelang,E-Wallet,126977
O19442,4,Rumah Tangga,Magelang,E-Wallet,379280
O19443,11,Rumah Tangga,Solo,E-Wallet,480460
O19444,16,Makanan,Solo,Transfer Bank,84047
O19445,4,Kesehatan,Solo,COD,123193
O19446,14,Fashion,Magelang,Kartu Kredit,341522
O19447,18,Kesehatan,Yogyakarta,Kartu Kredit,111773
O19448,8,Makanan,Magelang,Kartu Kredit,54499
O19449,8,Kesehatan,Magelang,Kartu Kredit,278201
O19450,13,Rumah Tangga,Purworejo,COD,407099
O19451,17,Makanan,Magelang,Kartu Kredit,233214
O19452,3,Rumah Tangga,Semarang,E-Wallet,180495
O19453,19,Makanan,Solo,COD,477117
O19454,15,Kesehatan,Semarang,Kartu Kredit,327088
O19455,10,Elektronik,Semarang,Transfer Bank,239106
O19456,13,Fashion,Semarang,E-Wallet,309351
O19457,2,Makanan,Semarang,E-Wallet,326120
O19458,3,Kesehatan,Solo,Transfer Bank,266180
O19459,8,Kesehatan,Magelang,E-Wallet,383297
O19460,9,Elektronik,Solo,E-Wallet,190585
O19461,19,Elektronik,Yogyakarta,Transfer Bank,459122
O19462,20,Makanan,Purworejo,E-Wallet,412629
O19463,6,Fashion,Purworejo,Transfer Bank,417651
O19464,17,Fashion,Solo,Kartu Kredit,195740
O19465,4,Kesehatan,Purworejo,COD,197571
O19466,13,Kesehatan,Semarang,COD,348269
O19467,15,Makanan,Yogyakarta,COD,319069
O19468,19,Fashion,Purworejo,Transfer Bank,416723
O19469,16,Rumah Tangga,Yogyakarta,Kartu Kredit,289819
O19470,11,Elektronik,Magelang,E-Wallet,469297
O19471,11,Kesehatan,Yogyakarta,COD,380141
O19472,16,Rumah Tangga,Purworejo,Kartu Kredit,250578
O19473,19,Makanan,Yogyakarta,E-Wallet,105852
O19474,8,Fashion,Purworejo,E-Wallet,381408
O19475,12,Fashion,Semarang,Kartu Kredit,380279
O19476,1,Elektronik,Purworejo,Kartu Kredit,284349
O19477,13,Rumah Tangga,Semarang,Kartu Kredit,306957
O19478,1,Elektronik,Solo,Kartu Kredit,90875
O19479,9,Makanan,Yogyakarta,Transfer Bank,275265
O19480,16,Elektronik,Semarang,COD,69319
O19481,10,Elektronik,Yogyakarta,COD,398463
O19482,16,Elektronik,Purworejo,COD,183279
O19483,2,Fashion,Solo,COD,429112
O19484,17,Kesehatan,Magelang,Kartu Kredit,422916
O19485,18,Rumah Tangga,Magelang,Kartu Kredit,76662
O19486,20,Fashion,Semarang,Transfer Bank,69742
O19487,3,Rumah Tangga,Solo,COD,437185
O19488,3,Kesehatan,Purworejo,Transfer Bank,466333
O19489,4,Fashion,Purworejo,Kartu Kredit,99644
O19490,5,Rumah Tangga,Semarang,Transfer Bank,354897
O19491,9,Kesehatan,Yogyakarta,Transfer Bank,347078
O19492,12,Elektronik,Semarang,E-Wallet,483734
O19493,9,Rumah Tangga,Semarang,E-Wallet,340768
O19494,14,Fashion,Semarang,E-Wallet,63095
O19495,8,Rumah Tangga,Solo,Transfer Bank,98161
O19496,2,Kesehatan,Purworejo,COD,245536
O19497,2,Makanan,Yogyakarta,Transfer Bank,184946
O19498,3,Fashion,Solo,E-Wallet,430131
O19499,11,Rumah Tangga,Solo,E-Wallet,414757
O19500,10,Makanan,Magelang,Transfer Bank,151091
O19501,20,Elektronik,Solo,E-Wallet,279420
O19502,9,Fashion,Magelang,Kartu Kredit,222573
O19503,4,Elektronik,Solo,COD,246496
O19504,4,Kesehatan,Yogyakarta,Transfer Bank,128150
O19505,15,Kesehatan,Yogyakarta,Transfer Bank,127160
O19506,19,Fashion,Yogyakarta,E-Wallet,61986
O19507,12,Fashion,Yogyakarta,Kartu Kredit,398738
O19508,16,Elektronik,Semarang,E-Wallet,305374
O19509,8,Elektronik,Solo,Transfer Bank,481242
O19510,6,Fashion,Semarang,COD,251457
O19511,15,Kesehatan,Solo,Transfer Bank,215681
O19512,16,Makanan,Yogyakarta,Transfer Bank,427608
O19513,13,Makanan,Yogyakarta,Transfer Bank,279225
O19514,5,Kesehatan,Solo,Transfer Bank,337171
O19515,15,Elektronik,Solo,COD,423972
O19516,7,Rumah Tangga,Purworejo,COD,472794
O19517,6,Rumah Tangga,Yogyakarta,COD,403568
O19518,12,Makanan,Purworejo,COD,419973
O19519,20,Kesehatan,Purworejo,Transfer Bank,468695
O19520,8,Fashion,Semarang,COD,195657
O19521,4,Makanan,Solo,Transfer Bank,494310
O19522,1,Makanan,Magelang,COD,104244
O19523,4,Kesehatan,Purworejo,Transfer Bank,243593
O19524,7,Elektronik,Yogyakarta,COD,301777
O19525,16,Rumah Tangga,Semarang,Transfer Bank,54775
O19526,10,Elektronik,Purworejo,COD,98768
O19527,6,Elektronik,Magelang,COD,386640
O19528,10,Rumah Tangga,Semarang,E-Wallet,133951
O19529,5,Makanan,Purworejo,COD,78336
O19530,11,Kesehatan,Magelang,Kartu Kredit,166473
O19531,9,Kesehatan,Purworejo,COD,399743
O19532,7,Makanan,Yogyakarta,E-Wallet,364760
O19533,9,Kesehatan,Magelang,Kartu Kredit,253695
O19534,8,Elektronik,Semarang,Kartu Kredit,267124
O19535,16,Fashion,Yogyakarta,E-Wallet,109115
O19536,12,Fashion,Yogyakarta,COD,322352
O19537,7,Elektronik,Semarang,E-Wallet,278718
O19538,15,Fashion,Magelang,COD,207685
O19539,4,Kesehatan,Solo,Kartu Kredit,278935
O19540,13,Makanan,Purworejo,E-Wallet,385107
O19541,8,Makanan,Solo,Kartu Kredit,488814
O19542,17,Fashion,Semarang,Transfer Bank,261846
O19543,20,Elektronik,Magelang,Kartu Kredit,147985
O19544,6,Makanan,Purworejo,Kartu Kredit,90966
O19545,10,Fashion,Purworejo,E-Wallet,198377
O19546,17,Fashion,Purworejo,Transfer Bank,393594
O19547,13,Elektronik,Solo,COD,64271
O19548,5,Elektronik,Magelang,E-Wallet,54456
O19549,18,Elektronik,Magelang,Transfer Bank,387411
O19550,13,Elektronik,Semarang,COD,94250
O19551,12,Elektronik,Semarang,E-Wallet,403909
O19552,9,Rumah Tangga,Yogyakarta,Kartu Kredit,453626
O19553,17,Makanan,Purworejo,Transfer Bank,361059
O19554,10,Fashion,Purworejo,E-Wallet,131858
O19555,17,Kesehatan,Yogyakarta,Transfer Bank,64000
O19556,1,Fashion,Semarang,Kartu Kredit,420259
O19557,15,Rumah Tangga,Semarang,E-Wallet,164546
O19558,4,Fashion,Semarang,Kartu Kredit,207170
O19559,4,Makanan,Solo,COD,238563
O19560,1,Fashion,Yogyakarta,Kartu Kredit,60451
O19561,8,Makanan,Yogyakarta,Transfer Bank,156666
O19562,16,Makanan,Solo,E-Wallet,279699
O19563,20,Makanan,Solo,Kartu Kredit,161702
O19564,3,Elektronik,Yogyakarta,E-Wallet,176072
O19565,1,Kesehatan,Yogyakarta,Kartu Kredit,179271
O19566,6,Rumah Tangga,Yogyakarta,E-Wallet,476780
O19567,5,Elektronik,Magelang,Transfer Bank,276258
O19568,7,Makanan,Semarang,Kartu Kredit,414953
O19569,19,Elektronik,Magelang,Transfer Bank,364112
O19570,2,Rumah Tangga,Semarang,COD,202950
O19571,9,Makanan,Solo,Kartu Kredit,104481
O19572,20,Makanan,Purworejo,COD,131058
O19573,12,Elektronik,Purworejo,Transfer Bank,292249
O19574,6,Fashion,Purworejo,E-Wallet,431165
O19575,14,Kesehatan,Yogyakarta,Kartu Kredit,62325
O19576,11,Makanan,Semarang,Transfer Bank,453336
O19577,18,Elektronik,Semarang,E-Wallet,352695
O19578,11,Kesehatan,Magelang,Kartu Kredit,250585
O19579,14,Makanan,Magelang,Transfer Bank,249085
O19580,2,Makanan,Magelang,Transfer Bank,306530
O19581,17,Makanan,Solo,Kartu Kredit,206627
O19582,9,Kesehatan,Solo,Transfer Bank,474481
O19583,2,Makanan,Solo,E-Wallet,103969
O19584,17,Elektronik,Magelang,COD,245657
O19585,20,Fashion,Purworejo,COD,119665
O19586,18,Fashion,Purworejo,E-Wallet,366844
O19587,15,Kesehatan,Magelang,COD,423991
O19588,8,Rumah Tangga,Yogyakarta,Transfer Bank,406960
O19589,12,Makanan,Solo,E-Wallet,91121
O19590,11,Makanan,Magelang,Kartu Kredit,345252
O19591,8,Rumah Tangga,Semarang,E-Wallet,216000
O19592,3,Kesehatan,Semarang,Transfer Bank,267173
O19593,11,Makanan,Solo,Transfer Bank,119824
O19594,20,Kesehatan,Semarang,COD,132638
O19595,1,Elektronik,Purworejo,Kartu Kredit,319618
O19596,16,Rumah Tangga,Purworejo,Kartu Kredit,272863
O19597,12,Rumah Tangga,Semarang,Transfer Bank,176122
O19598,15,Fashion,Solo,COD,195226
O19599,8,Fashion,Purworejo,COD,73197
O19600,11,Rumah Tangga,Magelang,E-Wallet,271034
O19601,6,Kesehatan,Solo,Kartu Kredit,462656
O19602,3,Elektronik,Semarang,Transfer Bank,469378
O19603,16,Makanan,Semarang,COD,166288
O19604,5,Fashion,Yogyakarta,Transfer Bank,230381
O19605,8,Makanan,Semarang,Transfer Bank,268562
O19606,14,Makanan,Solo,E-Wallet,263278
O19607,2,Elektronik,Purworejo,Kartu Kredit,320938
O19608,17,Makanan,Magelang,Kartu Kredit,252192
O19609,1,Makanan,Solo,Transfer Bank,242206
O19610,9,Rumah Tangga,Solo,COD,347759
O19611,15,Fashion,Yogyakarta,COD,237224
O19612,6,Rumah Tangga,Magelang,Transfer Bank,124418
O19613,10,Kesehatan,Solo,E-Wallet,206445
O19614,11,Elektronik,Solo,Transfer Bank,80119
O19615,11,Rumah Tangga,Purworejo,COD,270900
O19616,10,Rumah Tangga,Solo,Transfer Bank,80538
O19617,17,Elektronik,Solo,Transfer Bank,430484
O19618,17,Elektronik,Magelang,Kartu Kredit,189693
O19619,10,Kesehatan,Purworejo,Transfer Bank,173100
O19620,18,Fashion,Purworejo,COD,198789
O19621,10,Fashion,Semarang,E-Wallet,353599
O19622,7,Fashion,Purworejo,Transfer Bank,322796
O19623,2,Elektronik,Purworejo,Transfer Bank,249739
O19624,2,Fashion,Magelang,Transfer Bank,226328
O19625,16,Makanan,Semarang,Kartu Kredit,215971
O19626,1,Fashion,Yogyakarta,Transfer Bank,178859
O19627,19,Rumah Tangga,Semarang,E-Wallet,419091
O19628,10,Fashion,Yogyakarta,Kartu Kredit,413275
O19629,2,Fashion,Semarang,E-Wallet,60973
O19630,16,Kesehatan,Semarang,Transfer Bank,71179
O19631,1,Rumah Tangga,Semarang,E-Wallet,124240
O19632,9,Elektronik,Semarang,COD,400341
O19633,12,Makanan,Semarang,COD,393300
O19634,12,Fashion,Purworejo,E-Wallet,426394
O19635,12,Fashion,Yogyakarta,Transfer Bank,180060
O19636,19,Kesehatan,Yogyakarta,E-Wallet,268198
O19637,2,Makanan,Yogyakarta,Kartu Kredit,358705
O19638,14,Fashion,Semarang,Transfer Bank,475310
O19639,15,Kesehatan,Semarang,Kartu Kredit,397591
O19640,8,Kesehatan,Solo,Transfer Bank,381423
O19641,13,Rumah Tangga,Semarang,Kartu Kredit,70792
O19642,7,Fashion,Magelang,Transfer Bank,77819
O19643,17,Rumah Tangga,Magelang,COD,115989
O19644,12,Elektronik,Semarang,E-Wallet,230107
O19645,17,Rumah Tangga,Yogyakarta,Transfer Bank,65335
O19646,4,Makanan,Purworejo,E-Wallet,441032
O19647,6,Fashion,Semarang,E-Wallet,197901
O19648,18,Elektronik,Semarang,E-Wallet,62965
O19649,19,Rumah Tangga,Yogyakarta,COD,199720
O19650,3,Fashion,Solo,COD,317126
O19651,17,Fashion,Solo,Transfer Bank,458387
O19652,4,Elektronik,Purworejo,COD,267548
O19653,2,Fashion,Semarang,Transfer Bank,296840
O19654,17,Kesehatan,Magelang,E-Wallet,216120
O19655,12,Makanan,Solo,E-Wallet,392159
O19656,20,Elektronik,Semarang,Transfer Bank,295364
O19657,4,Rumah Tangga,Semarang,Kartu Kredit,284099
O19658,8,Kesehatan,Purworejo,Transfer Bank,400950
O19659,6,Fashion,Semarang,E-Wallet,410329
O19660,8,Makanan,Solo,COD,97398
O19661,16,Elektronik,Yogyakarta,Kartu Kredit,368709
O19662,8,Kesehatan,Yogyakarta,Transfer Bank,217714
O19663,3,Rumah Tangga,Magelang,E-Wallet,151283
O19664,20,Fashion,Yogyakarta,Kartu Kredit,130014
O19665,10,Fashion,Purworejo,E-Wallet,350391
O19666,11,Makanan,Purworejo,Transfer Bank,383557
O19667,14,Fashion,Solo,Kartu Kredit,171637
O19668,19,Kesehatan,Yogyakarta,E-Wallet,196874
O19669,17,Elektronik,Magelang,E-Wallet,382061
O19670,1,Elektronik,Yogyakarta,Kartu Kredit,240759
O19671,11,Kesehatan,Magelang,Transfer Bank,377811
O19672,4,Elektronik,Yogyakarta,Kartu Kredit,282640
O19673,13,Kesehatan,Solo,Kartu Kredit,193451
O19674,1,Fashion,Solo,COD,251961
O19675,6,Rumah Tangga,Solo,COD,248284
O19676,2,Rumah Tangga,Yogyakarta,COD,445707
O19677,10,Elektronik,Magelang,E-Wallet,417451
O19678,15,Makanan,Solo,Transfer Bank,393263
O19679,19,Elektronik,Purworejo,E-Wallet,71606
O19680,6,Elektronik,Semarang,COD,257821
O19681,9,Makanan,Solo,E-Wallet,459669
O19682,14,Makanan,Solo,Transfer Bank,317748
O19683,11,Rumah Tangga,Yogyakarta,COD,110374
O19684,4,Makanan,Purworejo,Kartu Kredit,340284
O19685,7,Rumah Tangga,Semarang,Kartu Kredit,426332
O19686,8,Makanan,Magelang,COD,429993
O19687,18,Rumah Tangga,Magelang,Transfer Bank,320216
O19688,7,Elektronik,Semarang,Kartu Kredit,410623
O19689,13,Makanan,Yogyakarta,E-Wallet,231282
O19690,10,Fashion,Solo,Transfer Bank,238125
O19691,3,Makanan,Solo,Transfer Bank,433637
O19692,17,Fashion,Magelang,COD,230455
O19693,13,Fashion,Yogyakarta,Kartu Kredit,353547
O19694,5,Elektronik,Semarang,E-Wallet,414450
O19695,17,Fashion,Purworejo,Kartu Kredit,225123
O19696,4,Makanan,Semarang,Kartu Kredit,278318
O19697,17,Fashion,Yogyakarta,COD,314712
O19698,9,Makanan,Yogyakarta,COD,421331
O19699,14,Makanan,Purworejo,Transfer Bank,235385
O19700,19,Fashion,Solo,Transfer Bank,86612
O19701,8,Rumah Tangga,Purworejo,Transfer Bank,491745
O19702,3,Kesehatan,Yogyakarta,COD,491729
O19703,4,Elektronik,Semarang,Transfer Bank,295882
O19704,1,Kesehatan,Yogyakarta,Transfer Bank,411323
O19705,9,Kesehatan,Solo,E-Wallet,363769
O19706,11,Fashion,Purworejo,COD,166069
O19707,8,Fashion,Yogyakarta,COD,70456
O19708,7,Makanan,Semarang,COD,343930
O19709,14,Elektronik,Purworejo,Kartu Kredit,390191
O19710,8,Makanan,Solo,Kartu Kredit,185479
O19711,9,Fashion,Yogyakarta,COD,205422
O19712,12,Rumah Tangga,Yogyakarta,Transfer Bank,73763
O19713,15,Kesehatan,Magelang,Kartu Kredit,485176
O19714,19,Rumah Tangga,Solo,COD,454853
O19715,16,Rumah Tangga,Yogyakarta,E-Wallet,436380
O19716,18,Rumah Tangga,Solo,COD,418514
O19717,2,Kesehatan,Purworejo,COD,113133
O19718,2,Elektronik,Purworejo,Transfer Bank,335354
O19719,3,Makanan,Solo,Kartu Kredit,464350
O19720,9,Rumah Tangga,Semarang,E-Wallet,358535
O19721,10,Fashion,Magelang,Kartu Kredit,281497
O19722,9,Rumah Tangga,Semarang,Kartu Kredit,143294
O19723,15,Rumah Tangga,Purworejo,COD,343349
O19724,16,Fashion,Semarang,Transfer Bank,170422
O19725,4,Rumah Tangga,Solo,E-Wallet,278227
O19726,6,Kesehatan,Semarang,Transfer Bank,382934
O19727,13,Kesehatan,Magelang,Transfer Bank,298819
O19728,7,Rumah Tangga,Yogyakarta,E-Wallet,218253
O19729,8,Rumah Tangga,Solo,Kartu Kredit,251597
O19730,11,Fashion,Solo,COD,120355
O19731,7,Kesehatan,Semarang,E-Wallet,164580
O19732,9,Fashion,Solo,COD,126397
O19733,20,Rumah Tangga,Solo,Transfer Bank,140578
O19734,9,Makanan,Solo,E-Wallet,465790
O19735,15,Rumah Tangga,Magelang,E-Wallet,107057
O19736,14,Fashion,Solo,Kartu Kredit,472750
O19737,8,Makanan,Magelang,COD,194718
O19738,6,Rumah Tangga,Magelang,COD,361916
O19739,8,Makanan,Magelang,Kartu Kredit,442503
O19740,5,Elektronik,Purworejo,E-Wallet,146544
O19741,6,Makanan,Solo,COD,99179
O19742,10,Kesehatan,Purworejo,COD,351376
O19743,8,Rumah Tangga,Magelang,Transfer Bank,247771
O19744,19,Rumah Tangga,Yogyakarta,COD,243556
O19745,2,Rumah Tangga,Semarang,Kartu Kredit,165809
O19746,14,Elektronik,Purworejo,Transfer Bank,93556
O19747,9,Elektronik,Purworejo,E-Wallet,241909
O19748,9,Elektronik,Semarang,E-Wallet,306102
O19749,15,Elektronik,Yogyakarta,Kartu Kredit,60210
O19750,7,Elektronik,Purworejo,Transfer Bank,218010
O19751,10,Kesehatan,Solo,Transfer Bank,74916
O19752,11,Kesehatan,Solo,Kartu Kredit,321469
O19753,1,Fashion,Semarang,Transfer Bank,471375
O19754,17,Elektronik,Solo,Transfer Bank,462000
O19755,20,Fashion,Magelang,E-Wallet,444681
O19756,8,Makanan,Semarang,Kartu Kredit,282551
O19757,10,Elektronik,Purworejo,E-Wallet,368907
O19758,13,Kesehatan,Solo,Kartu Kredit,480035
O19759,5,Fashion,Purworejo,Kartu Kredit,53726
O19760,6,Rumah Tangga,Purworejo,Kartu Kredit,436118
O19761,17,Kesehatan,Semarang,E-Wallet,369370
O19762,3,Elektronik,Magelang,Kartu Kredit,390744
O19763,17,Makanan,Purworejo,Transfer Bank,141717
O19764,14,Makanan,Yogyakarta,COD,149039
O19765,8,Kesehatan,Yogyakarta,E-Wallet,150303
O19766,6,Fashion,Semarang,E-Wallet,210630
O19767,4,Elektronik,Solo,Transfer Bank,304800
O19768,11,Elektronik,Solo,E-Wallet,348625
O19769,2,Makanan,Magelang,COD,411948
O19770,17,Rumah Tangga,Magelang,Kartu Kredit,394922
O19771,20,Makanan,Solo,Kartu Kredit,285797
O19772,8,Fashion,Semarang,Transfer Bank,62728
O19773,13,Kesehatan,Yogyakarta,Transfer Bank,262448
O19774,17,Elektronik,Yogyakarta,Kartu Kredit,375313
O19775,1,Rumah Tangga,Semarang,Kartu Kredit,270385
O19776,8,Rumah Tangga,Solo,Transfer Bank,437753
O19777,18,Makanan,Purworejo,COD,201534
O19778,15,Rumah Tangga,Purworejo,Kartu Kredit,211285
O19779,2,Kesehatan,Yogyakarta,Kartu Kredit,322514
O19780,11,Fashion,Yogyakarta,COD,231408
O19781,12,Fashion,Purworejo,Kartu Kredit,92163
O19782,11,Rumah Tangga,Semarang,Kartu Kredit,412191
O19783,13,Kesehatan,Purworejo,Transfer Bank,442124
O19784,20,Fashion,Purworejo,COD,281044
O19785,4,Rumah Tangga,Magelang,Kartu Kredit,179135
O19786,13,Kesehatan,Semarang,Transfer Bank,361963
O19787,1,Kesehatan,Yogyakarta,Transfer Bank,308841
O19788,14,Fashion,Purworejo,E-Wallet,466216
O19789,2,Kesehatan,Semarang,COD,74431
O19790,15,Elektronik,Magelang,COD,429448
O19791,13,Kesehatan,Purworejo,E-Wallet,64256
O19792,7,Kesehatan,Purworejo,Transfer Bank,362636
O19793,11,Makanan,Magelang,E-Wallet,330420
O19794,12,Rumah Tangga,Magelang,E-Wallet,296814
O19795,9,Rumah Tangga,Magelang,Transfer Bank,382964
O19796,3,Makanan,Solo,Transfer Bank,256039
O19797,5,Rumah Tangga,Semarang,Kartu Kredit,179158
O19798,4,Kesehatan,Magelang,COD,122144
O19799,15,Elektronik,Yogyakarta,Kartu Kredit,157833
O19800,6,Makanan,Semarang,E-Wallet,61282
O19801,2,Kesehatan,Magelang,COD,259682
O19802,8,Kesehatan,Semarang,Kartu Kredit,424720
O19803,20,Fashion,Yogyakarta,COD,146028
O19804,8,Makanan,Purworejo,E-Wallet,497409
O19805,15,Rumah Tangga,Solo,Kartu Kredit,336145
O19806,10,Elektronik,Magelang,COD,273603
O19807,14,Kesehatan,Solo,Transfer Bank,79173
O19808,11,Rumah Tangga,Purworejo,Kartu Kredit,324774
O19809,3,Kesehatan,Magelang,Kartu Kredit,249843
O19810,18,Rumah Tangga,Solo,Kartu Kredit,85681
O19811,7,Rumah Tangga,Yogyakarta,Transfer Bank,240483
O19812,6,Fashion,Purworejo,E-Wallet,165459
O19813,20,Fashion,Semarang,COD,292764
O19814,9,Elektronik,Magelang,COD,218751
O19815,3,Kesehatan,Semarang,Kartu Kredit,151304
O19816,13,Kesehatan,Solo,E-Wallet,427752
O19817,19,Kesehatan,Purworejo,Kartu Kredit,488927
O19818,9,Elektronik,Purworejo,E-Wallet,321903
O19819,16,Kesehatan,Purworejo,Transfer Bank,145862
O19820,2,Elektronik,Solo,E-Wallet,229074
O19821,11,Fashion,Magelang,Transfer Bank,335427
O19822,13,Elektronik,Solo,COD,290442
O19823,19,Makanan,Purworejo,COD,293045
O19824,8,Rumah Tangga,Purworejo,COD,189179
O19825,10,Fashion,Purworejo,Transfer Bank,132930
O19826,11,Fashion,Solo,COD,386751
O19827,14,Rumah Tangga,Solo,COD,305076
O19828,14,Makanan,Purworejo,COD,277365
O19829,17,Makanan,Yogyakarta,E-Wallet,299858
O19830,12,Elektronik,Semarang,Transfer Bank,262181
O19831,11,Makanan,Magelang,COD,226978
O19832,1,Makanan,Semarang,Transfer Bank,109246
O19833,10,Elektronik,Yogyakarta,Kartu Kredit,97638
O19834,1,Makanan,Yogyakarta,E-Wallet,396629
O19835,14,Elektronik,Magelang,Transfer Bank,334390
O19836,12,Rumah Tangga,Magelang,E-Wallet,364700
O19837,3,Elektronik,Solo,COD,133911
O19838,2,Rumah Tangga,Yogyakarta,Kartu Kredit,348810
O19839,16,Kesehatan,Yogyakarta,E-Wallet,90166
O19840,17,Makanan,Semarang,Transfer Bank,300270
O19841,1,Fashion,Yogyakarta,E-Wallet,402046
O19842,1,Fashion,Magelang,COD,395007
O19843,3,Makanan,Magelang,COD,95244
O19844,17,Kesehatan,Solo,Transfer Bank,110379
O19845,3,Makanan,Semarang,COD,402620
O19846,11,Kesehatan,Purworejo,Kartu Kredit,275669
O19847,6,Elektronik,Magelang,Kartu Kredit,315507
O19848,4,Rumah Tangga,Yogyakarta,COD,202688
O19849,18,Elektronik,Magelang,Kartu Kredit,398839
O19850,1,Kesehatan,Solo,Transfer Bank,270896
O19851,20,Makanan,Magelang,E-Wallet,160496
O19852,3,Kesehatan,Yogyakarta,Transfer Bank,248323
O19853,9,Rumah Tangga,Purworejo,E-Wallet,364322
O19854,5,Kesehatan,Semarang,Kartu Kredit,155008
O19855,17,Kesehatan,Yogyakarta,COD,197906
O19856,5,Kesehatan,Solo,Transfer Bank,277509
O19857,2,Makanan,Semarang,Transfer Bank,178654
O19858,20,Rumah Tangga,Yogyakarta,Transfer Bank,360236
O19859,10,Rumah Tangga,Magelang,COD,342099
O19860,3,Fashion,Magelang,Kartu Kredit,360046
O19861,8,Kesehatan,Purworejo,Kartu Kredit,384216
O19862,6,Fashion,Yogyakarta,E-Wallet,325176
O19863,14,Makanan,Purworejo,Transfer Bank,282248
O19864,3,Kesehatan,Magelang,E-Wallet,454820
O19865,1,Makanan,Purworejo,E-Wallet,341240
O19866,10,Fashion,Purworejo,Transfer Bank,214020
O19867,7,Fashion,Magelang,Kartu Kredit,195222
O19868,8,Rumah Tangga,Magelang,COD,490985
O19869,17,Elektronik,Yogyakarta,Transfer Bank,393840
O19870,12,Fashion,Magelang,E-Wallet,387425
O19871,14,Makanan,Semarang,COD,458088
O19872,20,Kesehatan,Yogyakarta,Kartu Kredit,413284
O19873,3,Kesehatan,Magelang,Kartu Kredit,480167
O19874,5,Kesehatan,Yogyakarta,COD,80102
O19875,15,Elektronik,Yogyakarta,E-Wallet,127879
O19876,19,Fashion,Semarang,E-Wallet,113884
O19877,13,Rumah Tangga,Solo,E-Wallet,308584
O19878,12,Elektronik,Yogyakarta,COD,198686
O19879,8,Fashion,Semarang,Transfer Bank,477453
O19880,20,Elektronik,Yogyakarta,Transfer Bank,291217
O19881,17,Elektronik,Magelang,Kartu Kredit,362389
O19882,4,Kesehatan,Magelang,E-Wallet,498585
O19883,18,Elektronik,Purworejo,COD,56454
O19884,9,Elektronik,Magelang,Transfer Bank,293602
O19885,5,Fashion,Solo,COD,90121
O19886,1,Elektronik,Magelang,Transfer Bank,280087
O19887,15,Elektronik,Purworejo,Transfer Bank,248565
O19888,16,Fashion,Solo,Kartu Kredit,394223
O19889,19,Fashion,Solo,Kartu Kredit,343496
O19890,18,Elektronik,Magelang,Transfer Bank,453022
O19891,20,Makanan,Solo,E-Wallet,406420
O19892,19,Makanan,Solo,E-Wallet,322644
O19893,7,Fashion,Semarang,Transfer Bank,316778
O19894,10,Kesehatan,Purworejo,COD,498031
O19895,9,Fashion,Solo,Kartu Kredit,71403
O19896,14,Fashion,Purworejo,COD,376948
O19897,19,Elektronik,Purworejo,Transfer Bank,274439
O19898,6,Makanan,Magelang,Transfer Bank,434387
O19899,19,Fashion,Purworejo,Transfer Bank,97182
O19900,11,Elektronik,Purworejo,COD,179768
O19901,20,Rumah Tangga,Yogyakarta,Transfer Bank,421722
O19902,2,Makanan,Semarang,Kartu Kredit,463626
O19903,6,Makanan,Magelang,Kartu Kredit,355018
O19904,20,Elektronik,Purworejo,Kartu Kredit,294880
O19905,5,Elektronik,Yogyakarta,Transfer Bank,174919
O19906,9,Elektronik,Yogyakarta,COD,484113
O19907,16,Rumah Tangga,Semarang,COD,385059
O19908,14,Makanan,Magelang,Kartu Kredit,471453
O19909,1,Rumah Tangga,Magelang,COD,425342
O19910,17,Makanan,Yogyakarta,Kartu Kredit,282927
O19911,7,Fashion,Yogyakarta,Transfer Bank,375612
O19912,18,Rumah Tangga,Yogyakarta,COD,313518
O19913,13,Fashion,Yogyakarta,Kartu Kredit,78055
O19914,9,Rumah Tangga,Yogyakarta,Kartu Kredit,364242
O19915,14,Elektronik,Magelang,E-Wallet,91845
O19916,19,Makanan,Purworejo,COD,425324
O19917,2,Fashion,Yogyakarta,Kartu Kredit,447713
O19918,10,Elektronik,Magelang,Transfer Bank,450677
O19919,4,Fashion,Solo,Kartu Kredit,183016
O19920,3,Rumah Tangga,Solo,Kartu Kredit,326670
O19921,10,Rumah Tangga,Purworejo,COD,377457
O19922,12,Rumah Tangga,Solo,E-Wallet,383082
O19923,9,Kesehatan,Magelang,Transfer Bank,217584
O19924,5,Rumah Tangga,Yogyakarta,Transfer Bank,332833
O19925,17,Elektronik,Solo,COD,330109
O19926,14,Rumah Tangga,Purworejo,COD,191972
O19927,15,Elektronik,Semarang,E-Wallet,124220
O19928,5,Kesehatan,Purworejo,Transfer Bank,321279
O19929,7,Elektronik,Semarang,Transfer Bank,246176
O19930,4,Fashion,Solo,COD,54778
O19931,3,Kesehatan,Yogyakarta,E-Wallet,159714
O19932,1,Fashion,Magelang,E-Wallet,437678
O19933,11,Kesehatan,Purworejo,Kartu Kredit,352214
O19934,20,Kesehatan,Purworejo,COD,119770
O19935,7,Rumah Tangga,Yogyakarta,E-Wallet,473002
O19936,16,Makanan,Semarang,E-Wallet,165388
O19937,9,Fashion,Yogyakarta,Kartu Kredit,416450
O19938,8,Rumah Tangga,Solo,COD,436497
O19939,1,Kesehatan,Purworejo,COD,260376
O19940,15,Makanan,Solo,E-Wallet,122229
O19941,5,Makanan,Semarang,E-Wallet,110936
O19942,3,Makanan,Magelang,COD,263255
O19943,16,Fashion,Solo,E-Wallet,104122
O19944,20,Rumah Tangga,Magelang,Transfer Bank,469890
O19945,3,Makanan,Yogyakarta,COD,281114
O19946,1,Elektronik,Yogyakarta,COD,136376
O19947,14,Kesehatan,Purworejo,COD,311170
O19948,6,Makanan,Semarang,Transfer Bank,361245
O19949,2,Makanan,Semarang,COD,429327
O19950,6,Kesehatan,Purworejo,E-Wallet,298914
O19951,14,Makanan,Purworejo,Kartu Kredit,468908
O19952,18,Elektronik,Yogyakarta,Kartu Kredit,122543
O19953,11,Rumah Tangga,Magelang,Transfer Bank,390147
O19954,14,Elektronik,Yogyakarta,Transfer Bank,397458
O19955,14,Rumah Tangga,Magelang,Transfer Bank,172513
O19956,20,Kesehatan,Yogyakarta,Transfer Bank,429584
O19957,10,Elektronik,Purworejo,Kartu Kredit,447100
O19958,18,Fashion,Magelang,Transfer Bank,410447
O19959,11,Rumah Tangga,Purworejo,Kartu Kredit,445948
O19960,12,Rumah Tangga,Solo,Transfer Bank,123392
O19961,19,Elektronik,Solo,Transfer Bank,382639
O19962,12,Makanan,Purworejo,COD,201490
O19963,15,Kesehatan,Magelang,Kartu Kredit,205955
O19964,6,Makanan,Solo,Transfer Bank,352293
O19965,6,Kesehatan,Semarang,Transfer Bank,68070
O19966,19,Elektronik,Yogyakarta,E-Wallet,418548
O19967,20,Elektronik,Purworejo,E-Wallet,66649
O19968,4,Kesehatan,Magelang,Kartu Kredit,130562
O19969,13,Fashion,Magelang,E-Wallet,333726
O19970,12,Fashion,Yogyakarta,Transfer Bank,355000
O19971,15,Elektronik,Solo,Transfer Bank,243305
O19972,17,Kesehatan,Solo,COD,215638
O19973,16,Makanan,Solo,Kartu Kredit,424542
O19974,8,Makanan,Yogyakarta,Kartu Kredit,224904
O19975,15,Fashion,Magelang,Transfer Bank,313113
O19976,4,Makanan,Solo,Transfer Bank,415011
O19977,1,Rumah Tangga,Yogyakarta,E-Wallet,232374
O19978,15,Kesehatan,Semarang,E-Wallet,140624
O19979,2,Rumah Tangga,Purworejo,Transfer Bank,118162
O19980,19,Makanan,Solo,E-Wallet,387557
O19981,20,Elektronik,Purworejo,Kartu Kredit,54335
O19982,3,Fashion,Semarang,Kartu Kredit,318391
O19983,15,Rumah Tangga,Magelang,COD,219873
O19984,12,Makanan,Purworejo,Transfer Bank,175775
O19985,13,Kesehatan,Yogyakarta,Kartu Kredit,281317
O19986,20,Kesehatan,Semarang,E-Wallet,289493
O19987,7,Elektronik,Purworejo,Kartu Kredit,54594
O19988,6,Rumah Tangga,Magelang,Transfer Bank,205945
O19989,1,Elektronik,Semarang,Transfer Bank,107225
O19990,16,Fashion,Solo,Transfer Bank,247337
O19991,16,Elektronik,Solo,Transfer Bank,235592
O19992,19,Rumah Tangga,Purworejo,E-Wallet,382934
O19993,20,Elektronik,Purworejo,Transfer Bank,74813
O19994,6,Kesehatan,Solo,Transfer Bank,373062
O19995,5,Elektronik,Magelang,E-Wallet,242391
O19996,2,Kesehatan,Solo,Transfer Bank,418819
O19997,19,Fashion,Yogyakarta,Transfer Bank,323554
O19998,16,Rumah Tangga,Solo,E-Wallet,333335
O19999,14,Elektronik,Semarang,E-Wallet,241804
