order_id,product_id,unit_terjual,tanggal
TX0,21,2,2026-10-10T00:00:00.000000000
TX1,8,6,2026-10-25T00:00:00.000000000
TX2,25,4,2026-10-13T00:00:00.000000000
TX3,3,4,2026-10-18T00:00:00.000000000
TX4,19,6,2026-10-07T00:00:00.000000000
TX5,10,3,2026-10-01T00:00:00.000000000
TX6,26,6,2026-10-24T00:00:00.000000000
TX7,4,1,2026-10-03T00:00:00.000000000
TX8,7,2,2026-10-09T00:00:00.000000000
TX9,30,1,2026-10-27T00:00:00.000000000
TX10,20,1,2026-10-04T00:00:00.000000000
TX11,15,4,2026-10-01T00:00:00.000000000
TX12,29,3,2026-10-02T00:00:00.000000000
TX13,11,7,2026-10-24T00:00:00.000000000
TX14,14,1,2026-10-01T00:00:00.000000000
TX15,4,4,2026-10-06T00:00:00.000000000
TX16,2,7,2026-10-04T00:00:00.000000000
TX17,14,4,2026-10-28T00:00:00.000000000
TX18,13,5,2026-10-12T00:00:00.000000000
TX19,27,5,2026-10-23T00:00:00.000000000
TX20,8,2,2026-10-20T00:00:00.000000000
TX21,13,1,2026-10-24T00:00:00.000000000
TX22,12,4,2026-10-21T00:00:00.000000000
TX23,23,5,2026-10-01T00:00:00.000000000
TX24,17,7,2026-10-13T00:00:00.000000000
TX25,17,2,2026-10-04T00:00:00.000000000
TX26,11,2,2026-10-27T00:00:00.000000000
TX27,7,1,2026-10-28T00:00:00.000000000
TX28,23,5,2026-10-24T00:00:00.000000000
TX29,17,5,2026-10-21T00:00:00.000000000
TX30,21,5,2026-10-17T00:00:00.000000000
TX31,25,7,2026-10-31T00:00:00.000000000
TX32,9,6,2026-10-09T00:00:00.000000000
TX33,20,4,2026-10-19T00:00:00.000000000
TX34,24,3,2026-10-19T00:00:00.000000000
TX35,10,7,2026-10-21T00:00:00.000000000
TX36,4,4,2026-10-30T00:00:00.000000000
TX37,20,1,2026-10-26T00:00:00.000000000
TX38,8,6,2026-10-13T00:00:00.000000000
TX39,11,4,2026-10-05T00:00:00.000000000
TX40,4,2,2026-10-31T00:00:00.000000000
TX41,8,3,2026-10-29T00:00:00.000000000
TX42,19,6,2026-10-01T00:00:00.000000000
TX43,18,4,2026-10-23T00:00:00.000000000
TX44,29,7,2026-10-27T00:00:00.000000000
TX45,4,5,2026-10-25T00:00:00.000000000
TX46,12,7,2026-10-30T00:00:00.000000000
TX47,12,1,2026-10-22T00:00:00.000000000
TX48,23,4,2026-10-25T00:00:00.000000000
TX49,26,1,2026-10-28T00:00:00.000000000
TX50,27,1,2026-10-05T00:00:00.000000000
TX51,1,7,2026-10-01T00:00:00.000000000
TX52,17,4,2026-10-01T00:00:00.000000000
TX53,13,1,2026-10-08T00:00:00.000000000
TX54,21,7,2026-10-14T00:00:00.000000000
TX55,26,7,2026-10-18T00:00:00.000000000
TX56,15,5,2026-10-19T00:00:00.000000000
TX57,19,3,2026-10-18T00:00:00.000000000
TX58,22,1,2026-10-04T00:00:00.000000000
TX59,27,5,2026-10-06T00:00:00.000000000
TX60,24,5,2026-10-23T00:00:00.000000000
TX61,12,6,2026-10-14T00:00:00.000000000
TX62,29,6,2026-10-18T00:00:00.000000000
TX63,2,1,2026-10-02T00:00:00.000000000
TX64,18,3,2026-10-04T00:00:00.000000000
TX65,16,3,2026-10-17T00:00:00.000000000
TX66,5,5,2026-10-04T00:00:00.000000000
TX67,2,3,2026-10-23T00:00:00.000000000
TX68,12,7,2026-10-04T00:00:00.000000000
TX69,2,5,2026-10-28T00:00:00.000000000
TX70,16,6,2026-10-22T00:00:00.000000000
TX71,16,2,2026-10-08T00:00:00.000000000
TX72,15,1,2026-10-06T00:00:00.000000000
TX73,15,6,2026-10-14T00:00:00.000000000
TX74,29,5,2026-10-24T00:00:00.000000000
TX75,9,4,2026-10-17T00:00:00.000000000
TX76,11,4,2026-10-08T00:00:00.000000000
TX77,21,6,2026-10-10T00:00:00.000000000
TX78,25,1,2026-10-24T00:00:00.000000000
TX79,13,2,2026-10-13T00:00:00.000000000
TX80,20,5,2026-10-08T00:00:00.000000000
TX81,29,7,2026-10-25T00:00:00.000000000
TX82,28,3,2026-10-16T00:00:00.000000000
TX83,22,3,2026-10-12T00:00:00.000000000
TX84,11,5,2026-10-10T00:00:00.000000000
TX85,9,1,2026-10-22T00:00:00.000000000
TX86,1,1,2026-10-29T00:00:00.000000000
TX87,26,6,2026-10-04T00:00:00.000000000
TX88,14,1,2026-10-01T00:00:00.000000000
TX89,24,2,2026-10-18T00:00:00.000000000
TX90,27,5,2026-10-15T00:00:00.000000000
TX91,16,6,2026-10-08T00:00:00.000000000
TX92,15,7,2026-10-28T00:00:00.000000000
TX93,8,6,2026-10-08T00:00:00.000000000
TX94,26,2,2026-10-15T00:00:00.000000000
TX95,29,4,2026-10-17T00:00:00.000000000
TX96,23,7,2026-10-22T00:00:00.000000000
TX97,10,7,2026-10-19T00:00:00.000000000
TX98,18,5,2026-10-17T00:00:00.000000000
TX99,28,1,2026-10-21T00:00:00.000000000
TX100,12,6,2026-10-08T00:00:00.000000000
TX101,28,3,2026-10-03T00:00:00.000000000
TX102,6,6,2026-10-13T00:00:00.000000000
TX103,15,7,2026-10-30T00:00:00.000000000
TX104,28,2,2026-10-17T00:00:00.000000000
TX105,28,6,2026-10-30T00:00:00.000000000
TX106,11,4,2026-10-23T00:00:00.000000000
TX107,28,2,2026-10-09T00:00:00.000000000
TX108,1,6,2026-10-11T00:00:00.000000000
TX109,20,6,2026-10-25T00:00:00.000000000
TX110,12,6,2026-10-08T00:00:00.000000000
TX111,1,5,2026-10-09T00:00:00.000000000
TX112,17,1,2026-10-15T00:00:00.000000000
TX113,10,4,2026-10-13T00:00:00.000000000
TX114,29,6,2026-10-14T00:00:00.000000000
TX115,17,5,2026-10-19T00:00:00.000000000
TX116,29,5,2026-10-24T00:00:00.000000000
TX117,29,3,2026-10-19T00:00:00.000000000
TX118,20,3,2026-10-11T00:00:00.000000000
TX119,11,2,2026-10-20T00:00:00.000000000
TX120,5,1,2026-10-17T00:00:00.000000000
TX121,9,7,2026-10-11T00:00:00.000000000
TX122,22,2,2026-10-30T00:00:00.000000000
TX123,10,1,2026-10-16T00:00:00.000000000
TX124,6,3,2026-10-10T00:00:00.000000000
TX125,12,7,2026-10-20T00:00:00.000000000
TX126,9,4,2026-10-12T00:00:00.000000000
TX127,4,4,2026-10-16T00:00:00.000000000
TX128,27,5,2026-10-03T00:00:00.000000000
TX129,19,5,2026-10-12T00:00:00.000000000
TX130,6,5,2026-10-12T00:00:00.000000000
TX131,22,2,2026-10-24T00:00:00.000000000
TX132,20,7,2026-10-19T00:00:00.000000000
TX133,25,4,2026-10-10T00:00:00.000000000
TX134,28,4,2026-10-15T00:00:00.000000000
TX135,8,7,2026-10-06T00:00:00.000000000
TX136,29,3,2026-10-20T00:00:00.000000000
TX137,17,1,2026-10-07T00:00:00.000000000
TX138,18,1,2026-10-15T00:00:00.000000000
TX139,12,4,2026-10-18T00:00:00.000000000
TX140,19,6,2026-10-21T00:00:00.000000000
TX141,16,3,2026-10-17T00:00:00.000000000
TX142,24,4,2026-10-20T00:00:00.000000000
TX143,14,6,2026-10-07T00:00:00.000000000
TX144,7,3,2026-10-24T00:00:00.000000000
TX145,27,4,2026-10-21T00:00:00.000000000
TX146,3,2,2026-10-31T00:00:00.000000000
TX147,5,2,2026-10-08T00:00:00.000000000
TX148,15,5,2026-10-12T00:00:00.000000000
TX149,14,7,2026-10-28T00:00:00.000000000
TX150,6,4,2026-10-31T00:00:00.000000000
TX151,10,3,2026-10-04T00:00:00.000000000
TX152,3,1,2026-10-28T00:00:00.000000000
TX153,16,4,2026-10-22T00:00:00.000000000
TX154,2,7,2026-10-23T00:00:00.000000000
TX155,2,2,2026-10-30T00:00:00.000000000
TX156,3,7,2026-10-24T00:00:00.000000000
TX157,14,3,2026-10-05T00:00:00.000000000
TX158,3,6,2026-10-05T00:00:00.000000000
TX159,7,6,2026-10-15T00:00:00.000000000
TX160,23,4,2026-10-20T00:00:00.000000000
TX161,12,3,2026-10-15T00:00:00.000000000
TX162,8,2,2026-10-23T00:00:00.000000000
TX163,7,7,2026-10-10T00:00:00.000000000
TX164,17,2,2026-10-07T00:00:00.000000000
TX165,21,4,2026-10-28T00:00:00.000000000
TX166,29,5,2026-10-26T00:00:00.000000000
TX167,29,1,2026-10-14T00:00:00.000000000
TX168,20,2,2026-10-30T00:00:00.000000000
TX169,24,5,2026-10-29T00:00:00.000000000
TX170,22,1,2026-10-10T00:00:00.000000000
TX171,1,2,2026-10-21T00:00:00.000000000
TX172,13,6,2026-10-10T00:00:00.000000000
TX173,4,2,2026-10-09T00:00:00.000000000
TX174,29,2,2026-10-02T00:00:00.000000000
TX175,19,6,2026-10-12T00:00:00.000000000
TX176,10,1,2026-10-05T00:00:00.000000000
TX177,2,3,2026-10-06T00:00:00.000000000
TX178,6,1,2026-10-19T00:00:00.000000000
TX179,25,1,2026-10-31T00:00:00.000000000
TX180,2,4,2026-10-01T00:00:00.000000000
TX181,20,5,2026-10-16T00:00:00.000000000
TX182,4,1,2026-10-10T00:00:00.000000000
TX183,28,2,2026-10-28T00:00:00.000000000
TX184,14,4,2026-10-01T00:00:00.000000000
TX185,27,1,2026-10-03T00:00:00.000000000
TX186,19,2,2026-10-17T00:00:00.000000000
TX187,12,6,2026-10-18T00:00:00.000000000
TX188,25,4,2026-10-09T00:00:00.000000000
TX189,9,3,2026-10-01T00:00:00.000000000
TX190,7,4,2026-10-07T00:00:00.000000000
TX191,10,1,2026-10-23T00:00:00.000000000
TX192,25,3,2026-10-15T00:00:00.000000000
TX193,21,2,2026-10-24T00:00:00.000000000
TX194,21,6,2026-10-12T00:00:00.000000000
TX195,7,4,2026-10-23T00:00:00.000000000
TX196,29,1,2026-10-12T00:00:00.000000000
TX197,13,7,2026-10-06T00:00:00.000000000
TX198,8,1,2026-10-07T00:00:00.000000000
TX199,15,2,2026-10-17T00:00:00.000000000
TX200,23,3,2026-10-11T00:00:00.000000000
TX201,22,6,2026-10-12T00:00:00.000000000
TX202,9,3,2026-10-22T00:00:00.000000000
TX203,25,4,2026-10-29T00:00:00.000000000
TX204,10,4,2026-10-23T00:00:00.000000000
TX205,1,6,2026-10-29T00:00:00.000000000
TX206,8,2,2026-10-01T00:00:00.000000000
TX207,25,2,2026-10-01T00:00:00.000000000
TX208,29,1,2026-10-18T00:00:00.000000000
TX209,6,5,2026-10-29T00:00:00.000000000
TX210,9,2,2026-10-11T00:00:00.000000000
TX211,25,4,2026-10-18T00:00:00.000000000
TX212,24,2,2026-10-29T00:00:00.000000000
TX213,23,5,2026-10-12T00:00:00.000000000
TX214,1,3,2026-10-05T00:00:00.000000000
TX215,11,6,2026-10-16T00:00:00.000000000
TX216,27,7,2026-10-23T00:00:00.000000000
TX217,13,3,2026-10-11T00:00:00.000000000
TX218,28,4,2026-10-08T00:00:00.000000000
TX219,23,7,2026-10-15T00:00:00.000000000
TX220,23,3,2026-10-17T00:00:00.000000000
TX221,12,3,2026-10-22T00:00:00.000000000
TX222,26,6,2026-10-11T00:00:00.000000000
TX223,20,5,2026-10-16T00:00:00.000000000
TX224,4,5,2026-10-12T00:00:00.000000000
TX225,24,5,2026-10-21T00:00:00.000000000
TX226,14,1,2026-10-26T00:00:00.000000000
TX227,19,1,2026-10-05T00:00:00.000000000
TX228,8,6,2026-10-03T00:00:00.000000000
TX229,3,3,2026-10-02T00:00:00.000000000
TX230,29,4,2026-10-27T00:00:00.000000000
TX231,19,5,2026-10-04T00:00:00.000000000
TX232,26,3,2026-10-31T00:00:00.000000000
TX233,17,6,2026-10-11T00:00:00.000000000
TX234,21,2,2026-10-22T00:00:00.000000000
TX235,11,5,2026-10-27T00:00:00.000000000
TX236,2,1,2026-10-15T00:00:00.000000000
TX237,15,2,2026-10-13T00:00:00.000000000
TX238,28,6,2026-10-21T00:00:00.000000000
TX239,20,6,2026-10-10T00:00:00.000000000
TX240,3,6,2026-10-29T00:00:00.000000000
TX241,26,4,2026-10-21T00:00:00.000000000
TX242,2,6,2026-10-29T00:00:00.000000000
TX243,13,1,2026-10-10T00:00:00.000000000
TX244,17,1,2026-10-27T00:00:00.000000000
TX245,19,4,2026-10-01T00:00:00.000000000
TX246,29,7,2026-10-26T00:00:00.000000000
TX247,26,7,2026-10-23T00:00:00.000000000
TX248,25,3,2026-10-02T00:00:00.000000000
TX249,3,5,2026-10-31T00:00:00.000000000
TX250,2,3,2026-10-24T00:00:00.000000000
TX251,8,4,2026-10-27T00:00:00.000000000
TX252,7,4,2026-10-29T00:00:00.000000000
TX253,24,6,2026-10-18T00:00:00.000000000
TX254,8,5,2026-10-09T00:00:00.000000000
TX255,17,1,2026-10-30T00:00:00.000000000
TX256,11,5,2026-10-13T00:00:00.000000000
TX257,29,3,2026-10-23T00:00:00.000000000
TX258,5,6,2026-10-20T00:00:00.000000000
TX259,25,1,2026-10-22T00:00:00.000000000
TX260,29,5,2026-10-01T00:00:00.000000000
TX261,3,2,2026-10-26T00:00:00.000000000
TX262,21,6,2026-10-09T00:00:00.000000000
TX263,8,5,2026-10-04T00:00:00.000000000
TX264,23,5,2026-10-31T00:00:00.000000000
TX265,13,7,2026-10-13T00:00:00.000000000
TX266,10,2,2026-10-17T00:00:00.000000000
TX267,29,2,2026-10-08T00:00:00.000000000
TX268,22,7,2026-10-10T00:00:00.000000000
TX269,14,4,2026-10-18T00:00:00.000000000
TX270,30,5,2026-10-25T00:00:00.000000000
TX271,22,5,2026-10-02T00:00:00.000000000
TX272,19,4,2026-10-16T00:00:00.000000000
TX273,17,1,2026-10-27T00:00:00.000000000
TX274,2,1,2026-10-15T00:00:00.000000000
TX275,12,7,2026-10-25T00:00:00.000000000
TX276,16,5,2026-10-28T00:00:00.000000000
TX277,12,3,2026-10-18T00:00:00.000000000
TX278,15,3,2026-10-31T00:00:00.000000000
TX279,1,5,2026-10-18T00:00:00.000000000
TX280,11,6,2026-10-09T00:00:00.000000000
TX281,27,2,2026-10-31T00:00:00.000000000
TX282,13,1,2026-10-20T00:00:00.000000000
TX283,10,5,2026-10-14T00:00:00.000000000
TX284,23,5,2026-10-01T00:00:00.000000000
TX285,5,3,2026-10-22T00:00:00.000000000
TX286,1,3,2026-10-27T00:00:00.000000000
TX287,3,4,2026-10-09T00:00:00.000000000
TX288,16,2,2026-10-11T00:00:00.000000000
TX289,20,4,2026-10-02T00:00:00.000000000
TX290,15,3,2026-10-31T00:00:00.000000000
TX291,13,2,2026-10-11T00:00:00.000000000
TX292,22,5,2026-10-10T00:00:00.000000000
TX293,13,2,2026-10-19T00:00:00.000000000
TX294,28,3,2026-10-15T00:00:00.000000000
TX295,29,6,2026-10-29T00:00:00.000000000
TX296,14,7,2026-10-01T00:00:00.000000000
TX297,2,6,2026-10-10T00:00:00.000000000
TX298,5,5,2026-10-28T00:00:00.000000000
TX299,9,4,2026-10-25T00:00:00.000000000
TX300,7,1,2026-10-11T00:00:00.000000000
TX301,26,4,2026-10-10T00:00:00.000000000
TX302,20,1,2026-10-12T00:00:00.000000000
TX303,4,1,2026-10-17T00:00:00.000000000
TX304,26,7,2026-10-12T00:00:00.000000000
TX305,16,5,2026-10-02T00:00:00.000000000
TX306,25,3,2026-10-23T00:00:00.000000000
TX307,14,1,2026-10-10T00:00:00.000000000
TX308,28,4,2026-10-16T00:00:00.000000000
TX309,10,4,2026-10-16T00:00:00.000000000
TX310,23,2,2026-10-13T00:00:00.000000000
TX311,8,5,2026-10-10T00:00:00.000000000
TX312,14,2,2026-10-14T00:00:00.000000000
TX313,13,7,2026-10-19T00:00:00.000000000
TX314,3,6,2026-10-21T00:00:00.000000000
TX315,30,2,2026-10-02T00:00:00.000000000
TX316,21,6,2026-10-27T00:00:00.000000000
TX317,8,1,2026-10-06T00:00:00.000000000
TX318,16,1,2026-10-27T00:00:00.000000000
TX319,21,4,2026-10-12T00:00:00.000000000
TX320,1,4,2026-10-25T00:00:00.000000000
TX321,9,7,2026-10-14T00:00:00.000000000
TX322,5,2,2026-10-29T00:00:00.000000000
TX323,7,7,2026-10-01T00:00:00.000000000
TX324,29,5,2026-10-22T00:00:00.000000000
TX325,24,1,2026-10-11T00:00:00.000000000
TX326,17,3,2026-10-11T00:00:00.000000000
TX327,18,5,2026-10-09T00:00:00.000000000
TX328,22,2,2026-10-23T00:00:00.000000000
TX329,18,4,2026-10-19T00:00:00.000000000
TX330,11,6,2026-10-23T00:00:00.000000000
TX331,14,2,2026-10-05T00:00:00.000000000
TX332,13,7,2026-10-26T00:00:00.000000000
TX333,15,3,2026-10-25T00:00:00.000000000
TX334,24,7,2026-10-09T00:00:00.000000000
TX335,17,5,2026-10-25T00:00:00.000000000
TX336,3,2,2026-10-28T00:00:00.000000000
TX337,19,2,2026-10-22T00:00:00.000000000
TX338,17,6,2026-10-06T00:00:00.000000000
TX339,21,5,2026-10-24T00:00:00.000000000
TX340,3,3,2026-10-07T00:00:00.000000000
TX341,23,6,2026-10-26T00:00:00.000000000
TX342,7,1,2026-10-18T00:00:00.000000000
TX343,30,2,2026-10-07T00:00:00.000000000
TX344,5,1,2026-10-19T00:00:00.000000000
TX345,28,7,2026-10-29T00:00:00.000000000
TX346,20,2,2026-10-07T00:00:00.000000000
TX347,16,7,2026-10-31T00:00:00.000000000
TX348,14,5,2026-10-14T00:00:00.000000000
TX349,27,2,2026-10-05T00:00:00.000000000
TX350,10,4,2026-10-14T00:00:00.000000000
TX351,3,3,2026-10-04T00:00:00.000000000
TX352,11,6,2026-10-25T00:00:00.000000000
TX353,10,1,2026-10-28T00:00:00.000000000
TX354,30,6,2026-10-27T00:00:00.000000000
TX355,22,7,2026-10-02T00:00:00.000000000
TX356,18,2,2026-10-21T00:00:00.000000000
TX357,27,2,2026-10-23T00:00:00.000000000
TX358,2,6,2026-10-26T00:00:00.000000000
TX359,25,5,2026-10-18T00:00:00.000000000
TX360,24,6,2026-10-16T00:00:00.000000000
TX361,11,7,2026-10-01T00:00:00.000000000
TX362,26,7,2026-10-13T00:00:00.000000000
TX363,3,6,2026-10-25T00:00:00.000000000
TX364,17,6,2026-10-09T00:00:00.000000000
TX365,8,5,2026-10-14T00:00:00.000000000
TX366,19,1,2026-10-22T00:00:00.000000000
TX367,16,6,2026-10-14T00:00:00.000000000
TX368,17,2,2026-10-24T00:00:00.000000000
TX369,30,4,2026-10-24T00:00:00.000000000
TX370,14,7,2026-10-23T00:00:00.000000000
TX371,13,6,2026-10-24T00:00:00.000000000
TX372,5,4,2026-10-03T00:00:00.000000000
TX373,3,1,2026-10-23T00:00:00.000000000
TX374,17,5,2026-10-28T00:00:00.000000000
TX375,21,4,2026-10-01T00:00:00.000000000
TX376,13,2,2026-10-31T00:00:00.000000000
TX377,23,2,2026-10-10T00:00:00.000000000
TX378,27,3,2026-10-10T00:00:00.000000000
TX379,3,2,2026-10-12T00:00:00.000000000
TX380,17,3,2026-10-12T00:00:00.000000000
TX381,21,3,2026-10-19T00:00:00.000000000
TX382,28,7,2026-10-08T00:00:00.000000000
TX383,12,5,2026-10-02T00:00:00.000000000
TX384,25,1,2026-10-04T00:00:00.000000000
TX385,23,5,2026-10-10T00:00:00.000000000
TX386,25,3,2026-10-07T00:00:00.000000000
TX387,10,7,2026-10-22T00:00:00.000000000
TX388,17,3,2026-10-07T00:00:00.000000000
TX389,2,2,2026-10-04T00:00:00.000000000
TX390,26,1,2026-10-30T00:00:00.000000000
TX391,25,7,2026-10-29T00:00:00.000000000
TX392,6,6,2026-10-02T00:00:00.000000000
TX393,15,3,2026-10-18T00:00:00.000000000
TX394,19,3,2026-10-07T00:00:00.000000000
TX395,29,6,2026-10-15T00:00:00.000000000
TX396,16,5,2026-10-28T00:00:00.000000000
TX397,23,7,2026-10-02T00:00:00.000000000
TX398,18,7,2026-10-15T00:00:00.000000000
TX399,10,6,2026-10-06T00:00:00.000000000
TX400,17,3,2026-10-28T00:00:00.000000000
TX401,7,3,2026-10-11T00:00:00.000000000
TX402,25,3,2026-10-19T00:00:00.000000000
TX403,22,2,2026-10-12T00:00:00.000000000
TX404,18,1,2026-10-26T00:00:00.000000000
TX405,26,5,2026-10-25T00:00:00.000000000
TX406,5,4,2026-10-27T00:00:00.000000000
TX407,24,3,2026-10-23T00:00:00.000000000
TX408,24,6,2026-10-23T00:00:00.000000000
TX409,30,2,2026-10-18T00:00:00.000000000
TX410,16,3,2026-10-05T00:00:00.000000000
TX411,18,3,2026-10-10T00:00:00.000000000
TX412,29,2,2026-10-31T00:00:00.000000000
TX413,22,3,2026-10-22T00:00:00.000000000
TX414,4,5,2026-10-16T00:00:00.000000000
TX415,9,4,2026-10-12T00:00:00.000000000
TX416,10,6,2026-10-18T00:00:00.000000000
TX417,28,5,2026-10-15T00:00:00.000000000
TX418,18,2,2026-10-08T00:00:00.000000000
TX419,23,7,2026-10-29T00:00:00.000000000
TX420,20,4,2026-10-01T00:00:00.000000000
TX421,12,5,2026-10-02T00:00:00.000000000
TX422,10,3,2026-10-07T00:00:00.000000000
TX423,3,4,2026-10-31T00:00:00.000000000
TX424,21,2,2026-10-07T00:00:00.000000000
TX425,4,1,2026-10-04T00:00:00.000000000
TX426,22,6,2026-10-23T00:00:00.000000000
TX427,15,1,2026-10-10T00:00:00.000000000
TX428,26,7,2026-10-08T00:00:00.000000000
TX429,14,3,2026-10-01T00:00:00.000000000
TX430,7,2,2026-10-04T00:00:00.000000000
TX431,30,3,2026-10-19T00:00:00.000000000
TX432,25,6,2026-10-15T00:00:00.000000000
TX433,21,5,2026-10-01T00:00:00.000000000
TX434,28,1,2026-10-18T00:00:00.000000000
TX435,15,7,2026-10-29T00:00:00.000000000
TX436,8,1,2026-10-01T00:00:00.000000000
TX437,25,5,2026-10-04T00:00:00.000000000
TX438,4,3,2026-10-04T00:00:00.000000000
TX439,1,4,2026-10-20T00:00:00.000000000
TX440,6,7,2026-10-03T00:00:00.000000000
TX441,30,4,2026-10-07T00:00:00.000000000
TX442,27,6,2026-10-12T00:00:00.000000000
TX443,24,3,2026-10-10T00:00:00.000000000
TX444,30,7,2026-10-17T00:00:00.000000000
TX445,25,7,2026-10-17T00:00:00.000000000
TX446,9,3,2026-10-23T00:00:00.000000000
TX447,10,3,2026-10-24T00:00:00.000000000
TX448,7,4,2026-10-26T00:00:00.000000000
TX449,22,2,2026-10-19T00:00:00.000000000
TX450,26,5,2026-10-13T00:00:00.000000000
TX451,14,5,2026-10-10T00:00:00.000000000
TX452,14,1,2026-10-31T00:00:00.000000000
TX453,25,7,2026-10-14T00:00:00.000000000
TX454,14,1,2026-10-10T00:00:00.000000000
TX455,14,2,2026-10-27T00:00:00.000000000
TX456,20,1,2026-10-26T00:00:00.000000000
TX457,2,7,2026-10-11T00:00:00.000000000
TX458,23,5,2026-10-16T00:00:00.000000000
TX459,7,6,2026-10-26T00:00:00.000000000
TX460,27,7,2026-10-08T00:00:00.000000000
TX461,9,4,2026-10-26T00:00:00.000000000
TX462,2,7,2026-10-15T00:00:00.000000000
TX463,5,7,2026-10-11T00:00:00.000000000
TX464,2,1,2026-10-31T00:00:00.000000000
TX465,16,4,2026-10-09T00:00:00.000000000
TX466,7,6,2026-10-06T00:00:00.000000000
TX467,14,3,2026-10-09T00:00:00.000000000
TX468,15,5,2026-10-22T00:00:00.000000000
TX469,22,2,2026-10-16T00:00:00.000000000
TX470,18,5,2026-10-27T00:00:00.000000000
TX471,20,7,2026-10-26T00:00:00.000000000
TX472,2,3,2026-10-25T00:00:00.000000000
TX473,7,3,2026-10-16T00:00:00.000000000
TX474,3,3,2026-10-09T00:00:00.000000000
TX475,17,4,2026-10-22T00:00:00.000000000
TX476,12,4,2026-10-20T00:00:00.000000000
TX477,5,3,2026-10-30T00:00:00.000000000
TX478,2,4,2026-10-13T00:00:00.000000000
TX479,13,3,2026-10-06T00:00:00.000000000
TX480,12,5,2026-10-09T00:00:00.000000000
TX481,16,5,2026-10-19T00:00:00.000000000
TX482,1,5,2026-10-29T00:00:00.000000000
TX483,30,3,2026-10-25T00:00:00.000000000
TX484,6,1,2026-10-07T00:00:00.000000000
TX485,22,3,2026-10-03T00:00:00.000000000
TX486,16,3,2026-10-18T00:00:00.000000000
TX487,5,5,2026-10-26T00:00:00.000000000
TX488,26,3,2026-10-10T00:00:00.000000000
TX489,12,7,2026-10-29T00:00:00.000000000
TX490,20,7,2026-10-06T00:00:00.000000000
TX491,20,5,2026-10-10T00:00:00.000000000
TX492,13,4,2026-10-12T00:00:00.000000000
TX493,26,7,2026-10-03T00:00:00.000000000
TX494,15,1,2026-10-15T00:00:00.000000000
TX495,8,2,2026-10-31T00:00:00.000000000
TX496,21,2,2026-10-26T00:00:00.000000000
TX497,18,3,2026-10-25T00:00:00.000000000
TX498,12,4,2026-10-09T00:00:00.000000000
TX499,23,5,2026-10-31T00:00:00.000000000
TX500,20,7,2026-10-04T00:00:00.000000000
TX501,26,6,2026-10-11T00:00:00.000000000
TX502,13,6,2026-10-29T00:00:00.000000000
TX503,7,5,2026-10-21T00:00:00.000000000
TX504,27,4,2026-10-30T00:00:00.000000000
TX505,25,4,2026-10-16T00:00:00.000000000
TX506,3,1,2026-10-30T00:00:00.000000000
TX507,1,2,2026-10-23T00:00:00.000000000
TX508,22,1,2026-10-30T00:00:00.000000000
TX509,4,3,2026-10-30T00:00:00.000000000
TX510,6,4,2026-10-28T00:00:00.000000000
TX511,17,5,2026-10-24T00:00:00.000000000
TX512,16,2,2026-10-13T00:00:00.000000000
TX513,30,3,2026-10-06T00:00:00.000000000
TX514,11,2,2026-10-10T00:00:00.000000000
TX515,26,7,2026-10-09T00:00:00.000000000
TX516,2,5,2026-10-21T00:00:00.000000000
TX517,7,1,2026-10-19T00:00:00.000000000
TX518,23,6,2026-10-26T00:00:00.000000000
TX519,28,1,2026-10-04T00:00:00.000000000
TX520,27,5,2026-10-09T00:00:00.000000000
TX521,24,1,2026-10-10T00:00:00.000000000
TX522,24,2,2026-10-19T00:00:00.000000000
TX523,5,5,2026-10-20T00:00:00.000000000
TX524,19,5,2026-10-11T00:00:00.000000000
TX525,12,3,2026-10-24T00:00:00.000000000
TX526,5,2,2026-10-15T00:00:00.000000000
TX527,13,6,2026-10-23T00:00:00.000000000
TX528,3,4,2026-10-26T00:00:00.000000000
TX529,21,2,2026-10-13T00:00:00.000000000
TX530,27,3,2026-10-24T00:00:00.000000000
TX531,7,7,2026-10-03T00:00:00.000000000
TX532,5,3,2026-10-28T00:00:00.000000000
TX533,25,1,2026-10-26T00:00:00.000000000
TX534,23,1,2026-10-09T00:00:00.000000000
TX535,19,1,2026-10-28T00:00:00.000000000
TX536,7,3,2026-10-06T00:00:00.000000000
TX537,8,5,2026-10-10T00:00:00.000000000
TX538,26,2,2026-10-01T00:00:00.000000000
TX539,30,4,2026-10-08T00:00:00.000000000
TX540,10,1,2026-10-31T00:00:00.000000000
TX541,5,2,2026-10-20T00:00:00.000000000
TX542,20,5,2026-10-29T00:00:00.000000000
TX543,27,7,2026-10-24T00:00:00.000000000
TX544,10,5,2026-10-19T00:00:00.000000000
TX545,7,5,2026-10-07T00:00:00.000000000
TX546,30,5,2026-10-29T00:00:00.000000000
TX547,18,2,2026-10-02T00:00:00.000000000
TX548,30,6,2026-10-05T00:00:00.000000000
TX549,17,7,2026-10-01T00:00:00.000000000
TX550,17,4,2026-10-27T00:00:00.000000000
TX551,19,5,2026-10-19T00:00:00.000000000
TX552,9,7,2026-10-02T00:00:00.000000000
TX553,28,3,2026-10-18T00:00:00.000000000
TX554,26,2,2026-10-07T00:00:00.000000000
TX555,29,4,2026-10-14T00:00:00.000000000
TX556,25,2,2026-10-13T00:00:00.000000000
TX557,5,7,2026-10-01T00:00:00.000000000
TX558,19,4,2026-10-02T00:00:00.000000000
TX559,10,6,2026-10-20T00:00:00.000000000
TX560,21,5,2026-10-08T00:00:00.000000000
TX561,8,6,2026-10-06T00:00:00.000000000
TX562,12,2,2026-10-08T00:00:00.000000000
TX563,13,5,2026-10-16T00:00:00.000000000
TX564,8,7,2026-10-02T00:00:00.000000000
TX565,1,2,2026-10-20T00:00:00.000000000
TX566,28,4,2026-10-16T00:00:00.000000000
TX567,25,5,2026-10-31T00:00:00.000000000
TX568,18,3,2026-10-18T00:00:00.000000000
TX569,26,3,2026-10-06T00:00:00.000000000
TX570,30,7,2026-10-05T00:00:00.000000000
TX571,8,6,2026-10-27T00:00:00.000000000
TX572,25,7,2026-10-14T00:00:00.000000000
TX573,23,1,2026-10-30T00:00:00.000000000
TX574,7,4,2026-10-05T00:00:00.000000000
TX575,21,7,2026-10-21T00:00:00.000000000
TX576,23,6,2026-10-25T00:00:00.000000000
TX577,6,7,2026-10-26T00:00:00.000000000
TX578,29,2,2026-10-05T00:00:00.000000000
TX579,18,2,2026-10-22T00:00:00.000000000
TX580,12,6,2026-10-31T00:00:00.000000000
TX581,6,3,2026-10-15T00:00:00.000000000
TX582,7,1,2026-10-03T00:00:00.000000000
TX583,14,2,2026-10-13T00:00:00.000000000
TX584,30,5,2026-10-06T00:00:00.000000000
TX585,30,1,2026-10-30T00:00:00.000000000
TX586,7,3,2026-10-09T00:00:00.000000000
TX587,7,7,2026-10-01T00:00:00.000000000
TX588,13,7,2026-10-26T00:00:00.000000000
TX589,8,7,2026-10-26T00:00:00.000000000
TX590,24,1,2026-10-02T00:00:00.000000000
TX591,6,6,2026-10-23T00:00:00.000000000
TX592,13,2,2026-10-09T00:00:00.000000000
TX593,5,3,2026-10-06T00:00:00.000000000
TX594,9,3,2026-10-22T00:00:00.000000000
TX595,8,2,2026-10-25T00:00:00.000000000
TX596,12,4,2026-10-27T00:00:00.000000000
TX597,18,6,2026-10-07T00:00:00.000000000
TX598,3,2,2026-10-16T00:00:00.000000000
TX599,30,2,2026-10-30T00:00:00.000000000
TX600,23,1,2026-10-26T00:00:00.000000000
TX601,30,6,2026-10-11T00:00:00.000000000
TX602,7,7,2026-10-31T00:00:00.000000000
TX603,21,7,2026-10-27T00:00:00.000000000
TX604,19,3,2026-10-20T00:00:00.000000000
TX605,14,4,2026-10-28T00:00:00.000000000
TX606,2,6,2026-10-31T00:00:00.000000000
TX607,18,6,2026-10-22T00:00:00.000000000
TX608,3,3,2026-10-09T00:00:00.000000000
TX609,18,3,2026-10-24T00:00:00.000000000
TX610,4,6,2026-10-15T00:00:00.000000000
TX611,4,6,2026-10-05T00:00:00.000000000
TX612,17,5,2026-10-16T00:00:00.000000000
TX613,19,4,2026-10-22T00:00:00.000000000
TX614,19,6,2026-10-30T00:00:00.000000000
TX615,10,1,2026-10-19T00:00:00.000000000
TX616,7,4,2026-10-02T00:00:00.000000000
TX617,6,6,2026-10-10T00:00:00.000000000
TX618,29,1,2026-10-28T00:00:00.000000000
TX619,18,3,2026-10-16T00:00:00.000000000
TX620,22,2,2026-10-31T00:00:00.000000000
TX621,13,3,2026-10-13T00:00:00.000000000
TX622,27,5,2026-10-18T00:00:00.000000000
TX623,12,3,2026-10-25T00:00:00.000000000
TX624,18,7,2026-10-17T00:00:00.000000000
TX625,5,2,2026-10-02T00:00:00.000000000
TX626,12,1,2026-10-26T00:00:00.000000000
TX627,16,7,2026-10-05T00:00:00.000000000
TX628,27,5,2026-10-09T00:00:00.000000000
TX629,25,7,2026-10-21T00:00:00.000000000
TX630,15,4,2026-10-18T00:00:00.000000000
TX631,18,6,2026-10-12T00:00:00.000000000
TX632,1,4,2026-10-26T00:00:00.000000000
TX633,6,4,2026-10-17T00:00:00.000000000
TX634,12,5,2026-10-06T00:00:00.000000000
TX635,27,3,2026-10-16T00:00:00.000000000
TX636,27,3,2026-10-11T00:00:00.000000000
TX637,1,7,2026-10-15T00:00:00.000000000
TX638,8,2,2026-10-19T00:00:00.000000000
TX639,22,3,2026-10-20T00:00:00.000000000
TX640,27,4,2026-10-03T00:00:00.000000000
TX641,11,7,2026-10-27T00:00:00.000000000
TX642,17,6,2026-10-24T00:00:00.000000000
TX643,20,4,2026-10-30T00:00:00.000000000
TX644,27,3,2026-10-11T00:00:00.000000000
TX645,27,5,2026-10-24T00:00:00.000000000
TX646,12,2,2026-10-06T00:00:00.000000000
TX647,30,5,2026-10-06T00:00:00.000000000
TX648,8,1,2026-10-31T00:00:00.000000000
TX649,25,5,2026-10-22T00:00:00.000000000
TX650,4,1,2026-10-19T00:00:00.000000000
TX651,2,5,2026-10-07T00:00:00.000000000
TX652,27,7,2026-10-24T00:00:00.000000000
TX653,16,4,2026-10-02T00:00:00.000000000
TX654,21,5,2026-10-29T00:00:00.000000000
TX655,16,2,2026-10-29T00:00:00.000000000
TX656,13,4,2026-10-18T00:00:00.000000000
TX657,20,7,2026-10-23T00:00:00.000000000
TX658,23,2,2026-10-01T00:00:00.000000000
TX659,5,1,2026-10-25T00:00:00.000000000
TX660,10,6,2026-10-13T00:00:00.000000000
TX661,13,5,2026-10-22T00:00:00.000000000
TX662,19,1,2026-10-08T00:00:00.000000000
TX663,7,3,2026-10-25T00:00:00.000000000
TX664,14,3,2026-10-31T00:00:00.000000000
TX665,24,2,2026-10-05T00:00:00.000000000
TX666,28,1,2026-10-05T00:00:00.000000000
TX667,28,1,2026-10-16T00:00:00.000000000
TX668,12,3,2026-10-25T00:00:00.000000000
TX669,18,6,2026-10-25T00:00:00.000000000
TX670,24,6,2026-10-13T00:00:00.000000000
TX671,13,1,2026-10-26T00:00:00.000000000
TX672,9,3,2026-10-03T00:00:00.000000000
TX673,10,6,2026-10-18T00:00:00.000000000
TX674,2,4,2026-10-31T00:00:00.000000000
TX675,11,6,2026-10-10T00:00:00.000000000
TX676,11,2,2026-10-20T00:00:00.000000000
TX677,18,4,2026-10-23T00:00:00.000000000
TX678,21,7,2026-10-24T00:00:00.000000000
TX679,1,6,2026-10-10T00:00:00.000000000
TX680,16,5,2026-10-14T00:00:00.000000000
TX681,3,3,2026-10-15T00:00:00.000000000
TX682,12,3,2026-10-20T00:00:00.000000000
TX683,12,4,2026-10-23T00:00:00.000000000
TX684,4,4,2026-10-27T00:00:00.000000000
TX685,3,7,2026-10-08T00:00:00.000000000
TX686,24,2,2026-10-21T00:00:00.000000000
TX687,16,7,2026-10-31T00:00:00.000000000
TX688,17,6,2026-10-23T00:00:00.000000000
TX689,7,2,2026-10-19T00:00:00.000000000
TX690,26,2,2026-10-11T00:00:00.000000000
TX691,19,5,2026-10-18T00:00:00.000000000
TX692,27,1,2026-10-20T00:00:00.000000000
TX693,7,1,2026-10-13T00:00:00.000000000
TX694,20,1,2026-10-18T00:00:00.000000000
TX695,18,4,2026-10-29T00:00:00.000000000
TX696,14,4,2026-10-29T00:00:00.000000000
TX697,15,6,2026-10-10T00:00:00.000000000
TX698,30,5,2026-10-11T00:00:00.000000000
TX699,8,3,2026-10-11T00:00:00.000000000
TX700,29,6,2026-10-06T00:00:00.000000000
TX701,7,3,2026-10-07T00:00:00.000000000
TX702,30,4,2026-10-25T00:00:00.000000000
TX703,5,6,2026-10-25T00:00:00.000000000
TX704,7,7,2026-10-08T00:00:00.000000000
TX705,9,7,2026-10-25T00:00:00.000000000
TX706,4,7,2026-10-25T00:00:00.000000000
TX707,17,5,2026-10-18T00:00:00.000000000
TX708,25,4,2026-10-09T00:00:00.000000000
TX709,11,4,2026-10-08T00:00:00.000000000
TX710,16,5,2026-10-16T00:00:00.000000000
TX711,12,4,2026-10-14T00:00:00.000000000
TX712,10,2,2026-10-23T00:00:00.000000000
TX713,19,2,2026-10-14T00:00:00.000000000
TX714,15,5,2026-10-03T00:00:00.000000000
TX715,10,5,2026-10-01T00:00:00.000000000
TX716,9,3,2026-10-30T00:00:00.000000000
TX717,3,5,2026-10-28T00:00:00.000000000
TX718,3,6,2026-10-05T00:00:00.000000000
TX719,1,4,2026-10-09T00:00:00.000000000
TX720,16,2,2026-10-06T00:00:00.000000000
TX721,13,6,2026-10-30T00:00:00.000000000
TX722,9,5,2026-10-20T00:00:00.000000000
TX723,2,4,2026-10-22T00:00:00.000000000
TX724,29,4,2026-10-27T00:00:00.000000000
TX725,26,5,2026-10-06T00:00:00.000000000
TX726,25,7,2026-10-11T00:00:00.000000000
TX727,30,2,2026-10-01T00:00:00.000000000
TX728,10,6,2026-10-30T00:00:00.000000000
TX729,5,2,2026-10-20T00:00:00.000000000
TX730,9,3,2026-10-01T00:00:00.000000000
TX731,24,2,2026-10-16T00:00:00.000000000
TX732,14,5,2026-10-13T00:00:00.000000000
TX733,13,7,2026-10-02T00:00:00.000000000
TX734,17,5,2026-10-22T00:00:00.000000000
TX735,4,6,2026-10-08T00:00:00.000000000
TX736,29,7,2026-10-06T00:00:00.000000000
TX737,27,4,2026-10-31T00:00:00.000000000
TX738,17,7,2026-10-22T00:00:00.000000000
TX739,17,5,2026-10-11T00:00:00.000000000
TX740,13,6,2026-10-27T00:00:00.000000000
TX741,15,2,2026-10-05T00:00:00.000000000
TX742,19,5,2026-10-24T00:00:00.000000000
TX743,26,3,2026-10-15T00:00:00.000000000
TX744,17,5,2026-10-14T00:00:00.000000000
TX745,5,1,2026-10-19T00:00:00.000000000
TX746,1,4,2026-10-14T00:00:00.000000000
TX747,21,5,2026-10-09T00:00:00.000000000
TX748,15,3,2026-10-22T00:00:00.000000000
TX749,19,3,2026-10-31T00:00:00.000000000
TX750,6,7,2026-10-10T00:00:00.000000000
TX751,6,3,2026-10-10T00:00:00.000000000
TX752,18,2,2026-10-28T00:00:00.000000000
TX753,17,2,2026-10-30T00:00:00.000000000
TX754,24,4,2026-10-12T00:00:00.000000000
TX755,16,3,2026-10-11T00:00:00.000000000
TX756,2,1,2026-10-10T00:00:00.000000000
TX757,14,2,2026-10-16T00:00:00.000000000
TX758,19,5,2026-10-24T00:00:00.000000000
TX759,18,5,2026-10-22T00:00:00.000000000
TX760,8,7,2026-10-01T00:00:00.000000000
TX761,22,3,2026-10-19T00:00:00.000000000
TX762,6,2,2026-10-13T00:00:00.000000000
TX763,12,1,2026-10-14T00:00:00.000000000
TX764,17,6,2026-10-15T00:00:00.000000000
TX765,3,6,2026-10-10T00:00:00.000000000
TX766,14,3,2026-10-09T00:00:00.000000000
TX767,14,2,2026-10-14T00:00:00.000000000
TX768,18,2,2026-10-23T00:00:00.000000000
TX769,17,1,2026-10-09T00:00:00.000000000
TX770,24,6,2026-10-06T00:00:00.000000000
TX771,9,5,2026-10-09T00:00:00.000000000
TX772,7,5,2026-10-04T00:00:00.000000000
TX773,27,2,2026-10-23T00:00:00.000000000
TX774,2,5,2026-10-14T00:00:00.000000000
TX775,3,5,2026-10-05T00:00:00.000000000
TX776,28,5,2026-10-05T00:00:00.000000000
TX777,18,3,2026-10-17T00:00:00.000000000
TX778,17,4,2026-10-30T00:00:00.000000000
TX779,2,3,2026-10-11T00:00:00.000000000
TX780,23,3,2026-10-15T00:00:00.000000000
TX781,27,3,2026-10-31T00:00:00.000000000
TX782,10,7,2026-10-29T00:00:00.000000000
TX783,24,4,2026-10-20T00:00:00.000000000
TX784,5,5,2026-10-14T00:00:00.000000000
TX785,18,6,2026-10-16T00:00:00.000000000
TX786,25,5,2026-10-11T00:00:00.000000000
TX787,30,3,2026-10-21T00:00:00.000000000
TX788,19,7,2026-10-15T00:00:00.000000000
TX789,8,3,2026-10-18T00:00:00.000000000
TX790,10,1,2026-10-05T00:00:00.000000000
TX791,7,2,2026-10-28T00:00:00.000000000
TX792,2,5,2026-10-03T00:00:00.000000000
TX793,28,3,2026-10-24T00:00:00.000000000
TX794,25,6,2026-10-24T00:00:00.000000000
TX795,27,4,2026-10-04T00:00:00.000000000
TX796,11,2,2026-10-14T00:00:00.000000000
TX797,11,6,2026-10-28T00:00:00.000000000
TX798,11,3,2026-10-06T00:00:00.000000000
TX799,14,4,2026-10-13T00:00:00.000000000
TX800,11,3,2026-10-03T00:00:00.000000000
TX801,3,7,2026-10-14T00:00:00.000000000
TX802,15,3,2026-10-02T00:00:00.000000000
TX803,21,3,2026-10-28T00:00:00.000000000
TX804,25,6,2026-10-02T00:00:00.000000000
TX805,10,7,2026-10-25T00:00:00.000000000
TX806,4,2,2026-10-27T00:00:00.000000000
TX807,1,4,2026-10-14T00:00:00.000000000
TX808,18,4,2026-10-12T00:00:00.000000000
TX809,27,3,2026-10-31T00:00:00.000000000
TX810,28,5,2026-10-02T00:00:00.000000000
TX811,25,2,2026-10-30T00:00:00.000000000
TX812,9,3,2026-10-20T00:00:00.000000000
TX813,22,3,2026-10-03T00:00:00.000000000
TX814,29,4,2026-10-19T00:00:00.000000000
TX815,5,7,2026-10-04T00:00:00.000000000
TX816,13,2,2026-10-09T00:00:00.000000000
TX817,7,7,2026-10-12T00:00:00.000000000
TX818,22,2,2026-10-25T00:00:00.000000000
TX819,23,5,2026-10-21T00:00:00.000000000
TX820,27,3,2026-10-03T00:00:00.000000000
TX821,13,3,2026-10-21T00:00:00.000000000
TX822,16,4,2026-10-22T00:00:00.000000000
TX823,29,3,2026-10-14T00:00:00.000000000
TX824,7,1,2026-10-25T00:00:00.000000000
TX825,6,6,2026-10-06T00:00:00.000000000
TX826,14,7,2026-10-10T00:00:00.000000000
TX827,2,5,2026-10-22T00:00:00.000000000
TX828,20,4,2026-10-06T00:00:00.000000000
TX829,29,3,2026-10-02T00:00:00.000000000
TX830,22,1,2026-10-23T00:00:00.000000000
TX831,15,4,2026-10-30T00:00:00.000000000
TX832,19,4,2026-10-03T00:00:00.000000000
TX833,22,1,2026-10-14T00:00:00.000000000
TX834,19,7,2026-10-03T00:00:00.000000000
TX835,10,6,2026-10-22T00:00:00.000000000
TX836,4,5,2026-10-18T00:00:00.000000000
TX837,22,3,2026-10-27T00:00:00.000000000
TX838,18,4,2026-10-31T00:00:00.000000000
TX839,17,3,2026-10-06T00:00:00.000000000
TX840,3,4,2026-10-17T00:00:00.000000000
TX841,16,7,2026-10-21T00:00:00.000000000
TX842,20,4,2026-10-10T00:00:00.000000000
TX843,17,2,2026-10-15T00:00:00.000000000
TX844,5,3,2026-10-09T00:00:00.000000000
TX845,20,6,2026-10-24T00:00:00.000000000
TX846,8,1,2026-10-10T00:00:00.000000000
TX847,22,4,2026-10-31T00:00:00.000000000
TX848,7,5,2026-10-02T00:00:00.000000000
TX849,18,1,2026-10-23T00:00:00.000000000
TX850,1,5,2026-10-28T00:00:00.000000000
TX851,19,4,2026-10-19T00:00:00.000000000
TX852,12,7,2026-10-02T00:00:00.000000000
TX853,14,1,2026-10-12T00:00:00.000000000
TX854,2,2,2026-10-20T00:00:00.000000000
TX855,24,1,2026-10-31T00:00:00.000000000
TX856,17,6,2026-10-01T00:00:00.000000000
TX857,24,4,2026-10-16T00:00:00.000000000
TX858,29,7,2026-10-25T00:00:00.000000000
TX859,15,1,2026-10-29T00:00:00.000000000
TX860,28,6,2026-10-28T00:00:00.000000000
TX861,15,5,2026-10-26T00:00:00.000000000
TX862,13,7,2026-10-19T00:00:00.000000000
TX863,23,7,2026-10-30T00:00:00.000000000
TX864,7,3,2026-10-31T00:00:00.000000000
TX865,2,4,2026-10-26T00:00:00.000000000
TX866,7,1,2026-10-09T00:00:00.000000000
TX867,20,2,2026-10-19T00:00:00.000000000
TX868,17,6,2026-10-25T00:00:00.000000000
TX869,8,2,2026-10-18T00:00:00.000000000
TX870,14,1,2026-10-12T00:00:00.000000000
TX871,2,4,2026-10-29T00:00:00.000000000
TX872,20,1,2026-10-01T00:00:00.000000000
TX873,19,3,2026-10-12T00:00:00.000000000
TX874,30,7,2026-10-23T00:00:00.000000000
TX875,30,1,2026-10-17T00:00:00.000000000
TX876,19,2,2026-10-27T00:00:00.000000000
TX877,11,4,2026-10-21T00:00:00.000000000
TX878,7,1,2026-10-12T00:00:00.000000000
TX879,14,2,2026-10-06T00:00:00.000000000
TX880,17,5,2026-10-08T00:00:00.000000000
TX881,26,7,2026-10-16T00:00:00.000000000
TX882,4,4,2026-10-16T00:00:00.000000000
TX883,15,5,2026-10-25T00:00:00.000000000
TX884,6,7,2026-10-18T00:00:00.000000000
TX885,6,2,2026-10-27T00:00:00.000000000
TX886,21,7,2026-10-15T00:00:00.000000000
TX887,14,7,2026-10-23T00:00:00.000000000
TX888,9,7,2026-10-24T00:00:00.000000000
TX889,30,2,2026-10-08T00:00:00.000000000
TX890,9,2,2026-10-28T00:00:00.000000000
TX891,30,7,2026-10-21T00:00:00.000000000
TX892,3,1,2026-10-08T00:00:00.000000000
TX893,10,7,2026-10-17T00:00:00.000000000
TX894,19,2,2026-10-16T00:00:00.000000000
TX895,18,6,2026-10-10T00:00:00.000000000
TX896,8,4,2026-10-20T00:00:00.000000000
TX897,18,2,2026-10-15T00:00:00.000000000
TX898,26,6,2026-10-25T00:00:00.000000000
TX899,23,2,2026-10-31T00:00:00.000000000
TX900,22,3,2026-10-23T00:00:00.000000000
TX901,13,6,2026-10-22T00:00:00.000000000
TX902,7,5,2026-10-01T00:00:00.000000000
TX903,29,6,2026-10-25T00:00:00.000000000
TX904,27,1,2026-10-11T00:00:00.000000000
TX905,13,3,2026-10-30T00:00:00.000000000
TX906,17,7,2026-10-28T00:00:00.000000000
TX907,30,6,2026-10-02T00:00:00.000000000
TX908,29,6,2026-10-14T00:00:00.000000000
TX909,2,5,2026-10-01T00:00:00.000000000
TX910,24,7,2026-10-10T00:00:00.000000000
TX911,23,4,2026-10-29T00:00:00.000000000
TX912,8,6,2026-10-22T00:00:00.000000000
TX913,8,3,2026-10-12T00:00:00.000000000
TX914,29,5,2026-10-08T00:00:00.000000000
TX915,7,3,2026-10-25T00:00:00.000000000
TX916,8,7,2026-10-17T00:00:00.000000000
TX917,12,4,2026-10-28T00:00:00.000000000
TX918,2,3,2026-10-07T00:00:00.000000000
TX919,6,5,2026-10-19T00:00:00.000000000
TX920,9,6,2026-10-06T00:00:00.000000000
TX921,28,4,2026-10-28T00:00:00.000000000
TX922,29,3,2026-10-29T00:00:00.000000000
TX923,19,1,2026-10-20T00:00:00.000000000
TX924,3,5,2026-10-01T00:00:00.000000000
TX925,24,5,2026-10-26T00:00:00.000000000
TX926,16,3,2026-10-27T00:00:00.000000000
TX927,29,4,2026-10-13T00:00:00.000000000
TX928,28,2,2026-10-22T00:00:00.000000000
TX929,22,5,2026-10-08T00:00:00.000000000
TX930,20,5,2026-10-30T00:00:00.000000000
TX931,2,6,2026-10-07T00:00:00.000000000
TX932,20,7,2026-10-01T00:00:00.000000000
TX933,8,2,2026-10-15T00:00:00.000000000
TX934,18,2,2026-10-25T00:00:00.000000000
TX935,6,6,2026-10-05T00:00:00.000000000
TX936,7,2,2026-10-24T00:00:00.000000000
TX937,23,7,2026-10-03T00:00:00.000000000
TX938,21,7,2026-10-10T00:00:00.000000000
TX939,25,5,2026-10-02T00:00:00.000000000
TX940,15,6,2026-10-01T00:00:00.000000000
TX941,22,6,2026-10-31T00:00:00.000000000
TX942,15,3,2026-10-09T00:00:00.000000000
TX943,29,5,2026-10-08T00:00:00.000000000
TX944,30,3,2026-10-20T00:00:00.000000000
TX945,6,2,2026-10-01T00:00:00.000000000
TX946,14,4,2026-10-06T00:00:00.000000000
TX947,22,2,2026-10-20T00:00:00.000000000
TX948,22,6,2026-10-25T00:00:00.000000000
TX949,29,5,2026-10-29T00:00:00.000000000
TX950,15,2,2026-10-12T00:00:00.000000000
TX951,5,5,2026-10-30T00:00:00.000000000
TX952,1,5,2026-10-30T00:00:00.000000000
TX953,22,6,2026-10-13T00:00:00.000000000
TX954,21,1,2026-10-14T00:00:00.000000000
TX955,22,7,2026-10-27T00:00:00.000000000
TX956,17,2,2026-10-19T00:00:00.000000000
TX957,6,2,2026-10-22T00:00:00.000000000
TX958,29,3,2026-10-29T00:00:00.000000000
TX959,15,2,2026-10-17T00:00:00.000000000
TX960,10,6,2026-10-17T00:00:00.000000000
TX961,26,6,2026-10-03T00:00:00.000000000
TX962,5,1,2026-10-15T00:00:00.000000000
TX963,7,6,2026-10-19T00:00:00.000000000
TX964,5,6,2026-10-24T00:00:00.000000000
TX965,16,4,2026-10-12T00:00:00.000000000
TX966,3,4,2026-10-25T00:00:00.000000000
TX967,10,1,2026-10-29T00:00:00.000000000
TX968,1,2,2026-10-06T00:00:00.000000000
TX969,18,7,2026-10-25T00:00:00.000000000
TX970,3,3,2026-10-17T00:00:00.000000000
TX971,27,2,2026-10-25T00:00:00.000000000
TX972,25,6,2026-10-01T00:00:00.000000000
TX973,12,3,2026-10-19T00:00:00.000000000
TX974,12,2,2026-10-06T00:00:00.000000000
TX975,10,1,2026-10-10T00:00:00.000000000
TX976,21,1,2026-10-23T00:00:00.000000000
TX977,19,4,2026-10-19T00:00:00.000000000
TX978,9,3,2026-10-06T00:00:00.000000000
TX979,15,7,2026-10-08T00:00:00.000000000
TX980,2,5,2026-10-05T00:00:00.000000000
TX981,4,5,2026-10-16T00:00:00.000000000
TX982,18,1,2026-10-26T00:00:00.000000000
TX983,8,6,2026-10-01T00:00:00.000000000
TX984,10,7,2026-10-15T00:00:00.000000000
TX985,14,7,2026-10-01T00:00:00.000000000
TX986,23,6,2026-10-02T00:00:00.000000000
TX987,6,1,2026-10-02T00:00:00.000000000
TX988,28,5,2026-10-23T00:00:00.000000000
TX989,13,2,2026-10-13T00:00:00.000000000
TX990,9,2,2026-10-12T00:00:00.000000000
TX991,20,2,2026-10-06T00:00:00.000000000
TX992,22,5,2026-10-28T00:00:00.000000000
TX993,7,3,2026-10-09T00:00:00.000000000
TX994,24,2,2026-10-02T00:00:00.000000000
TX995,23,3,2026-10-15T00:00:00.000000000
TX996,11,1,2026-10-29T00:00:00.000000000
TX997,26,7,2026-10-07T00:00:00.000000000
TX998,29,3,2026-10-31T00:00:00.000000000
TX999,21,7,2026-10-28T00:00:00.000000000
TX1000,22,1,2026-10-26T00:00:00.000000000
TX1001,19,3,2026-10-30T00:00:00.000000000
TX1002,12,7,2026-10-06T00:00:00.000000000
TX1003,30,1,2026-10-15T00:00:00.000000000
TX1004,21,7,2026-10-25T00:00:00.000000000
TX1005,1,7,2026-10-06T00:00:00.000000000
TX1006,18,5,2026-10-03T00:00:00.000000000
TX1007,7,4,2026-10-10T00:00:00.000000000
TX1008,22,6,2026-10-02T00:00:00.000000000
TX1009,15,7,2026-10-10T00:00:00.000000000
TX1010,9,6,2026-10-10T00:00:00.000000000
TX1011,28,1,2026-10-12T00:00:00.000000000
TX1012,1,2,2026-10-27T00:00:00.000000000
TX1013,14,3,2026-10-03T00:00:00.000000000
TX1014,3,5,2026-10-16T00:00:00.000000000
TX1015,4,6,2026-10-08T00:00:00.000000000
TX1016,9,3,2026-10-09T00:00:00.000000000
TX1017,18,3,2026-10-04T00:00:00.000000000
TX1018,6,5,2026-10-17T00:00:00.000000000
TX1019,3,2,2026-10-14T00:00:00.000000000
TX1020,7,3,2026-10-31T00:00:00.000000000
TX1021,26,7,2026-10-06T00:00:00.000000000
TX1022,13,2,2026-10-11T00:00:00.000000000
TX1023,12,5,2026-10-25T00:00:00.000000000
TX1024,19,7,2026-10-14T00:00:00.000000000
TX1025,29,5,2026-10-18T00:00:00.000000000
TX1026,7,6,2026-10-20T00:00:00.000000000
TX1027,27,1,2026-10-07T00:00:00.000000000
TX1028,3,7,2026-10-07T00:00:00.000000000
TX1029,9,7,2026-10-26T00:00:00.000000000
TX1030,10,5,2026-10-25T00:00:00.000000000
TX1031,5,6,2026-10-21T00:00:00.000000000
TX1032,25,6,2026-10-28T00:00:00.000000000
TX1033,5,7,2026-10-12T00:00:00.000000000
TX1034,29,2,2026-10-29T00:00:00.000000000
TX1035,9,3,2026-10-18T00:00:00.000000000
TX1036,14,1,2026-10-21T00:00:00.000000000
TX1037,28,3,2026-10-15T00:00:00.000000000
TX1038,23,3,2026-10-04T00:00:00.000000000
TX1039,9,4,2026-10-20T00:00:00.000000000
TX1040,10,1,2026-10-29T00:00:00.000000000
TX1041,4,6,2026-10-20T00:00:00.000000000
TX1042,9,7,2026-10-04T00:00:00.000000000
TX1043,18,7,2026-10-23T00:00:00.000000000
TX1044,25,3,2026-10-16T00:00:00.000000000
TX1045,14,7,2026-10-24T00:00:00.000000000
TX1046,25,1,2026-10-19T00:00:00.000000000
TX1047,24,3,2026-10-06T00:00:00.000000000
TX1048,29,3,2026-10-28T00:00:00.000000000
TX1049,9,2,2026-10-28T00:00:00.000000000
TX1050,3,2,2026-10-27T00:00:00.000000000
TX1051,10,1,2026-10-17T00:00:00.000000000
TX1052,1,1,2026-10-12T00:00:00.000000000
TX1053,10,3,2026-10-30T00:00:00.000000000
TX1054,14,2,2026-10-06T00:00:00.000000000
TX1055,12,5,2026-10-16T00:00:00.000000000
TX1056,11,1,2026-10-07T00:00:00.000000000
TX1057,23,1,2026-10-24T00:00:00.000000000
TX1058,23,7,2026-10-28T00:00:00.000000000
TX1059,2,7,2026-10-07T00:00:00.000000000
TX1060,21,6,2026-10-05T00:00:00.000000000
TX1061,25,7,2026-10-08T00:00:00.000000000
TX1062,27,5,2026-10-16T00:00:00.000000000
TX1063,27,2,2026-10-03T00:00:00.000000000
TX1064,12,5,2026-10-10T00:00:00.000000000
TX1065,20,3,2026-10-06T00:00:00.000000000
TX1066,5,1,2026-10-01T00:00:00.000000000
TX1067,30,3,2026-10-26T00:00:00.000000000
TX1068,2,3,2026-10-04T00:00:00.000000000
TX1069,19,4,2026-10-26T00:00:00.000000000
TX1070,2,2,2026-10-11T00:00:00.000000000
TX1071,10,2,2026-10-24T00:00:00.000000000
TX1072,20,3,2026-10-17T00:00:00.000000000
TX1073,19,3,2026-10-25T00:00:00.000000000
TX1074,23,6,2026-10-21T00:00:00.000000000
TX1075,5,3,2026-10-14T00:00:00.000000000
TX1076,29,5,2026-10-04T00:00:00.000000000
TX1077,22,6,2026-10-26T00:00:00.000000000
TX1078,24,5,2026-10-11T00:00:00.000000000
TX1079,24,2,2026-10-21T00:00:00.000000000
TX1080,19,2,2026-10-26T00:00:00.000000000
TX1081,12,7,2026-10-22T00:00:00.000000000
TX1082,14,4,2026-10-28T00:00:00.000000000
TX1083,26,7,2026-10-10T00:00:00.000000000
TX1084,16,5,2026-10-20T00:00:00.000000000
TX1085,3,2,2026-10-25T00:00:00.000000000
TX1086,26,4,2026-10-25T00:00:00.000000000
TX1087,3,6,2026-10-03T00:00:00.000000000
TX1088,26,5,2026-10-30T00:00:00.000000000
TX1089,3,7,2026-10-04T00:00:00.000000000
TX1090,5,4,2026-10-05T00:00:00.000000000
TX1091,27,5,2026-10-07T00:00:00.000000000
TX1092,1,7,2026-10-19T00:00:00.000000000
TX1093,7,7,2026-10-05T00:00:00.000000000
TX1094,13,3,2026-10-06T00:00:00.000000000
TX1095,5,4,2026-10-24T00:00:00.000000000
TX1096,1,6,2026-10-01T00:00:00.000000000
TX1097,13,1,2026-10-16T00:00:00.000000000
TX1098,8,2,2026-10-06T00:00:00.000000000
TX1099,17,6,2026-10-14T00:00:00.000000000
TX1100,13,1,2026-10-18T00:00:00.000000000
TX1101,12,4,2026-10-07T00:00:00.000000000
TX1102,30,7,2026-10-05T00:00:00.000000000
TX1103,12,2,2026-10-29T00:00:00.000000000
TX1104,11,3,2026-10-13T00:00:00.000000000
TX1105,9,7,2026-10-24T00:00:00.000000000
TX1106,11,4,2026-10-30T00:00:00.000000000
TX1107,11,1,2026-10-11T00:00:00.000000000
TX1108,24,7,2026-10-05T00:00:00.000000000
TX1109,2,5,2026-10-11T00:00:00.000000000
TX1110,11,5,2026-10-24T00:00:00.000000000
TX1111,23,2,2026-10-04T00:00:00.000000000
TX1112,7,2,2026-10-20T00:00:00.000000000
TX1113,4,3,2026-10-25T00:00:00.000000000
TX1114,14,6,2026-10-09T00:00:00.000000000
TX1115,30,1,2026-10-19T00:00:00.000000000
TX1116,11,4,2026-10-02T00:00:00.000000000
TX1117,18,1,2026-10-30T00:00:00.000000000
TX1118,9,4,2026-10-29T00:00:00.000000000
TX1119,14,4,2026-10-02T00:00:00.000000000
TX1120,27,6,2026-10-04T00:00:00.000000000
TX1121,16,5,2026-10-31T00:00:00.000000000
TX1122,25,5,2026-10-17T00:00:00.000000000
TX1123,26,6,2026-10-24T00:00:00.000000000
TX1124,1,6,2026-10-30T00:00:00.000000000
TX1125,21,3,2026-10-02T00:00:00.000000000
TX1126,6,2,2026-10-31T00:00:00.000000000
TX1127,17,3,2026-10-31T00:00:00.000000000
TX1128,16,3,2026-10-08T00:00:00.000000000
TX1129,11,6,2026-10-21T00:00:00.000000000
TX1130,1,5,2026-10-10T00:00:00.000000000
TX1131,12,3,2026-10-10T00:00:00.000000000
TX1132,30,4,2026-10-18T00:00:00.000000000
TX1133,18,2,2026-10-21T00:00:00.000000000
TX1134,20,2,2026-10-12T00:00:00.000000000
TX1135,21,1,2026-10-29T00:00:00.000000000
TX1136,7,3,2026-10-07T00:00:00.000000000
TX1137,16,2,2026-10-18T00:00:00.000000000
TX1138,4,3,2026-10-15T00:00:00.000000000
TX1139,11,1,2026-10-13T00:00:00.000000000
TX1140,16,2,2026-10-05T00:00:00.000000000
TX1141,8,4,2026-10-13T00:00:00.000000000
TX1142,12,5,2026-10-07T00:00:00.000000000
TX1143,9,3,2026-10-10T00:00:00.000000000
TX1144,10,6,2026-10-15T00:00:00.000000000
TX1145,26,4,2026-10-26T00:00:00.000000000
TX1146,14,5,2026-10-26T00:00:00.000000000
TX1147,18,5,2026-10-29T00:00:00.000000000
TX1148,28,6,2026-10-25T00:00:00.000000000
TX1149,30,3,2026-10-05T00:00:00.000000000
TX1150,26,1,2026-10-28T00:00:00.000000000
TX1151,26,2,2026-10-17T00:00:00.000000000
TX1152,12,4,2026-10-21T00:00:00.000000000
TX1153,10,3,2026-10-26T00:00:00.000000000
TX1154,11,7,2026-10-31T00:00:00.000000000
TX1155,8,3,2026-10-16T00:00:00.000000000
TX1156,20,6,2026-10-12T00:00:00.000000000
TX1157,29,1,2026-10-26T00:00:00.000000000
TX1158,4,1,2026-10-06T00:00:00.000000000
TX1159,25,3,2026-10-22T00:00:00.000000000
TX1160,18,3,2026-10-23T00:00:00.000000000
TX1161,17,5,2026-10-11T00:00:00.000000000
TX1162,27,5,2026-10-10T00:00:00.000000000
TX1163,22,7,2026-10-30T00:00:00.000000000
TX1164,23,1,2026-10-01T00:00:00.000000000
TX1165,23,2,2026-10-13T00:00:00.000000000
TX1166,16,5,2026-10-25T00:00:00.000000000
TX1167,4,3,2026-10-18T00:00:00.000000000
TX1168,16,6,2026-10-30T00:00:00.000000000
TX1169,29,2,2026-10-26T00:00:00.000000000
TX1170,9,5,2026-10-26T00:00:00.000000000
TX1171,6,6,2026-10-19T00:00:00.000000000
TX1172,20,4,2026-10-09T00:00:00.000000000
TX1173,10,1,2026-10-31T00:00:00.000000000
TX1174,13,5,2026-10-04T00:00:00.000000000
TX1175,6,5,2026-10-02T00:00:00.000000000
TX1176,15,6,2026-10-13T00:00:00.000000000
TX1177,4,7,2026-10-04T00:00:00.000000000
TX1178,17,2,2026-10-07T00:00:00.000000000
TX1179,25,3,2026-10-27T00:00:00.000000000
TX1180,24,5,2026-10-11T00:00:00.000000000
TX1181,14,7,2026-10-04T00:00:00.000000000
TX1182,4,6,2026-10-29T00:00:00.000000000
TX1183,13,3,2026-10-09T00:00:00.000000000
TX1184,15,1,2026-10-15T00:00:00.000000000
TX1185,21,7,2026-10-17T00:00:00.000000000
TX1186,19,1,2026-10-15T00:00:00.000000000
TX1187,21,5,2026-10-14T00:00:00.000000000
TX1188,24,2,2026-10-06T00:00:00.000000000
TX1189,21,5,2026-10-13T00:00:00.000000000
TX1190,21,1,2026-10-01T00:00:00.000000000
TX1191,13,2,2026-10-01T00:00:00.000000000
TX1192,19,3,2026-10-14T00:00:00.000000000
TX1193,5,7,2026-10-17T00:00:00.000000000
TX1194,14,6,2026-10-28T00:00:00.000000000
TX1195,27,6,2026-10-02T00:00:00.000000000
TX1196,5,4,2026-10-11T00:00:00.000000000
TX1197,16,3,2026-10-04T00:00:00.000000000
TX1198,9,1,2026-10-17T00:00:00.000000000
TX1199,13,6,2026-10-24T00:00:00.000000000
TX1200,30,2,2026-10-10T00:00:00.000000000
TX1201,3,4,2026-10-15T00:00:00.000000000
TX1202,6,4,2026-10-04T00:00:00.000000000
TX1203,18,6,2026-10-22T00:00:00.000000000
TX1204,4,6,2026-10-26T00:00:00.000000000
TX1205,12,6,2026-10-05T00:00:00.000000000
TX1206,6,6,2026-10-08T00:00:00.000000000
TX1207,15,4,2026-10-20T00:00:00.000000000
TX1208,1,1,2026-10-13T00:00:00.000000000
TX1209,18,4,2026-10-03T00:00:00.000000000
TX1210,9,4,2026-10-21T00:00:00.000000000
TX1211,16,7,2026-10-02T00:00:00.000000000
TX1212,10,3,2026-10-07T00:00:00.000000000
TX1213,9,7,2026-10-31T00:00:00.000000000
TX1214,11,6,2026-10-03T00:00:00.000000000
TX1215,29,2,2026-10-16T00:00:00.000000000
TX1216,10,1,2026-10-26T00:00:00.000000000
TX1217,18,1,2026-10-07T00:00:00.000000000
TX1218,18,7,2026-10-11T00:00:00.000000000
TX1219,22,1,2026-10-05T00:00:00.000000000
TX1220,11,1,2026-10-05T00:00:00.000000000
TX1221,7,5,2026-10-29T00:00:00.000000000
TX1222,24,6,2026-10-18T00:00:00.000000000
TX1223,18,1,2026-10-30T00:00:00.000000000
TX1224,30,7,2026-10-26T00:00:00.000000000
TX1225,20,5,2026-10-11T00:00:00.000000000
TX1226,14,5,2026-10-15T00:00:00.000000000
TX1227,25,6,2026-10-31T00:00:00.000000000
TX1228,17,4,2026-10-07T00:00:00.000000000
TX1229,30,7,2026-10-25T00:00:00.000000000
TX1230,6,6,2026-10-16T00:00:00.000000000
TX1231,7,6,2026-10-01T00:00:00.000000000
TX1232,7,3,2026-10-13T00:00:00.000000000
TX1233,21,2,2026-10-16T00:00:00.000000000
TX1234,3,4,2026-10-18T00:00:00.000000000
TX1235,7,2,2026-10-17T00:00:00.000000000
TX1236,29,1,2026-10-28T00:00:00.000000000
TX1237,19,6,2026-10-19T00:00:00.000000000
TX1238,15,5,2026-10-24T00:00:00.000000000
TX1239,21,4,2026-10-13T00:00:00.000000000
TX1240,21,7,2026-10-03T00:00:00.000000000
TX1241,4,6,2026-10-17T00:00:00.000000000
TX1242,19,2,2026-10-22T00:00:00.000000000
TX1243,8,1,2026-10-31T00:00:00.000000000
TX1244,23,1,2026-10-04T00:00:00.000000000
TX1245,18,5,2026-10-09T00:00:00.000000000
TX1246,27,4,2026-10-29T00:00:00.000000000
TX1247,12,1,2026-10-17T00:00:00.000000000
TX1248,6,2,2026-10-14T00:00:00.000000000
TX1249,6,2,2026-10-08T00:00:00.000000000
TX1250,6,6,2026-10-31T00:00:00.000000000
TX1251,4,6,2026-10-25T00:00:00.000000000
TX1252,16,4,2026-10-31T00:00:00.000000000
TX1253,9,3,2026-10-28T00:00:00.000000000
TX1254,15,1,2026-10-06T00:00:00.000000000
TX1255,7,6,2026-10-29T00:00:00.000000000
TX1256,20,7,2026-10-24T00:00:00.000000000
TX1257,7,4,2026-10-30T00:00:00.000000000
TX1258,21,5,2026-10-29T00:00:00.000000000
TX1259,6,1,2026-10-06T00:00:00.000000000
TX1260,26,6,2026-10-28T00:00:00.000000000
TX1261,17,4,2026-10-25T00:00:00.000000000
TX1262,28,4,2026-10-25T00:00:00.000000000
TX1263,21,7,2026-10-09T00:00:00.000000000
TX1264,30,1,2026-10-07T00:00:00.000000000
TX1265,14,4,2026-10-13T00:00:00.000000000
TX1266,19,3,2026-10-02T00:00:00.000000000
TX1267,21,2,2026-10-21T00:00:00.000000000
TX1268,1,1,2026-10-19T00:00:00.000000000
TX1269,16,5,2026-10-17T00:00:00.000000000
TX1270,3,4,2026-10-19T00:00:00.000000000
TX1271,25,1,2026-10-24T00:00:00.000000000
TX1272,26,5,2026-10-16T00:00:00.000000000
TX1273,30,5,2026-10-03T00:00:00.000000000
TX1274,17,1,2026-10-06T00:00:00.000000000
TX1275,12,5,2026-10-18T00:00:00.000000000
TX1276,19,7,2026-10-29T00:00:00.000000000
TX1277,24,5,2026-10-22T00:00:00.000000000
TX1278,28,6,2026-10-26T00:00:00.000000000
TX1279,19,2,2026-10-25T00:00:00.000000000
TX1280,13,1,2026-10-05T00:00:00.000000000
TX1281,21,1,2026-10-20T00:00:00.000000000
TX1282,25,3,2026-10-09T00:00:00.000000000
TX1283,26,3,2026-10-26T00:00:00.000000000
TX1284,9,2,2026-10-26T00:00:00.000000000
TX1285,8,6,2026-10-01T00:00:00.000000000
TX1286,2,2,2026-10-16T00:00:00.000000000
TX1287,12,1,2026-10-05T00:00:00.000000000
TX1288,29,1,2026-10-15T00:00:00.000000000
TX1289,15,6,2026-10-19T00:00:00.000000000
TX1290,27,2,2026-10-13T00:00:00.000000000
TX1291,13,4,2026-10-13T00:00:00.000000000
TX1292,15,6,2026-10-16T00:00:00.000000000
TX1293,16,2,2026-10-28T00:00:00.000000000
TX1294,10,1,2026-10-31T00:00:00.000000000
TX1295,29,4,2026-10-07T00:00:00.000000000
TX1296,26,7,2026-10-28T00:00:00.000000000
TX1297,17,5,2026-10-11T00:00:00.000000000
TX1298,25,4,2026-10-02T00:00:00.000000000
TX1299,11,1,2026-10-08T00:00:00.000000000
TX1300,7,2,2026-10-25T00:00:00.000000000
TX1301,11,3,2026-10-14T00:00:00.000000000
TX1302,11,2,2026-10-22T00:00:00.000000000
TX1303,7,6,2026-10-03T00:00:00.000000000
TX1304,14,3,2026-10-26T00:00:00.000000000
TX1305,13,5,2026-10-31T00:00:00.000000000
TX1306,26,7,2026-10-06T00:00:00.000000000
TX1307,12,6,2026-10-02T00:00:00.000000000
TX1308,21,2,2026-10-10T00:00:00.000000000
TX1309,17,6,2026-10-31T00:00:00.000000000
TX1310,23,4,2026-10-03T00:00:00.000000000
TX1311,30,7,2026-10-08T00:00:00.000000000
TX1312,18,3,2026-10-24T00:00:00.000000000
TX1313,19,3,2026-10-07T00:00:00.000000000
TX1314,10,6,2026-10-19T00:00:00.000000000
TX1315,3,3,2026-10-19T00:00:00.000000000
TX1316,9,7,2026-10-04T00:00:00.000000000
TX1317,9,2,2026-10-24T00:00:00.000000000
TX1318,21,1,2026-10-18T00:00:00.000000000
TX1319,13,6,2026-10-27T00:00:00.000000000
TX1320,28,3,2026-10-23T00:00:00.000000000
TX1321,8,7,2026-10-22T00:00:00.000000000
TX1322,28,7,2026-10-01T00:00:00.000000000
TX1323,4,6,2026-10-13T00:00:00.000000000
TX1324,27,1,2026-10-21T00:00:00.000000000
TX1325,16,7,2026-10-21T00:00:00.000000000
TX1326,2,2,2026-10-24T00:00:00.000000000
TX1327,4,5,2026-10-20T00:00:00.000000000
TX1328,1,6,2026-10-28T00:00:00.000000000
TX1329,21,7,2026-10-20T00:00:00.000000000
TX1330,18,1,2026-10-16T00:00:00.000000000
TX1331,26,5,2026-10-06T00:00:00.000000000
TX1332,8,3,2026-10-13T00:00:00.000000000
TX1333,30,7,2026-10-07T00:00:00.000000000
TX1334,23,2,2026-10-26T00:00:00.000000000
TX1335,13,5,2026-10-26T00:00:00.000000000
TX1336,30,6,2026-10-29T00:00:00.000000000
TX1337,27,5,2026-10-01T00:00:00.000000000
TX1338,16,6,2026-10-03T00:00:00.000000000
TX1339,8,2,2026-10-07T00:00:00.000000000
TX1340,24,6,2026-10-31T00:00:00.000000000
TX1341,11,3,2026-10-23T00:00:00.000000000
TX1342,28,3,2026-10-06T00:00:00.000000000
TX1343,7,2,2026-10-09T00:00:00.000000000
TX1344,27,4,2026-10-02T00:00:00.000000000
TX1345,7,4,2026-10-05T00:00:00.000000000
TX1346,28,4,2026-10-21T00:00:00.000000000
TX1347,2,7,2026-10-04T00:00:00.000000000
TX1348,9,4,2026-10-31T00:00:00.000000000
TX1349,18,2,2026-10-15T00:00:00.000000000
TX1350,21,1,2026-10-10T00:00:00.000000000
TX1351,4,6,2026-10-30T00:00:00.000000000
TX1352,13,6,2026-10-04T00:00:00.000000000
TX1353,13,3,2026-10-24T00:00:00.000000000
TX1354,15,7,2026-10-26T00:00:00.000000000
TX1355,7,4,2026-10-03T00:00:00.000000000
TX1356,12,6,2026-10-13T00:00:00.000000000
TX1357,21,2,2026-10-26T00:00:00.000000000
TX1358,4,4,2026-10-25T00:00:00.000000000
TX1359,21,5,2026-10-22T00:00:00.000000000
TX1360,27,5,2026-10-07T00:00:00.000000000
TX1361,15,6,2026-10-22T00:00:00.000000000
TX1362,11,3,2026-10-27T00:00:00.000000000
TX1363,9,5,2026-10-06T00:00:00.000000000
TX1364,26,1,2026-10-23T00:00:00.000000000
TX1365,17,5,2026-10-06T00:00:00.000000000
TX1366,9,3,2026-10-03T00:00:00.000000000
TX1367,7,4,2026-10-11T00:00:00.000000000
TX1368,1,2,2026-10-29T00:00:00.000000000
TX1369,3,3,2026-10-10T00:00:00.000000000
TX1370,7,5,2026-10-17T00:00:00.000000000
TX1371,29,3,2026-10-13T00:00:00.000000000
TX1372,23,4,2026-10-01T00:00:00.000000000
TX1373,18,2,2026-10-19T00:00:00.000000000
TX1374,8,6,2026-10-09T00:00:00.000000000
TX1375,18,6,2026-10-22T00:00:00.000000000
TX1376,21,2,2026-10-06T00:00:00.000000000
TX1377,4,3,2026-10-31T00:00:00.000000000
TX1378,12,7,2026-10-26T00:00:00.000000000
TX1379,11,5,2026-10-05T00:00:00.000000000
TX1380,27,7,2026-10-24T00:00:00.000000000
TX1381,9,3,2026-10-13T00:00:00.000000000
TX1382,30,3,2026-10-28T00:00:00.000000000
TX1383,5,5,2026-10-31T00:00:00.000000000
TX1384,7,4,2026-10-12T00:00:00.000000000
TX1385,10,3,2026-10-16T00:00:00.000000000
TX1386,6,2,2026-10-22T00:00:00.000000000
TX1387,3,1,2026-10-13T00:00:00.000000000
TX1388,3,2,2026-10-26T00:00:00.000000000
TX1389,15,5,2026-10-10T00:00:00.000000000
TX1390,15,4,2026-10-27T00:00:00.000000000
TX1391,15,5,2026-10-28T00:00:00.000000000
TX1392,6,5,2026-10-02T00:00:00.000000000
TX1393,7,6,2026-10-25T00:00:00.000000000
TX1394,30,7,2026-10-22T00:00:00.000000000
TX1395,26,6,2026-10-21T00:00:00.000000000
TX1396,11,5,2026-10-20T00:00:00.000000000
TX1397,4,5,2026-10-05T00:00:00.000000000
TX1398,24,7,2026-10-18T00:00:00.000000000
TX1399,28,2,2026-10-25T00:00:00.000000000
TX1400,17,6,2026-10-21T00:00:00.000000000
TX1401,27,2,2026-10-04T00:00:00.000000000
TX1402,10,2,2026-10-21T00:00:00.000000000
TX1403,4,4,2026-10-11T00:00:00.000000000
TX1404,1,2,2026-10-13T00:00:00.000000000
TX1405,1,6,2026-10-25T00:00:00.000000000
TX1406,20,3,2026-10-24T00:00:00.000000000
TX1407,16,3,2026-10-02T00:00:00.000000000
TX1408,15,3,2026-10-10T00:00:00.000000000
TX1409,23,2,2026-10-15T00:00:00.000000000
TX1410,11,5,2026-10-28T00:00:00.000000000
TX1411,6,2,2026-10-22T00:00:00.000000000
TX1412,13,7,2026-10-28T00:00:00.000000000
TX1413,23,6,2026-10-09T00:00:00.000000000
TX1414,7,5,2026-10-18T00:00:00.000000000
TX1415,15,5,2026-10-25T00:00:00.000000000
TX1416,20,1,2026-10-23T00:00:00.000000000
TX1417,5,5,2026-10-29T00:00:00.000000000
TX1418,6,2,2026-10-12T00:00:00.000000000
TX1419,12,4,2026-10-10T00:00:00.000000000
TX1420,4,5,2026-10-07T00:00:00.000000000
TX1421,15,4,2026-10-08T00:00:00.000000000
TX1422,21,5,2026-10-07T00:00:00.000000000
TX1423,18,4,2026-10-05T00:00:00.000000000
TX1424,13,2,2026-10-26T00:00:00.000000000
TX1425,22,4,2026-10-24T00:00:00.000000000
TX1426,22,6,2026-10-15T00:00:00.000000000
TX1427,12,2,2026-10-04T00:00:00.000000000
TX1428,5,5,2026-10-04T00:00:00.000000000
TX1429,7,2,2026-10-20T00:00:00.000000000
TX1430,12,5,2026-10-28T00:00:00.000000000
TX1431,5,1,2026-10-30T00:00:00.000000000
TX1432,10,6,2026-10-10T00:00:00.000000000
TX1433,17,5,2026-10-15T00:00:00.000000000
TX1434,17,4,2026-10-06T00:00:00.000000000
TX1435,15,4,2026-10-13T00:00:00.000000000
TX1436,16,6,2026-10-27T00:00:00.000000000
TX1437,9,5,2026-10-12T00:00:00.000000000
TX1438,8,7,2026-10-15T00:00:00.000000000
TX1439,8,7,2026-10-11T00:00:00.000000000
TX1440,23,6,2026-10-27T00:00:00.000000000
TX1441,11,4,2026-10-01T00:00:00.000000000
TX1442,27,2,2026-10-17T00:00:00.000000000
TX1443,12,1,2026-10-17T00:00:00.000000000
TX1444,2,2,2026-10-25T00:00:00.000000000
TX1445,11,4,2026-10-10T00:00:00.000000000
TX1446,2,3,2026-10-15T00:00:00.000000000
TX1447,29,3,2026-10-09T00:00:00.000000000
TX1448,11,5,2026-10-22T00:00:00.000000000
TX1449,23,5,2026-10-25T00:00:00.000000000
TX1450,29,2,2026-10-11T00:00:00.000000000
TX1451,22,4,2026-10-16T00:00:00.000000000
TX1452,8,1,2026-10-27T00:00:00.000000000
TX1453,5,2,2026-10-22T00:00:00.000000000
TX1454,29,5,2026-10-21T00:00:00.000000000
TX1455,16,2,2026-10-27T00:00:00.000000000
TX1456,23,4,2026-10-04T00:00:00.000000000
TX1457,20,5,2026-10-06T00:00:00.000000000
TX1458,4,7,2026-10-27T00:00:00.000000000
TX1459,4,5,2026-10-15T00:00:00.000000000
TX1460,10,3,2026-10-20T00:00:00.000000000
TX1461,28,7,2026-10-14T00:00:00.000000000
TX1462,26,3,2026-10-07T00:00:00.000000000
TX1463,13,1,2026-10-10T00:00:00.000000000
TX1464,30,5,2026-10-08T00:00:00.000000000
TX1465,23,4,2026-10-26T00:00:00.000000000
TX1466,20,5,2026-10-13T00:00:00.000000000
TX1467,18,5,2026-10-18T00:00:00.000000000
TX1468,9,5,2026-10-29T00:00:00.000000000
TX1469,27,7,2026-10-27T00:00:00.000000000
TX1470,13,3,2026-10-10T00:00:00.000000000
TX1471,11,2,2026-10-27T00:00:00.000000000
TX1472,18,5,2026-10-16T00:00:00.000000000
TX1473,26,1,2026-10-27T00:00:00.000000000
TX1474,1,1,2026-10-14T00:00:00.000000000
TX1475,6,4,2026-10-09T00:00:00.000000000
TX1476,14,3,2026-10-08T00:00:00.000000000
TX1477,1,5,2026-10-03T00:00:00.000000000
TX1478,12,4,2026-10-06T00:00:00.000000000
TX1479,23,3,2026-10-03T00:00:00.000000000
TX1480,7,5,2026-10-03T00:00:00.000000000
TX1481,12,1,2026-10-31T00:00:00.000000000
TX1482,5,3,2026-10-31T00:00:00.000000000
TX1483,3,4,2026-10-07T00:00:00.000000000
TX1484,12,1,2026-10-30T00:00:00.000000000
TX1485,11,5,2026-10-05T00:00:00.000000000
TX1486,26,4,2026-10-05T00:00:00.000000000
TX1487,6,7,2026-10-19T00:00:00.000000000
TX1488,21,5,2026-10-16T00:00:00.000000000
TX1489,10,2,2026-10-10T00:00:00.000000000
TX1490,24,7,2026-10-15T00:00:00.000000000
TX1491,2,7,2026-10-19T00:00:00.000000000
TX1492,16,5,2026-10-23T00:00:00.000000000
TX1493,22,6,2026-10-05T00:00:00.000000000
TX1494,20,6,2026-10-02T00:00:00.000000000
TX1495,17,1,2026-10-29T00:00:00.000000000
TX1496,21,4,2026-10-09T00:00:00.000000000
TX1497,15,5,2026-10-10T00:00:00.000000000
TX1498,22,5,2026-10-01T00:00:00.000000000
TX1499,15,5,2026-10-14T00:00:00.000000000
TX1500,24,3,2026-10-04T00:00:00.000000000
TX1501,27,2,2026-10-22T00:00:00.000000000
TX1502,1,1,2026-10-13T00:00:00.000000000
TX1503,20,7,2026-10-22T00:00:00.000000000
TX1504,9,3,2026-10-25T00:00:00.000000000
TX1505,26,6,2026-10-18T00:00:00.000000000
TX1506,1,5,2026-10-17T00:00:00.000000000
TX1507,28,4,2026-10-03T00:00:00.000000000
TX1508,10,5,2026-10-12T00:00:00.000000000
TX1509,3,5,2026-10-31T00:00:00.000000000
TX1510,29,5,2026-10-16T00:00:00.000000000
TX1511,15,2,2026-10-13T00:00:00.000000000
TX1512,14,5,2026-10-27T00:00:00.000000000
TX1513,18,2,2026-10-01T00:00:00.000000000
TX1514,19,4,2026-10-27T00:00:00.000000000
TX1515,26,4,2026-10-09T00:00:00.000000000
TX1516,24,2,2026-10-30T00:00:00.000000000
TX1517,2,2,2026-10-09T00:00:00.000000000
TX1518,7,5,2026-10-05T00:00:00.000000000
TX1519,18,3,2026-10-28T00:00:00.000000000
TX1520,26,5,2026-10-24T00:00:00.000000000
TX1521,22,1,2026-10-13T00:00:00.000000000
TX1522,4,7,2026-10-01T00:00:00.000000000
TX1523,13,7,2026-10-22T00:00:00.000000000
TX1524,15,2,2026-10-18T00:00:00.000000000
TX1525,10,7,2026-10-12T00:00:00.000000000
TX1526,4,7,2026-10-20T00:00:00.000000000
TX1527,17,4,2026-10-19T00:00:00.000000000
TX1528,27,3,2026-10-02T00:00:00.000000000
TX1529,5,1,2026-10-28T00:00:00.000000000
TX1530,9,6,2026-10-09T00:00:00.000000000
TX1531,20,4,2026-10-05T00:00:00.000000000
TX1532,17,6,2026-10-17T00:00:00.000000000
TX1533,18,3,2026-10-01T00:00:00.000000000
TX1534,16,2,2026-10-16T00:00:00.000000000
TX1535,9,5,2026-10-25T00:00:00.000000000
TX1536,8,1,2026-10-23T00:00:00.000000000
TX1537,16,1,2026-10-30T00:00:00.000000000
TX1538,29,3,2026-10-20T00:00:00.000000000
TX1539,9,7,2026-10-31T00:00:00.000000000
TX1540,9,5,2026-10-10T00:00:00.000000000
TX1541,24,1,2026-10-13T00:00:00.000000000
TX1542,17,7,2026-10-06T00:00:00.000000000
TX1543,3,6,2026-10-16T00:00:00.000000000
TX1544,10,5,2026-10-12T00:00:00.000000000
TX1545,13,6,2026-10-08T00:00:00.000000000
TX1546,7,1,2026-10-02T00:00:00.000000000
TX1547,5,7,2026-10-10T00:00:00.000000000
TX1548,19,3,2026-10-16T00:00:00.000000000
TX1549,22,6,2026-10-09T00:00:00.000000000
TX1550,17,7,2026-10-10T00:00:00.000000000
TX1551,9,5,2026-10-25T00:00:00.000000000
TX1552,2,2,2026-10-02T00:00:00.000000000
TX1553,27,1,2026-10-30T00:00:00.000000000
TX1554,2,5,2026-10-26T00:00:00.000000000
TX1555,7,1,2026-10-28T00:00:00.000000000
TX1556,10,7,2026-10-04T00:00:00.000000000
TX1557,19,6,2026-10-02T00:00:00.000000000
TX1558,12,5,2026-10-21T00:00:00.000000000
TX1559,30,6,2026-10-07T00:00:00.000000000
TX1560,17,6,2026-10-28T00:00:00.000000000
TX1561,7,3,2026-10-08T00:00:00.000000000
TX1562,8,3,2026-10-29T00:00:00.000000000
TX1563,17,6,2026-10-20T00:00:00.000000000
TX1564,25,6,2026-10-20T00:00:00.000000000
TX1565,15,6,2026-10-08T00:00:00.000000000
TX1566,27,6,2026-10-03T00:00:00.000000000
TX1567,30,2,2026-10-05T00:00:00.000000000
TX1568,26,2,2026-10-25T00:00:00.000000000
TX1569,20,7,2026-10-29T00:00:00.000000000
TX1570,1,1,2026-10-17T00:00:00.000000000
TX1571,17,3,2026-10-16T00:00:00.000000000
TX1572,4,6,2026-10-03T00:00:00.000000000
TX1573,7,5,2026-10-23T00:00:00.000000000
TX1574,8,7,2026-10-22T00:00:00.000000000
TX1575,6,5,2026-10-19T00:00:00.000000000
TX1576,10,7,2026-10-31T00:00:00.000000000
TX1577,2,5,2026-10-10T00:00:00.000000000
TX1578,13,6,2026-10-02T00:00:00.000000000
TX1579,27,4,2026-10-16T00:00:00.000000000
TX1580,22,2,2026-10-02T00:00:00.000000000
TX1581,2,2,2026-10-09T00:00:00.000000000
TX1582,3,3,2026-10-14T00:00:00.000000000
TX1583,11,6,2026-10-24T00:00:00.000000000
TX1584,25,3,2026-10-18T00:00:00.000000000
TX1585,8,6,2026-10-06T00:00:00.000000000
TX1586,5,5,2026-10-13T00:00:00.000000000
TX1587,19,2,2026-10-01T00:00:00.000000000
TX1588,3,7,2026-10-03T00:00:00.000000000
TX1589,10,7,2026-10-05T00:00:00.000000000
TX1590,28,7,2026-10-10T00:00:00.000000000
TX1591,7,7,2026-10-31T00:00:00.000000000
TX1592,22,2,2026-10-13T00:00:00.000000000
TX1593,21,5,2026-10-09T00:00:00.000000000
TX1594,24,5,2026-10-29T00:00:00.000000000
TX1595,14,2,2026-10-18T00:00:00.000000000
TX1596,10,1,2026-10-09T00:00:00.000000000
TX1597,7,6,2026-10-21T00:00:00.000000000
TX1598,13,6,2026-10-19T00:00:00.000000000
TX1599,4,6,2026-10-18T00:00:00.000000000
TX1600,9,1,2026-10-19T00:00:00.000000000
TX1601,12,2,2026-10-19T00:00:00.000000000
TX1602,10,5,2026-10-28T00:00:00.000000000
TX1603,20,2,2026-10-11T00:00:00.000000000
TX1604,21,3,2026-10-08T00:00:00.000000000
TX1605,13,1,2026-10-03T00:00:00.000000000
TX1606,23,7,2026-10-01T00:00:00.000000000
TX1607,27,7,2026-10-07T00:00:00.000000000
TX1608,21,1,2026-10-03T00:00:00.000000000
TX1609,16,1,2026-10-23T00:00:00.000000000
TX1610,5,2,2026-10-05T00:00:00.000000000
TX1611,23,2,2026-10-30T00:00:00.000000000
TX1612,16,1,2026-10-03T00:00:00.000000000
TX1613,7,3,2026-10-19T00:00:00.000000000
TX1614,28,4,2026-10-05T00:00:00.000000000
TX1615,24,1,2026-10-10T00:00:00.000000000
TX1616,25,2,2026-10-26T00:00:00.000000000
TX1617,23,3,2026-10-13T00:00:00.000000000
TX1618,15,4,2026-10-09T00:00:00.000000000
TX1619,24,2,2026-10-28T00:00:00.000000000
TX1620,19,6,2026-10-23T00:00:00.000000000
TX1621,20,1,2026-10-04T00:00:00.000000000
TX1622,19,7,2026-10-14T00:00:00.000000000
TX1623,7,5,2026-10-10T00:00:00.000000000
TX1624,27,6,2026-10-25T00:00:00.000000000
TX1625,26,3,2026-10-01T00:00:00.000000000
TX1626,5,6,2026-10-12T00:00:00.000000000
TX1627,21,4,2026-10-21T00:00:00.000000000
TX1628,6,1,2026-10-27T00:00:00.000000000
TX1629,8,7,2026-10-04T00:00:00.000000000
TX1630,17,2,2026-10-07T00:00:00.000000000
TX1631,21,6,2026-10-20T00:00:00.000000000
TX1632,10,3,2026-10-22T00:00:00.000000000
TX1633,30,2,2026-10-24T00:00:00.000000000
TX1634,25,7,2026-10-24T00:00:00.000000000
TX1635,14,1,2026-10-08T00:00:00.000000000
TX1636,17,4,2026-10-19T00:00:00.000000000
TX1637,6,2,2026-10-27T00:00:00.000000000
TX1638,30,4,2026-10-04T00:00:00.000000000
TX1639,16,4,2026-10-01T00:00:00.000000000
TX1640,3,2,2026-10-27T00:00:00.000000000
TX1641,3,4,2026-10-05T00:00:00.000000000
TX1642,5,5,2026-10-15T00:00:00.000000000
TX1643,12,5,2026-10-24T00:00:00.000000000
TX1644,2,2,2026-10-08T00:00:00.000000000
TX1645,26,6,2026-10-11T00:00:00.000000000
TX1646,3,3,2026-10-11T00:00:00.000000000
TX1647,25,4,2026-10-12T00:00:00.000000000
TX1648,22,3,2026-10-17T00:00:00.000000000
TX1649,4,1,2026-10-22T00:00:00.000000000
TX1650,6,2,2026-10-25T00:00:00.000000000
TX1651,28,6,2026-10-29T00:00:00.000000000
TX1652,3,4,2026-10-01T00:00:00.000000000
TX1653,27,2,2026-10-23T00:00:00.000000000
TX1654,3,6,2026-10-30T00:00:00.000000000
TX1655,23,6,2026-10-04T00:00:00.000000000
TX1656,5,1,2026-10-08T00:00:00.000000000
TX1657,21,1,2026-10-29T00:00:00.000000000
TX1658,4,3,2026-10-22T00:00:00.000000000
TX1659,11,7,2026-10-18T00:00:00.000000000
TX1660,18,4,2026-10-21T00:00:00.000000000
TX1661,10,5,2026-10-26T00:00:00.000000000
TX1662,13,6,2026-10-23T00:00:00.000000000
TX1663,20,7,2026-10-13T00:00:00.000000000
TX1664,12,2,2026-10-11T00:00:00.000000000
TX1665,29,1,2026-10-10T00:00:00.000000000
TX1666,27,3,2026-10-05T00:00:00.000000000
TX1667,11,3,2026-10-23T00:00:00.000000000
TX1668,3,1,2026-10-04T00:00:00.000000000
TX1669,24,5,2026-10-16T00:00:00.000000000
TX1670,20,4,2026-10-05T00:00:00.000000000
TX1671,12,7,2026-10-05T00:00:00.000000000
TX1672,9,6,2026-10-01T00:00:00.000000000
TX1673,13,2,2026-10-24T00:00:00.000000000
TX1674,4,4,2026-10-26T00:00:00.000000000
TX1675,5,7,2026-10-19T00:00:00.000000000
TX1676,23,2,2026-10-03T00:00:00.000000000
TX1677,28,5,2026-10-17T00:00:00.000000000
TX1678,9,6,2026-10-11T00:00:00.000000000
TX1679,9,1,2026-10-03T00:00:00.000000000
TX1680,21,3,2026-10-20T00:00:00.000000000
TX1681,19,1,2026-10-12T00:00:00.000000000
TX1682,29,1,2026-10-15T00:00:00.000000000
TX1683,29,6,2026-10-20T00:00:00.000000000
TX1684,14,1,2026-10-08T00:00:00.000000000
TX1685,16,3,2026-10-20T00:00:00.000000000
TX1686,30,5,2026-10-17T00:00:00.000000000
TX1687,3,7,2026-10-10T00:00:00.000000000
TX1688,5,3,2026-10-29T00:00:00.000000000
TX1689,24,5,2026-10-13T00:00:00.000000000
TX1690,8,6,2026-10-25T00:00:00.000000000
TX1691,19,6,2026-10-31T00:00:00.000000000
TX1692,8,1,2026-10-06T00:00:00.000000000
TX1693,8,7,2026-10-29T00:00:00.000000000
TX1694,7,3,2026-10-28T00:00:00.000000000
TX1695,18,2,2026-10-02T00:00:00.000000000
TX1696,15,4,2026-10-24T00:00:00.000000000
TX1697,19,1,2026-10-12T00:00:00.000000000
TX1698,13,7,2026-10-16T00:00:00.000000000
TX1699,28,4,2026-10-18T00:00:00.000000000
TX1700,11,3,2026-10-02T00:00:00.000000000
TX1701,18,7,2026-10-06T00:00:00.000000000
TX1702,12,1,2026-10-16T00:00:00.000000000
TX1703,16,7,2026-10-15T00:00:00.000000000
TX1704,20,5,2026-10-16T00:00:00.000000000
TX1705,25,2,2026-10-23T00:00:00.000000000
TX1706,5,6,2026-10-22T00:00:00.000000000
TX1707,7,7,2026-10-24T00:00:00.000000000
TX1708,6,5,2026-10-16T00:00:00.000000000
TX1709,15,7,2026-10-09T00:00:00.000000000
TX1710,6,7,2026-10-04T00:00:00.000000000
TX1711,30,6,2026-10-27T00:00:00.000000000
TX1712,13,3,2026-10-06T00:00:00.000000000
TX1713,1,6,2026-10-15T00:00:00.000000000
TX1714,10,2,2026-10-07T00:00:00.000000000
TX1715,11,7,2026-10-29T00:00:00.000000000
TX1716,24,1,2026-10-06T00:00:00.000000000
TX1717,6,7,2026-10-11T00:00:00.000000000
TX1718,10,5,2026-10-02T00:00:00.000000000
TX1719,17,6,2026-10-27T00:00:00.000000000
TX1720,13,1,2026-10-10T00:00:00.000000000
TX1721,20,7,2026-10-15T00:00:00.000000000
TX1722,19,2,2026-10-22T00:00:00.000000000
TX1723,16,7,2026-10-19T00:00:00.000000000
TX1724,15,5,2026-10-21T00:00:00.000000000
TX1725,10,3,2026-10-17T00:00:00.000000000
TX1726,13,4,2026-10-14T00:00:00.000000000
TX1727,8,3,2026-10-23T00:00:00.000000000
TX1728,26,6,2026-10-02T00:00:00.000000000
TX1729,4,1,2026-10-25T00:00:00.000000000
TX1730,28,6,2026-10-30T00:00:00.000000000
TX1731,20,7,2026-10-08T00:00:00.000000000
TX1732,24,6,2026-10-08T00:00:00.000000000
TX1733,27,2,2026-10-08T00:00:00.000000000
TX1734,22,2,2026-10-25T00:00:00.000000000
TX1735,16,6,2026-10-25T00:00:00.000000000
TX1736,10,2,2026-10-17T00:00:00.000000000
TX1737,20,1,2026-10-02T00:00:00.000000000
TX1738,4,6,2026-10-21T00:00:00.000000000
TX1739,30,4,2026-10-25T00:00:00.000000000
TX1740,30,3,2026-10-27T00:00:00.000000000
TX1741,25,7,2026-10-15T00:00:00.000000000
TX1742,5,2,2026-10-17T00:00:00.000000000
TX1743,28,1,2026-10-09T00:00:00.000000000
TX1744,3,7,2026-10-28T00:00:00.000000000
TX1745,5,3,2026-10-15T00:00:00.000000000
TX1746,18,4,2026-10-12T00:00:00.000000000
TX1747,23,3,2026-10-17T00:00:00.000000000
TX1748,17,6,2026-10-09T00:00:00.000000000
TX1749,4,5,2026-10-26T00:00:00.000000000
TX1750,4,4,2026-10-15T00:00:00.000000000
TX1751,24,7,2026-10-14T00:00:00.000000000
TX1752,11,6,2026-10-31T00:00:00.000000000
TX1753,17,4,2026-10-20T00:00:00.000000000
TX1754,10,5,2026-10-11T00:00:00.000000000
TX1755,29,4,2026-10-19T00:00:00.000000000
TX1756,16,3,2026-10-10T00:00:00.000000000
TX1757,29,4,2026-10-31T00:00:00.000000000
TX1758,14,1,2026-10-19T00:00:00.000000000
TX1759,18,5,2026-10-02T00:00:00.000000000
TX1760,6,4,2026-10-26T00:00:00.000000000
TX1761,18,2,2026-10-15T00:00:00.000000000
TX1762,21,4,2026-10-15T00:00:00.000000000
TX1763,23,6,2026-10-05T00:00:00.000000000
TX1764,1,1,2026-10-10T00:00:00.000000000
TX1765,3,5,2026-10-20T00:00:00.000000000
TX1766,20,6,2026-10-17T00:00:00.000000000
TX1767,27,2,2026-10-01T00:00:00.000000000
TX1768,13,7,2026-10-16T00:00:00.000000000
TX1769,12,3,2026-10-24T00:00:00.000000000
TX1770,30,7,2026-10-16T00:00:00.000000000
TX1771,14,2,2026-10-29T00:00:00.000000000
TX1772,15,6,2026-10-15T00:00:00.000000000
TX1773,7,6,2026-10-14T00:00:00.000000000
TX1774,17,2,2026-10-02T00:00:00.000000000
TX1775,19,4,2026-10-11T00:00:00.000000000
TX1776,18,5,2026-10-10T00:00:00.000000000
TX1777,17,5,2026-10-29T00:00:00.000000000
TX1778,4,2,2026-10-01T00:00:00.000000000
TX1779,13,2,2026-10-05T00:00:00.000000000
TX1780,14,2,2026-10-19T00:00:00.000000000
TX1781,2,2,2026-10-08T00:00:00.000000000
TX1782,7,5,2026-10-23T00:00:00.000000000
TX1783,2,2,2026-10-21T00:00:00.000000000
TX1784,5,4,2026-10-04T00:00:00.000000000
TX1785,19,2,2026-10-10T00:00:00.000000000
TX1786,28,3,2026-10-24T00:00:00.000000000
TX1787,15,1,2026-10-10T00:00:00.000000000
TX1788,12,2,2026-10-04T00:00:00.000000000
TX1789,20,3,2026-10-14T00:00:00.000000000
TX1790,22,3,2026-10-12T00:00:00.000000000
TX1791,9,4,2026-10-14T00:00:00.000000000
TX1792,8,2,2026-10-17T00:00:00.000000000
TX1793,15,1,2026-10-16T00:00:00.000000000
TX1794,16,3,2026-10-23T00:00:00.000000000
TX1795,17,7,2026-10-15T00:00:00.000000000
TX1796,25,2,2026-10-20T00:00:00.000000000
TX1797,11,6,2026-10-15T00:00:00.000000000
TX1798,26,7,2026-10-01T00:00:00.000000000
TX1799,25,3,2026-10-03T00:00:00.000000000
TX1800,18,3,2026-10-15T00:00:00.000000000
TX1801,10,2,2026-10-27T00:00:00.000000000
TX1802,11,2,2026-10-17T00:00:00.000000000
TX1803,17,4,2026-10-04T00:00:00.000000000
TX1804,13,3,2026-10-15T00:00:00.000000000
TX1805,17,1,2026-10-15T00:00:00.000000000
TX1806,28,6,2026-10-05T00:00:00.000000000
TX1807,24,6,2026-10-07T00:00:00.000000000
TX1808,14,5,2026-10-23T00:00:00.000000000
TX1809,14,7,2026-10-08T00:00:00.000000000
TX1810,20,2,2026-10-11T00:00:00.000000000
TX1811,6,2,2026-10-21T00:00:00.000000000
TX1812,10,3,2026-10-02T00:00:00.000000000
TX1813,25,2,2026-10-03T00:00:00.000000000
TX1814,4,4,2026-10-17T00:00:00.000000000
TX1815,6,7,2026-10-03T00:00:00.000000000
TX1816,16,1,2026-10-03T00:00:00.000000000
TX1817,2,7,2026-10-09T00:00:00.000000000
TX1818,5,4,2026-10-18T00:00:00.000000000
TX1819,4,3,2026-10-13T00:00:00.000000000
TX1820,13,5,2026-10-17T00:00:00.000000000
TX1821,15,2,2026-10-11T00:00:00.000000000
TX1822,30,4,2026-10-08T00:00:00.000000000
TX1823,30,4,2026-10-28T00:00:00.000000000
TX1824,25,1,2026-10-23T00:00:00.000000000
TX1825,5,5,2026-10-21T00:00:00.000000000
TX1826,3,5,2026-10-02T00:00:00.000000000
TX1827,26,1,2026-10-22T00:00:00.000000000
TX1828,29,1,2026-10-31T00:00:00.000000000
TX1829,4,2,2026-10-21T00:00:00.000000000
TX1830,9,3,2026-10-05T00:00:00.000000000
TX1831,23,3,2026-10-22T00:00:00.000000000
TX1832,18,1,2026-10-15T00:00:00.000000000
TX1833,3,7,2026-10-06T00:00:00.000000000
TX1834,7,2,2026-10-25T00:00:00.000000000
TX1835,6,6,2026-10-25T00:00:00.000000000
TX1836,12,5,2026-10-08T00:00:00.000000000
TX1837,27,5,2026-10-24T00:00:00.000000000
TX1838,12,6,2026-10-08T00:00:00.000000000
TX1839,3,5,2026-10-22T00:00:00.000000000
TX1840,30,1,2026-10-23T00:00:00.000000000
TX1841,24,2,2026-10-10T00:00:00.000000000
TX1842,13,6,2026-10-21T00:00:00.000000000
TX1843,16,2,2026-10-02T00:00:00.000000000
TX1844,4,1,2026-10-02T00:00:00.000000000
TX1845,25,2,2026-10-06T00:00:00.000000000
TX1846,22,2,2026-10-02T00:00:00.000000000
TX1847,4,5,2026-10-08T00:00:00.000000000
TX1848,30,3,2026-10-30T00:00:00.000000000
TX1849,13,7,2026-10-08T00:00:00.000000000
TX1850,21,2,2026-10-30T00:00:00.000000000
TX1851,19,3,2026-10-17T00:00:00.000000000
TX1852,14,3,2026-10-23T00:00:00.000000000
TX1853,29,4,2026-10-22T00:00:00.000000000
TX1854,19,2,2026-10-06T00:00:00.000000000
TX1855,9,7,2026-10-17T00:00:00.000000000
TX1856,16,2,2026-10-17T00:00:00.000000000
TX1857,12,2,2026-10-14T00:00:00.000000000
TX1858,2,4,2026-10-06T00:00:00.000000000
TX1859,11,6,2026-10-04T00:00:00.000000000
TX1860,27,3,2026-10-12T00:00:00.000000000
TX1861,9,4,2026-10-30T00:00:00.000000000
TX1862,4,2,2026-10-25T00:00:00.000000000
TX1863,16,6,2026-10-22T00:00:00.000000000
TX1864,29,3,2026-10-22T00:00:00.000000000
TX1865,23,1,2026-10-26T00:00:00.000000000
TX1866,25,1,2026-10-06T00:00:00.000000000
TX1867,16,2,2026-10-27T00:00:00.000000000
TX1868,15,1,2026-10-16T00:00:00.000000000
TX1869,15,2,2026-10-21T00:00:00.000000000
TX1870,6,2,2026-10-05T00:00:00.000000000
TX1871,23,2,2026-10-19T00:00:00.000000000
TX1872,28,5,2026-10-04T00:00:00.000000000
TX1873,28,2,2026-10-07T00:00:00.000000000
TX1874,14,7,2026-10-27T00:00:00.000000000
TX1875,20,2,2026-10-27T00:00:00.000000000
TX1876,9,7,2026-10-16T00:00:00.000000000
TX1877,7,7,2026-10-11T00:00:00.000000000
TX1878,27,4,2026-10-04T00:00:00.000000000
TX1879,15,1,2026-10-31T00:00:00.000000000
TX1880,22,2,2026-10-20T00:00:00.000000000
TX1881,27,4,2026-10-03T00:00:00.000000000
TX1882,28,3,2026-10-28T00:00:00.000000000
TX1883,12,4,2026-10-13T00:00:00.000000000
TX1884,11,3,2026-10-08T00:00:00.000000000
TX1885,23,4,2026-10-10T00:00:00.000000000
TX1886,24,3,2026-10-24T00:00:00.000000000
TX1887,28,5,2026-10-21T00:00:00.000000000
TX1888,13,2,2026-10-07T00:00:00.000000000
TX1889,4,5,2026-10-22T00:00:00.000000000
TX1890,26,1,2026-10-04T00:00:00.000000000
TX1891,13,2,2026-10-28T00:00:00.000000000
TX1892,28,7,2026-10-26T00:00:00.000000000
TX1893,20,2,2026-10-28T00:00:00.000000000
TX1894,10,3,2026-10-26T00:00:00.000000000
TX1895,28,6,2026-10-15T00:00:00.000000000
TX1896,16,7,2026-10-19T00:00:00.000000000
TX1897,16,7,2026-10-24T00:00:00.000000000
TX1898,3,5,2026-10-03T00:00:00.000000000
TX1899,10,2,2026-10-17T00:00:00.000000000
TX1900,17,5,2026-10-09T00:00:00.000000000
TX1901,22,3,2026-10-01T00:00:00.000000000
TX1902,15,4,2026-10-26T00:00:00.000000000
TX1903,6,6,2026-10-18T00:00:00.000000000
TX1904,6,2,2026-10-25T00:00:00.000000000
TX1905,9,3,2026-10-28T00:00:00.000000000
TX1906,5,6,2026-10-15T00:00:00.000000000
TX1907,18,4,2026-10-14T00:00:00.000000000
TX1908,1,1,2026-10-06T00:00:00.000000000
TX1909,18,1,2026-10-07T00:00:00.000000000
TX1910,15,6,2026-10-27T00:00:00.000000000
TX1911,17,5,2026-10-25T00:00:00.000000000
TX1912,17,5,2026-10-18T00:00:00.000000000
TX1913,30,4,2026-10-17T00:00:00.000000000
TX1914,7,7,2026-10-24T00:00:00.000000000
TX1915,13,7,2026-10-28T00:00:00.000000000
TX1916,12,6,2026-10-18T00:00:00.000000000
TX1917,2,2,2026-10-09T00:00:00.000000000
TX1918,29,2,2026-10-13T00:00:00.000000000
TX1919,22,3,2026-10-14T00:00:00.000000000
TX1920,26,6,2026-10-31T00:00:00.000000000
TX1921,1,5,2026-10-17T00:00:00.000000000
TX1922,24,3,2026-10-13T00:00:00.000000000
TX1923,2,3,2026-10-04T00:00:00.000000000
TX1924,28,4,2026-10-01T00:00:00.000000000
TX1925,22,4,2026-10-18T00:00:00.000000000
TX1926,24,3,2026-10-18T00:00:00.000000000
TX1927,16,7,2026-10-26T00:00:00.000000000
TX1928,25,2,2026-10-21T00:00:00.000000000
TX1929,4,7,2026-10-21T00:00:00.000000000
TX1930,21,5,2026-10-13T00:00:00.000000000
TX1931,29,5,2026-10-20T00:00:00.000000000
TX1932,1,5,2026-10-28T00:00:00.000000000
TX1933,12,4,2026-10-12T00:00:00.000000000
TX1934,6,2,2026-10-08T00:00:00.000000000
TX1935,7,5,2026-10-26T00:00:00.000000000
TX1936,29,5,2026-10-14T00:00:00.000000000
TX1937,6,1,2026-10-25T00:00:00.000000000
TX1938,6,3,2026-10-30T00:00:00.000000000
TX1939,17,6,2026-10-08T00:00:00.000000000
TX1940,16,7,2026-10-14T00:00:00.000000000
TX1941,15,1,2026-10-09T00:00:00.000000000
TX1942,20,6,2026-10-29T00:00:00.000000000
TX1943,19,1,2026-10-26T00:00:00.000000000
TX1944,22,2,2026-10-04T00:00:00.000000000
TX1945,15,4,2026-10-17T00:00:00.000000000
TX1946,19,3,2026-10-03T00:00:00.000000000
TX1947,9,7,2026-10-05T00:00:00.000000000
TX1948,18,2,2026-10-26T00:00:00.000000000
TX1949,8,2,2026-10-16T00:00:00.000000000
TX1950,6,4,2026-10-25T00:00:00.000000000
TX1951,27,3,2026-10-31T00:00:00.000000000
TX1952,19,1,2026-10-10T00:00:00.000000000
TX1953,1,2,2026-10-16T00:00:00.000000000
TX1954,13,2,2026-10-21T00:00:00.000000000
TX1955,2,7,2026-10-02T00:00:00.000000000
TX1956,4,3,2026-10-07T00:00:00.000000000
TX1957,11,6,2026-10-19T00:00:00.000000000
TX1958,20,7,2026-10-14T00:00:00.000000000
TX1959,3,7,2026-10-25T00:00:00.000000000
TX1960,10,6,2026-10-10T00:00:00.000000000
TX1961,25,7,2026-10-08T00:00:00.000000000
TX1962,29,3,2026-10-03T00:00:00.000000000
TX1963,10,3,2026-10-11T00:00:00.000000000
TX1964,1,2,2026-10-04T00:00:00.000000000
TX1965,5,3,2026-10-02T00:00:00.000000000
TX1966,23,6,2026-10-15T00:00:00.000000000
TX1967,2,5,2026-10-28T00:00:00.000000000
TX1968,26,6,2026-10-05T00:00:00.000000000
TX1969,22,6,2026-10-27T00:00:00.000000000
TX1970,18,2,2026-10-18T00:00:00.000000000
TX1971,22,2,2026-10-17T00:00:00.000000000
TX1972,28,4,2026-10-23T00:00:00.000000000
TX1973,28,7,2026-10-07T00:00:00.000000000
TX1974,21,1,2026-10-22T00:00:00.000000000
TX1975,26,2,2026-10-07T00:00:00.000000000
TX1976,10,3,2026-10-06T00:00:00.000000000
TX1977,2,4,2026-10-06T00:00:00.000000000
TX1978,29,5,2026-10-22T00:00:00.000000000
TX1979,19,1,2026-10-14T00:00:00.000000000
TX1980,23,6,2026-10-18T00:00:00.000000000
TX1981,22,7,2026-10-23T00:00:00.000000000
TX1982,29,4,2026-10-07T00:00:00.000000000
TX1983,15,2,2026-10-12T00:00:00.000000000
TX1984,28,1,2026-10-05T00:00:00.000000000
TX1985,26,6,2026-10-30T00:00:00.000000000
TX1986,29,4,2026-10-09T00:00:00.000000000
TX1987,10,1,2026-10-14T00:00:00.000000000
TX1988,14,6,2026-10-20T00:00:00.000000000
TX1989,26,7,2026-10-01T00:00:00.000000000
TX1990,18,7,2026-10-03T00:00:00.000000000
TX1991,14,5,2026-10-19T00:00:00.000000000
TX1992,9,3,2026-10-31T00:00:00.000000000
TX1993,14,1,2026-10-19T00:00:00.000000000
TX1994,19,7,2026-10-15T00:00:00.000000000
TX1995,11,1,2026-10-21T00:00:00.000000000
TX1996,18,5,2026-10-26T00:00:00.000000000
TX1997,26,3,2026-10-21T00:00:00.000000000
TX1998,24,3,2026-10-10T00:00:00.000000000
TX1999,3,6,2026-10-19T00:00:00.000000000
TX2000,13,6,2026-10-01T00:00:00.000000000
TX2001,30,5,2026-10-12T00:00:00.000000000
TX2002,15,3,2026-10-05T00:00:00.000000000
TX2003,26,1,2026-10-24T00:00:00.000000000
TX2004,24,4,2026-10-16T00:00:00.000000000
TX2005,3,3,2026-10-27T00:00:00.000000000
TX2006,13,6,2026-10-31T00:00:00.000000000
TX2007,24,6,2026-10-14T00:00:00.000000000
TX2008,22,2,2026-10-28T00:00:00.000000000
TX2009,12,3,2026-10-30T00:00:00.000000000
TX2010,10,6,2026-10-08T00:00:00.000000000
TX2011,13,4,2026-10-25T00:00:00.000000000
TX2012,26,4,2026-10-05T00:00:00.000000000
TX2013,1,1,2026-10-27T00:00:00.000000000
TX2014,5,2,2026-10-01T00:00:00.000000000
TX2015,6,3,2026-10-31T00:00:00.000000000
TX2016,22,5,2026-10-26T00:00:00.000000000
TX2017,12,2,2026-10-29T00:00:00.000000000
TX2018,26,2,2026-10-19T00:00:00.000000000
TX2019,25,1,2026-10-07T00:00:00.000000000
TX2020,21,3,2026-10-30T00:00:00.000000000
TX2021,3,1,2026-10-15T00:00:00.000000000
TX2022,25,1,2026-10-12T00:00:00.000000000
TX2023,9,1,2026-10-17T00:00:00.000000000
TX2024,13,5,2026-10-15T00:00:00.000000000
TX2025,16,6,2026-10-06T00:00:00.000000000
TX2026,1,2,2026-10-21T00:00:00.000000000
TX2027,3,7,2026-10-02T00:00:00.000000000
TX2028,9,6,2026-10-10T00:00:00.000000000
TX2029,2,3,2026-10-16T00:00:00.000000000
TX2030,1,4,2026-10-24T00:00:00.000000000
TX2031,22,1,2026-10-09T00:00:00.000000000
TX2032,13,7,2026-10-24T00:00:00.000000000
TX2033,11,2,2026-10-28T00:00:00.000000000
TX2034,23,4,2026-10-13T00:00:00.000000000
TX2035,10,7,2026-10-13T00:00:00.000000000
TX2036,12,7,2026-10-25T00:00:00.000000000
TX2037,3,4,2026-10-26T00:00:00.000000000
TX2038,5,6,2026-10-22T00:00:00.000000000
TX2039,7,6,2026-10-20T00:00:00.000000000
TX2040,9,3,2026-10-09T00:00:00.000000000
TX2041,26,6,2026-10-29T00:00:00.000000000
TX2042,4,2,2026-10-10T00:00:00.000000000
TX2043,23,6,2026-10-28T00:00:00.000000000
TX2044,11,7,2026-10-06T00:00:00.000000000
TX2045,11,4,2026-10-12T00:00:00.000000000
TX2046,18,6,2026-10-15T00:00:00.000000000
TX2047,11,4,2026-10-04T00:00:00.000000000
TX2048,16,7,2026-10-13T00:00:00.000000000
TX2049,1,2,2026-10-03T00:00:00.000000000
TX2050,25,6,2026-10-05T00:00:00.000000000
TX2051,5,1,2026-10-21T00:00:00.000000000
TX2052,26,7,2026-10-20T00:00:00.000000000
TX2053,7,2,2026-10-10T00:00:00.000000000
TX2054,24,6,2026-10-31T00:00:00.000000000
TX2055,1,7,2026-10-08T00:00:00.000000000
TX2056,22,7,2026-10-26T00:00:00.000000000
TX2057,26,7,2026-10-26T00:00:00.000000000
TX2058,11,4,2026-10-31T00:00:00.000000000
TX2059,2,1,2026-10-03T00:00:00.000000000
TX2060,21,5,2026-10-08T00:00:00.000000000
TX2061,18,7,2026-10-15T00:00:00.000000000
TX2062,25,3,2026-10-14T00:00:00.000000000
TX2063,19,4,2026-10-30T00:00:00.000000000
TX2064,9,6,2026-10-09T00:00:00.000000000
TX2065,5,4,2026-10-02T00:00:00.000000000
TX2066,6,6,2026-10-31T00:00:00.000000000
TX2067,11,4,2026-10-29T00:00:00.000000000
TX2068,20,6,2026-10-21T00:00:00.000000000
TX2069,23,4,2026-10-16T00:00:00.000000000
TX2070,24,3,2026-10-08T00:00:00.000000000
TX2071,5,2,2026-10-28T00:00:00.000000000
TX2072,24,4,2026-10-18T00:00:00.000000000
TX2073,4,4,2026-10-14T00:00:00.000000000
TX2074,25,4,2026-10-21T00:00:00.000000000
TX2075,11,4,2026-10-29T00:00:00.000000000
TX2076,17,3,2026-10-17T00:00:00.000000000
TX2077,11,3,2026-10-28T00:00:00.000000000
TX2078,13,4,2026-10-06T00:00:00.000000000
TX2079,25,7,2026-10-17T00:00:00.000000000
TX2080,21,7,2026-10-29T00:00:00.000000000
TX2081,28,5,2026-10-18T00:00:00.000000000
TX2082,30,7,2026-10-27T00:00:00.000000000
TX2083,27,4,2026-10-10T00:00:00.000000000
TX2084,1,5,2026-10-26T00:00:00.000000000
TX2085,18,6,2026-10-13T00:00:00.000000000
TX2086,24,1,2026-10-01T00:00:00.000000000
TX2087,19,1,2026-10-16T00:00:00.000000000
TX2088,27,5,2026-10-31T00:00:00.000000000
TX2089,8,2,2026-10-27T00:00:00.000000000
TX2090,23,6,2026-10-25T00:00:00.000000000
TX2091,6,7,2026-10-31T00:00:00.000000000
TX2092,22,5,2026-10-19T00:00:00.000000000
TX2093,2,2,2026-10-08T00:00:00.000000000
TX2094,10,1,2026-10-07T00:00:00.000000000
TX2095,13,6,2026-10-21T00:00:00.000000000
TX2096,16,4,2026-10-10T00:00:00.000000000
TX2097,14,5,2026-10-01T00:00:00.000000000
TX2098,12,3,2026-10-25T00:00:00.000000000
TX2099,26,5,2026-10-21T00:00:00.000000000
TX2100,14,5,2026-10-06T00:00:00.000000000
TX2101,6,1,2026-10-20T00:00:00.000000000
TX2102,5,2,2026-10-14T00:00:00.000000000
TX2103,21,3,2026-10-25T00:00:00.000000000
TX2104,5,2,2026-10-16T00:00:00.000000000
TX2105,27,4,2026-10-18T00:00:00.000000000
TX2106,28,4,2026-10-20T00:00:00.000000000
TX2107,23,7,2026-10-13T00:00:00.000000000
TX2108,30,1,2026-10-27T00:00:00.000000000
TX2109,7,1,2026-10-10T00:00:00.000000000
TX2110,23,3,2026-10-02T00:00:00.000000000
TX2111,1,1,2026-10-06T00:00:00.000000000
TX2112,25,7,2026-10-12T00:00:00.000000000
TX2113,19,2,2026-10-29T00:00:00.000000000
TX2114,6,2,2026-10-15T00:00:00.000000000
TX2115,9,6,2026-10-06T00:00:00.000000000
TX2116,26,3,2026-10-21T00:00:00.000000000
TX2117,16,4,2026-10-06T00:00:00.000000000
TX2118,24,4,2026-10-01T00:00:00.000000000
TX2119,1,6,2026-10-03T00:00:00.000000000
TX2120,12,2,2026-10-07T00:00:00.000000000
TX2121,15,4,2026-10-16T00:00:00.000000000
TX2122,15,4,2026-10-30T00:00:00.000000000
TX2123,30,5,2026-10-30T00:00:00.000000000
TX2124,22,6,2026-10-13T00:00:00.000000000
TX2125,19,1,2026-10-20T00:00:00.000000000
TX2126,4,1,2026-10-08T00:00:00.000000000
TX2127,27,7,2026-10-31T00:00:00.000000000
TX2128,27,3,2026-10-07T00:00:00.000000000
TX2129,23,5,2026-10-19T00:00:00.000000000
TX2130,21,6,2026-10-28T00:00:00.000000000
TX2131,25,4,2026-10-23T00:00:00.000000000
TX2132,17,7,2026-10-17T00:00:00.000000000
TX2133,15,7,2026-10-23T00:00:00.000000000
TX2134,15,3,2026-10-04T00:00:00.000000000
TX2135,21,1,2026-10-14T00:00:00.000000000
TX2136,2,5,2026-10-23T00:00:00.000000000
TX2137,27,4,2026-10-30T00:00:00.000000000
TX2138,1,3,2026-10-01T00:00:00.000000000
TX2139,1,2,2026-10-31T00:00:00.000000000
TX2140,14,7,2026-10-29T00:00:00.000000000
TX2141,6,6,2026-10-16T00:00:00.000000000
TX2142,21,5,2026-10-27T00:00:00.000000000
TX2143,14,5,2026-10-18T00:00:00.000000000
TX2144,26,1,2026-10-01T00:00:00.000000000
TX2145,6,4,2026-10-24T00:00:00.000000000
TX2146,10,6,2026-10-17T00:00:00.000000000
TX2147,6,4,2026-10-09T00:00:00.000000000
TX2148,12,6,2026-10-24T00:00:00.000000000
TX2149,29,7,2026-10-18T00:00:00.000000000
TX2150,23,3,2026-10-26T00:00:00.000000000
TX2151,23,2,2026-10-01T00:00:00.000000000
TX2152,23,3,2026-10-20T00:00:00.000000000
TX2153,15,7,2026-10-27T00:00:00.000000000
TX2154,5,6,2026-10-21T00:00:00.000000000
TX2155,17,2,2026-10-09T00:00:00.000000000
TX2156,19,4,2026-10-07T00:00:00.000000000
TX2157,10,2,2026-10-22T00:00:00.000000000
TX2158,3,4,2026-10-11T00:00:00.000000000
TX2159,7,4,2026-10-25T00:00:00.000000000
TX2160,17,4,2026-10-24T00:00:00.000000000
TX2161,3,4,2026-10-09T00:00:00.000000000
TX2162,9,6,2026-10-26T00:00:00.000000000
TX2163,18,3,2026-10-29T00:00:00.000000000
TX2164,21,4,2026-10-03T00:00:00.000000000
TX2165,10,1,2026-10-10T00:00:00.000000000
TX2166,14,7,2026-10-13T00:00:00.000000000
TX2167,18,7,2026-10-01T00:00:00.000000000
TX2168,18,1,2026-10-16T00:00:00.000000000
TX2169,29,7,2026-10-14T00:00:00.000000000
TX2170,9,4,2026-10-22T00:00:00.000000000
TX2171,7,3,2026-10-31T00:00:00.000000000
TX2172,27,2,2026-10-25T00:00:00.000000000
TX2173,23,4,2026-10-05T00:00:00.000000000
TX2174,7,4,2026-10-09T00:00:00.000000000
TX2175,30,2,2026-10-09T00:00:00.000000000
TX2176,30,1,2026-10-26T00:00:00.000000000
TX2177,6,7,2026-10-16T00:00:00.000000000
TX2178,11,6,2026-10-21T00:00:00.000000000
TX2179,12,1,2026-10-20T00:00:00.000000000
TX2180,12,2,2026-10-09T00:00:00.000000000
TX2181,29,4,2026-10-16T00:00:00.000000000
TX2182,30,2,2026-10-18T00:00:00.000000000
TX2183,21,2,2026-10-31T00:00:00.000000000
TX2184,17,5,2026-10-14T00:00:00.000000000
TX2185,3,6,2026-10-17T00:00:00.000000000
TX2186,18,1,2026-10-20T00:00:00.000000000
TX2187,8,2,2026-10-20T00:00:00.000000000
TX2188,30,1,2026-10-05T00:00:00.000000000
TX2189,8,5,2026-10-29T00:00:00.000000000
TX2190,12,1,2026-10-06T00:00:00.000000000
TX2191,29,3,2026-10-31T00:00:00.000000000
TX2192,15,4,2026-10-05T00:00:00.000000000
TX2193,17,2,2026-10-27T00:00:00.000000000
TX2194,12,5,2026-10-07T00:00:00.000000000
TX2195,19,5,2026-10-17T00:00:00.000000000
TX2196,26,2,2026-10-14T00:00:00.000000000
TX2197,6,4,2026-10-02T00:00:00.000000000
TX2198,21,2,2026-10-09T00:00:00.000000000
TX2199,10,3,2026-10-29T00:00:00.000000000
TX2200,21,6,2026-10-01T00:00:00.000000000
TX2201,18,6,2026-10-21T00:00:00.000000000
TX2202,26,4,2026-10-22T00:00:00.000000000
TX2203,10,6,2026-10-04T00:00:00.000000000
TX2204,29,3,2026-10-06T00:00:00.000000000
TX2205,3,4,2026-10-28T00:00:00.000000000
TX2206,6,5,2026-10-21T00:00:00.000000000
TX2207,28,7,2026-10-18T00:00:00.000000000
TX2208,25,4,2026-10-05T00:00:00.000000000
TX2209,26,2,2026-10-30T00:00:00.000000000
TX2210,26,4,2026-10-15T00:00:00.000000000
TX2211,2,7,2026-10-30T00:00:00.000000000
TX2212,2,6,2026-10-22T00:00:00.000000000
TX2213,15,5,2026-10-08T00:00:00.000000000
TX2214,26,6,2026-10-10T00:00:00.000000000
TX2215,19,3,2026-10-04T00:00:00.000000000
TX2216,14,6,2026-10-27T00:00:00.000000000
TX2217,23,3,2026-10-24T00:00:00.000000000
TX2218,3,4,2026-10-07T00:00:00.000000000
TX2219,10,7,2026-10-07T00:00:00.000000000
TX2220,30,4,2026-10-13T00:00:00.000000000
TX2221,7,6,2026-10-09T00:00:00.000000000
TX2222,24,1,2026-10-24T00:00:00.000000000
TX2223,13,3,2026-10-02T00:00:00.000000000
TX2224,11,2,2026-10-12T00:00:00.000000000
TX2225,8,6,2026-10-02T00:00:00.000000000
TX2226,30,5,2026-10-12T00:00:00.000000000
TX2227,14,6,2026-10-17T00:00:00.000000000
TX2228,29,6,2026-10-13T00:00:00.000000000
TX2229,2,1,2026-10-05T00:00:00.000000000
TX2230,12,4,2026-10-30T00:00:00.000000000
TX2231,5,3,2026-10-28T00:00:00.000000000
TX2232,27,3,2026-10-15T00:00:00.000000000
TX2233,2,2,2026-10-14T00:00:00.000000000
TX2234,4,3,2026-10-06T00:00:00.000000000
TX2235,1,6,2026-10-14T00:00:00.000000000
TX2236,27,5,2026-10-22T00:00:00.000000000
TX2237,7,3,2026-10-22T00:00:00.000000000
TX2238,19,4,2026-10-05T00:00:00.000000000
TX2239,24,6,2026-10-31T00:00:00.000000000
TX2240,8,1,2026-10-17T00:00:00.000000000
TX2241,7,3,2026-10-29T00:00:00.000000000
TX2242,23,7,2026-10-19T00:00:00.000000000
TX2243,28,7,2026-10-09T00:00:00.000000000
TX2244,23,1,2026-10-16T00:00:00.000000000
TX2245,5,6,2026-10-19T00:00:00.000000000
TX2246,4,2,2026-10-01T00:00:00.000000000
TX2247,26,6,2026-10-10T00:00:00.000000000
TX2248,14,7,2026-10-16T00:00:00.000000000
TX2249,22,5,2026-10-24T00:00:00.000000000
TX2250,10,3,2026-10-19T00:00:00.000000000
TX2251,16,1,2026-10-13T00:00:00.000000000
TX2252,3,5,2026-10-17T00:00:00.000000000
TX2253,29,2,2026-10-07T00:00:00.000000000
TX2254,10,2,2026-10-02T00:00:00.000000000
TX2255,14,7,2026-10-15T00:00:00.000000000
TX2256,2,5,2026-10-25T00:00:00.000000000
TX2257,19,3,2026-10-03T00:00:00.000000000
TX2258,26,2,2026-10-24T00:00:00.000000000
TX2259,7,6,2026-10-22T00:00:00.000000000
TX2260,9,2,2026-10-21T00:00:00.000000000
TX2261,26,6,2026-10-02T00:00:00.000000000
TX2262,15,7,2026-10-19T00:00:00.000000000
TX2263,20,5,2026-10-19T00:00:00.000000000
TX2264,20,6,2026-10-12T00:00:00.000000000
TX2265,30,4,2026-10-12T00:00:00.000000000
TX2266,22,2,2026-10-03T00:00:00.000000000
TX2267,9,3,2026-10-29T00:00:00.000000000
TX2268,7,5,2026-10-30T00:00:00.000000000
TX2269,18,7,2026-10-25T00:00:00.000000000
TX2270,13,1,2026-10-24T00:00:00.000000000
TX2271,9,2,2026-10-09T00:00:00.000000000
TX2272,6,2,2026-10-22T00:00:00.000000000
TX2273,3,2,2026-10-15T00:00:00.000000000
TX2274,7,7,2026-10-17T00:00:00.000000000
TX2275,17,7,2026-10-10T00:00:00.000000000
TX2276,8,2,2026-10-31T00:00:00.000000000
TX2277,4,3,2026-10-01T00:00:00.000000000
TX2278,14,2,2026-10-12T00:00:00.000000000
TX2279,8,7,2026-10-16T00:00:00.000000000
TX2280,24,3,2026-10-02T00:00:00.000000000
TX2281,8,5,2026-10-15T00:00:00.000000000
TX2282,28,2,2026-10-06T00:00:00.000000000
TX2283,28,5,2026-10-21T00:00:00.000000000
TX2284,12,3,2026-10-19T00:00:00.000000000
TX2285,28,2,2026-10-11T00:00:00.000000000
TX2286,24,2,2026-10-25T00:00:00.000000000
TX2287,13,7,2026-10-28T00:00:00.000000000
TX2288,18,1,2026-10-12T00:00:00.000000000
TX2289,20,7,2026-10-11T00:00:00.000000000
TX2290,26,5,2026-10-17T00:00:00.000000000
TX2291,18,1,2026-10-07T00:00:00.000000000
TX2292,17,3,2026-10-19T00:00:00.000000000
TX2293,10,7,2026-10-19T00:00:00.000000000
TX2294,6,7,2026-10-26T00:00:00.000000000
TX2295,20,5,2026-10-18T00:00:00.000000000
TX2296,3,2,2026-10-22T00:00:00.000000000
TX2297,28,4,2026-10-22T00:00:00.000000000
TX2298,16,5,2026-10-29T00:00:00.000000000
TX2299,2,5,2026-10-29T00:00:00.000000000
TX2300,4,5,2026-10-21T00:00:00.000000000
TX2301,1,4,2026-10-30T00:00:00.000000000
TX2302,6,2,2026-10-02T00:00:00.000000000
TX2303,17,6,2026-10-09T00:00:00.000000000
TX2304,30,4,2026-10-10T00:00:00.000000000
TX2305,14,3,2026-10-19T00:00:00.000000000
TX2306,28,7,2026-10-06T00:00:00.000000000
TX2307,30,7,2026-10-04T00:00:00.000000000
TX2308,16,6,2026-10-01T00:00:00.000000000
TX2309,12,1,2026-10-13T00:00:00.000000000
TX2310,14,3,2026-10-12T00:00:00.000000000
TX2311,15,2,2026-10-20T00:00:00.000000000
TX2312,15,7,2026-10-30T00:00:00.000000000
TX2313,17,4,2026-10-28T00:00:00.000000000
TX2314,11,6,2026-10-15T00:00:00.000000000
TX2315,1,2,2026-10-30T00:00:00.000000000
TX2316,26,6,2026-10-19T00:00:00.000000000
TX2317,9,5,2026-10-03T00:00:00.000000000
TX2318,17,5,2026-10-04T00:00:00.000000000
TX2319,10,1,2026-10-11T00:00:00.000000000
TX2320,3,7,2026-10-13T00:00:00.000000000
TX2321,2,2,2026-10-27T00:00:00.000000000
TX2322,1,6,2026-10-04T00:00:00.000000000
TX2323,2,5,2026-10-04T00:00:00.000000000
TX2324,1,6,2026-10-15T00:00:00.000000000
TX2325,6,7,2026-10-22T00:00:00.000000000
TX2326,14,2,2026-10-05T00:00:00.000000000
TX2327,12,4,2026-10-28T00:00:00.000000000
TX2328,27,2,2026-10-13T00:00:00.000000000
TX2329,30,6,2026-10-26T00:00:00.000000000
TX2330,21,2,2026-10-27T00:00:00.000000000
TX2331,20,2,2026-10-13T00:00:00.000000000
TX2332,10,3,2026-10-26T00:00:00.000000000
TX2333,4,7,2026-10-03T00:00:00.000000000
TX2334,9,7,2026-10-28T00:00:00.000000000
TX2335,16,4,2026-10-16T00:00:00.000000000
TX2336,28,5,2026-10-16T00:00:00.000000000
TX2337,6,4,2026-10-10T00:00:00.000000000
TX2338,15,4,2026-10-17T00:00:00.000000000
TX2339,13,4,2026-10-10T00:00:00.000000000
TX2340,1,5,2026-10-15T00:00:00.000000000
TX2341,18,7,2026-10-19T00:00:00.000000000
TX2342,4,5,2026-10-16T00:00:00.000000000
TX2343,13,2,2026-10-24T00:00:00.000000000
TX2344,21,6,2026-10-28T00:00:00.000000000
TX2345,25,4,2026-10-26T00:00:00.000000000
TX2346,30,4,2026-10-18T00:00:00.000000000
TX2347,4,5,2026-10-14T00:00:00.000000000
TX2348,13,5,2026-10-20T00:00:00.000000000
TX2349,3,7,2026-10-21T00:00:00.000000000
TX2350,1,7,2026-10-29T00:00:00.000000000
TX2351,12,5,2026-10-06T00:00:00.000000000
TX2352,14,2,2026-10-06T00:00:00.000000000
TX2353,27,7,2026-10-18T00:00:00.000000000
TX2354,15,7,2026-10-20T00:00:00.000000000
TX2355,28,3,2026-10-31T00:00:00.000000000
TX2356,11,6,2026-10-26T00:00:00.000000000
TX2357,27,7,2026-10-13T00:00:00.000000000
TX2358,21,5,2026-10-19T00:00:00.000000000
TX2359,30,7,2026-10-31T00:00:00.000000000
TX2360,9,5,2026-10-25T00:00:00.000000000
TX2361,13,5,2026-10-23T00:00:00.000000000
TX2362,27,6,2026-10-18T00:00:00.000000000
TX2363,26,1,2026-10-21T00:00:00.000000000
TX2364,20,5,2026-10-30T00:00:00.000000000
TX2365,20,1,2026-10-13T00:00:00.000000000
TX2366,16,5,2026-10-09T00:00:00.000000000
TX2367,2,3,2026-10-14T00:00:00.000000000
TX2368,19,5,2026-10-11T00:00:00.000000000
TX2369,24,7,2026-10-06T00:00:00.000000000
TX2370,29,5,2026-10-01T00:00:00.000000000
TX2371,30,2,2026-10-23T00:00:00.000000000
TX2372,29,4,2026-10-17T00:00:00.000000000
TX2373,18,2,2026-10-28T00:00:00.000000000
TX2374,8,1,2026-10-30T00:00:00.000000000
TX2375,1,4,2026-10-27T00:00:00.000000000
TX2376,23,7,2026-10-17T00:00:00.000000000
TX2377,1,5,2026-10-16T00:00:00.000000000
TX2378,14,7,2026-10-17T00:00:00.000000000
TX2379,9,3,2026-10-11T00:00:00.000000000
TX2380,9,1,2026-10-17T00:00:00.000000000
TX2381,8,3,2026-10-10T00:00:00.000000000
TX2382,29,2,2026-10-03T00:00:00.000000000
TX2383,13,3,2026-10-01T00:00:00.000000000
TX2384,19,2,2026-10-16T00:00:00.000000000
TX2385,2,1,2026-10-31T00:00:00.000000000
TX2386,20,6,2026-10-20T00:00:00.000000000
TX2387,10,2,2026-10-22T00:00:00.000000000
TX2388,22,3,2026-10-04T00:00:00.000000000
TX2389,15,1,2026-10-06T00:00:00.000000000
TX2390,3,2,2026-10-23T00:00:00.000000000
TX2391,10,7,2026-10-11T00:00:00.000000000
TX2392,3,1,2026-10-18T00:00:00.000000000
TX2393,4,1,2026-10-18T00:00:00.000000000
TX2394,26,7,2026-10-19T00:00:00.000000000
TX2395,16,4,2026-10-27T00:00:00.000000000
TX2396,5,1,2026-10-20T00:00:00.000000000
TX2397,3,2,2026-10-27T00:00:00.000000000
TX2398,18,1,2026-10-30T00:00:00.000000000
TX2399,10,4,2026-10-26T00:00:00.000000000
TX2400,14,6,2026-10-29T00:00:00.000000000
TX2401,23,7,2026-10-23T00:00:00.000000000
TX2402,22,6,2026-10-10T00:00:00.000000000
TX2403,22,6,2026-10-26T00:00:00.000000000
TX2404,27,4,2026-10-20T00:00:00.000000000
TX2405,17,5,2026-10-21T00:00:00.000000000
TX2406,5,7,2026-10-24T00:00:00.000000000
TX2407,18,4,2026-10-21T00:00:00.000000000
TX2408,5,2,2026-10-07T00:00:00.000000000
TX2409,6,2,2026-10-21T00:00:00.000000000
TX2410,16,3,2026-10-31T00:00:00.000000000
TX2411,8,3,2026-10-21T00:00:00.000000000
TX2412,11,7,2026-10-30T00:00:00.000000000
TX2413,30,6,2026-10-06T00:00:00.000000000
TX2414,1,5,2026-10-22T00:00:00.000000000
TX2415,7,3,2026-10-20T00:00:00.000000000
TX2416,4,4,2026-10-27T00:00:00.000000000
TX2417,26,7,2026-10-26T00:00:00.000000000
TX2418,17,3,2026-10-30T00:00:00.000000000
TX2419,25,2,2026-10-14T00:00:00.000000000
TX2420,18,3,2026-10-23T00:00:00.000000000
TX2421,3,4,2026-10-20T00:00:00.000000000
TX2422,29,2,2026-10-20T00:00:00.000000000
TX2423,20,6,2026-10-16T00:00:00.000000000
TX2424,16,7,2026-10-04T00:00:00.000000000
TX2425,21,1,2026-10-25T00:00:00.000000000
TX2426,29,4,2026-10-08T00:00:00.000000000
TX2427,17,7,2026-10-04T00:00:00.000000000
TX2428,14,2,2026-10-24T00:00:00.000000000
TX2429,8,2,2026-10-16T00:00:00.000000000
TX2430,2,1,2026-10-23T00:00:00.000000000
TX2431,19,1,2026-10-09T00:00:00.000000000
TX2432,28,2,2026-10-07T00:00:00.000000000
TX2433,22,6,2026-10-03T00:00:00.000000000
TX2434,22,3,2026-10-10T00:00:00.000000000
TX2435,8,1,2026-10-09T00:00:00.000000000
TX2436,25,2,2026-10-27T00:00:00.000000000
TX2437,14,6,2026-10-27T00:00:00.000000000
TX2438,3,5,2026-10-06T00:00:00.000000000
TX2439,2,2,2026-10-08T00:00:00.000000000
TX2440,10,6,2026-10-01T00:00:00.000000000
TX2441,4,6,2026-10-28T00:00:00.000000000
TX2442,10,2,2026-10-19T00:00:00.000000000
TX2443,10,7,2026-10-17T00:00:00.000000000
TX2444,14,2,2026-10-31T00:00:00.000000000
TX2445,26,3,2026-10-23T00:00:00.000000000
TX2446,10,2,2026-10-11T00:00:00.000000000
TX2447,22,7,2026-10-30T00:00:00.000000000
TX2448,11,4,2026-10-13T00:00:00.000000000
TX2449,28,5,2026-10-27T00:00:00.000000000
TX2450,6,1,2026-10-27T00:00:00.000000000
TX2451,26,1,2026-10-04T00:00:00.000000000
TX2452,21,7,2026-10-11T00:00:00.000000000
TX2453,7,2,2026-10-14T00:00:00.000000000
TX2454,21,4,2026-10-12T00:00:00.000000000
TX2455,23,7,2026-10-20T00:00:00.000000000
TX2456,16,2,2026-10-03T00:00:00.000000000
TX2457,24,7,2026-10-01T00:00:00.000000000
TX2458,3,1,2026-10-06T00:00:00.000000000
TX2459,16,6,2026-10-14T00:00:00.000000000
TX2460,14,5,2026-10-30T00:00:00.000000000
TX2461,3,4,2026-10-25T00:00:00.000000000
TX2462,12,2,2026-10-15T00:00:00.000000000
TX2463,4,7,2026-10-30T00:00:00.000000000
TX2464,28,4,2026-10-12T00:00:00.000000000
TX2465,15,7,2026-10-12T00:00:00.000000000
TX2466,3,6,2026-10-31T00:00:00.000000000
TX2467,28,6,2026-10-08T00:00:00.000000000
TX2468,14,6,2026-10-22T00:00:00.000000000
TX2469,19,5,2026-10-07T00:00:00.000000000
TX2470,25,1,2026-10-17T00:00:00.000000000
TX2471,18,5,2026-10-17T00:00:00.000000000
TX2472,11,2,2026-10-25T00:00:00.000000000
TX2473,24,2,2026-10-05T00:00:00.000000000
TX2474,20,4,2026-10-21T00:00:00.000000000
TX2475,4,3,2026-10-03T00:00:00.000000000
TX2476,27,3,2026-10-13T00:00:00.000000000
TX2477,15,4,2026-10-25T00:00:00.000000000
TX2478,21,6,2026-10-10T00:00:00.000000000
TX2479,19,3,2026-10-08T00:00:00.000000000
TX2480,16,7,2026-10-15T00:00:00.000000000
TX2481,24,4,2026-10-24T00:00:00.000000000
TX2482,21,1,2026-10-25T00:00:00.000000000
TX2483,26,1,2026-10-10T00:00:00.000000000
TX2484,30,1,2026-10-17T00:00:00.000000000
TX2485,18,3,2026-10-03T00:00:00.000000000
TX2486,23,1,2026-10-20T00:00:00.000000000
TX2487,30,1,2026-10-30T00:00:00.000000000
TX2488,21,5,2026-10-30T00:00:00.000000000
TX2489,23,2,2026-10-08T00:00:00.000000000
TX2490,30,3,2026-10-06T00:00:00.000000000
TX2491,8,5,2026-10-20T00:00:00.000000000
TX2492,18,3,2026-10-03T00:00:00.000000000
TX2493,23,4,2026-10-04T00:00:00.000000000
TX2494,1,4,2026-10-16T00:00:00.000000000
TX2495,27,2,2026-10-31T00:00:00.000000000
TX2496,24,3,2026-10-17T00:00:00.000000000
TX2497,26,7,2026-10-12T00:00:00.000000000
TX2498,28,3,2026-10-14T00:00:00.000000000
TX2499,21,7,2026-10-24T00:00:00.000000000
TX2500,12,1,2026-10-03T00:00:00.000000000
TX2501,8,1,2026-10-16T00:00:00.000000000
TX2502,20,6,2026-10-30T00:00:00.000000000
TX2503,29,2,2026-10-09T00:00:00.000000000
TX2504,20,4,2026-10-06T00:00:00.000000000
TX2505,21,4,2026-10-30T00:00:00.000000000
TX2506,11,3,2026-10-20T00:00:00.000000000
TX2507,2,1,2026-10-19T00:00:00.000000000
TX2508,8,1,2026-10-02T00:00:00.000000000
TX2509,1,1,2026-10-26T00:00:00.000000000
TX2510,18,5,2026-10-15T00:00:00.000000000
TX2511,11,7,2026-10-07T00:00:00.000000000
TX2512,1,5,2026-10-11T00:00:00.000000000
TX2513,23,1,2026-10-24T00:00:00.000000000
TX2514,28,6,2026-10-23T00:00:00.000000000
TX2515,23,2,2026-10-18T00:00:00.000000000
TX2516,4,5,2026-10-31T00:00:00.000000000
TX2517,18,7,2026-10-20T00:00:00.000000000
TX2518,9,2,2026-10-29T00:00:00.000000000
TX2519,8,2,2026-10-25T00:00:00.000000000
TX2520,23,2,2026-10-06T00:00:00.000000000
TX2521,19,3,2026-10-29T00:00:00.000000000
TX2522,17,1,2026-10-28T00:00:00.000000000
TX2523,19,2,2026-10-30T00:00:00.000000000
TX2524,18,6,2026-10-05T00:00:00.000000000
TX2525,16,7,2026-10-22T00:00:00.000000000
TX2526,27,5,2026-10-23T00:00:00.000000000
TX2527,6,5,2026-10-11T00:00:00.000000000
TX2528,29,5,2026-10-31T00:00:00.000000000
TX2529,25,2,2026-10-08T00:00:00.000000000
TX2530,6,2,2026-10-13T00:00:00.000000000
TX2531,8,7,2026-10-27T00:00:00.000000000
TX2532,17,7,2026-10-13T00:00:00.000000000
TX2533,1,7,2026-10-22T00:00:00.000000000
TX2534,5,4,2026-10-16T00:00:00.000000000
TX2535,22,4,2026-10-10T00:00:00.000000000
TX2536,24,2,2026-10-21T00:00:00.000000000
TX2537,19,1,2026-10-10T00:00:00.000000000
TX2538,30,5,2026-10-29T00:00:00.000000000
TX2539,2,7,2026-10-01T00:00:00.000000000
TX2540,10,4,2026-10-27T00:00:00.000000000
TX2541,17,4,2026-10-08T00:00:00.000000000
TX2542,9,6,2026-10-28T00:00:00.000000000
TX2543,2,3,2026-10-31T00:00:00.000000000
TX2544,12,1,2026-10-06T00:00:00.000000000
TX2545,3,1,2026-10-03T00:00:00.000000000
TX2546,22,2,2026-10-20T00:00:00.000000000
TX2547,14,3,2026-10-31T00:00:00.000000000
TX2548,20,7,2026-10-15T00:00:00.000000000
TX2549,28,1,2026-10-05T00:00:00.000000000
TX2550,13,6,2026-10-17T00:00:00.000000000
TX2551,13,1,2026-10-18T00:00:00.000000000
TX2552,8,5,2026-10-19T00:00:00.000000000
TX2553,26,3,2026-10-11T00:00:00.000000000
TX2554,27,7,2026-10-15T00:00:00.000000000
TX2555,21,6,2026-10-02T00:00:00.000000000
TX2556,18,4,2026-10-25T00:00:00.000000000
TX2557,26,1,2026-10-23T00:00:00.000000000
TX2558,30,3,2026-10-15T00:00:00.000000000
TX2559,10,5,2026-10-14T00:00:00.000000000
TX2560,17,1,2026-10-27T00:00:00.000000000
TX2561,7,2,2026-10-25T00:00:00.000000000
TX2562,22,3,2026-10-27T00:00:00.000000000
TX2563,4,4,2026-10-26T00:00:00.000000000
TX2564,22,5,2026-10-22T00:00:00.000000000
TX2565,5,7,2026-10-05T00:00:00.000000000
TX2566,18,5,2026-10-09T00:00:00.000000000
TX2567,3,2,2026-10-01T00:00:00.000000000
TX2568,20,5,2026-10-23T00:00:00.000000000
TX2569,18,4,2026-10-17T00:00:00.000000000
TX2570,10,7,2026-10-21T00:00:00.000000000
TX2571,23,2,2026-10-29T00:00:00.000000000
TX2572,12,1,2026-10-31T00:00:00.000000000
TX2573,23,3,2026-10-06T00:00:00.000000000
TX2574,27,1,2026-10-26T00:00:00.000000000
TX2575,18,2,2026-10-31T00:00:00.000000000
TX2576,23,2,2026-10-04T00:00:00.000000000
TX2577,18,7,2026-10-13T00:00:00.000000000
TX2578,27,7,2026-10-15T00:00:00.000000000
TX2579,5,1,2026-10-31T00:00:00.000000000
TX2580,19,5,2026-10-30T00:00:00.000000000
TX2581,7,1,2026-10-26T00:00:00.000000000
TX2582,12,7,2026-10-16T00:00:00.000000000
TX2583,22,7,2026-10-09T00:00:00.000000000
TX2584,20,5,2026-10-01T00:00:00.000000000
TX2585,18,3,2026-10-26T00:00:00.000000000
TX2586,19,2,2026-10-10T00:00:00.000000000
TX2587,28,5,2026-10-29T00:00:00.000000000
TX2588,29,7,2026-10-31T00:00:00.000000000
TX2589,19,2,2026-10-19T00:00:00.000000000
TX2590,7,1,2026-10-25T00:00:00.000000000
TX2591,27,2,2026-10-15T00:00:00.000000000
TX2592,15,5,2026-10-01T00:00:00.000000000
TX2593,2,2,2026-10-11T00:00:00.000000000
TX2594,13,3,2026-10-08T00:00:00.000000000
TX2595,30,6,2026-10-26T00:00:00.000000000
TX2596,30,1,2026-10-19T00:00:00.000000000
TX2597,21,7,2026-10-05T00:00:00.000000000
TX2598,1,2,2026-10-11T00:00:00.000000000
TX2599,4,3,2026-10-02T00:00:00.000000000
TX2600,2,7,2026-10-26T00:00:00.000000000
TX2601,1,6,2026-10-05T00:00:00.000000000
TX2602,19,2,2026-10-13T00:00:00.000000000
TX2603,29,4,2026-10-11T00:00:00.000000000
TX2604,6,7,2026-10-10T00:00:00.000000000
TX2605,16,2,2026-10-28T00:00:00.000000000
TX2606,4,2,2026-10-29T00:00:00.000000000
TX2607,22,4,2026-10-28T00:00:00.000000000
TX2608,20,4,2026-10-25T00:00:00.000000000
TX2609,11,1,2026-10-29T00:00:00.000000000
TX2610,12,6,2026-10-29T00:00:00.000000000
TX2611,20,2,2026-10-15T00:00:00.000000000
TX2612,25,7,2026-10-12T00:00:00.000000000
TX2613,11,1,2026-10-14T00:00:00.000000000
TX2614,29,7,2026-10-01T00:00:00.000000000
TX2615,18,2,2026-10-26T00:00:00.000000000
TX2616,3,4,2026-10-08T00:00:00.000000000
TX2617,20,5,2026-10-28T00:00:00.000000000
TX2618,11,6,2026-10-25T00:00:00.000000000
TX2619,19,2,2026-10-11T00:00:00.000000000
TX2620,17,1,2026-10-15T00:00:00.000000000
TX2621,24,6,2026-10-18T00:00:00.000000000
TX2622,26,2,2026-10-13T00:00:00.000000000
TX2623,7,1,2026-10-03T00:00:00.000000000
TX2624,10,2,2026-10-23T00:00:00.000000000
TX2625,8,7,2026-10-08T00:00:00.000000000
TX2626,24,5,2026-10-20T00:00:00.000000000
TX2627,19,4,2026-10-24T00:00:00.000000000
TX2628,13,3,2026-10-09T00:00:00.000000000
TX2629,19,4,2026-10-11T00:00:00.000000000
TX2630,3,7,2026-10-22T00:00:00.000000000
TX2631,7,5,2026-10-06T00:00:00.000000000
TX2632,3,4,2026-10-02T00:00:00.000000000
TX2633,2,2,2026-10-16T00:00:00.000000000
TX2634,7,5,2026-10-22T00:00:00.000000000
TX2635,12,5,2026-10-08T00:00:00.000000000
TX2636,6,6,2026-10-07T00:00:00.000000000
TX2637,13,3,2026-10-07T00:00:00.000000000
TX2638,24,4,2026-10-11T00:00:00.000000000
TX2639,16,6,2026-10-04T00:00:00.000000000
TX2640,16,4,2026-10-28T00:00:00.000000000
TX2641,23,6,2026-10-17T00:00:00.000000000
TX2642,4,3,2026-10-30T00:00:00.000000000
TX2643,13,4,2026-10-30T00:00:00.000000000
TX2644,24,3,2026-10-14T00:00:00.000000000
TX2645,3,4,2026-10-26T00:00:00.000000000
TX2646,21,5,2026-10-21T00:00:00.000000000
TX2647,20,5,2026-10-11T00:00:00.000000000
TX2648,14,2,2026-10-01T00:00:00.000000000
TX2649,20,2,2026-10-03T00:00:00.000000000
TX2650,5,4,2026-10-09T00:00:00.000000000
TX2651,24,5,2026-10-10T00:00:00.000000000
TX2652,26,1,2026-10-01T00:00:00.000000000
TX2653,15,2,2026-10-29T00:00:00.000000000
TX2654,2,2,2026-10-30T00:00:00.000000000
TX2655,13,7,2026-10-02T00:00:00.000000000
TX2656,15,5,2026-10-03T00:00:00.000000000
TX2657,8,6,2026-10-02T00:00:00.000000000
TX2658,28,7,2026-10-09T00:00:00.000000000
TX2659,19,5,2026-10-15T00:00:00.000000000
TX2660,10,2,2026-10-28T00:00:00.000000000
TX2661,2,1,2026-10-13T00:00:00.000000000
TX2662,4,3,2026-10-11T00:00:00.000000000
TX2663,19,4,2026-10-12T00:00:00.000000000
TX2664,22,6,2026-10-14T00:00:00.000000000
TX2665,29,3,2026-10-24T00:00:00.000000000
TX2666,8,3,2026-10-06T00:00:00.000000000
TX2667,17,3,2026-10-01T00:00:00.000000000
TX2668,16,3,2026-10-04T00:00:00.000000000
TX2669,16,2,2026-10-12T00:00:00.000000000
TX2670,1,2,2026-10-10T00:00:00.000000000
TX2671,12,1,2026-10-01T00:00:00.000000000
TX2672,27,3,2026-10-10T00:00:00.000000000
TX2673,20,2,2026-10-31T00:00:00.000000000
TX2674,25,4,2026-10-30T00:00:00.000000000
TX2675,13,4,2026-10-23T00:00:00.000000000
TX2676,12,7,2026-10-05T00:00:00.000000000
TX2677,23,6,2026-10-03T00:00:00.000000000
TX2678,15,4,2026-10-02T00:00:00.000000000
TX2679,26,1,2026-10-10T00:00:00.000000000
TX2680,3,4,2026-10-03T00:00:00.000000000
TX2681,28,1,2026-10-27T00:00:00.000000000
TX2682,16,7,2026-10-18T00:00:00.000000000
TX2683,21,7,2026-10-13T00:00:00.000000000
TX2684,9,3,2026-10-04T00:00:00.000000000
TX2685,7,7,2026-10-18T00:00:00.000000000
TX2686,2,1,2026-10-31T00:00:00.000000000
TX2687,24,7,2026-10-08T00:00:00.000000000
TX2688,22,7,2026-10-19T00:00:00.000000000
TX2689,26,2,2026-10-13T00:00:00.000000000
TX2690,11,5,2026-10-23T00:00:00.000000000
TX2691,8,6,2026-10-04T00:00:00.000000000
TX2692,30,4,2026-10-30T00:00:00.000000000
TX2693,7,7,2026-10-08T00:00:00.000000000
TX2694,5,3,2026-10-29T00:00:00.000000000
TX2695,4,3,2026-10-28T00:00:00.000000000
TX2696,27,6,2026-10-04T00:00:00.000000000
TX2697,20,2,2026-10-11T00:00:00.000000000
TX2698,20,5,2026-10-08T00:00:00.000000000
TX2699,8,7,2026-10-21T00:00:00.000000000
TX2700,10,4,2026-10-16T00:00:00.000000000
TX2701,28,6,2026-10-25T00:00:00.000000000
TX2702,12,2,2026-10-03T00:00:00.000000000
TX2703,4,6,2026-10-26T00:00:00.000000000
TX2704,25,6,2026-10-03T00:00:00.000000000
TX2705,26,5,2026-10-31T00:00:00.000000000
TX2706,1,1,2026-10-21T00:00:00.000000000
TX2707,4,1,2026-10-01T00:00:00.000000000
TX2708,10,7,2026-10-07T00:00:00.000000000
TX2709,15,3,2026-10-31T00:00:00.000000000
TX2710,13,1,2026-10-04T00:00:00.000000000
TX2711,10,3,2026-10-07T00:00:00.000000000
TX2712,22,2,2026-10-06T00:00:00.000000000
TX2713,4,5,2026-10-23T00:00:00.000000000
TX2714,25,6,2026-10-21T00:00:00.000000000
TX2715,13,1,2026-10-10T00:00:00.000000000
TX2716,3,7,2026-10-28T00:00:00.000000000
TX2717,20,1,2026-10-04T00:00:00.000000000
TX2718,30,6,2026-10-06T00:00:00.000000000
TX2719,2,1,2026-10-01T00:00:00.000000000
TX2720,17,5,2026-10-04T00:00:00.000000000
TX2721,5,2,2026-10-01T00:00:00.000000000
TX2722,11,5,2026-10-26T00:00:00.000000000
TX2723,24,6,2026-10-04T00:00:00.000000000
TX2724,4,2,2026-10-04T00:00:00.000000000
TX2725,16,3,2026-10-29T00:00:00.000000000
TX2726,24,7,2026-10-06T00:00:00.000000000
TX2727,29,2,2026-10-17T00:00:00.000000000
TX2728,7,5,2026-10-19T00:00:00.000000000
TX2729,20,7,2026-10-28T00:00:00.000000000
TX2730,4,6,2026-10-10T00:00:00.000000000
TX2731,21,1,2026-10-29T00:00:00.000000000
TX2732,26,4,2026-10-28T00:00:00.000000000
TX2733,27,1,2026-10-26T00:00:00.000000000
TX2734,1,2,2026-10-15T00:00:00.000000000
TX2735,30,2,2026-10-12T00:00:00.000000000
TX2736,30,1,2026-10-17T00:00:00.000000000
TX2737,23,2,2026-10-09T00:00:00.000000000
TX2738,14,7,2026-10-11T00:00:00.000000000
TX2739,3,5,2026-10-10T00:00:00.000000000
TX2740,5,6,2026-10-15T00:00:00.000000000
TX2741,4,3,2026-10-27T00:00:00.000000000
TX2742,26,3,2026-10-22T00:00:00.000000000
TX2743,4,4,2026-10-29T00:00:00.000000000
TX2744,28,1,2026-10-14T00:00:00.000000000
TX2745,29,1,2026-10-30T00:00:00.000000000
TX2746,15,6,2026-10-08T00:00:00.000000000
TX2747,6,5,2026-10-04T00:00:00.000000000
TX2748,22,2,2026-10-09T00:00:00.000000000
TX2749,28,3,2026-10-29T00:00:00.000000000
TX2750,21,3,2026-10-17T00:00:00.000000000
TX2751,12,6,2026-10-23T00:00:00.000000000
TX2752,1,4,2026-10-31T00:00:00.000000000
TX2753,17,4,2026-10-23T00:00:00.000000000
TX2754,20,2,2026-10-19T00:00:00.000000000
TX2755,30,7,2026-10-18T00:00:00.000000000
TX2756,19,6,2026-10-07T00:00:00.000000000
TX2757,22,2,2026-10-24T00:00:00.000000000
TX2758,12,4,2026-10-04T00:00:00.000000000
TX2759,11,7,2026-10-09T00:00:00.000000000
TX2760,4,2,2026-10-20T00:00:00.000000000
TX2761,4,5,2026-10-08T00:00:00.000000000
TX2762,4,7,2026-10-22T00:00:00.000000000
TX2763,20,7,2026-10-03T00:00:00.000000000
TX2764,9,4,2026-10-01T00:00:00.000000000
TX2765,28,7,2026-10-19T00:00:00.000000000
TX2766,6,6,2026-10-02T00:00:00.000000000
TX2767,10,3,2026-10-02T00:00:00.000000000
TX2768,18,3,2026-10-29T00:00:00.000000000
TX2769,1,7,2026-10-06T00:00:00.000000000
TX2770,21,6,2026-10-11T00:00:00.000000000
TX2771,23,6,2026-10-01T00:00:00.000000000
TX2772,21,3,2026-10-04T00:00:00.000000000
TX2773,9,6,2026-10-22T00:00:00.000000000
TX2774,23,5,2026-10-04T00:00:00.000000000
TX2775,7,7,2026-10-07T00:00:00.000000000
TX2776,18,1,2026-10-26T00:00:00.000000000
TX2777,12,2,2026-10-15T00:00:00.000000000
TX2778,11,7,2026-10-10T00:00:00.000000000
TX2779,18,1,2026-10-12T00:00:00.000000000
TX2780,26,1,2026-10-26T00:00:00.000000000
TX2781,24,7,2026-10-13T00:00:00.000000000
TX2782,6,3,2026-10-18T00:00:00.000000000
TX2783,29,4,2026-10-17T00:00:00.000000000
TX2784,12,3,2026-10-15T00:00:00.000000000
TX2785,3,3,2026-10-19T00:00:00.000000000
TX2786,24,7,2026-10-01T00:00:00.000000000
TX2787,16,6,2026-10-15T00:00:00.000000000
TX2788,25,6,2026-10-05T00:00:00.000000000
TX2789,28,3,2026-10-03T00:00:00.000000000
TX2790,28,1,2026-10-21T00:00:00.000000000
TX2791,6,6,2026-10-09T00:00:00.000000000
TX2792,23,2,2026-10-19T00:00:00.000000000
TX2793,12,4,2026-10-26T00:00:00.000000000
TX2794,9,2,2026-10-07T00:00:00.000000000
TX2795,22,2,2026-10-13T00:00:00.000000000
TX2796,28,7,2026-10-01T00:00:00.000000000
TX2797,15,2,2026-10-26T00:00:00.000000000
TX2798,22,7,2026-10-11T00:00:00.000000000
TX2799,27,6,2026-10-30T00:00:00.000000000
TX2800,21,3,2026-10-07T00:00:00.000000000
TX2801,23,7,2026-10-29T00:00:00.000000000
TX2802,15,7,2026-10-05T00:00:00.000000000
TX2803,12,1,2026-10-14T00:00:00.000000000
TX2804,17,7,2026-10-21T00:00:00.000000000
TX2805,28,5,2026-10-22T00:00:00.000000000
TX2806,18,5,2026-10-05T00:00:00.000000000
TX2807,12,5,2026-10-23T00:00:00.000000000
TX2808,29,2,2026-10-23T00:00:00.000000000
TX2809,24,5,2026-10-24T00:00:00.000000000
TX2810,8,2,2026-10-10T00:00:00.000000000
TX2811,25,5,2026-10-05T00:00:00.000000000
TX2812,12,6,2026-10-25T00:00:00.000000000
TX2813,28,7,2026-10-06T00:00:00.000000000
TX2814,18,1,2026-10-07T00:00:00.000000000
TX2815,15,1,2026-10-08T00:00:00.000000000
TX2816,16,4,2026-10-18T00:00:00.000000000
TX2817,4,7,2026-10-09T00:00:00.000000000
TX2818,17,6,2026-10-05T00:00:00.000000000
TX2819,17,7,2026-10-13T00:00:00.000000000
TX2820,20,7,2026-10-14T00:00:00.000000000
TX2821,14,2,2026-10-22T00:00:00.000000000
TX2822,20,1,2026-10-02T00:00:00.000000000
TX2823,6,3,2026-10-11T00:00:00.000000000
TX2824,26,7,2026-10-21T00:00:00.000000000
TX2825,7,3,2026-10-28T00:00:00.000000000
TX2826,1,5,2026-10-18T00:00:00.000000000
TX2827,14,3,2026-10-30T00:00:00.000000000
TX2828,25,4,2026-10-20T00:00:00.000000000
TX2829,12,2,2026-10-06T00:00:00.000000000
TX2830,21,5,2026-10-13T00:00:00.000000000
TX2831,17,6,2026-10-04T00:00:00.000000000
TX2832,9,2,2026-10-07T00:00:00.000000000
TX2833,8,1,2026-10-18T00:00:00.000000000
TX2834,20,7,2026-10-20T00:00:00.000000000
TX2835,4,7,2026-10-27T00:00:00.000000000
TX2836,5,3,2026-10-01T00:00:00.000000000
TX2837,13,7,2026-10-19T00:00:00.000000000
TX2838,25,7,2026-10-09T00:00:00.000000000
TX2839,7,5,2026-10-07T00:00:00.000000000
TX2840,20,5,2026-10-13T00:00:00.000000000
TX2841,10,1,2026-10-04T00:00:00.000000000
TX2842,27,1,2026-10-18T00:00:00.000000000
TX2843,23,7,2026-10-12T00:00:00.000000000
TX2844,29,5,2026-10-09T00:00:00.000000000
TX2845,6,7,2026-10-04T00:00:00.000000000
TX2846,27,5,2026-10-14T00:00:00.000000000
TX2847,21,4,2026-10-01T00:00:00.000000000
TX2848,7,1,2026-10-11T00:00:00.000000000
TX2849,22,1,2026-10-25T00:00:00.000000000
TX2850,18,6,2026-10-08T00:00:00.000000000
TX2851,20,3,2026-10-01T00:00:00.000000000
TX2852,11,4,2026-10-10T00:00:00.000000000
TX2853,11,1,2026-10-30T00:00:00.000000000
TX2854,28,5,2026-10-29T00:00:00.000000000
TX2855,30,2,2026-10-06T00:00:00.000000000
TX2856,24,4,2026-10-12T00:00:00.000000000
TX2857,2,5,2026-10-07T00:00:00.000000000
TX2858,9,3,2026-10-12T00:00:00.000000000
TX2859,28,6,2026-10-20T00:00:00.000000000
TX2860,27,7,2026-10-18T00:00:00.000000000
TX2861,29,1,2026-10-10T00:00:00.000000000
TX2862,25,1,2026-10-06T00:00:00.000000000
TX2863,5,4,2026-10-14T00:00:00.000000000
TX2864,3,3,2026-10-20T00:00:00.000000000
TX2865,8,7,2026-10-05T00:00:00.000000000
TX2866,3,4,2026-10-26T00:00:00.000000000
TX2867,14,5,2026-10-28T00:00:00.000000000
TX2868,6,3,2026-10-28T00:00:00.000000000
TX2869,7,5,2026-10-28T00:00:00.000000000
TX2870,7,5,2026-10-16T00:00:00.000000000
TX2871,10,3,2026-10-07T00:00:00.000000000
TX2872,2,4,2026-10-29T00:00:00.000000000
TX2873,15,6,2026-10-05T00:00:00.000000000
TX2874,19,1,2026-10-08T00:00:00.000000000
TX2875,15,7,2026-10-17T00:00:00.000000000
TX2876,16,3,2026-10-10T00:00:00.000000000
TX2877,14,5,2026-10-07T00:00:00.000000000
TX2878,20,2,2026-10-04T00:00:00.000000000
TX2879,2,1,2026-10-24T00:00:00.000000000
TX2880,1,7,2026-10-08T00:00:00.000000000
TX2881,3,5,2026-10-31T00:00:00.000000000
TX2882,6,6,2026-10-23T00:00:00.000000000
TX2883,12,4,2026-10-01T00:00:00.000000000
TX2884,8,1,2026-10-09T00:00:00.000000000
TX2885,12,6,2026-10-05T00:00:00.000000000
TX2886,14,1,2026-10-25T00:00:00.000000000
TX2887,28,5,2026-10-09T00:00:00.000000000
TX2888,8,1,2026-10-26T00:00:00.000000000
TX2889,5,3,2026-10-04T00:00:00.000000000
TX2890,28,5,2026-10-29T00:00:00.000000000
TX2891,30,1,2026-10-18T00:00:00.000000000
TX2892,15,5,2026-10-21T00:00:00.000000000
TX2893,15,6,2026-10-26T00:00:00.000000000
TX2894,19,4,2026-10-26T00:00:00.000000000
TX2895,30,7,2026-10-30T00:00:00.000000000
TX2896,20,4,2026-10-05T00:00:00.000000000
TX2897,1,2,2026-10-08T00:00:00.000000000
TX2898,13,3,2026-10-15T00:00:00.000000000
TX2899,21,6,2026-10-05T00:00:00.000000000
TX2900,29,3,2026-10-03T00:00:00.000000000
TX2901,5,6,2026-10-25T00:00:00.000000000
TX2902,21,5,2026-10-21T00:00:00.000000000
TX2903,2,6,2026-10-21T00:00:00.000000000
TX2904,10,4,2026-10-29T00:00:00.000000000
TX2905,7,1,2026-10-26T00:00:00.000000000
TX2906,4,6,2026-10-11T00:00:00.000000000
TX2907,13,4,2026-10-03T00:00:00.000000000
TX2908,2,4,2026-10-22T00:00:00.000000000
TX2909,12,3,2026-10-01T00:00:00.000000000
TX2910,30,4,2026-10-02T00:00:00.000000000
TX2911,8,5,2026-10-06T00:00:00.000000000
TX2912,11,6,2026-10-23T00:00:00.000000000
TX2913,19,5,2026-10-09T00:00:00.000000000
TX2914,14,5,2026-10-27T00:00:00.000000000
TX2915,5,4,2026-10-26T00:00:00.000000000
TX2916,18,3,2026-10-06T00:00:00.000000000
TX2917,23,2,2026-10-28T00:00:00.000000000
TX2918,27,1,2026-10-15T00:00:00.000000000
TX2919,11,6,2026-10-08T00:00:00.000000000
TX2920,12,4,2026-10-08T00:00:00.000000000
TX2921,19,7,2026-10-16T00:00:00.000000000
TX2922,27,6,2026-10-31T00:00:00.000000000
TX2923,6,7,2026-10-19T00:00:00.000000000
TX2924,26,4,2026-10-19T00:00:00.000000000
TX2925,8,4,2026-10-14T00:00:00.000000000
TX2926,1,6,2026-10-26T00:00:00.000000000
TX2927,20,7,2026-10-03T00:00:00.000000000
TX2928,24,5,2026-10-25T00:00:00.000000000
TX2929,8,1,2026-10-27T00:00:00.000000000
TX2930,29,6,2026-10-02T00:00:00.000000000
TX2931,10,5,2026-10-17T00:00:00.000000000
TX2932,28,1,2026-10-09T00:00:00.000000000
TX2933,2,7,2026-10-16T00:00:00.000000000
TX2934,17,4,2026-10-27T00:00:00.000000000
TX2935,1,7,2026-10-04T00:00:00.000000000
TX2936,5,7,2026-10-05T00:00:00.000000000
TX2937,14,6,2026-10-04T00:00:00.000000000
TX2938,13,7,2026-10-25T00:00:00.000000000
TX2939,10,1,2026-10-26T00:00:00.000000000
TX2940,24,1,2026-10-16T00:00:00.000000000
TX2941,7,6,2026-10-27T00:00:00.000000000
TX2942,28,5,2026-10-02T00:00:00.000000000
TX2943,7,6,2026-10-15T00:00:00.000000000
TX2944,13,7,2026-10-22T00:00:00.000000000
TX2945,29,4,2026-10-22T00:00:00.000000000
TX2946,14,5,2026-10-23T00:00:00.000000000
TX2947,26,7,2026-10-27T00:00:00.000000000
TX2948,14,5,2026-10-13T00:00:00.000000000
TX2949,20,3,2026-10-14T00:00:00.000000000
TX2950,2,1,2026-10-13T00:00:00.000000000
TX2951,10,5,2026-10-13T00:00:00.000000000
TX2952,29,4,2026-10-08T00:00:00.000000000
TX2953,23,3,2026-10-14T00:00:00.000000000
TX2954,24,5,2026-10-11T00:00:00.000000000
TX2955,18,5,2026-10-12T00:00:00.000000000
TX2956,6,3,2026-10-10T00:00:00.000000000
TX2957,3,7,2026-10-17T00:00:00.000000000
TX2958,2,6,2026-10-12T00:00:00.000000000
TX2959,15,3,2026-10-19T00:00:00.000000000
TX2960,16,6,2026-10-20T00:00:00.000000000
TX2961,12,3,2026-10-07T00:00:00.000000000
TX2962,16,7,2026-10-14T00:00:00.000000000
TX2963,20,7,2026-10-14T00:00:00.000000000
TX2964,18,1,2026-10-16T00:00:00.000000000
TX2965,26,4,2026-10-30T00:00:00.000000000
TX2966,17,3,2026-10-26T00:00:00.000000000
TX2967,15,5,2026-10-29T00:00:00.000000000
TX2968,27,6,2026-10-11T00:00:00.000000000
TX2969,12,1,2026-10-10T00:00:00.000000000
TX2970,20,6,2026-10-18T00:00:00.000000000
TX2971,17,3,2026-10-29T00:00:00.000000000
TX2972,25,5,2026-10-18T00:00:00.000000000
TX2973,17,3,2026-10-22T00:00:00.000000000
TX2974,9,1,2026-10-21T00:00:00.000000000
TX2975,16,7,2026-10-07T00:00:00.000000000
TX2976,18,2,2026-10-30T00:00:00.000000000
TX2977,3,5,2026-10-03T00:00:00.000000000
TX2978,14,4,2026-10-29T00:00:00.000000000
TX2979,26,7,2026-10-10T00:00:00.000000000
TX2980,18,4,2026-10-05T00:00:00.000000000
TX2981,12,4,2026-10-09T00:00:00.000000000
TX2982,6,6,2026-10-02T00:00:00.000000000
TX2983,3,1,2026-10-10T00:00:00.000000000
TX2984,27,3,2026-10-13T00:00:00.000000000
TX2985,12,5,2026-10-08T00:00:00.000000000
TX2986,22,3,2026-10-12T00:00:00.000000000
TX2987,16,4,2026-10-11T00:00:00.000000000
TX2988,4,1,2026-10-04T00:00:00.000000000
TX2989,7,6,2026-10-01T00:00:00.000000000
TX2990,28,7,2026-10-28T00:00:00.000000000
TX2991,21,5,2026-10-11T00:00:00.000000000
TX2992,9,3,2026-10-04T00:00:00.000000000
TX2993,5,5,2026-10-13T00:00:00.000000000
TX2994,15,1,2026-10-30T00:00:00.000000000
TX2995,8,7,2026-10-20T00:00:00.000000000
TX2996,10,1,2026-10-25T00:00:00.000000000
TX2997,3,7,2026-10-27T00:00:00.000000000
TX2998,20,1,2026-10-15T00:00:00.000000000
TX2999,16,1,2026-10-19T00:00:00.000000000
TX3000,1,4,2026-10-15T00:00:00.000000000
TX3001,3,4,2026-10-09T00:00:00.000000000
TX3002,3,7,2026-10-20T00:00:00.000000000
TX3003,21,7,2026-10-14T00:00:00.000000000
TX3004,16,7,2026-10-06T00:00:00.000000000
TX3005,28,5,2026-10-06T00:00:00.000000000
TX3006,24,4,2026-10-22T00:00:00.000000000
TX3007,5,7,2026-10-30T00:00:00.000000000
TX3008,11,2,2026-10-27T00:00:00.000000000
TX3009,10,3,2026-10-31T00:00:00.000000000
TX3010,12,1,2026-10-27T00:00:00.000000000
TX3011,6,1,2026-10-07T00:00:00.000000000
TX3012,4,3,2026-10-28T00:00:00.000000000
TX3013,22,3,2026-10-25T00:00:00.000000000
TX3014,25,2,2026-10-18T00:00:00.000000000
TX3015,22,3,2026-10-02T00:00:00.000000000
TX3016,5,3,2026-10-17T00:00:00.000000000
TX3017,29,3,2026-10-28T00:00:00.000000000
TX3018,10,1,2026-10-07T00:00:00.000000000
TX3019,14,5,2026-10-04T00:00:00.000000000
TX3020,1,7,2026-10-26T00:00:00.000000000
TX3021,16,5,2026-10-30T00:00:00.000000000
TX3022,21,2,2026-10-22T00:00:00.000000000
TX3023,15,7,2026-10-31T00:00:00.000000000
TX3024,3,3,2026-10-01T00:00:00.000000000
TX3025,25,6,2026-10-10T00:00:00.000000000
TX3026,11,4,2026-10-18T00:00:00.000000000
TX3027,12,3,2026-10-23T00:00:00.000000000
TX3028,18,1,2026-10-20T00:00:00.000000000
TX3029,27,2,2026-10-13T00:00:00.000000000
TX3030,22,6,2026-10-21T00:00:00.000000000
TX3031,3,1,2026-10-20T00:00:00.000000000
TX3032,13,2,2026-10-28T00:00:00.000000000
TX3033,10,2,2026-10-18T00:00:00.000000000
TX3034,5,7,2026-10-14T00:00:00.000000000
TX3035,1,3,2026-10-14T00:00:00.000000000
TX3036,18,2,2026-10-19T00:00:00.000000000
TX3037,26,2,2026-10-27T00:00:00.000000000
TX3038,25,1,2026-10-25T00:00:00.000000000
TX3039,9,3,2026-10-05T00:00:00.000000000
TX3040,2,1,2026-10-10T00:00:00.000000000
TX3041,26,3,2026-10-27T00:00:00.000000000
TX3042,12,2,2026-10-26T00:00:00.000000000
TX3043,19,6,2026-10-19T00:00:00.000000000
TX3044,12,7,2026-10-24T00:00:00.000000000
TX3045,21,2,2026-10-17T00:00:00.000000000
TX3046,16,3,2026-10-29T00:00:00.000000000
TX3047,8,5,2026-10-18T00:00:00.000000000
TX3048,16,3,2026-10-03T00:00:00.000000000
TX3049,6,6,2026-10-02T00:00:00.000000000
TX3050,8,5,2026-10-12T00:00:00.000000000
TX3051,29,5,2026-10-03T00:00:00.000000000
TX3052,18,3,2026-10-16T00:00:00.000000000
TX3053,2,4,2026-10-03T00:00:00.000000000
TX3054,7,6,2026-10-12T00:00:00.000000000
TX3055,6,7,2026-10-15T00:00:00.000000000
TX3056,21,6,2026-10-30T00:00:00.000000000
TX3057,29,4,2026-10-09T00:00:00.000000000
TX3058,19,4,2026-10-04T00:00:00.000000000
TX3059,10,4,2026-10-28T00:00:00.000000000
TX3060,17,2,2026-10-26T00:00:00.000000000
TX3061,18,3,2026-10-10T00:00:00.000000000
TX3062,4,6,2026-10-30T00:00:00.000000000
TX3063,1,4,2026-10-06T00:00:00.000000000
TX3064,12,4,2026-10-20T00:00:00.000000000
TX3065,29,1,2026-10-21T00:00:00.000000000
TX3066,26,3,2026-10-12T00:00:00.000000000
TX3067,22,7,2026-10-21T00:00:00.000000000
TX3068,23,1,2026-10-23T00:00:00.000000000
TX3069,1,3,2026-10-31T00:00:00.000000000
TX3070,3,1,2026-10-22T00:00:00.000000000
TX3071,25,5,2026-10-29T00:00:00.000000000
TX3072,10,1,2026-10-31T00:00:00.000000000
TX3073,15,2,2026-10-25T00:00:00.000000000
TX3074,7,7,2026-10-20T00:00:00.000000000
TX3075,19,3,2026-10-26T00:00:00.000000000
TX3076,6,1,2026-10-23T00:00:00.000000000
TX3077,27,5,2026-10-14T00:00:00.000000000
TX3078,5,6,2026-10-07T00:00:00.000000000
TX3079,17,5,2026-10-15T00:00:00.000000000
TX3080,13,6,2026-10-17T00:00:00.000000000
TX3081,19,1,2026-10-21T00:00:00.000000000
TX3082,16,5,2026-10-26T00:00:00.000000000
TX3083,5,3,2026-10-28T00:00:00.000000000
TX3084,19,5,2026-10-27T00:00:00.000000000
TX3085,3,3,2026-10-20T00:00:00.000000000
TX3086,14,1,2026-10-23T00:00:00.000000000
TX3087,20,6,2026-10-21T00:00:00.000000000
TX3088,22,7,2026-10-02T00:00:00.000000000
TX3089,3,5,2026-10-19T00:00:00.000000000
TX3090,12,6,2026-10-27T00:00:00.000000000
TX3091,5,4,2026-10-17T00:00:00.000000000
TX3092,5,7,2026-10-11T00:00:00.000000000
TX3093,18,7,2026-10-14T00:00:00.000000000
TX3094,11,2,2026-10-23T00:00:00.000000000
TX3095,15,2,2026-10-22T00:00:00.000000000
TX3096,30,2,2026-10-07T00:00:00.000000000
TX3097,27,2,2026-10-14T00:00:00.000000000
TX3098,17,4,2026-10-04T00:00:00.000000000
TX3099,7,2,2026-10-25T00:00:00.000000000
TX3100,16,7,2026-10-08T00:00:00.000000000
TX3101,9,1,2026-10-18T00:00:00.000000000
TX3102,23,7,2026-10-01T00:00:00.000000000
TX3103,17,6,2026-10-21T00:00:00.000000000
TX3104,7,6,2026-10-10T00:00:00.000000000
TX3105,26,6,2026-10-11T00:00:00.000000000
TX3106,4,4,2026-10-08T00:00:00.000000000
TX3107,16,1,2026-10-05T00:00:00.000000000
TX3108,28,4,2026-10-01T00:00:00.000000000
TX3109,13,7,2026-10-29T00:00:00.000000000
TX3110,27,2,2026-10-06T00:00:00.000000000
TX3111,5,7,2026-10-01T00:00:00.000000000
TX3112,10,7,2026-10-26T00:00:00.000000000
TX3113,15,6,2026-10-15T00:00:00.000000000
TX3114,21,5,2026-10-18T00:00:00.000000000
TX3115,17,4,2026-10-09T00:00:00.000000000
TX3116,29,3,2026-10-06T00:00:00.000000000
TX3117,17,6,2026-10-29T00:00:00.000000000
TX3118,8,4,2026-10-18T00:00:00.000000000
TX3119,25,7,2026-10-04T00:00:00.000000000
TX3120,16,6,2026-10-30T00:00:00.000000000
TX3121,7,2,2026-10-07T00:00:00.000000000
TX3122,28,7,2026-10-28T00:00:00.000000000
TX3123,12,4,2026-10-02T00:00:00.000000000
TX3124,2,4,2026-10-14T00:00:00.000000000
TX3125,29,7,2026-10-24T00:00:00.000000000
TX3126,10,2,2026-10-22T00:00:00.000000000
TX3127,20,7,2026-10-13T00:00:00.000000000
TX3128,25,5,2026-10-01T00:00:00.000000000
TX3129,15,7,2026-10-27T00:00:00.000000000
TX3130,8,5,2026-10-08T00:00:00.000000000
TX3131,29,6,2026-10-12T00:00:00.000000000
TX3132,18,3,2026-10-07T00:00:00.000000000
TX3133,15,1,2026-10-23T00:00:00.000000000
TX3134,3,4,2026-10-16T00:00:00.000000000
TX3135,15,7,2026-10-05T00:00:00.000000000
TX3136,30,3,2026-10-18T00:00:00.000000000
TX3137,19,3,2026-10-03T00:00:00.000000000
TX3138,13,5,2026-10-29T00:00:00.000000000
TX3139,1,7,2026-10-31T00:00:00.000000000
TX3140,29,3,2026-10-07T00:00:00.000000000
TX3141,5,5,2026-10-28T00:00:00.000000000
TX3142,16,5,2026-10-22T00:00:00.000000000
TX3143,25,7,2026-10-14T00:00:00.000000000
TX3144,17,3,2026-10-20T00:00:00.000000000
TX3145,14,6,2026-10-20T00:00:00.000000000
TX3146,16,7,2026-10-15T00:00:00.000000000
TX3147,26,6,2026-10-14T00:00:00.000000000
TX3148,19,1,2026-10-14T00:00:00.000000000
TX3149,9,7,2026-10-22T00:00:00.000000000
TX3150,4,1,2026-10-12T00:00:00.000000000
TX3151,12,3,2026-10-06T00:00:00.000000000
TX3152,24,1,2026-10-25T00:00:00.000000000
TX3153,14,4,2026-10-26T00:00:00.000000000
TX3154,21,1,2026-10-10T00:00:00.000000000
TX3155,21,4,2026-10-23T00:00:00.000000000
TX3156,26,1,2026-10-19T00:00:00.000000000
TX3157,8,1,2026-10-31T00:00:00.000000000
TX3158,11,1,2026-10-06T00:00:00.000000000
TX3159,16,4,2026-10-31T00:00:00.000000000
TX3160,8,1,2026-10-17T00:00:00.000000000
TX3161,4,2,2026-10-07T00:00:00.000000000
TX3162,29,6,2026-10-23T00:00:00.000000000
TX3163,17,3,2026-10-10T00:00:00.000000000
TX3164,19,1,2026-10-10T00:00:00.000000000
TX3165,18,2,2026-10-31T00:00:00.000000000
TX3166,25,6,2026-10-06T00:00:00.000000000
TX3167,2,1,2026-10-28T00:00:00.000000000
TX3168,24,3,2026-10-20T00:00:00.000000000
TX3169,19,6,2026-10-26T00:00:00.000000000
TX3170,23,3,2026-10-05T00:00:00.000000000
TX3171,27,4,2026-10-29T00:00:00.000000000
TX3172,13,3,2026-10-18T00:00:00.000000000
TX3173,7,7,2026-10-23T00:00:00.000000000
TX3174,11,4,2026-10-20T00:00:00.000000000
TX3175,6,7,2026-10-09T00:00:00.000000000
TX3176,5,6,2026-10-01T00:00:00.000000000
TX3177,9,3,2026-10-18T00:00:00.000000000
TX3178,6,7,2026-10-29T00:00:00.000000000
TX3179,23,6,2026-10-24T00:00:00.000000000
TX3180,22,3,2026-10-05T00:00:00.000000000
TX3181,10,3,2026-10-04T00:00:00.000000000
TX3182,21,5,2026-10-24T00:00:00.000000000
TX3183,2,7,2026-10-28T00:00:00.000000000
TX3184,25,1,2026-10-07T00:00:00.000000000
TX3185,17,1,2026-10-10T00:00:00.000000000
TX3186,23,6,2026-10-07T00:00:00.000000000
TX3187,26,6,2026-10-16T00:00:00.000000000
TX3188,11,2,2026-10-23T00:00:00.000000000
TX3189,30,4,2026-10-08T00:00:00.000000000
TX3190,24,2,2026-10-31T00:00:00.000000000
TX3191,12,2,2026-10-19T00:00:00.000000000
TX3192,7,1,2026-10-01T00:00:00.000000000
TX3193,8,1,2026-10-22T00:00:00.000000000
TX3194,5,4,2026-10-19T00:00:00.000000000
TX3195,23,1,2026-10-13T00:00:00.000000000
TX3196,15,3,2026-10-26T00:00:00.000000000
TX3197,9,2,2026-10-07T00:00:00.000000000
TX3198,11,7,2026-10-23T00:00:00.000000000
TX3199,21,7,2026-10-24T00:00:00.000000000
TX3200,6,7,2026-10-14T00:00:00.000000000
TX3201,29,2,2026-10-13T00:00:00.000000000
TX3202,20,5,2026-10-27T00:00:00.000000000
TX3203,2,3,2026-10-31T00:00:00.000000000
TX3204,4,3,2026-10-07T00:00:00.000000000
TX3205,7,4,2026-10-27T00:00:00.000000000
TX3206,25,5,2026-10-01T00:00:00.000000000
TX3207,16,6,2026-10-08T00:00:00.000000000
TX3208,5,6,2026-10-27T00:00:00.000000000
TX3209,2,6,2026-10-24T00:00:00.000000000
TX3210,17,1,2026-10-02T00:00:00.000000000
TX3211,29,3,2026-10-23T00:00:00.000000000
TX3212,10,7,2026-10-29T00:00:00.000000000
TX3213,25,6,2026-10-02T00:00:00.000000000
TX3214,1,4,2026-10-08T00:00:00.000000000
TX3215,13,7,2026-10-23T00:00:00.000000000
TX3216,8,1,2026-10-17T00:00:00.000000000
TX3217,26,4,2026-10-29T00:00:00.000000000
TX3218,1,2,2026-10-04T00:00:00.000000000
TX3219,16,7,2026-10-04T00:00:00.000000000
TX3220,26,3,2026-10-10T00:00:00.000000000
TX3221,15,1,2026-10-08T00:00:00.000000000
TX3222,18,7,2026-10-09T00:00:00.000000000
TX3223,5,3,2026-10-06T00:00:00.000000000
TX3224,2,7,2026-10-05T00:00:00.000000000
TX3225,7,7,2026-10-23T00:00:00.000000000
TX3226,14,6,2026-10-17T00:00:00.000000000
TX3227,28,2,2026-10-05T00:00:00.000000000
TX3228,26,5,2026-10-03T00:00:00.000000000
TX3229,18,1,2026-10-11T00:00:00.000000000
TX3230,11,6,2026-10-05T00:00:00.000000000
TX3231,16,2,2026-10-05T00:00:00.000000000
TX3232,30,1,2026-10-04T00:00:00.000000000
TX3233,25,1,2026-10-01T00:00:00.000000000
TX3234,22,3,2026-10-19T00:00:00.000000000
TX3235,25,2,2026-10-07T00:00:00.000000000
TX3236,29,3,2026-10-14T00:00:00.000000000
TX3237,28,2,2026-10-13T00:00:00.000000000
TX3238,4,1,2026-10-20T00:00:00.000000000
TX3239,20,2,2026-10-08T00:00:00.000000000
TX3240,15,5,2026-10-15T00:00:00.000000000
TX3241,3,5,2026-10-21T00:00:00.000000000
TX3242,9,2,2026-10-07T00:00:00.000000000
TX3243,23,4,2026-10-16T00:00:00.000000000
TX3244,27,5,2026-10-04T00:00:00.000000000
TX3245,21,7,2026-10-05T00:00:00.000000000
TX3246,9,2,2026-10-23T00:00:00.000000000
TX3247,30,4,2026-10-21T00:00:00.000000000
TX3248,12,6,2026-10-16T00:00:00.000000000
TX3249,20,4,2026-10-19T00:00:00.000000000
TX3250,12,2,2026-10-31T00:00:00.000000000
TX3251,1,4,2026-10-12T00:00:00.000000000
TX3252,27,3,2026-10-04T00:00:00.000000000
TX3253,21,1,2026-10-23T00:00:00.000000000
TX3254,19,2,2026-10-17T00:00:00.000000000
TX3255,9,7,2026-10-02T00:00:00.000000000
TX3256,14,4,2026-10-14T00:00:00.000000000
TX3257,9,1,2026-10-13T00:00:00.000000000
TX3258,18,1,2026-10-16T00:00:00.000000000
TX3259,16,4,2026-10-16T00:00:00.000000000
TX3260,29,3,2026-10-22T00:00:00.000000000
TX3261,12,2,2026-10-08T00:00:00.000000000
TX3262,21,7,2026-10-19T00:00:00.000000000
TX3263,20,4,2026-10-01T00:00:00.000000000
TX3264,1,3,2026-10-03T00:00:00.000000000
TX3265,26,5,2026-10-18T00:00:00.000000000
TX3266,28,7,2026-10-04T00:00:00.000000000
TX3267,26,6,2026-10-08T00:00:00.000000000
TX3268,18,6,2026-10-05T00:00:00.000000000
TX3269,28,1,2026-10-05T00:00:00.000000000
TX3270,18,3,2026-10-29T00:00:00.000000000
TX3271,22,7,2026-10-18T00:00:00.000000000
TX3272,20,6,2026-10-22T00:00:00.000000000
TX3273,25,7,2026-10-27T00:00:00.000000000
TX3274,28,4,2026-10-06T00:00:00.000000000
TX3275,19,4,2026-10-03T00:00:00.000000000
TX3276,4,6,2026-10-06T00:00:00.000000000
TX3277,27,2,2026-10-03T00:00:00.000000000
TX3278,14,1,2026-10-09T00:00:00.000000000
TX3279,27,2,2026-10-13T00:00:00.000000000
TX3280,6,5,2026-10-08T00:00:00.000000000
TX3281,1,4,2026-10-02T00:00:00.000000000
TX3282,26,4,2026-10-18T00:00:00.000000000
TX3283,11,6,2026-10-05T00:00:00.000000000
TX3284,9,4,2026-10-26T00:00:00.000000000
TX3285,2,1,2026-10-20T00:00:00.000000000
TX3286,7,3,2026-10-18T00:00:00.000000000
TX3287,5,4,2026-10-23T00:00:00.000000000
TX3288,14,2,2026-10-21T00:00:00.000000000
TX3289,27,2,2026-10-26T00:00:00.000000000
TX3290,30,5,2026-10-27T00:00:00.000000000
TX3291,18,6,2026-10-05T00:00:00.000000000
TX3292,30,1,2026-10-20T00:00:00.000000000
TX3293,21,5,2026-10-26T00:00:00.000000000
TX3294,10,2,2026-10-23T00:00:00.000000000
TX3295,17,4,2026-10-20T00:00:00.000000000
TX3296,21,6,2026-10-23T00:00:00.000000000
TX3297,5,6,2026-10-04T00:00:00.000000000
TX3298,18,5,2026-10-27T00:00:00.000000000
TX3299,20,6,2026-10-28T00:00:00.000000000
TX3300,6,7,2026-10-14T00:00:00.000000000
TX3301,16,6,2026-10-02T00:00:00.000000000
TX3302,11,2,2026-10-09T00:00:00.000000000
TX3303,27,7,2026-10-05T00:00:00.000000000
TX3304,17,5,2026-10-15T00:00:00.000000000
TX3305,28,7,2026-10-11T00:00:00.000000000
TX3306,19,7,2026-10-17T00:00:00.000000000
TX3307,4,5,2026-10-10T00:00:00.000000000
TX3308,14,4,2026-10-03T00:00:00.000000000
TX3309,17,1,2026-10-07T00:00:00.000000000
TX3310,10,2,2026-10-09T00:00:00.000000000
TX3311,20,5,2026-10-21T00:00:00.000000000
TX3312,26,5,2026-10-06T00:00:00.000000000
TX3313,29,5,2026-10-24T00:00:00.000000000
TX3314,10,5,2026-10-29T00:00:00.000000000
TX3315,19,3,2026-10-19T00:00:00.000000000
TX3316,21,3,2026-10-18T00:00:00.000000000
TX3317,29,1,2026-10-16T00:00:00.000000000
TX3318,9,2,2026-10-24T00:00:00.000000000
TX3319,13,1,2026-10-28T00:00:00.000000000
TX3320,29,5,2026-10-18T00:00:00.000000000
TX3321,4,2,2026-10-16T00:00:00.000000000
TX3322,1,7,2026-10-07T00:00:00.000000000
TX3323,3,7,2026-10-06T00:00:00.000000000
TX3324,1,6,2026-10-17T00:00:00.000000000
TX3325,15,2,2026-10-25T00:00:00.000000000
TX3326,3,4,2026-10-14T00:00:00.000000000
TX3327,6,5,2026-10-24T00:00:00.000000000
TX3328,28,4,2026-10-26T00:00:00.000000000
TX3329,27,2,2026-10-12T00:00:00.000000000
TX3330,20,2,2026-10-12T00:00:00.000000000
TX3331,14,6,2026-10-29T00:00:00.000000000
TX3332,22,2,2026-10-14T00:00:00.000000000
TX3333,23,3,2026-10-11T00:00:00.000000000
TX3334,21,5,2026-10-13T00:00:00.000000000
TX3335,14,1,2026-10-15T00:00:00.000000000
TX3336,2,6,2026-10-17T00:00:00.000000000
TX3337,23,1,2026-10-27T00:00:00.000000000
TX3338,27,3,2026-10-16T00:00:00.000000000
TX3339,27,1,2026-10-16T00:00:00.000000000
TX3340,24,6,2026-10-05T00:00:00.000000000
TX3341,28,3,2026-10-10T00:00:00.000000000
TX3342,21,1,2026-10-28T00:00:00.000000000
TX3343,9,4,2026-10-20T00:00:00.000000000
TX3344,8,7,2026-10-09T00:00:00.000000000
TX3345,26,6,2026-10-19T00:00:00.000000000
TX3346,27,2,2026-10-28T00:00:00.000000000
TX3347,12,7,2026-10-10T00:00:00.000000000
TX3348,25,7,2026-10-17T00:00:00.000000000
TX3349,25,2,2026-10-01T00:00:00.000000000
TX3350,18,5,2026-10-15T00:00:00.000000000
TX3351,11,6,2026-10-05T00:00:00.000000000
TX3352,2,7,2026-10-02T00:00:00.000000000
TX3353,29,4,2026-10-03T00:00:00.000000000
TX3354,29,2,2026-10-25T00:00:00.000000000
TX3355,14,3,2026-10-28T00:00:00.000000000
TX3356,12,3,2026-10-06T00:00:00.000000000
TX3357,21,4,2026-10-20T00:00:00.000000000
TX3358,5,7,2026-10-03T00:00:00.000000000
TX3359,3,3,2026-10-13T00:00:00.000000000
TX3360,20,7,2026-10-31T00:00:00.000000000
TX3361,19,4,2026-10-21T00:00:00.000000000
TX3362,27,4,2026-10-18T00:00:00.000000000
TX3363,7,7,2026-10-29T00:00:00.000000000
TX3364,25,4,2026-10-11T00:00:00.000000000
TX3365,24,2,2026-10-01T00:00:00.000000000
TX3366,17,3,2026-10-31T00:00:00.000000000
TX3367,27,4,2026-10-01T00:00:00.000000000
TX3368,26,5,2026-10-01T00:00:00.000000000
TX3369,1,6,2026-10-24T00:00:00.000000000
TX3370,21,7,2026-10-02T00:00:00.000000000
TX3371,27,7,2026-10-05T00:00:00.000000000
TX3372,4,1,2026-10-16T00:00:00.000000000
TX3373,28,6,2026-10-16T00:00:00.000000000
TX3374,7,7,2026-10-05T00:00:00.000000000
TX3375,8,2,2026-10-11T00:00:00.000000000
TX3376,5,2,2026-10-24T00:00:00.000000000
TX3377,14,4,2026-10-07T00:00:00.000000000
TX3378,10,2,2026-10-07T00:00:00.000000000
TX3379,14,1,2026-10-24T00:00:00.000000000
TX3380,17,2,2026-10-28T00:00:00.000000000
TX3381,23,7,2026-10-10T00:00:00.000000000
TX3382,3,6,2026-10-25T00:00:00.000000000
TX3383,5,7,2026-10-19T00:00:00.000000000
TX3384,6,1,2026-10-24T00:00:00.000000000
TX3385,17,7,2026-10-24T00:00:00.000000000
TX3386,8,1,2026-10-24T00:00:00.000000000
TX3387,3,5,2026-10-12T00:00:00.000000000
TX3388,5,1,2026-10-01T00:00:00.000000000
TX3389,16,5,2026-10-28T00:00:00.000000000
TX3390,10,4,2026-10-22T00:00:00.000000000
TX3391,19,4,2026-10-24T00:00:00.000000000
TX3392,26,5,2026-10-25T00:00:00.000000000
TX3393,11,4,2026-10-04T00:00:00.000000000
TX3394,29,6,2026-10-06T00:00:00.000000000
TX3395,4,3,2026-10-01T00:00:00.000000000
TX3396,22,2,2026-10-27T00:00:00.000000000
TX3397,30,3,2026-10-12T00:00:00.000000000
TX3398,9,2,2026-10-05T00:00:00.000000000
TX3399,11,4,2026-10-21T00:00:00.000000000
TX3400,17,4,2026-10-25T00:00:00.000000000
TX3401,2,6,2026-10-13T00:00:00.000000000
TX3402,8,1,2026-10-22T00:00:00.000000000
TX3403,14,5,2026-10-01T00:00:00.000000000
TX3404,21,3,2026-10-13T00:00:00.000000000
TX3405,12,1,2026-10-05T00:00:00.000000000
TX3406,14,2,2026-10-29T00:00:00.000000000
TX3407,25,7,2026-10-04T00:00:00.000000000
TX3408,30,7,2026-10-09T00:00:00.000000000
TX3409,16,3,2026-10-19T00:00:00.000000000
TX3410,10,3,2026-10-30T00:00:00.000000000
TX3411,29,3,2026-10-02T00:00:00.000000000
TX3412,1,5,2026-10-23T00:00:00.000000000
TX3413,19,5,2026-10-31T00:00:00.000000000
TX3414,28,2,2026-10-25T00:00:00.000000000
TX3415,19,2,2026-10-08T00:00:00.000000000
TX3416,27,7,2026-10-16T00:00:00.000000000
TX3417,27,4,2026-10-24T00:00:00.000000000
TX3418,10,7,2026-10-29T00:00:00.000000000
TX3419,28,6,2026-10-23T00:00:00.000000000
TX3420,25,6,2026-10-07T00:00:00.000000000
TX3421,18,4,2026-10-14T00:00:00.000000000
TX3422,8,2,2026-10-02T00:00:00.000000000
TX3423,22,3,2026-10-03T00:00:00.000000000
TX3424,18,7,2026-10-15T00:00:00.000000000
TX3425,16,3,2026-10-12T00:00:00.000000000
TX3426,13,7,2026-10-02T00:00:00.000000000
TX3427,12,3,2026-10-29T00:00:00.000000000
TX3428,16,3,2026-10-14T00:00:00.000000000
TX3429,12,5,2026-10-29T00:00:00.000000000
TX3430,13,6,2026-10-30T00:00:00.000000000
TX3431,14,5,2026-10-23T00:00:00.000000000
TX3432,19,3,2026-10-16T00:00:00.000000000
TX3433,15,3,2026-10-09T00:00:00.000000000
TX3434,7,6,2026-10-20T00:00:00.000000000
TX3435,19,1,2026-10-06T00:00:00.000000000
TX3436,25,5,2026-10-19T00:00:00.000000000
TX3437,9,3,2026-10-25T00:00:00.000000000
TX3438,18,5,2026-10-24T00:00:00.000000000
TX3439,9,3,2026-10-11T00:00:00.000000000
TX3440,6,5,2026-10-30T00:00:00.000000000
TX3441,19,6,2026-10-30T00:00:00.000000000
TX3442,29,2,2026-10-10T00:00:00.000000000
TX3443,25,4,2026-10-02T00:00:00.000000000
TX3444,28,2,2026-10-27T00:00:00.000000000
TX3445,26,3,2026-10-22T00:00:00.000000000
TX3446,27,7,2026-10-28T00:00:00.000000000
TX3447,13,3,2026-10-31T00:00:00.000000000
TX3448,25,2,2026-10-26T00:00:00.000000000
TX3449,13,2,2026-10-28T00:00:00.000000000
TX3450,23,4,2026-10-22T00:00:00.000000000
TX3451,4,1,2026-10-13T00:00:00.000000000
TX3452,12,2,2026-10-11T00:00:00.000000000
TX3453,21,1,2026-10-31T00:00:00.000000000
TX3454,13,1,2026-10-25T00:00:00.000000000
TX3455,12,7,2026-10-01T00:00:00.000000000
TX3456,8,7,2026-10-22T00:00:00.000000000
TX3457,11,3,2026-10-31T00:00:00.000000000
TX3458,13,7,2026-10-03T00:00:00.000000000
TX3459,22,5,2026-10-21T00:00:00.000000000
TX3460,5,5,2026-10-12T00:00:00.000000000
TX3461,28,5,2026-10-06T00:00:00.000000000
TX3462,13,5,2026-10-28T00:00:00.000000000
TX3463,3,1,2026-10-04T00:00:00.000000000
TX3464,5,3,2026-10-11T00:00:00.000000000
TX3465,20,7,2026-10-19T00:00:00.000000000
TX3466,3,6,2026-10-17T00:00:00.000000000
TX3467,28,3,2026-10-28T00:00:00.000000000
TX3468,7,4,2026-10-29T00:00:00.000000000
TX3469,26,2,2026-10-30T00:00:00.000000000
TX3470,28,6,2026-10-16T00:00:00.000000000
TX3471,12,5,2026-10-15T00:00:00.000000000
TX3472,28,7,2026-10-03T00:00:00.000000000
TX3473,23,5,2026-10-19T00:00:00.000000000
TX3474,7,5,2026-10-29T00:00:00.000000000
TX3475,6,3,2026-10-03T00:00:00.000000000
TX3476,9,6,2026-10-05T00:00:00.000000000
TX3477,15,2,2026-10-29T00:00:00.000000000
TX3478,26,3,2026-10-14T00:00:00.000000000
TX3479,17,5,2026-10-28T00:00:00.000000000
TX3480,18,2,2026-10-16T00:00:00.000000000
TX3481,3,7,2026-10-23T00:00:00.000000000
TX3482,25,5,2026-10-15T00:00:00.000000000
TX3483,17,6,2026-10-31T00:00:00.000000000
TX3484,24,6,2026-10-01T00:00:00.000000000
TX3485,30,4,2026-10-20T00:00:00.000000000
TX3486,23,3,2026-10-03T00:00:00.000000000
TX3487,27,4,2026-10-17T00:00:00.000000000
TX3488,12,1,2026-10-26T00:00:00.000000000
TX3489,28,6,2026-10-28T00:00:00.000000000
TX3490,13,2,2026-10-26T00:00:00.000000000
TX3491,10,7,2026-10-13T00:00:00.000000000
TX3492,8,4,2026-10-25T00:00:00.000000000
TX3493,9,5,2026-10-06T00:00:00.000000000
TX3494,28,5,2026-10-01T00:00:00.000000000
TX3495,10,5,2026-10-30T00:00:00.000000000
TX3496,19,3,2026-10-08T00:00:00.000000000
TX3497,8,4,2026-10-26T00:00:00.000000000
TX3498,20,5,2026-10-07T00:00:00.000000000
TX3499,20,6,2026-10-23T00:00:00.000000000
TX3500,6,4,2026-10-10T00:00:00.000000000
TX3501,24,5,2026-10-16T00:00:00.000000000
TX3502,21,7,2026-10-30T00:00:00.000000000
TX3503,4,2,2026-10-08T00:00:00.000000000
TX3504,26,3,2026-10-28T00:00:00.000000000
TX3505,22,4,2026-10-31T00:00:00.000000000
TX3506,29,2,2026-10-02T00:00:00.000000000
TX3507,6,7,2026-10-30T00:00:00.000000000
TX3508,12,7,2026-10-21T00:00:00.000000000
TX3509,30,3,2026-10-30T00:00:00.000000000
TX3510,3,1,2026-10-31T00:00:00.000000000
TX3511,15,7,2026-10-18T00:00:00.000000000
TX3512,26,1,2026-10-19T00:00:00.000000000
TX3513,11,6,2026-10-23T00:00:00.000000000
TX3514,14,2,2026-10-16T00:00:00.000000000
TX3515,21,7,2026-10-11T00:00:00.000000000
TX3516,24,2,2026-10-07T00:00:00.000000000
TX3517,27,3,2026-10-17T00:00:00.000000000
TX3518,13,1,2026-10-28T00:00:00.000000000
TX3519,24,4,2026-10-01T00:00:00.000000000
TX3520,7,5,2026-10-30T00:00:00.000000000
TX3521,11,6,2026-10-30T00:00:00.000000000
TX3522,8,6,2026-10-15T00:00:00.000000000
TX3523,13,6,2026-10-14T00:00:00.000000000
TX3524,4,4,2026-10-09T00:00:00.000000000
TX3525,16,4,2026-10-10T00:00:00.000000000
TX3526,30,4,2026-10-02T00:00:00.000000000
TX3527,5,2,2026-10-14T00:00:00.000000000
TX3528,16,3,2026-10-19T00:00:00.000000000
TX3529,24,6,2026-10-26T00:00:00.000000000
TX3530,5,2,2026-10-07T00:00:00.000000000
TX3531,16,1,2026-10-10T00:00:00.000000000
TX3532,22,4,2026-10-08T00:00:00.000000000
TX3533,22,1,2026-10-17T00:00:00.000000000
TX3534,20,7,2026-10-25T00:00:00.000000000
TX3535,8,4,2026-10-01T00:00:00.000000000
TX3536,15,7,2026-10-17T00:00:00.000000000
TX3537,27,6,2026-10-12T00:00:00.000000000
TX3538,25,5,2026-10-12T00:00:00.000000000
TX3539,10,2,2026-10-23T00:00:00.000000000
TX3540,15,5,2026-10-10T00:00:00.000000000
TX3541,2,4,2026-10-05T00:00:00.000000000
TX3542,1,6,2026-10-18T00:00:00.000000000
TX3543,10,5,2026-10-20T00:00:00.000000000
TX3544,24,2,2026-10-26T00:00:00.000000000
TX3545,19,6,2026-10-17T00:00:00.000000000
TX3546,8,5,2026-10-27T00:00:00.000000000
TX3547,22,7,2026-10-04T00:00:00.000000000
TX3548,13,2,2026-10-16T00:00:00.000000000
TX3549,9,2,2026-10-20T00:00:00.000000000
TX3550,1,1,2026-10-26T00:00:00.000000000
TX3551,18,3,2026-10-20T00:00:00.000000000
TX3552,17,7,2026-10-04T00:00:00.000000000
TX3553,23,2,2026-10-22T00:00:00.000000000
TX3554,24,7,2026-10-27T00:00:00.000000000
TX3555,10,7,2026-10-31T00:00:00.000000000
TX3556,15,4,2026-10-08T00:00:00.000000000
TX3557,27,1,2026-10-31T00:00:00.000000000
TX3558,4,1,2026-10-15T00:00:00.000000000
TX3559,20,4,2026-10-15T00:00:00.000000000
TX3560,6,6,2026-10-20T00:00:00.000000000
TX3561,1,1,2026-10-17T00:00:00.000000000
TX3562,5,5,2026-10-23T00:00:00.000000000
TX3563,25,1,2026-10-04T00:00:00.000000000
TX3564,15,4,2026-10-27T00:00:00.000000000
TX3565,20,6,2026-10-12T00:00:00.000000000
TX3566,23,3,2026-10-07T00:00:00.000000000
TX3567,14,7,2026-10-05T00:00:00.000000000
TX3568,3,3,2026-10-11T00:00:00.000000000
TX3569,21,1,2026-10-08T00:00:00.000000000
TX3570,15,7,2026-10-27T00:00:00.000000000
TX3571,1,2,2026-10-23T00:00:00.000000000
TX3572,19,6,2026-10-10T00:00:00.000000000
TX3573,6,4,2026-10-02T00:00:00.000000000
TX3574,9,5,2026-10-24T00:00:00.000000000
TX3575,28,5,2026-10-13T00:00:00.000000000
TX3576,18,7,2026-10-29T00:00:00.000000000
TX3577,8,5,2026-10-20T00:00:00.000000000
TX3578,12,5,2026-10-16T00:00:00.000000000
TX3579,20,3,2026-10-12T00:00:00.000000000
TX3580,5,2,2026-10-13T00:00:00.000000000
TX3581,9,4,2026-10-05T00:00:00.000000000
TX3582,4,3,2026-10-15T00:00:00.000000000
TX3583,2,5,2026-10-27T00:00:00.000000000
TX3584,16,2,2026-10-19T00:00:00.000000000
TX3585,20,4,2026-10-28T00:00:00.000000000
TX3586,23,1,2026-10-04T00:00:00.000000000
TX3587,24,4,2026-10-15T00:00:00.000000000
TX3588,13,1,2026-10-15T00:00:00.000000000
TX3589,4,7,2026-10-10T00:00:00.000000000
TX3590,23,1,2026-10-28T00:00:00.000000000
TX3591,19,5,2026-10-06T00:00:00.000000000
TX3592,10,5,2026-10-21T00:00:00.000000000
TX3593,24,6,2026-10-01T00:00:00.000000000
TX3594,22,5,2026-10-22T00:00:00.000000000
TX3595,28,5,2026-10-22T00:00:00.000000000
TX3596,10,3,2026-10-12T00:00:00.000000000
TX3597,12,7,2026-10-15T00:00:00.000000000
TX3598,14,3,2026-10-08T00:00:00.000000000
TX3599,25,3,2026-10-26T00:00:00.000000000
TX3600,15,4,2026-10-03T00:00:00.000000000
TX3601,22,5,2026-10-03T00:00:00.000000000
TX3602,2,3,2026-10-29T00:00:00.000000000
TX3603,3,5,2026-10-08T00:00:00.000000000
TX3604,18,2,2026-10-17T00:00:00.000000000
TX3605,6,7,2026-10-02T00:00:00.000000000
TX3606,30,2,2026-10-15T00:00:00.000000000
TX3607,4,6,2026-10-21T00:00:00.000000000
TX3608,23,6,2026-10-27T00:00:00.000000000
TX3609,20,6,2026-10-13T00:00:00.000000000
TX3610,19,3,2026-10-01T00:00:00.000000000
TX3611,19,4,2026-10-22T00:00:00.000000000
TX3612,10,4,2026-10-25T00:00:00.000000000
TX3613,13,2,2026-10-28T00:00:00.000000000
TX3614,10,7,2026-10-18T00:00:00.000000000
TX3615,27,7,2026-10-19T00:00:00.000000000
TX3616,18,7,2026-10-08T00:00:00.000000000
TX3617,18,6,2026-10-02T00:00:00.000000000
TX3618,26,6,2026-10-02T00:00:00.000000000
TX3619,7,1,2026-10-09T00:00:00.000000000
TX3620,1,5,2026-10-21T00:00:00.000000000
TX3621,9,1,2026-10-13T00:00:00.000000000
TX3622,23,1,2026-10-03T00:00:00.000000000
TX3623,29,4,2026-10-14T00:00:00.000000000
TX3624,19,5,2026-10-14T00:00:00.000000000
TX3625,19,4,2026-10-30T00:00:00.000000000
TX3626,26,2,2026-10-15T00:00:00.000000000
TX3627,4,1,2026-10-18T00:00:00.000000000
TX3628,13,3,2026-10-01T00:00:00.000000000
TX3629,9,4,2026-10-18T00:00:00.000000000
TX3630,25,1,2026-10-13T00:00:00.000000000
TX3631,12,4,2026-10-16T00:00:00.000000000
TX3632,25,1,2026-10-11T00:00:00.000000000
TX3633,12,5,2026-10-18T00:00:00.000000000
TX3634,29,4,2026-10-25T00:00:00.000000000
TX3635,8,7,2026-10-03T00:00:00.000000000
TX3636,8,7,2026-10-25T00:00:00.000000000
TX3637,4,6,2026-10-12T00:00:00.000000000
TX3638,12,7,2026-10-31T00:00:00.000000000
TX3639,10,3,2026-10-21T00:00:00.000000000
TX3640,5,3,2026-10-16T00:00:00.000000000
TX3641,12,4,2026-10-23T00:00:00.000000000
TX3642,27,4,2026-10-25T00:00:00.000000000
TX3643,21,5,2026-10-02T00:00:00.000000000
TX3644,10,7,2026-10-06T00:00:00.000000000
TX3645,23,5,2026-10-26T00:00:00.000000000
TX3646,28,7,2026-10-15T00:00:00.000000000
TX3647,1,2,2026-10-27T00:00:00.000000000
TX3648,10,1,2026-10-02T00:00:00.000000000
TX3649,23,7,2026-10-05T00:00:00.000000000
TX3650,24,4,2026-10-10T00:00:00.000000000
TX3651,18,2,2026-10-15T00:00:00.000000000
TX3652,12,4,2026-10-03T00:00:00.000000000
TX3653,6,1,2026-10-22T00:00:00.000000000
TX3654,8,4,2026-10-07T00:00:00.000000000
TX3655,14,6,2026-10-17T00:00:00.000000000
TX3656,17,5,2026-10-06T00:00:00.000000000
TX3657,25,1,2026-10-26T00:00:00.000000000
TX3658,29,5,2026-10-11T00:00:00.000000000
TX3659,19,1,2026-10-24T00:00:00.000000000
TX3660,28,3,2026-10-11T00:00:00.000000000
TX3661,1,2,2026-10-21T00:00:00.000000000
TX3662,18,7,2026-10-03T00:00:00.000000000
TX3663,4,6,2026-10-31T00:00:00.000000000
TX3664,19,3,2026-10-22T00:00:00.000000000
TX3665,7,3,2026-10-20T00:00:00.000000000
TX3666,2,1,2026-10-01T00:00:00.000000000
TX3667,19,2,2026-10-19T00:00:00.000000000
TX3668,15,6,2026-10-10T00:00:00.000000000
TX3669,5,3,2026-10-22T00:00:00.000000000
TX3670,18,6,2026-10-14T00:00:00.000000000
TX3671,1,2,2026-10-28T00:00:00.000000000
TX3672,6,4,2026-10-08T00:00:00.000000000
TX3673,21,4,2026-10-25T00:00:00.000000000
TX3674,28,4,2026-10-04T00:00:00.000000000
TX3675,22,3,2026-10-17T00:00:00.000000000
TX3676,18,1,2026-10-10T00:00:00.000000000
TX3677,14,2,2026-10-23T00:00:00.000000000
TX3678,21,7,2026-10-29T00:00:00.000000000
TX3679,2,6,2026-10-23T00:00:00.000000000
TX3680,6,4,2026-10-31T00:00:00.000000000
TX3681,6,5,2026-10-26T00:00:00.000000000
TX3682,27,6,2026-10-18T00:00:00.000000000
TX3683,10,6,2026-10-14T00:00:00.000000000
TX3684,29,4,2026-10-06T00:00:00.000000000
TX3685,4,4,2026-10-29T00:00:00.000000000
TX3686,3,4,2026-10-24T00:00:00.000000000
TX3687,26,2,2026-10-08T00:00:00.000000000
TX3688,10,2,2026-10-09T00:00:00.000000000
TX3689,17,3,2026-10-06T00:00:00.000000000
TX3690,5,4,2026-10-31T00:00:00.000000000
TX3691,17,6,2026-10-04T00:00:00.000000000
TX3692,1,7,2026-10-25T00:00:00.000000000
TX3693,20,4,2026-10-15T00:00:00.000000000
TX3694,13,6,2026-10-11T00:00:00.000000000
TX3695,18,3,2026-10-05T00:00:00.000000000
TX3696,11,6,2026-10-07T00:00:00.000000000
TX3697,26,5,2026-10-01T00:00:00.000000000
TX3698,7,7,2026-10-09T00:00:00.000000000
TX3699,14,4,2026-10-05T00:00:00.000000000
TX3700,25,3,2026-10-20T00:00:00.000000000
TX3701,7,4,2026-10-24T00:00:00.000000000
TX3702,9,3,2026-10-05T00:00:00.000000000
TX3703,27,4,2026-10-30T00:00:00.000000000
TX3704,29,7,2026-10-05T00:00:00.000000000
TX3705,9,2,2026-10-09T00:00:00.000000000
TX3706,16,4,2026-10-22T00:00:00.000000000
TX3707,23,6,2026-10-03T00:00:00.000000000
TX3708,23,1,2026-10-08T00:00:00.000000000
TX3709,8,6,2026-10-20T00:00:00.000000000
TX3710,8,7,2026-10-03T00:00:00.000000000
TX3711,23,2,2026-10-10T00:00:00.000000000
TX3712,19,5,2026-10-15T00:00:00.000000000
TX3713,15,2,2026-10-31T00:00:00.000000000
TX3714,23,4,2026-10-05T00:00:00.000000000
TX3715,26,2,2026-10-19T00:00:00.000000000
TX3716,29,1,2026-10-09T00:00:00.000000000
TX3717,22,7,2026-10-13T00:00:00.000000000
TX3718,12,2,2026-10-17T00:00:00.000000000
TX3719,25,6,2026-10-10T00:00:00.000000000
TX3720,3,3,2026-10-09T00:00:00.000000000
TX3721,14,3,2026-10-16T00:00:00.000000000
TX3722,12,7,2026-10-02T00:00:00.000000000
TX3723,9,7,2026-10-23T00:00:00.000000000
TX3724,20,4,2026-10-18T00:00:00.000000000
TX3725,30,2,2026-10-24T00:00:00.000000000
TX3726,19,1,2026-10-29T00:00:00.000000000
TX3727,17,1,2026-10-08T00:00:00.000000000
TX3728,18,5,2026-10-21T00:00:00.000000000
TX3729,7,2,2026-10-18T00:00:00.000000000
TX3730,8,1,2026-10-17T00:00:00.000000000
TX3731,28,3,2026-10-29T00:00:00.000000000
TX3732,7,4,2026-10-16T00:00:00.000000000
TX3733,27,6,2026-10-28T00:00:00.000000000
TX3734,18,5,2026-10-31T00:00:00.000000000
TX3735,11,2,2026-10-10T00:00:00.000000000
TX3736,3,5,2026-10-05T00:00:00.000000000
TX3737,27,2,2026-10-20T00:00:00.000000000
TX3738,8,6,2026-10-13T00:00:00.000000000
TX3739,17,3,2026-10-27T00:00:00.000000000
TX3740,9,5,2026-10-23T00:00:00.000000000
TX3741,8,3,2026-10-14T00:00:00.000000000
TX3742,9,3,2026-10-22T00:00:00.000000000
TX3743,30,6,2026-10-24T00:00:00.000000000
TX3744,30,5,2026-10-10T00:00:00.000000000
TX3745,24,5,2026-10-16T00:00:00.000000000
TX3746,7,3,2026-10-05T00:00:00.000000000
TX3747,24,2,2026-10-23T00:00:00.000000000
TX3748,19,7,2026-10-11T00:00:00.000000000
TX3749,6,4,2026-10-04T00:00:00.000000000
TX3750,11,5,2026-10-11T00:00:00.000000000
TX3751,8,5,2026-10-06T00:00:00.000000000
TX3752,17,4,2026-10-06T00:00:00.000000000
TX3753,27,2,2026-10-05T00:00:00.000000000
TX3754,29,4,2026-10-11T00:00:00.000000000
TX3755,13,3,2026-10-15T00:00:00.000000000
TX3756,6,2,2026-10-20T00:00:00.000000000
TX3757,1,6,2026-10-08T00:00:00.000000000
TX3758,2,2,2026-10-20T00:00:00.000000000
TX3759,6,1,2026-10-11T00:00:00.000000000
TX3760,18,4,2026-10-11T00:00:00.000000000
TX3761,11,2,2026-10-16T00:00:00.000000000
TX3762,28,3,2026-10-18T00:00:00.000000000
TX3763,8,1,2026-10-04T00:00:00.000000000
TX3764,28,5,2026-10-16T00:00:00.000000000
TX3765,25,4,2026-10-27T00:00:00.000000000
TX3766,23,6,2026-10-21T00:00:00.000000000
TX3767,7,3,2026-10-21T00:00:00.000000000
TX3768,20,7,2026-10-18T00:00:00.000000000
TX3769,12,3,2026-10-30T00:00:00.000000000
TX3770,3,5,2026-10-13T00:00:00.000000000
TX3771,25,5,2026-10-06T00:00:00.000000000
TX3772,12,4,2026-10-26T00:00:00.000000000
TX3773,13,4,2026-10-13T00:00:00.000000000
TX3774,7,1,2026-10-27T00:00:00.000000000
TX3775,3,7,2026-10-30T00:00:00.000000000
TX3776,19,1,2026-10-16T00:00:00.000000000
TX3777,27,4,2026-10-21T00:00:00.000000000
TX3778,26,3,2026-10-28T00:00:00.000000000
TX3779,21,6,2026-10-11T00:00:00.000000000
TX3780,12,6,2026-10-22T00:00:00.000000000
TX3781,26,7,2026-10-01T00:00:00.000000000
TX3782,16,1,2026-10-28T00:00:00.000000000
TX3783,10,1,2026-10-04T00:00:00.000000000
TX3784,4,2,2026-10-15T00:00:00.000000000
TX3785,17,3,2026-10-10T00:00:00.000000000
TX3786,25,3,2026-10-31T00:00:00.000000000
TX3787,13,4,2026-10-10T00:00:00.000000000
TX3788,25,6,2026-10-13T00:00:00.000000000
TX3789,10,6,2026-10-29T00:00:00.000000000
TX3790,1,5,2026-10-17T00:00:00.000000000
TX3791,12,6,2026-10-09T00:00:00.000000000
TX3792,17,1,2026-10-06T00:00:00.000000000
TX3793,21,7,2026-10-09T00:00:00.000000000
TX3794,14,1,2026-10-21T00:00:00.000000000
TX3795,4,3,2026-10-21T00:00:00.000000000
TX3796,10,1,2026-10-16T00:00:00.000000000
TX3797,14,4,2026-10-09T00:00:00.000000000
TX3798,20,2,2026-10-24T00:00:00.000000000
TX3799,22,3,2026-10-26T00:00:00.000000000
TX3800,4,3,2026-10-19T00:00:00.000000000
TX3801,26,2,2026-10-12T00:00:00.000000000
TX3802,7,1,2026-10-11T00:00:00.000000000
TX3803,22,3,2026-10-23T00:00:00.000000000
TX3804,25,1,2026-10-28T00:00:00.000000000
TX3805,2,5,2026-10-17T00:00:00.000000000
TX3806,13,4,2026-10-08T00:00:00.000000000
TX3807,14,4,2026-10-07T00:00:00.000000000
TX3808,13,4,2026-10-26T00:00:00.000000000
TX3809,7,3,2026-10-09T00:00:00.000000000
TX3810,14,4,2026-10-20T00:00:00.000000000
TX3811,15,5,2026-10-03T00:00:00.000000000
TX3812,5,4,2026-10-24T00:00:00.000000000
TX3813,9,6,2026-10-03T00:00:00.000000000
TX3814,24,1,2026-10-25T00:00:00.000000000
TX3815,23,3,2026-10-11T00:00:00.000000000
TX3816,17,1,2026-10-23T00:00:00.000000000
TX3817,22,2,2026-10-05T00:00:00.000000000
TX3818,27,7,2026-10-02T00:00:00.000000000
TX3819,7,1,2026-10-06T00:00:00.000000000
TX3820,23,5,2026-10-02T00:00:00.000000000
TX3821,2,2,2026-10-12T00:00:00.000000000
TX3822,17,1,2026-10-26T00:00:00.000000000
TX3823,8,2,2026-10-16T00:00:00.000000000
TX3824,30,1,2026-10-23T00:00:00.000000000
TX3825,22,1,2026-10-07T00:00:00.000000000
TX3826,4,7,2026-10-03T00:00:00.000000000
TX3827,9,5,2026-10-30T00:00:00.000000000
TX3828,23,7,2026-10-25T00:00:00.000000000
TX3829,16,3,2026-10-22T00:00:00.000000000
TX3830,8,1,2026-10-01T00:00:00.000000000
TX3831,16,7,2026-10-13T00:00:00.000000000
TX3832,24,4,2026-10-22T00:00:00.000000000
TX3833,29,4,2026-10-20T00:00:00.000000000
TX3834,5,5,2026-10-04T00:00:00.000000000
TX3835,19,5,2026-10-29T00:00:00.000000000
TX3836,14,7,2026-10-17T00:00:00.000000000
TX3837,18,3,2026-10-08T00:00:00.000000000
TX3838,10,5,2026-10-31T00:00:00.000000000
TX3839,2,3,2026-10-06T00:00:00.000000000
TX3840,10,4,2026-10-02T00:00:00.000000000
TX3841,29,5,2026-10-05T00:00:00.000000000
TX3842,16,7,2026-10-19T00:00:00.000000000
TX3843,3,7,2026-10-26T00:00:00.000000000
TX3844,16,1,2026-10-29T00:00:00.000000000
TX3845,20,4,2026-10-15T00:00:00.000000000
TX3846,29,2,2026-10-05T00:00:00.000000000
TX3847,23,1,2026-10-13T00:00:00.000000000
TX3848,12,3,2026-10-14T00:00:00.000000000
TX3849,2,7,2026-10-08T00:00:00.000000000
TX3850,23,4,2026-10-03T00:00:00.000000000
TX3851,18,4,2026-10-08T00:00:00.000000000
TX3852,29,7,2026-10-12T00:00:00.000000000
TX3853,13,6,2026-10-15T00:00:00.000000000
TX3854,2,1,2026-10-09T00:00:00.000000000
TX3855,7,1,2026-10-16T00:00:00.000000000
TX3856,21,4,2026-10-06T00:00:00.000000000
TX3857,16,3,2026-10-31T00:00:00.000000000
TX3858,9,1,2026-10-11T00:00:00.000000000
TX3859,11,7,2026-10-23T00:00:00.000000000
TX3860,28,7,2026-10-09T00:00:00.000000000
TX3861,16,6,2026-10-06T00:00:00.000000000
TX3862,23,7,2026-10-23T00:00:00.000000000
TX3863,2,7,2026-10-23T00:00:00.000000000
TX3864,17,2,2026-10-17T00:00:00.000000000
TX3865,4,3,2026-10-06T00:00:00.000000000
TX3866,20,4,2026-10-25T00:00:00.000000000
TX3867,18,2,2026-10-28T00:00:00.000000000
TX3868,13,6,2026-10-13T00:00:00.000000000
TX3869,8,2,2026-10-22T00:00:00.000000000
TX3870,23,3,2026-10-17T00:00:00.000000000
TX3871,2,3,2026-10-01T00:00:00.000000000
TX3872,29,2,2026-10-06T00:00:00.000000000
TX3873,24,5,2026-10-30T00:00:00.000000000
TX3874,16,3,2026-10-23T00:00:00.000000000
TX3875,30,2,2026-10-26T00:00:00.000000000
TX3876,10,2,2026-10-02T00:00:00.000000000
TX3877,25,3,2026-10-08T00:00:00.000000000
TX3878,30,3,2026-10-06T00:00:00.000000000
TX3879,22,1,2026-10-27T00:00:00.000000000
TX3880,25,4,2026-10-24T00:00:00.000000000
TX3881,1,2,2026-10-22T00:00:00.000000000
TX3882,6,4,2026-10-22T00:00:00.000000000
TX3883,2,1,2026-10-16T00:00:00.000000000
TX3884,6,3,2026-10-30T00:00:00.000000000
TX3885,7,3,2026-10-22T00:00:00.000000000
TX3886,6,3,2026-10-10T00:00:00.000000000
TX3887,12,6,2026-10-12T00:00:00.000000000
TX3888,21,4,2026-10-29T00:00:00.000000000
TX3889,16,3,2026-10-08T00:00:00.000000000
TX3890,2,4,2026-10-01T00:00:00.000000000
TX3891,9,6,2026-10-14T00:00:00.000000000
TX3892,3,6,2026-10-26T00:00:00.000000000
TX3893,22,6,2026-10-15T00:00:00.000000000
TX3894,10,1,2026-10-05T00:00:00.000000000
TX3895,16,3,2026-10-24T00:00:00.000000000
TX3896,28,7,2026-10-10T00:00:00.000000000
TX3897,5,4,2026-10-27T00:00:00.000000000
TX3898,30,4,2026-10-10T00:00:00.000000000
TX3899,29,7,2026-10-15T00:00:00.000000000
TX3900,26,7,2026-10-22T00:00:00.000000000
TX3901,14,5,2026-10-07T00:00:00.000000000
TX3902,13,1,2026-10-05T00:00:00.000000000
TX3903,17,2,2026-10-08T00:00:00.000000000
TX3904,15,5,2026-10-30T00:00:00.000000000
TX3905,23,5,2026-10-16T00:00:00.000000000
TX3906,30,4,2026-10-26T00:00:00.000000000
TX3907,3,6,2026-10-31T00:00:00.000000000
TX3908,16,5,2026-10-18T00:00:00.000000000
TX3909,4,1,2026-10-13T00:00:00.000000000
TX3910,5,3,2026-10-20T00:00:00.000000000
TX3911,20,6,2026-10-23T00:00:00.000000000
TX3912,12,2,2026-10-03T00:00:00.000000000
TX3913,8,4,2026-10-03T00:00:00.000000000
TX3914,9,4,2026-10-04T00:00:00.000000000
TX3915,23,5,2026-10-13T00:00:00.000000000
TX3916,1,2,2026-10-31T00:00:00.000000000
TX3917,10,7,2026-10-15T00:00:00.000000000
TX3918,7,6,2026-10-11T00:00:00.000000000
TX3919,9,7,2026-10-03T00:00:00.000000000
TX3920,30,6,2026-10-28T00:00:00.000000000
TX3921,9,3,2026-10-14T00:00:00.000000000
TX3922,16,3,2026-10-31T00:00:00.000000000
TX3923,11,2,2026-10-22T00:00:00.000000000
TX3924,2,7,2026-10-03T00:00:00.000000000
TX3925,4,3,2026-10-16T00:00:00.000000000
TX3926,4,1,2026-10-24T00:00:00.000000000
TX3927,5,1,2026-10-07T00:00:00.000000000
TX3928,26,6,2026-10-26T00:00:00.000000000
TX3929,1,3,2026-10-14T00:00:00.000000000
TX3930,5,7,2026-10-20T00:00:00.000000000
TX3931,13,2,2026-10-15T00:00:00.000000000
TX3932,13,3,2026-10-08T00:00:00.000000000
TX3933,25,2,2026-10-16T00:00:00.000000000
TX3934,19,2,2026-10-21T00:00:00.000000000
TX3935,4,7,2026-10-17T00:00:00.000000000
TX3936,13,7,2026-10-06T00:00:00.000000000
TX3937,17,6,2026-10-27T00:00:00.000000000
TX3938,9,6,2026-10-15T00:00:00.000000000
TX3939,5,3,2026-10-29T00:00:00.000000000
TX3940,27,1,2026-10-09T00:00:00.000000000
TX3941,21,6,2026-10-01T00:00:00.000000000
TX3942,5,4,2026-10-25T00:00:00.000000000
TX3943,17,2,2026-10-15T00:00:00.000000000
TX3944,2,1,2026-10-25T00:00:00.000000000
TX3945,27,2,2026-10-28T00:00:00.000000000
TX3946,22,3,2026-10-13T00:00:00.000000000
TX3947,18,3,2026-10-10T00:00:00.000000000
TX3948,17,4,2026-10-04T00:00:00.000000000
TX3949,20,1,2026-10-11T00:00:00.000000000
TX3950,29,7,2026-10-08T00:00:00.000000000
TX3951,21,1,2026-10-21T00:00:00.000000000
TX3952,25,4,2026-10-01T00:00:00.000000000
TX3953,7,5,2026-10-01T00:00:00.000000000
TX3954,22,7,2026-10-12T00:00:00.000000000
TX3955,13,7,2026-10-03T00:00:00.000000000
TX3956,14,4,2026-10-07T00:00:00.000000000
TX3957,11,3,2026-10-31T00:00:00.000000000
TX3958,12,6,2026-10-24T00:00:00.000000000
TX3959,18,3,2026-10-09T00:00:00.000000000
TX3960,26,4,2026-10-29T00:00:00.000000000
TX3961,1,2,2026-10-27T00:00:00.000000000
TX3962,8,4,2026-10-18T00:00:00.000000000
TX3963,1,1,2026-10-11T00:00:00.000000000
TX3964,26,1,2026-10-06T00:00:00.000000000
TX3965,30,6,2026-10-01T00:00:00.000000000
TX3966,10,7,2026-10-04T00:00:00.000000000
TX3967,19,4,2026-10-30T00:00:00.000000000
TX3968,16,3,2026-10-11T00:00:00.000000000
TX3969,27,6,2026-10-10T00:00:00.000000000
TX3970,24,7,2026-10-06T00:00:00.000000000
TX3971,15,5,2026-10-02T00:00:00.000000000
TX3972,9,5,2026-10-29T00:00:00.000000000
TX3973,28,2,2026-10-24T00:00:00.000000000
TX3974,4,4,2026-10-22T00:00:00.000000000
TX3975,5,5,2026-10-23T00:00:00.000000000
TX3976,27,6,2026-10-03T00:00:00.000000000
TX3977,17,3,2026-10-24T00:00:00.000000000
TX3978,9,6,2026-10-05T00:00:00.000000000
TX3979,26,1,2026-10-12T00:00:00.000000000
TX3980,28,6,2026-10-15T00:00:00.000000000
TX3981,16,2,2026-10-31T00:00:00.000000000
TX3982,9,6,2026-10-08T00:00:00.000000000
TX3983,11,7,2026-10-28T00:00:00.000000000
TX3984,17,1,2026-10-24T00:00:00.000000000
TX3985,7,4,2026-10-25T00:00:00.000000000
TX3986,27,6,2026-10-27T00:00:00.000000000
TX3987,4,5,2026-10-19T00:00:00.000000000
TX3988,12,7,2026-10-20T00:00:00.000000000
TX3989,10,4,2026-10-23T00:00:00.000000000
TX3990,4,3,2026-10-26T00:00:00.000000000
TX3991,9,2,2026-10-28T00:00:00.000000000
TX3992,9,3,2026-10-25T00:00:00.000000000
TX3993,28,2,2026-10-03T00:00:00.000000000
TX3994,20,4,2026-10-21T00:00:00.000000000
TX3995,23,7,2026-10-10T00:00:00.000000000
TX3996,25,4,2026-10-26T00:00:00.000000000
TX3997,27,7,2026-10-12T00:00:00.000000000
TX3998,24,4,2026-10-23T00:00:00.000000000
TX3999,22,6,2026-10-09T00:00:00.000000000
TX4000,5,5,2026-10-27T00:00:00.000000000
TX4001,15,7,2026-10-12T00:00:00.000000000
TX4002,4,3,2026-10-24T00:00:00.000000000
TX4003,3,4,2026-10-23T00:00:00.000000000
TX4004,1,6,2026-10-04T00:00:00.000000000
TX4005,12,5,2026-10-18T00:00:00.000000000
TX4006,27,3,2026-10-23T00:00:00.000000000
TX4007,2,6,2026-10-25T00:00:00.000000000
TX4008,5,6,2026-10-08T00:00:00.000000000
TX4009,30,3,2026-10-31T00:00:00.000000000
TX4010,15,7,2026-10-28T00:00:00.000000000
TX4011,11,3,2026-10-13T00:00:00.000000000
TX4012,25,1,2026-10-28T00:00:00.000000000
TX4013,30,1,2026-10-05T00:00:00.000000000
TX4014,13,6,2026-10-29T00:00:00.000000000
TX4015,5,7,2026-10-31T00:00:00.000000000
TX4016,15,6,2026-10-09T00:00:00.000000000
TX4017,10,6,2026-10-22T00:00:00.000000000
TX4018,9,1,2026-10-21T00:00:00.000000000
TX4019,6,5,2026-10-22T00:00:00.000000000
TX4020,8,6,2026-10-07T00:00:00.000000000
TX4021,4,1,2026-10-10T00:00:00.000000000
TX4022,9,1,2026-10-07T00:00:00.000000000
TX4023,27,5,2026-10-16T00:00:00.000000000
TX4024,20,1,2026-10-01T00:00:00.000000000
TX4025,12,1,2026-10-03T00:00:00.000000000
TX4026,21,5,2026-10-22T00:00:00.000000000
TX4027,26,6,2026-10-19T00:00:00.000000000
TX4028,13,6,2026-10-23T00:00:00.000000000
TX4029,19,1,2026-10-30T00:00:00.000000000
TX4030,23,6,2026-10-17T00:00:00.000000000
TX4031,1,1,2026-10-06T00:00:00.000000000
TX4032,28,1,2026-10-15T00:00:00.000000000
TX4033,9,2,2026-10-05T00:00:00.000000000
TX4034,12,6,2026-10-16T00:00:00.000000000
TX4035,19,6,2026-10-14T00:00:00.000000000
TX4036,5,6,2026-10-21T00:00:00.000000000
TX4037,14,5,2026-10-03T00:00:00.000000000
TX4038,30,2,2026-10-05T00:00:00.000000000
TX4039,18,3,2026-10-10T00:00:00.000000000
TX4040,4,6,2026-10-29T00:00:00.000000000
TX4041,24,3,2026-10-02T00:00:00.000000000
TX4042,29,2,2026-10-10T00:00:00.000000000
TX4043,30,6,2026-10-18T00:00:00.000000000
TX4044,5,7,2026-10-07T00:00:00.000000000
TX4045,11,7,2026-10-14T00:00:00.000000000
TX4046,12,7,2026-10-14T00:00:00.000000000
TX4047,16,1,2026-10-02T00:00:00.000000000
TX4048,10,2,2026-10-20T00:00:00.000000000
TX4049,9,7,2026-10-06T00:00:00.000000000
TX4050,5,6,2026-10-16T00:00:00.000000000
TX4051,29,1,2026-10-17T00:00:00.000000000
TX4052,11,7,2026-10-27T00:00:00.000000000
TX4053,7,2,2026-10-09T00:00:00.000000000
TX4054,7,7,2026-10-02T00:00:00.000000000
TX4055,21,2,2026-10-25T00:00:00.000000000
TX4056,13,7,2026-10-21T00:00:00.000000000
TX4057,17,4,2026-10-26T00:00:00.000000000
TX4058,17,2,2026-10-18T00:00:00.000000000
TX4059,22,5,2026-10-20T00:00:00.000000000
TX4060,29,5,2026-10-10T00:00:00.000000000
TX4061,25,4,2026-10-24T00:00:00.000000000
TX4062,21,4,2026-10-28T00:00:00.000000000
TX4063,16,4,2026-10-24T00:00:00.000000000
TX4064,14,7,2026-10-11T00:00:00.000000000
TX4065,18,6,2026-10-13T00:00:00.000000000
TX4066,15,7,2026-10-03T00:00:00.000000000
TX4067,4,5,2026-10-23T00:00:00.000000000
TX4068,10,6,2026-10-03T00:00:00.000000000
TX4069,7,4,2026-10-18T00:00:00.000000000
TX4070,9,3,2026-10-15T00:00:00.000000000
TX4071,17,5,2026-10-14T00:00:00.000000000
TX4072,16,1,2026-10-06T00:00:00.000000000
TX4073,23,1,2026-10-29T00:00:00.000000000
TX4074,18,1,2026-10-30T00:00:00.000000000
TX4075,14,6,2026-10-04T00:00:00.000000000
TX4076,8,6,2026-10-16T00:00:00.000000000
TX4077,19,6,2026-10-25T00:00:00.000000000
TX4078,21,5,2026-10-24T00:00:00.000000000
TX4079,23,6,2026-10-14T00:00:00.000000000
TX4080,24,4,2026-10-02T00:00:00.000000000
TX4081,9,4,2026-10-07T00:00:00.000000000
TX4082,26,5,2026-10-18T00:00:00.000000000
TX4083,10,1,2026-10-08T00:00:00.000000000
TX4084,20,6,2026-10-04T00:00:00.000000000
TX4085,21,3,2026-10-17T00:00:00.000000000
TX4086,1,1,2026-10-14T00:00:00.000000000
TX4087,10,7,2026-10-31T00:00:00.000000000
TX4088,3,1,2026-10-29T00:00:00.000000000
TX4089,2,3,2026-10-04T00:00:00.000000000
TX4090,29,4,2026-10-26T00:00:00.000000000
TX4091,15,7,2026-10-16T00:00:00.000000000
TX4092,21,5,2026-10-04T00:00:00.000000000
TX4093,5,4,2026-10-30T00:00:00.000000000
TX4094,7,1,2026-10-21T00:00:00.000000000
TX4095,16,1,2026-10-28T00:00:00.000000000
TX4096,14,7,2026-10-01T00:00:00.000000000
TX4097,24,5,2026-10-08T00:00:00.000000000
TX4098,12,5,2026-10-25T00:00:00.000000000
TX4099,26,7,2026-10-29T00:00:00.000000000
TX4100,8,1,2026-10-19T00:00:00.000000000
TX4101,14,5,2026-10-01T00:00:00.000000000
TX4102,3,3,2026-10-08T00:00:00.000000000
TX4103,13,5,2026-10-11T00:00:00.000000000
TX4104,2,5,2026-10-04T00:00:00.000000000
TX4105,3,3,2026-10-26T00:00:00.000000000
TX4106,22,2,2026-10-19T00:00:00.000000000
TX4107,11,2,2026-10-25T00:00:00.000000000
TX4108,8,6,2026-10-09T00:00:00.000000000
TX4109,22,3,2026-10-21T00:00:00.000000000
TX4110,11,3,2026-10-09T00:00:00.000000000
TX4111,30,6,2026-10-17T00:00:00.000000000
TX4112,2,3,2026-10-08T00:00:00.000000000
TX4113,6,4,2026-10-12T00:00:00.000000000
TX4114,25,1,2026-10-15T00:00:00.000000000
TX4115,15,3,2026-10-23T00:00:00.000000000
TX4116,12,3,2026-10-04T00:00:00.000000000
TX4117,30,3,2026-10-20T00:00:00.000000000
TX4118,21,6,2026-10-11T00:00:00.000000000
TX4119,14,7,2026-10-31T00:00:00.000000000
TX4120,10,1,2026-10-29T00:00:00.000000000
TX4121,21,4,2026-10-05T00:00:00.000000000
TX4122,17,4,2026-10-26T00:00:00.000000000
TX4123,13,4,2026-10-09T00:00:00.000000000
TX4124,21,7,2026-10-08T00:00:00.000000000
TX4125,29,6,2026-10-28T00:00:00.000000000
TX4126,12,4,2026-10-08T00:00:00.000000000
TX4127,26,4,2026-10-31T00:00:00.000000000
TX4128,4,6,2026-10-01T00:00:00.000000000
TX4129,19,4,2026-10-11T00:00:00.000000000
TX4130,3,6,2026-10-05T00:00:00.000000000
TX4131,28,4,2026-10-15T00:00:00.000000000
TX4132,2,6,2026-10-26T00:00:00.000000000
TX4133,23,1,2026-10-13T00:00:00.000000000
TX4134,27,1,2026-10-27T00:00:00.000000000
TX4135,11,1,2026-10-10T00:00:00.000000000
TX4136,27,1,2026-10-18T00:00:00.000000000
TX4137,17,1,2026-10-15T00:00:00.000000000
TX4138,14,4,2026-10-29T00:00:00.000000000
TX4139,2,2,2026-10-01T00:00:00.000000000
TX4140,2,1,2026-10-15T00:00:00.000000000
TX4141,7,4,2026-10-31T00:00:00.000000000
TX4142,14,6,2026-10-16T00:00:00.000000000
TX4143,22,7,2026-10-07T00:00:00.000000000
TX4144,20,7,2026-10-27T00:00:00.000000000
TX4145,24,1,2026-10-29T00:00:00.000000000
TX4146,27,3,2026-10-30T00:00:00.000000000
TX4147,2,7,2026-10-19T00:00:00.000000000
TX4148,3,2,2026-10-23T00:00:00.000000000
TX4149,6,5,2026-10-03T00:00:00.000000000
TX4150,6,7,2026-10-23T00:00:00.000000000
TX4151,24,5,2026-10-24T00:00:00.000000000
TX4152,11,3,2026-10-21T00:00:00.000000000
TX4153,23,7,2026-10-23T00:00:00.000000000
TX4154,11,7,2026-10-16T00:00:00.000000000
TX4155,17,5,2026-10-02T00:00:00.000000000
TX4156,3,5,2026-10-03T00:00:00.000000000
TX4157,16,1,2026-10-18T00:00:00.000000000
TX4158,10,7,2026-10-01T00:00:00.000000000
TX4159,12,4,2026-10-09T00:00:00.000000000
TX4160,19,4,2026-10-22T00:00:00.000000000
TX4161,11,7,2026-10-29T00:00:00.000000000
TX4162,10,3,2026-10-13T00:00:00.000000000
TX4163,4,3,2026-10-12T00:00:00.000000000
TX4164,4,6,2026-10-29T00:00:00.000000000
TX4165,23,2,2026-10-14T00:00:00.000000000
TX4166,19,3,2026-10-22T00:00:00.000000000
TX4167,2,4,2026-10-05T00:00:00.000000000
TX4168,25,7,2026-10-22T00:00:00.000000000
TX4169,17,1,2026-10-27T00:00:00.000000000
TX4170,30,4,2026-10-11T00:00:00.000000000
TX4171,2,1,2026-10-28T00:00:00.000000000
TX4172,13,2,2026-10-18T00:00:00.000000000
TX4173,13,1,2026-10-13T00:00:00.000000000
TX4174,17,6,2026-10-10T00:00:00.000000000
TX4175,19,3,2026-10-07T00:00:00.000000000
TX4176,17,6,2026-10-29T00:00:00.000000000
TX4177,29,1,2026-10-30T00:00:00.000000000
TX4178,12,4,2026-10-03T00:00:00.000000000
TX4179,16,5,2026-10-28T00:00:00.000000000
TX4180,22,7,2026-10-10T00:00:00.000000000
TX4181,3,2,2026-10-26T00:00:00.000000000
TX4182,23,3,2026-10-16T00:00:00.000000000
TX4183,24,2,2026-10-10T00:00:00.000000000
TX4184,24,7,2026-10-10T00:00:00.000000000
TX4185,14,2,2026-10-23T00:00:00.000000000
TX4186,20,3,2026-10-27T00:00:00.000000000
TX4187,29,5,2026-10-24T00:00:00.000000000
TX4188,4,7,2026-10-16T00:00:00.000000000
TX4189,30,5,2026-10-01T00:00:00.000000000
TX4190,8,2,2026-10-25T00:00:00.000000000
TX4191,25,5,2026-10-26T00:00:00.000000000
TX4192,19,2,2026-10-11T00:00:00.000000000
TX4193,9,4,2026-10-27T00:00:00.000000000
TX4194,6,4,2026-10-23T00:00:00.000000000
TX4195,13,5,2026-10-31T00:00:00.000000000
TX4196,28,3,2026-10-16T00:00:00.000000000
TX4197,15,6,2026-10-16T00:00:00.000000000
TX4198,14,2,2026-10-02T00:00:00.000000000
TX4199,1,3,2026-10-18T00:00:00.000000000
TX4200,13,2,2026-10-11T00:00:00.000000000
TX4201,30,3,2026-10-07T00:00:00.000000000
TX4202,2,3,2026-10-04T00:00:00.000000000
TX4203,18,1,2026-10-14T00:00:00.000000000
TX4204,10,5,2026-10-07T00:00:00.000000000
TX4205,3,7,2026-10-30T00:00:00.000000000
TX4206,3,7,2026-10-10T00:00:00.000000000
TX4207,30,6,2026-10-17T00:00:00.000000000
TX4208,12,3,2026-10-23T00:00:00.000000000
TX4209,13,1,2026-10-18T00:00:00.000000000
TX4210,8,6,2026-10-12T00:00:00.000000000
TX4211,6,5,2026-10-14T00:00:00.000000000
TX4212,8,3,2026-10-09T00:00:00.000000000
TX4213,4,7,2026-10-24T00:00:00.000000000
TX4214,9,6,2026-10-11T00:00:00.000000000
TX4215,7,6,2026-10-06T00:00:00.000000000
TX4216,20,7,2026-10-02T00:00:00.000000000
TX4217,18,7,2026-10-27T00:00:00.000000000
TX4218,18,6,2026-10-15T00:00:00.000000000
TX4219,22,5,2026-10-11T00:00:00.000000000
TX4220,26,2,2026-10-01T00:00:00.000000000
TX4221,20,3,2026-10-28T00:00:00.000000000
TX4222,23,5,2026-10-12T00:00:00.000000000
TX4223,1,1,2026-10-16T00:00:00.000000000
TX4224,27,5,2026-10-12T00:00:00.000000000
TX4225,27,7,2026-10-16T00:00:00.000000000
TX4226,29,7,2026-10-02T00:00:00.000000000
TX4227,21,7,2026-10-14T00:00:00.000000000
TX4228,29,2,2026-10-01T00:00:00.000000000
TX4229,19,7,2026-10-11T00:00:00.000000000
TX4230,16,5,2026-10-29T00:00:00.000000000
TX4231,2,3,2026-10-30T00:00:00.000000000
TX4232,4,7,2026-10-04T00:00:00.000000000
TX4233,30,5,2026-10-16T00:00:00.000000000
TX4234,4,6,2026-10-06T00:00:00.000000000
TX4235,2,3,2026-10-27T00:00:00.000000000
TX4236,28,1,2026-10-04T00:00:00.000000000
TX4237,23,6,2026-10-22T00:00:00.000000000
TX4238,24,7,2026-10-08T00:00:00.000000000
TX4239,14,4,2026-10-21T00:00:00.000000000
TX4240,23,7,2026-10-12T00:00:00.000000000
TX4241,27,1,2026-10-21T00:00:00.000000000
TX4242,29,2,2026-10-19T00:00:00.000000000
TX4243,9,3,2026-10-30T00:00:00.000000000
TX4244,7,2,2026-10-14T00:00:00.000000000
TX4245,15,7,2026-10-14T00:00:00.000000000
TX4246,10,3,2026-10-25T00:00:00.000000000
TX4247,15,6,2026-10-11T00:00:00.000000000
TX4248,12,3,2026-10-10T00:00:00.000000000
TX4249,8,4,2026-10-07T00:00:00.000000000
TX4250,29,7,2026-10-02T00:00:00.000000000
TX4251,21,1,2026-10-12T00:00:00.000000000
TX4252,24,3,2026-10-06T00:00:00.000000000
TX4253,24,1,2026-10-25T00:00:00.000000000
TX4254,23,7,2026-10-19T00:00:00.000000000
TX4255,6,5,2026-10-03T00:00:00.000000000
TX4256,11,1,2026-10-13T00:00:00.000000000
TX4257,16,3,2026-10-31T00:00:00.000000000
TX4258,26,5,2026-10-09T00:00:00.000000000
TX4259,8,4,2026-10-23T00:00:00.000000000
TX4260,21,6,2026-10-06T00:00:00.000000000
TX4261,7,3,2026-10-02T00:00:00.000000000
TX4262,17,4,2026-10-20T00:00:00.000000000
TX4263,23,2,2026-10-08T00:00:00.000000000
TX4264,24,2,2026-10-07T00:00:00.000000000
TX4265,15,4,2026-10-27T00:00:00.000000000
TX4266,17,5,2026-10-13T00:00:00.000000000
TX4267,24,5,2026-10-28T00:00:00.000000000
TX4268,21,2,2026-10-13T00:00:00.000000000
TX4269,15,6,2026-10-25T00:00:00.000000000
TX4270,29,2,2026-10-02T00:00:00.000000000
TX4271,26,4,2026-10-28T00:00:00.000000000
TX4272,2,2,2026-10-18T00:00:00.000000000
TX4273,22,7,2026-10-10T00:00:00.000000000
TX4274,7,6,2026-10-24T00:00:00.000000000
TX4275,27,1,2026-10-22T00:00:00.000000000
TX4276,26,1,2026-10-30T00:00:00.000000000
TX4277,27,6,2026-10-29T00:00:00.000000000
TX4278,2,3,2026-10-16T00:00:00.000000000
TX4279,9,7,2026-10-24T00:00:00.000000000
TX4280,9,6,2026-10-25T00:00:00.000000000
TX4281,30,5,2026-10-06T00:00:00.000000000
TX4282,13,1,2026-10-22T00:00:00.000000000
TX4283,16,5,2026-10-19T00:00:00.000000000
TX4284,30,3,2026-10-09T00:00:00.000000000
TX4285,5,6,2026-10-09T00:00:00.000000000
TX4286,2,7,2026-10-18T00:00:00.000000000
TX4287,20,4,2026-10-17T00:00:00.000000000
TX4288,14,7,2026-10-09T00:00:00.000000000
TX4289,29,2,2026-10-01T00:00:00.000000000
TX4290,10,1,2026-10-05T00:00:00.000000000
TX4291,28,4,2026-10-17T00:00:00.000000000
TX4292,6,4,2026-10-26T00:00:00.000000000
TX4293,8,2,2026-10-26T00:00:00.000000000
TX4294,17,7,2026-10-14T00:00:00.000000000
TX4295,13,1,2026-10-16T00:00:00.000000000
TX4296,28,3,2026-10-24T00:00:00.000000000
TX4297,29,3,2026-10-04T00:00:00.000000000
TX4298,26,7,2026-10-16T00:00:00.000000000
TX4299,12,7,2026-10-03T00:00:00.000000000
TX4300,22,6,2026-10-16T00:00:00.000000000
TX4301,29,6,2026-10-06T00:00:00.000000000
TX4302,22,6,2026-10-28T00:00:00.000000000
TX4303,28,2,2026-10-19T00:00:00.000000000
TX4304,4,4,2026-10-14T00:00:00.000000000
TX4305,19,2,2026-10-02T00:00:00.000000000
TX4306,26,4,2026-10-10T00:00:00.000000000
TX4307,10,1,2026-10-25T00:00:00.000000000
TX4308,14,4,2026-10-16T00:00:00.000000000
TX4309,18,4,2026-10-27T00:00:00.000000000
TX4310,3,6,2026-10-07T00:00:00.000000000
TX4311,8,5,2026-10-06T00:00:00.000000000
TX4312,30,3,2026-10-29T00:00:00.000000000
TX4313,19,6,2026-10-06T00:00:00.000000000
TX4314,6,2,2026-10-01T00:00:00.000000000
TX4315,18,6,2026-10-11T00:00:00.000000000
TX4316,12,1,2026-10-07T00:00:00.000000000
TX4317,2,1,2026-10-22T00:00:00.000000000
TX4318,3,5,2026-10-13T00:00:00.000000000
TX4319,5,4,2026-10-16T00:00:00.000000000
TX4320,11,2,2026-10-23T00:00:00.000000000
TX4321,30,7,2026-10-03T00:00:00.000000000
TX4322,9,2,2026-10-22T00:00:00.000000000
TX4323,2,1,2026-10-15T00:00:00.000000000
TX4324,22,1,2026-10-25T00:00:00.000000000
TX4325,27,7,2026-10-03T00:00:00.000000000
TX4326,12,5,2026-10-08T00:00:00.000000000
TX4327,7,7,2026-10-19T00:00:00.000000000
TX4328,28,6,2026-10-07T00:00:00.000000000
TX4329,3,7,2026-10-03T00:00:00.000000000
TX4330,12,7,2026-10-13T00:00:00.000000000
TX4331,16,7,2026-10-07T00:00:00.000000000
TX4332,27,4,2026-10-07T00:00:00.000000000
TX4333,16,7,2026-10-28T00:00:00.000000000
TX4334,15,4,2026-10-21T00:00:00.000000000
TX4335,13,3,2026-10-28T00:00:00.000000000
TX4336,8,7,2026-10-13T00:00:00.000000000
TX4337,18,6,2026-10-07T00:00:00.000000000
TX4338,2,6,2026-10-09T00:00:00.000000000
TX4339,4,6,2026-10-29T00:00:00.000000000
TX4340,28,4,2026-10-22T00:00:00.000000000
TX4341,30,1,2026-10-10T00:00:00.000000000
TX4342,30,4,2026-10-29T00:00:00.000000000
TX4343,2,6,2026-10-29T00:00:00.000000000
TX4344,20,3,2026-10-19T00:00:00.000000000
TX4345,4,6,2026-10-09T00:00:00.000000000
TX4346,19,4,2026-10-05T00:00:00.000000000
TX4347,9,3,2026-10-20T00:00:00.000000000
TX4348,24,2,2026-10-02T00:00:00.000000000
TX4349,5,7,2026-10-23T00:00:00.000000000
TX4350,20,2,2026-10-26T00:00:00.000000000
TX4351,17,5,2026-10-05T00:00:00.000000000
TX4352,17,1,2026-10-11T00:00:00.000000000
TX4353,14,2,2026-10-27T00:00:00.000000000
TX4354,17,3,2026-10-02T00:00:00.000000000
TX4355,15,7,2026-10-28T00:00:00.000000000
TX4356,22,5,2026-10-19T00:00:00.000000000
TX4357,25,4,2026-10-27T00:00:00.000000000
TX4358,25,5,2026-10-14T00:00:00.000000000
TX4359,11,5,2026-10-15T00:00:00.000000000
TX4360,20,6,2026-10-28T00:00:00.000000000
TX4361,22,4,2026-10-01T00:00:00.000000000
TX4362,22,6,2026-10-11T00:00:00.000000000
TX4363,25,5,2026-10-10T00:00:00.000000000
TX4364,5,1,2026-10-14T00:00:00.000000000
TX4365,17,3,2026-10-16T00:00:00.000000000
TX4366,18,2,2026-10-10T00:00:00.000000000
TX4367,4,6,2026-10-11T00:00:00.000000000
TX4368,7,2,2026-10-14T00:00:00.000000000
TX4369,23,1,2026-10-31T00:00:00.000000000
TX4370,10,5,2026-10-09T00:00:00.000000000
TX4371,10,4,2026-10-22T00:00:00.000000000
TX4372,17,5,2026-10-18T00:00:00.000000000
TX4373,28,5,2026-10-27T00:00:00.000000000
TX4374,12,5,2026-10-21T00:00:00.000000000
TX4375,1,2,2026-10-24T00:00:00.000000000
TX4376,15,2,2026-10-10T00:00:00.000000000
TX4377,11,2,2026-10-31T00:00:00.000000000
TX4378,1,6,2026-10-26T00:00:00.000000000
TX4379,10,5,2026-10-16T00:00:00.000000000
TX4380,16,2,2026-10-13T00:00:00.000000000
TX4381,17,6,2026-10-20T00:00:00.000000000
TX4382,23,2,2026-10-29T00:00:00.000000000
TX4383,7,6,2026-10-30T00:00:00.000000000
TX4384,29,2,2026-10-18T00:00:00.000000000
TX4385,22,7,2026-10-04T00:00:00.000000000
TX4386,30,4,2026-10-17T00:00:00.000000000
TX4387,18,6,2026-10-27T00:00:00.000000000
TX4388,8,4,2026-10-17T00:00:00.000000000
TX4389,18,5,2026-10-05T00:00:00.000000000
TX4390,5,4,2026-10-23T00:00:00.000000000
TX4391,2,6,2026-10-19T00:00:00.000000000
TX4392,14,2,2026-10-28T00:00:00.000000000
TX4393,6,7,2026-10-29T00:00:00.000000000
TX4394,18,5,2026-10-30T00:00:00.000000000
TX4395,14,3,2026-10-27T00:00:00.000000000
TX4396,19,6,2026-10-06T00:00:00.000000000
TX4397,6,2,2026-10-05T00:00:00.000000000
TX4398,13,7,2026-10-30T00:00:00.000000000
TX4399,16,4,2026-10-11T00:00:00.000000000
TX4400,18,2,2026-10-23T00:00:00.000000000
TX4401,15,5,2026-10-11T00:00:00.000000000
TX4402,5,4,2026-10-06T00:00:00.000000000
TX4403,12,3,2026-10-02T00:00:00.000000000
TX4404,17,4,2026-10-17T00:00:00.000000000
TX4405,25,5,2026-10-24T00:00:00.000000000
TX4406,22,4,2026-10-28T00:00:00.000000000
TX4407,27,2,2026-10-08T00:00:00.000000000
TX4408,19,4,2026-10-25T00:00:00.000000000
TX4409,20,1,2026-10-08T00:00:00.000000000
TX4410,27,4,2026-10-19T00:00:00.000000000
TX4411,26,1,2026-10-18T00:00:00.000000000
TX4412,10,5,2026-10-30T00:00:00.000000000
TX4413,7,2,2026-10-05T00:00:00.000000000
TX4414,17,7,2026-10-18T00:00:00.000000000
TX4415,5,2,2026-10-16T00:00:00.000000000
TX4416,27,5,2026-10-12T00:00:00.000000000
TX4417,20,2,2026-10-16T00:00:00.000000000
TX4418,11,6,2026-10-27T00:00:00.000000000
TX4419,24,3,2026-10-10T00:00:00.000000000
TX4420,24,2,2026-10-08T00:00:00.000000000
TX4421,14,5,2026-10-12T00:00:00.000000000
TX4422,9,7,2026-10-18T00:00:00.000000000
TX4423,27,4,2026-10-07T00:00:00.000000000
TX4424,19,2,2026-10-30T00:00:00.000000000
TX4425,29,7,2026-10-07T00:00:00.000000000
TX4426,20,1,2026-10-31T00:00:00.000000000
TX4427,8,7,2026-10-07T00:00:00.000000000
TX4428,4,3,2026-10-15T00:00:00.000000000
TX4429,4,3,2026-10-07T00:00:00.000000000
TX4430,25,3,2026-10-05T00:00:00.000000000
TX4431,8,2,2026-10-14T00:00:00.000000000
TX4432,4,7,2026-10-16T00:00:00.000000000
TX4433,11,4,2026-10-28T00:00:00.000000000
TX4434,17,4,2026-10-03T00:00:00.000000000
TX4435,6,7,2026-10-23T00:00:00.000000000
TX4436,25,1,2026-10-01T00:00:00.000000000
TX4437,24,7,2026-10-21T00:00:00.000000000
TX4438,10,5,2026-10-04T00:00:00.000000000
TX4439,14,5,2026-10-22T00:00:00.000000000
TX4440,19,1,2026-10-20T00:00:00.000000000
TX4441,14,4,2026-10-02T00:00:00.000000000
TX4442,14,3,2026-10-06T00:00:00.000000000
TX4443,14,1,2026-10-30T00:00:00.000000000
TX4444,4,7,2026-10-19T00:00:00.000000000
TX4445,21,7,2026-10-18T00:00:00.000000000
TX4446,15,1,2026-10-11T00:00:00.000000000
TX4447,27,2,2026-10-17T00:00:00.000000000
TX4448,10,4,2026-10-12T00:00:00.000000000
TX4449,15,4,2026-10-19T00:00:00.000000000
TX4450,1,3,2026-10-07T00:00:00.000000000
TX4451,2,2,2026-10-15T00:00:00.000000000
TX4452,27,2,2026-10-31T00:00:00.000000000
TX4453,21,5,2026-10-26T00:00:00.000000000
TX4454,30,6,2026-10-15T00:00:00.000000000
TX4455,22,1,2026-10-25T00:00:00.000000000
TX4456,27,5,2026-10-23T00:00:00.000000000
TX4457,2,2,2026-10-09T00:00:00.000000000
TX4458,11,1,2026-10-10T00:00:00.000000000
TX4459,18,3,2026-10-12T00:00:00.000000000
TX4460,1,2,2026-10-16T00:00:00.000000000
TX4461,25,4,2026-10-26T00:00:00.000000000
TX4462,8,6,2026-10-05T00:00:00.000000000
TX4463,22,5,2026-10-14T00:00:00.000000000
TX4464,22,5,2026-10-22T00:00:00.000000000
TX4465,27,6,2026-10-18T00:00:00.000000000
TX4466,22,7,2026-10-31T00:00:00.000000000
TX4467,2,7,2026-10-04T00:00:00.000000000
TX4468,30,5,2026-10-28T00:00:00.000000000
TX4469,8,5,2026-10-29T00:00:00.000000000
TX4470,3,4,2026-10-18T00:00:00.000000000
TX4471,17,6,2026-10-10T00:00:00.000000000
TX4472,7,7,2026-10-31T00:00:00.000000000
TX4473,16,4,2026-10-02T00:00:00.000000000
TX4474,9,4,2026-10-25T00:00:00.000000000
TX4475,3,5,2026-10-17T00:00:00.000000000
TX4476,8,2,2026-10-15T00:00:00.000000000
TX4477,24,6,2026-10-01T00:00:00.000000000
TX4478,4,1,2026-10-30T00:00:00.000000000
TX4479,30,1,2026-10-06T00:00:00.000000000
TX4480,8,5,2026-10-25T00:00:00.000000000
TX4481,2,1,2026-10-07T00:00:00.000000000
TX4482,11,5,2026-10-17T00:00:00.000000000
TX4483,8,2,2026-10-25T00:00:00.000000000
TX4484,30,1,2026-10-11T00:00:00.000000000
TX4485,14,2,2026-10-22T00:00:00.000000000
TX4486,20,7,2026-10-07T00:00:00.000000000
TX4487,14,2,2026-10-15T00:00:00.000000000
TX4488,1,2,2026-10-15T00:00:00.000000000
TX4489,22,3,2026-10-26T00:00:00.000000000
TX4490,2,1,2026-10-10T00:00:00.000000000
TX4491,24,1,2026-10-01T00:00:00.000000000
TX4492,29,4,2026-10-29T00:00:00.000000000
TX4493,27,7,2026-10-11T00:00:00.000000000
TX4494,3,4,2026-10-02T00:00:00.000000000
TX4495,20,5,2026-10-18T00:00:00.000000000
TX4496,26,5,2026-10-26T00:00:00.000000000
TX4497,24,2,2026-10-07T00:00:00.000000000
TX4498,6,3,2026-10-09T00:00:00.000000000
TX4499,14,3,2026-10-19T00:00:00.000000000
TX4500,18,1,2026-10-24T00:00:00.000000000
TX4501,19,3,2026-10-18T00:00:00.000000000
TX4502,16,5,2026-10-01T00:00:00.000000000
TX4503,19,2,2026-10-13T00:00:00.000000000
TX4504,16,1,2026-10-11T00:00:00.000000000
TX4505,22,3,2026-10-22T00:00:00.000000000
TX4506,8,5,2026-10-23T00:00:00.000000000
TX4507,19,4,2026-10-25T00:00:00.000000000
TX4508,14,7,2026-10-28T00:00:00.000000000
TX4509,8,4,2026-10-02T00:00:00.000000000
TX4510,20,3,2026-10-05T00:00:00.000000000
TX4511,3,2,2026-10-08T00:00:00.000000000
TX4512,5,6,2026-10-24T00:00:00.000000000
TX4513,18,5,2026-10-13T00:00:00.000000000
TX4514,14,2,2026-10-18T00:00:00.000000000
TX4515,13,5,2026-10-06T00:00:00.000000000
TX4516,1,3,2026-10-03T00:00:00.000000000
TX4517,13,6,2026-10-28T00:00:00.000000000
TX4518,13,6,2026-10-17T00:00:00.000000000
TX4519,3,2,2026-10-01T00:00:00.000000000
TX4520,22,5,2026-10-18T00:00:00.000000000
TX4521,17,4,2026-10-17T00:00:00.000000000
TX4522,2,3,2026-10-03T00:00:00.000000000
TX4523,27,3,2026-10-20T00:00:00.000000000
TX4524,24,2,2026-10-07T00:00:00.000000000
TX4525,9,4,2026-10-23T00:00:00.000000000
TX4526,20,4,2026-10-25T00:00:00.000000000
TX4527,4,3,2026-10-21T00:00:00.000000000
TX4528,7,2,2026-10-27T00:00:00.000000000
TX4529,16,6,2026-10-15T00:00:00.000000000
TX4530,1,2,2026-10-26T00:00:00.000000000
TX4531,11,6,2026-10-19T00:00:00.000000000
TX4532,13,5,2026-10-14T00:00:00.000000000
TX4533,10,1,2026-10-27T00:00:00.000000000
TX4534,10,3,2026-10-16T00:00:00.000000000
TX4535,23,6,2026-10-22T00:00:00.000000000
TX4536,1,6,2026-10-08T00:00:00.000000000
TX4537,3,7,2026-10-23T00:00:00.000000000
TX4538,18,2,2026-10-12T00:00:00.000000000
TX4539,8,3,2026-10-29T00:00:00.000000000
TX4540,4,6,2026-10-25T00:00:00.000000000
TX4541,5,6,2026-10-04T00:00:00.000000000
TX4542,3,5,2026-10-18T00:00:00.000000000
TX4543,28,2,2026-10-22T00:00:00.000000000
TX4544,18,5,2026-10-24T00:00:00.000000000
TX4545,23,3,2026-10-30T00:00:00.000000000
TX4546,16,6,2026-10-30T00:00:00.000000000
TX4547,10,1,2026-10-30T00:00:00.000000000
TX4548,23,3,2026-10-29T00:00:00.000000000
TX4549,10,5,2026-10-27T00:00:00.000000000
TX4550,30,7,2026-10-27T00:00:00.000000000
TX4551,27,2,2026-10-11T00:00:00.000000000
TX4552,9,4,2026-10-31T00:00:00.000000000
TX4553,18,1,2026-10-01T00:00:00.000000000
TX4554,22,4,2026-10-01T00:00:00.000000000
TX4555,25,7,2026-10-31T00:00:00.000000000
TX4556,23,2,2026-10-04T00:00:00.000000000
TX4557,10,4,2026-10-18T00:00:00.000000000
TX4558,30,7,2026-10-26T00:00:00.000000000
TX4559,4,1,2026-10-25T00:00:00.000000000
TX4560,13,5,2026-10-29T00:00:00.000000000
TX4561,2,3,2026-10-06T00:00:00.000000000
TX4562,19,3,2026-10-18T00:00:00.000000000
TX4563,26,7,2026-10-14T00:00:00.000000000
TX4564,18,3,2026-10-11T00:00:00.000000000
TX4565,22,3,2026-10-12T00:00:00.000000000
TX4566,29,5,2026-10-22T00:00:00.000000000
TX4567,20,5,2026-10-29T00:00:00.000000000
TX4568,18,3,2026-10-14T00:00:00.000000000
TX4569,1,6,2026-10-14T00:00:00.000000000
TX4570,9,5,2026-10-15T00:00:00.000000000
TX4571,28,7,2026-10-23T00:00:00.000000000
TX4572,15,7,2026-10-28T00:00:00.000000000
TX4573,25,6,2026-10-12T00:00:00.000000000
TX4574,4,1,2026-10-10T00:00:00.000000000
TX4575,28,6,2026-10-06T00:00:00.000000000
TX4576,7,3,2026-10-26T00:00:00.000000000
TX4577,1,3,2026-10-14T00:00:00.000000000
TX4578,23,3,2026-10-10T00:00:00.000000000
TX4579,25,5,2026-10-31T00:00:00.000000000
TX4580,25,5,2026-10-01T00:00:00.000000000
TX4581,18,2,2026-10-16T00:00:00.000000000
TX4582,12,6,2026-10-10T00:00:00.000000000
TX4583,23,4,2026-10-11T00:00:00.000000000
TX4584,18,6,2026-10-29T00:00:00.000000000
TX4585,28,6,2026-10-19T00:00:00.000000000
TX4586,7,6,2026-10-24T00:00:00.000000000
TX4587,30,6,2026-10-02T00:00:00.000000000
TX4588,2,6,2026-10-25T00:00:00.000000000
TX4589,28,6,2026-10-30T00:00:00.000000000
TX4590,6,3,2026-10-04T00:00:00.000000000
TX4591,18,4,2026-10-14T00:00:00.000000000
TX4592,30,7,2026-10-13T00:00:00.000000000
TX4593,28,2,2026-10-17T00:00:00.000000000
TX4594,19,1,2026-10-05T00:00:00.000000000
TX4595,22,7,2026-10-12T00:00:00.000000000
TX4596,22,2,2026-10-21T00:00:00.000000000
TX4597,12,7,2026-10-21T00:00:00.000000000
TX4598,19,7,2026-10-23T00:00:00.000000000
TX4599,8,2,2026-10-19T00:00:00.000000000
TX4600,13,7,2026-10-20T00:00:00.000000000
TX4601,2,4,2026-10-04T00:00:00.000000000
TX4602,4,6,2026-10-12T00:00:00.000000000
TX4603,3,3,2026-10-08T00:00:00.000000000
TX4604,28,1,2026-10-15T00:00:00.000000000
TX4605,6,5,2026-10-25T00:00:00.000000000
TX4606,19,5,2026-10-03T00:00:00.000000000
TX4607,28,3,2026-10-09T00:00:00.000000000
TX4608,18,4,2026-10-11T00:00:00.000000000
TX4609,10,6,2026-10-22T00:00:00.000000000
TX4610,5,2,2026-10-05T00:00:00.000000000
TX4611,21,6,2026-10-29T00:00:00.000000000
TX4612,21,3,2026-10-11T00:00:00.000000000
TX4613,13,6,2026-10-19T00:00:00.000000000
TX4614,11,7,2026-10-03T00:00:00.000000000
TX4615,25,6,2026-10-30T00:00:00.000000000
TX4616,24,4,2026-10-10T00:00:00.000000000
TX4617,2,4,2026-10-04T00:00:00.000000000
TX4618,11,1,2026-10-06T00:00:00.000000000
TX4619,12,6,2026-10-05T00:00:00.000000000
TX4620,7,1,2026-10-22T00:00:00.000000000
TX4621,23,7,2026-10-20T00:00:00.000000000
TX4622,30,6,2026-10-20T00:00:00.000000000
TX4623,29,3,2026-10-08T00:00:00.000000000
TX4624,27,3,2026-10-01T00:00:00.000000000
TX4625,1,5,2026-10-10T00:00:00.000000000
TX4626,24,3,2026-10-11T00:00:00.000000000
TX4627,13,5,2026-10-19T00:00:00.000000000
TX4628,20,1,2026-10-30T00:00:00.000000000
TX4629,21,3,2026-10-01T00:00:00.000000000
TX4630,28,7,2026-10-04T00:00:00.000000000
TX4631,9,1,2026-10-07T00:00:00.000000000
TX4632,13,2,2026-10-31T00:00:00.000000000
TX4633,21,1,2026-10-04T00:00:00.000000000
TX4634,12,5,2026-10-04T00:00:00.000000000
TX4635,14,3,2026-10-31T00:00:00.000000000
TX4636,9,6,2026-10-31T00:00:00.000000000
TX4637,30,4,2026-10-21T00:00:00.000000000
TX4638,6,3,2026-10-13T00:00:00.000000000
TX4639,25,6,2026-10-26T00:00:00.000000000
TX4640,1,7,2026-10-23T00:00:00.000000000
TX4641,7,7,2026-10-19T00:00:00.000000000
TX4642,7,3,2026-10-22T00:00:00.000000000
TX4643,11,1,2026-10-30T00:00:00.000000000
TX4644,17,3,2026-10-20T00:00:00.000000000
TX4645,17,5,2026-10-14T00:00:00.000000000
TX4646,19,6,2026-10-05T00:00:00.000000000
TX4647,22,3,2026-10-30T00:00:00.000000000
TX4648,9,5,2026-10-29T00:00:00.000000000
TX4649,3,5,2026-10-12T00:00:00.000000000
TX4650,15,5,2026-10-20T00:00:00.000000000
TX4651,4,2,2026-10-19T00:00:00.000000000
TX4652,9,6,2026-10-14T00:00:00.000000000
TX4653,1,3,2026-10-08T00:00:00.000000000
TX4654,1,1,2026-10-25T00:00:00.000000000
TX4655,20,3,2026-10-18T00:00:00.000000000
TX4656,18,5,2026-10-17T00:00:00.000000000
TX4657,11,2,2026-10-17T00:00:00.000000000
TX4658,17,6,2026-10-13T00:00:00.000000000
TX4659,11,4,2026-10-16T00:00:00.000000000
TX4660,25,7,2026-10-18T00:00:00.000000000
TX4661,5,7,2026-10-15T00:00:00.000000000
TX4662,6,4,2026-10-05T00:00:00.000000000
TX4663,3,1,2026-10-12T00:00:00.000000000
TX4664,7,1,2026-10-29T00:00:00.000000000
TX4665,9,2,2026-10-19T00:00:00.000000000
TX4666,21,3,2026-10-16T00:00:00.000000000
TX4667,4,4,2026-10-14T00:00:00.000000000
TX4668,8,1,2026-10-04T00:00:00.000000000
TX4669,11,4,2026-10-11T00:00:00.000000000
TX4670,20,3,2026-10-13T00:00:00.000000000
TX4671,8,5,2026-10-21T00:00:00.000000000
TX4672,11,6,2026-10-07T00:00:00.000000000
TX4673,26,5,2026-10-16T00:00:00.000000000
TX4674,13,6,2026-10-12T00:00:00.000000000
TX4675,27,4,2026-10-15T00:00:00.000000000
TX4676,12,4,2026-10-09T00:00:00.000000000
TX4677,4,2,2026-10-18T00:00:00.000000000
TX4678,11,3,2026-10-18T00:00:00.000000000
TX4679,26,7,2026-10-11T00:00:00.000000000
TX4680,14,2,2026-10-22T00:00:00.000000000
TX4681,2,1,2026-10-12T00:00:00.000000000
TX4682,25,3,2026-10-27T00:00:00.000000000
TX4683,14,2,2026-10-04T00:00:00.000000000
TX4684,5,4,2026-10-08T00:00:00.000000000
TX4685,24,1,2026-10-09T00:00:00.000000000
TX4686,25,5,2026-10-19T00:00:00.000000000
TX4687,5,7,2026-10-21T00:00:00.000000000
TX4688,18,3,2026-10-23T00:00:00.000000000
TX4689,12,5,2026-10-08T00:00:00.000000000
TX4690,6,2,2026-10-03T00:00:00.000000000
TX4691,25,7,2026-10-10T00:00:00.000000000
TX4692,9,1,2026-10-24T00:00:00.000000000
TX4693,28,7,2026-10-22T00:00:00.000000000
TX4694,25,4,2026-10-28T00:00:00.000000000
TX4695,29,5,2026-10-01T00:00:00.000000000
TX4696,13,7,2026-10-15T00:00:00.000000000
TX4697,4,4,2026-10-24T00:00:00.000000000
TX4698,26,2,2026-10-28T00:00:00.000000000
TX4699,30,3,2026-10-27T00:00:00.000000000
TX4700,16,6,2026-10-18T00:00:00.000000000
TX4701,1,6,2026-10-10T00:00:00.000000000
TX4702,2,6,2026-10-11T00:00:00.000000000
TX4703,1,6,2026-10-30T00:00:00.000000000
TX4704,11,4,2026-10-22T00:00:00.000000000
TX4705,3,2,2026-10-08T00:00:00.000000000
TX4706,12,5,2026-10-09T00:00:00.000000000
TX4707,23,4,2026-10-07T00:00:00.000000000
TX4708,7,6,2026-10-17T00:00:00.000000000
TX4709,26,5,2026-10-16T00:00:00.000000000
TX4710,17,7,2026-10-09T00:00:00.000000000
TX4711,16,1,2026-10-03T00:00:00.000000000
TX4712,1,1,2026-10-23T00:00:00.000000000
TX4713,22,5,2026-10-07T00:00:00.000000000
TX4714,29,7,2026-10-19T00:00:00.000000000
TX4715,29,6,2026-10-07T00:00:00.000000000
TX4716,21,2,2026-10-15T00:00:00.000000000
TX4717,4,4,2026-10-07T00:00:00.000000000
TX4718,19,2,2026-10-11T00:00:00.000000000
TX4719,29,1,2026-10-01T00:00:00.000000000
TX4720,18,2,2026-10-09T00:00:00.000000000
TX4721,2,5,2026-10-05T00:00:00.000000000
TX4722,8,3,2026-10-14T00:00:00.000000000
TX4723,28,5,2026-10-14T00:00:00.000000000
TX4724,9,6,2026-10-13T00:00:00.000000000
TX4725,30,7,2026-10-08T00:00:00.000000000
TX4726,27,1,2026-10-14T00:00:00.000000000
TX4727,18,5,2026-10-09T00:00:00.000000000
TX4728,6,5,2026-10-06T00:00:00.000000000
TX4729,23,7,2026-10-01T00:00:00.000000000
TX4730,10,3,2026-10-29T00:00:00.000000000
TX4731,28,5,2026-10-24T00:00:00.000000000
TX4732,17,3,2026-10-10T00:00:00.000000000
TX4733,7,5,2026-10-13T00:00:00.000000000
TX4734,5,6,2026-10-06T00:00:00.000000000
TX4735,3,2,2026-10-07T00:00:00.000000000
TX4736,12,7,2026-10-23T00:00:00.000000000
TX4737,29,3,2026-10-11T00:00:00.000000000
TX4738,3,6,2026-10-16T00:00:00.000000000
TX4739,30,6,2026-10-12T00:00:00.000000000
TX4740,2,7,2026-10-04T00:00:00.000000000
TX4741,18,3,2026-10-31T00:00:00.000000000
TX4742,10,1,2026-10-26T00:00:00.000000000
TX4743,18,3,2026-10-22T00:00:00.000000000
TX4744,19,6,2026-10-19T00:00:00.000000000
TX4745,5,6,2026-10-15T00:00:00.000000000
TX4746,26,2,2026-10-08T00:00:00.000000000
TX4747,7,5,2026-10-09T00:00:00.000000000
TX4748,13,2,2026-10-04T00:00:00.000000000
TX4749,14,2,2026-10-27T00:00:00.000000000
TX4750,23,3,2026-10-26T00:00:00.000000000
TX4751,12,6,2026-10-09T00:00:00.000000000
TX4752,11,6,2026-10-08T00:00:00.000000000
TX4753,28,5,2026-10-10T00:00:00.000000000
TX4754,24,6,2026-10-06T00:00:00.000000000
TX4755,14,5,2026-10-15T00:00:00.000000000
TX4756,14,2,2026-10-20T00:00:00.000000000
TX4757,12,2,2026-10-28T00:00:00.000000000
TX4758,4,5,2026-10-13T00:00:00.000000000
TX4759,24,1,2026-10-06T00:00:00.000000000
TX4760,16,1,2026-10-28T00:00:00.000000000
TX4761,23,3,2026-10-17T00:00:00.000000000
TX4762,18,7,2026-10-13T00:00:00.000000000
TX4763,9,7,2026-10-30T00:00:00.000000000
TX4764,10,5,2026-10-02T00:00:00.000000000
TX4765,3,1,2026-10-07T00:00:00.000000000
TX4766,16,7,2026-10-07T00:00:00.000000000
TX4767,20,4,2026-10-18T00:00:00.000000000
TX4768,4,4,2026-10-06T00:00:00.000000000
TX4769,9,2,2026-10-21T00:00:00.000000000
TX4770,1,4,2026-10-05T00:00:00.000000000
TX4771,10,5,2026-10-17T00:00:00.000000000
TX4772,19,1,2026-10-29T00:00:00.000000000
TX4773,3,3,2026-10-07T00:00:00.000000000
TX4774,21,5,2026-10-05T00:00:00.000000000
TX4775,5,4,2026-10-25T00:00:00.000000000
TX4776,15,1,2026-10-03T00:00:00.000000000
TX4777,7,1,2026-10-25T00:00:00.000000000
TX4778,5,4,2026-10-25T00:00:00.000000000
TX4779,30,2,2026-10-26T00:00:00.000000000
TX4780,21,1,2026-10-28T00:00:00.000000000
TX4781,4,1,2026-10-06T00:00:00.000000000
TX4782,7,2,2026-10-31T00:00:00.000000000
TX4783,18,3,2026-10-12T00:00:00.000000000
TX4784,21,2,2026-10-17T00:00:00.000000000
TX4785,27,7,2026-10-23T00:00:00.000000000
TX4786,15,7,2026-10-22T00:00:00.000000000
TX4787,27,3,2026-10-18T00:00:00.000000000
TX4788,23,1,2026-10-29T00:00:00.000000000
TX4789,15,4,2026-10-29T00:00:00.000000000
TX4790,2,4,2026-10-05T00:00:00.000000000
TX4791,25,4,2026-10-29T00:00:00.000000000
TX4792,1,7,2026-10-24T00:00:00.000000000
TX4793,29,2,2026-10-07T00:00:00.000000000
TX4794,19,7,2026-10-23T00:00:00.000000000
TX4795,11,6,2026-10-18T00:00:00.000000000
TX4796,24,3,2026-10-25T00:00:00.000000000
TX4797,21,3,2026-10-19T00:00:00.000000000
TX4798,4,7,2026-10-24T00:00:00.000000000
TX4799,19,6,2026-10-08T00:00:00.000000000
TX4800,28,1,2026-10-18T00:00:00.000000000
TX4801,24,5,2026-10-03T00:00:00.000000000
TX4802,16,2,2026-10-15T00:00:00.000000000
TX4803,2,5,2026-10-23T00:00:00.000000000
TX4804,12,7,2026-10-28T00:00:00.000000000
TX4805,16,7,2026-10-31T00:00:00.000000000
TX4806,10,3,2026-10-24T00:00:00.000000000
TX4807,22,3,2026-10-15T00:00:00.000000000
TX4808,11,4,2026-10-25T00:00:00.000000000
TX4809,25,4,2026-10-21T00:00:00.000000000
TX4810,7,5,2026-10-06T00:00:00.000000000
TX4811,28,5,2026-10-01T00:00:00.000000000
TX4812,13,2,2026-10-03T00:00:00.000000000
TX4813,5,2,2026-10-04T00:00:00.000000000
TX4814,23,5,2026-10-11T00:00:00.000000000
TX4815,19,7,2026-10-12T00:00:00.000000000
TX4816,24,3,2026-10-23T00:00:00.000000000
TX4817,29,2,2026-10-07T00:00:00.000000000
TX4818,10,4,2026-10-27T00:00:00.000000000
TX4819,13,4,2026-10-13T00:00:00.000000000
TX4820,19,6,2026-10-22T00:00:00.000000000
TX4821,27,5,2026-10-02T00:00:00.000000000
TX4822,15,3,2026-10-17T00:00:00.000000000
TX4823,25,3,2026-10-13T00:00:00.000000000
TX4824,20,7,2026-10-11T00:00:00.000000000
TX4825,27,5,2026-10-29T00:00:00.000000000
TX4826,10,1,2026-10-26T00:00:00.000000000
TX4827,26,4,2026-10-21T00:00:00.000000000
TX4828,14,5,2026-10-07T00:00:00.000000000
TX4829,23,3,2026-10-24T00:00:00.000000000
TX4830,4,1,2026-10-26T00:00:00.000000000
TX4831,7,7,2026-10-06T00:00:00.000000000
TX4832,23,7,2026-10-20T00:00:00.000000000
TX4833,21,7,2026-10-21T00:00:00.000000000
TX4834,8,6,2026-10-08T00:00:00.000000000
TX4835,19,6,2026-10-06T00:00:00.000000000
TX4836,4,7,2026-10-15T00:00:00.000000000
TX4837,28,2,2026-10-15T00:00:00.000000000
TX4838,28,4,2026-10-14T00:00:00.000000000
TX4839,7,7,2026-10-21T00:00:00.000000000
TX4840,15,5,2026-10-29T00:00:00.000000000
TX4841,1,4,2026-10-10T00:00:00.000000000
TX4842,12,3,2026-10-03T00:00:00.000000000
TX4843,20,3,2026-10-29T00:00:00.000000000
TX4844,15,5,2026-10-01T00:00:00.000000000
TX4845,11,5,2026-10-21T00:00:00.000000000
TX4846,20,4,2026-10-16T00:00:00.000000000
TX4847,17,2,2026-10-26T00:00:00.000000000
TX4848,4,2,2026-10-12T00:00:00.000000000
TX4849,29,5,2026-10-18T00:00:00.000000000
TX4850,14,4,2026-10-19T00:00:00.000000000
TX4851,17,4,2026-10-07T00:00:00.000000000
TX4852,20,5,2026-10-28T00:00:00.000000000
TX4853,11,5,2026-10-30T00:00:00.000000000
TX4854,10,3,2026-10-21T00:00:00.000000000
TX4855,26,4,2026-10-28T00:00:00.000000000
TX4856,21,2,2026-10-05T00:00:00.000000000
TX4857,20,4,2026-10-24T00:00:00.000000000
TX4858,10,7,2026-10-28T00:00:00.000000000
TX4859,18,7,2026-10-02T00:00:00.000000000
TX4860,13,7,2026-10-29T00:00:00.000000000
TX4861,20,5,2026-10-26T00:00:00.000000000
TX4862,24,2,2026-10-16T00:00:00.000000000
TX4863,20,2,2026-10-09T00:00:00.000000000
TX4864,13,6,2026-10-22T00:00:00.000000000
TX4865,29,4,2026-10-20T00:00:00.000000000
TX4866,27,6,2026-10-09T00:00:00.000000000
TX4867,9,6,2026-10-02T00:00:00.000000000
TX4868,30,5,2026-10-05T00:00:00.000000000
TX4869,13,4,2026-10-19T00:00:00.000000000
TX4870,5,7,2026-10-16T00:00:00.000000000
TX4871,7,1,2026-10-25T00:00:00.000000000
TX4872,21,7,2026-10-20T00:00:00.000000000
TX4873,11,3,2026-10-26T00:00:00.000000000
TX4874,5,2,2026-10-02T00:00:00.000000000
TX4875,1,6,2026-10-09T00:00:00.000000000
TX4876,24,7,2026-10-29T00:00:00.000000000
TX4877,10,1,2026-10-18T00:00:00.000000000
TX4878,15,2,2026-10-27T00:00:00.000000000
TX4879,13,4,2026-10-20T00:00:00.000000000
TX4880,2,5,2026-10-20T00:00:00.000000000
TX4881,19,5,2026-10-18T00:00:00.000000000
TX4882,17,7,2026-10-03T00:00:00.000000000
TX4883,11,6,2026-10-15T00:00:00.000000000
TX4884,25,4,2026-10-28T00:00:00.000000000
TX4885,27,6,2026-10-18T00:00:00.000000000
TX4886,27,6,2026-10-08T00:00:00.000000000
TX4887,14,7,2026-10-03T00:00:00.000000000
TX4888,10,7,2026-10-02T00:00:00.000000000
TX4889,10,6,2026-10-25T00:00:00.000000000
TX4890,15,7,2026-10-11T00:00:00.000000000
TX4891,12,3,2026-10-15T00:00:00.000000000
TX4892,1,4,2026-10-10T00:00:00.000000000
TX4893,27,7,2026-10-18T00:00:00.000000000
TX4894,12,6,2026-10-19T00:00:00.000000000
TX4895,25,1,2026-10-01T00:00:00.000000000
TX4896,1,2,2026-10-01T00:00:00.000000000
TX4897,29,7,2026-10-18T00:00:00.000000000
TX4898,28,7,2026-10-07T00:00:00.000000000
TX4899,2,4,2026-10-25T00:00:00.000000000
TX4900,30,5,2026-10-08T00:00:00.000000000
TX4901,10,3,2026-10-26T00:00:00.000000000
TX4902,7,7,2026-10-23T00:00:00.000000000
TX4903,19,6,2026-10-27T00:00:00.000000000
TX4904,21,7,2026-10-29T00:00:00.000000000
TX4905,6,5,2026-10-07T00:00:00.000000000
TX4906,12,1,2026-10-28T00:00:00.000000000
TX4907,1,6,2026-10-19T00:00:00.000000000
TX4908,17,3,2026-10-23T00:00:00.000000000
TX4909,4,6,2026-10-11T00:00:00.000000000
TX4910,14,5,2026-10-29T00:00:00.000000000
TX4911,17,6,2026-10-04T00:00:00.000000000
TX4912,7,4,2026-10-28T00:00:00.000000000
TX4913,7,4,2026-10-15T00:00:00.000000000
TX4914,23,2,2026-10-18T00:00:00.000000000
TX4915,28,6,2026-10-03T00:00:00.000000000
TX4916,25,2,2026-10-02T00:00:00.000000000
TX4917,17,5,2026-10-20T00:00:00.000000000
TX4918,19,2,2026-10-29T00:00:00.000000000
TX4919,8,7,2026-10-07T00:00:00.000000000
TX4920,25,7,2026-10-22T00:00:00.000000000
TX4921,2,6,2026-10-31T00:00:00.000000000
TX4922,8,1,2026-10-05T00:00:00.000000000
TX4923,26,3,2026-10-05T00:00:00.000000000
TX4924,1,3,2026-10-28T00:00:00.000000000
TX4925,2,5,2026-10-27T00:00:00.000000000
TX4926,14,5,2026-10-30T00:00:00.000000000
TX4927,1,5,2026-10-26T00:00:00.000000000
TX4928,14,3,2026-10-09T00:00:00.000000000
TX4929,16,6,2026-10-27T00:00:00.000000000
TX4930,11,4,2026-10-14T00:00:00.000000000
TX4931,1,1,2026-10-13T00:00:00.000000000
TX4932,25,3,2026-10-12T00:00:00.000000000
TX4933,1,3,2026-10-12T00:00:00.000000000
TX4934,22,4,2026-10-21T00:00:00.000000000
TX4935,11,4,2026-10-15T00:00:00.000000000
TX4936,12,4,2026-10-16T00:00:00.000000000
TX4937,3,6,2026-10-10T00:00:00.000000000
TX4938,26,2,2026-10-22T00:00:00.000000000
TX4939,7,3,2026-10-08T00:00:00.000000000
TX4940,5,2,2026-10-28T00:00:00.000000000
TX4941,24,7,2026-10-18T00:00:00.000000000
TX4942,18,7,2026-10-14T00:00:00.000000000
TX4943,16,7,2026-10-24T00:00:00.000000000
TX4944,30,7,2026-10-15T00:00:00.000000000
TX4945,26,5,2026-10-30T00:00:00.000000000
TX4946,2,4,2026-10-31T00:00:00.000000000
TX4947,28,5,2026-10-24T00:00:00.000000000
TX4948,9,7,2026-10-27T00:00:00.000000000
TX4949,23,6,2026-10-31T00:00:00.000000000
TX4950,15,7,2026-10-04T00:00:00.000000000
TX4951,26,7,2026-10-16T00:00:00.000000000
TX4952,18,7,2026-10-16T00:00:00.000000000
TX4953,12,3,2026-10-06T00:00:00.000000000
TX4954,21,1,2026-10-10T00:00:00.000000000
TX4955,9,5,2026-10-06T00:00:00.000000000
TX4956,30,2,2026-10-27T00:00:00.000000000
TX4957,20,7,2026-10-20T00:00:00.000000000
TX4958,19,1,2026-10-03T00:00:00.000000000
TX4959,11,7,2026-10-15T00:00:00.000000000
TX4960,30,2,2026-10-19T00:00:00.000000000
TX4961,21,1,2026-10-31T00:00:00.000000000
TX4962,29,6,2026-10-20T00:00:00.000000000
TX4963,3,6,2026-10-17T00:00:00.000000000
TX4964,8,7,2026-10-29T00:00:00.000000000
TX4965,23,2,2026-10-24T00:00:00.000000000
TX4966,15,7,2026-10-29T00:00:00.000000000
TX4967,9,6,2026-10-24T00:00:00.000000000
TX4968,3,2,2026-10-22T00:00:00.000000000
TX4969,19,3,2026-10-13T00:00:00.000000000
TX4970,12,1,2026-10-18T00:00:00.000000000
TX4971,21,5,2026-10-14T00:00:00.000000000
TX4972,24,5,2026-10-15T00:00:00.000000000
TX4973,5,4,2026-10-29T00:00:00.000000000
TX4974,18,1,2026-10-14T00:00:00.000000000
TX4975,21,3,2026-10-03T00:00:00.000000000
TX4976,10,6,2026-10-28T00:00:00.000000000
TX4977,10,3,2026-10-01T00:00:00.000000000
TX4978,30,5,2026-10-04T00:00:00.000000000
TX4979,17,3,2026-10-31T00:00:00.000000000
TX4980,25,2,2026-10-19T00:00:00.000000000
TX4981,17,6,2026-10-19T00:00:00.000000000
TX4982,2,7,2026-10-09T00:00:00.000000000
TX4983,27,2,2026-10-02T00:00:00.000000000
TX4984,12,5,2026-10-30T00:00:00.000000000
TX4985,4,7,2026-10-29T00:00:00.000000000
TX4986,17,6,2026-10-22T00:00:00.000000000
TX4987,26,2,2026-10-31T00:00:00.000000000
TX4988,26,4,2026-10-09T00:00:00.000000000
TX4989,12,3,2026-10-23T00:00:00.000000000
TX4990,6,7,2026-10-02T00:00:00.000000000
TX4991,3,3,2026-10-01T00:00:00.000000000
TX4992,21,5,2026-10-15T00:00:00.000000000
TX4993,13,4,2026-10-05T00:00:00.000000000
TX4994,28,1,2026-10-23T00:00:00.000000000
TX4995,12,2,2026-10-06T00:00:00.000000000
TX4996,29,3,2026-10-06T00:00:00.000000000
TX4997,30,6,2026-10-23T00:00:00.000000000
TX4998,22,2,2026-10-04T00:00:00.000000000
TX4999,20,2,2026-10-20T00:00:00.000000000
